bank_id,pm_family,course,unit,section,destination,destination_group,destination_slot,retrieval_stage_or_scope,mastery_goal_id,evidence_point_id,summative_version,blueprint_slot_id,question_family_id,variation_mode,task_architecture,dok,learning_target,i_can,practice_standard,item_type,answer_type,security_level,estimated_time_sec,figure_files,source_basis,notes
U1-S1-WTC01,SPIRAL,Algebra 1,1,1,Whats To Come,WTC,WTC01,INTRO,,,,,,,,DOK 2,"Students will connect tables, graphs, equations, and contexts that represent the same relationship.","I can construct a table, graph, equation, or context from another representation of the same relationship.",Connect representations and reason quantitatively,reasoning,brief-explanation,instructional,120,u1_s1_wtc01_context_graph.png,Unit 1 Assessment Plan; Algebra Overview course framework,Future-facing section preview.
U1-S1-NOTE-EX01,SPIRAL,Algebra 1,1,1,Notes Example,Notes,EX01,INTRO,,,,,,,,DOK 2,"Students will connect tables, graphs, equations, and contexts that represent the same relationship.","I can construct a table, graph, equation, or context from another representation of the same relationship.",Use structure / connect representations,worked-example,worked-solution,instructional,150,,Unit 1 Assessment Plan; Algebra Overview course framework,Notes family table-to-equation.
U1-S1-NOTE-YTI01,SPIRAL,Algebra 1,1,1,Notes You Try It,Notes,YTI01,INTRO,,,,,,,,DOK 2,"Students will connect tables, graphs, equations, and contexts that represent the same relationship.","I can construct a table, graph, equation, or context from another representation of the same relationship.",Use structure / connect representations,practice-example,short-answer,instructional,120,,Unit 1 Assessment Plan; Algebra Overview course framework,Parallel to EX01 but unique values/content.
U1-S1-NOTE-EX02,SPIRAL,Algebra 1,1,1,Notes Example,Notes,EX02,INTRO,,,,,,,,DOK 2,"Students will connect tables, graphs, equations, and contexts that represent the same relationship.","I can use features in one representation to work with a related table, graph, equation, or context.",Use structure / connect representations,worked-example,worked-solution,instructional,150,,Unit 1 Assessment Plan; Algebra Overview course framework,Notes family equation-to-pairs.
U1-S1-NOTE-YTI02,SPIRAL,Algebra 1,1,1,Notes You Try It,Notes,YTI02,INTRO,,,,,,,,DOK 2,"Students will connect tables, graphs, equations, and contexts that represent the same relationship.","I can use features in one representation to work with a related table, graph, equation, or context.",Use structure / connect representations,practice-example,short-answer,instructional,120,,Unit 1 Assessment Plan; Algebra Overview course framework,Parallel to EX02 but unique values/content.
U1-S1-NOTE-EX03,SPIRAL,Algebra 1,1,1,Notes Example,Notes,EX03,INTRO,,,,,,,,DOK 2,"Students will connect tables, graphs, equations, and contexts that represent the same relationship.","I can determine whether two representations belong to the same relationship using evidence from values, rates, or patterns.",Use structure / connect representations,worked-example,worked-solution,instructional,150,,Unit 1 Assessment Plan; Algebra Overview course framework,Notes family compare-representations.
U1-S1-NOTE-YTI03,SPIRAL,Algebra 1,1,1,Notes You Try It,Notes,YTI03,INTRO,,,,,,,,DOK 2,"Students will connect tables, graphs, equations, and contexts that represent the same relationship.","I can determine whether two representations belong to the same relationship using evidence from values, rates, or patterns.",Use structure / connect representations,practice-example,short-answer,instructional,120,,Unit 1 Assessment Plan; Algebra Overview course framework,Parallel to EX03 but unique values/content.
U1-S1-NOTE-EX04,SPIRAL,Algebra 1,1,1,Notes Example,Notes,EX04,INTRO,,,,,,,,DOK 2,"Students will connect tables, graphs, equations, and contexts that represent the same relationship.","I can construct a table, graph, equation, or context from another representation of the same relationship.",Use structure / connect representations,worked-example,worked-solution,instructional,150,,Unit 1 Assessment Plan; Algebra Overview course framework,Notes family context-to-equation.
U1-S1-NOTE-YTI04,SPIRAL,Algebra 1,1,1,Notes You Try It,Notes,YTI04,INTRO,,,,,,,,DOK 2,"Students will connect tables, graphs, equations, and contexts that represent the same relationship.","I can construct a table, graph, equation, or context from another representation of the same relationship.",Use structure / connect representations,practice-example,short-answer,instructional,120,,Unit 1 Assessment Plan; Algebra Overview course framework,Parallel to EX04 but unique values/content.
U1-S2-WTC01,SPIRAL,Algebra 1,1,2,Whats To Come,WTC,WTC01,INTRO,,,,,,,,DOK 2,Students will interpret functions as rules that connect inputs and outputs without relying on formal domain and range language.,"I can formulate a rule that connects inputs to outputs in a table, graph, equation, or context.",Connect representations and reason quantitatively,reasoning,brief-explanation,instructional,120,,Unit 1 Assessment Plan; Algebra Overview course framework,Future-facing section preview.
U1-S2-NOTE-EX01,SPIRAL,Algebra 1,1,2,Notes Example,Notes,EX01,INTRO,,,,,,,,DOK 2,Students will interpret functions as rules that connect inputs and outputs without relying on formal domain and range language.,"I can formulate a rule that connects inputs to outputs in a table, graph, equation, or context.",Use structure / connect representations,worked-example,worked-solution,instructional,150,,Unit 1 Assessment Plan; Algebra Overview course framework,Notes family apply-function-rule.
U1-S2-NOTE-YTI01,SPIRAL,Algebra 1,1,2,Notes You Try It,Notes,YTI01,INTRO,,,,,,,,DOK 2,Students will interpret functions as rules that connect inputs and outputs without relying on formal domain and range language.,"I can formulate a rule that connects inputs to outputs in a table, graph, equation, or context.",Use structure / connect representations,practice-example,short-answer,instructional,120,,Unit 1 Assessment Plan; Algebra Overview course framework,Parallel to EX01 but unique values/content.
U1-S2-NOTE-EX02,SPIRAL,Algebra 1,1,2,Notes Example,Notes,EX02,INTRO,,,,,,,,DOK 2,Students will interpret functions as rules that connect inputs and outputs without relying on formal domain and range language.,I can apply an input-output rule to generate missing values and ordered pairs.,Use structure / connect representations,worked-example,worked-solution,instructional,150,,Unit 1 Assessment Plan; Algebra Overview course framework,Notes family infer-rule.
U1-S2-NOTE-YTI02,SPIRAL,Algebra 1,1,2,Notes You Try It,Notes,YTI02,INTRO,,,,,,,,DOK 2,Students will interpret functions as rules that connect inputs and outputs without relying on formal domain and range language.,I can apply an input-output rule to generate missing values and ordered pairs.,Use structure / connect representations,practice-example,short-answer,instructional,120,,Unit 1 Assessment Plan; Algebra Overview course framework,Parallel to EX02 but unique values/content.
U1-S2-NOTE-EX03,SPIRAL,Algebra 1,1,2,Notes Example,Notes,EX03,INTRO,,,,,,,,DOK 2,Students will interpret functions as rules that connect inputs and outputs without relying on formal domain and range language.,I can assess whether a rule gives one output for each input in a situation.,Use structure / connect representations,worked-example,worked-solution,instructional,150,,Unit 1 Assessment Plan; Algebra Overview course framework,Notes family function-test.
U1-S2-NOTE-YTI03,SPIRAL,Algebra 1,1,2,Notes You Try It,Notes,YTI03,INTRO,,,,,,,,DOK 2,Students will interpret functions as rules that connect inputs and outputs without relying on formal domain and range language.,I can assess whether a rule gives one output for each input in a situation.,Use structure / connect representations,practice-example,short-answer,instructional,150,,Unit 1 Assessment Plan; Algebra Overview course framework,Parallel to EX03 but unique values/content.
U1-S2-NOTE-EX04,SPIRAL,Algebra 1,1,2,Notes Example,Notes,EX04,INTRO,,,,,,,,DOK 2,Students will interpret functions as rules that connect inputs and outputs without relying on formal domain and range language.,"I can formulate a rule that connects inputs to outputs in a table, graph, equation, or context.",Use structure / connect representations,worked-example,worked-solution,instructional,150,,Unit 1 Assessment Plan; Algebra Overview course framework,Notes family input-output-context.
U1-S2-NOTE-YTI04,SPIRAL,Algebra 1,1,2,Notes You Try It,Notes,YTI04,INTRO,,,,,,,,DOK 2,Students will interpret functions as rules that connect inputs and outputs without relying on formal domain and range language.,"I can formulate a rule that connects inputs to outputs in a table, graph, equation, or context.",Use structure / connect representations,practice-example,short-answer,instructional,150,,Unit 1 Assessment Plan; Algebra Overview course framework,Parallel to EX04 but unique values/content.
U1-S3-WTC01,SPIRAL,Algebra 1,1,3,Whats To Come,WTC,WTC01,INTRO,,,,,,,,DOK 2,"Students will recognize common function families from graphs, tables, equations, and contexts.","I can design examples of linear, quadratic, exponential, and absolute value relationships using more than one representation.",Connect representations and reason quantitatively,reasoning,brief-explanation,instructional,120,u1_s3_wtc01_function_families.png,Unit 1 Assessment Plan; Algebra Overview course framework,Future-facing section preview.
U1-S3-NOTE-EX01,SPIRAL,Algebra 1,1,3,Notes Example,Notes,EX01,INTRO,,,,,,,,DOK 2,"Students will recognize common function families from graphs, tables, equations, and contexts.","I can design examples of linear, quadratic, exponential, and absolute value relationships using more than one representation.",Use structure / connect representations,worked-example,worked-solution,instructional,150,,Unit 1 Assessment Plan; Algebra Overview course framework,Notes family family-from-equation.
U1-S3-NOTE-YTI01,SPIRAL,Algebra 1,1,3,Notes You Try It,Notes,YTI01,INTRO,,,,,,,,DOK 2,"Students will recognize common function families from graphs, tables, equations, and contexts.","I can design examples of linear, quadratic, exponential, and absolute value relationships using more than one representation.",Use structure / connect representations,practice-example,short-answer,instructional,120,,Unit 1 Assessment Plan; Algebra Overview course framework,Parallel to EX01 but unique values/content.
U1-S3-NOTE-EX02,SPIRAL,Algebra 1,1,3,Notes Example,Notes,EX02,INTRO,,,,,,,,DOK 2,"Students will recognize common function families from graphs, tables, equations, and contexts.","I can extend patterns in tables, graphs, equations, and contexts to work with common function families.",Use structure / connect representations,worked-example,worked-solution,instructional,150,,Unit 1 Assessment Plan; Algebra Overview course framework,Notes family family-from-table.
U1-S3-NOTE-YTI02,SPIRAL,Algebra 1,1,3,Notes You Try It,Notes,YTI02,INTRO,,,,,,,,DOK 2,"Students will recognize common function families from graphs, tables, equations, and contexts.","I can extend patterns in tables, graphs, equations, and contexts to work with common function families.",Use structure / connect representations,practice-example,short-answer,instructional,150,,Unit 1 Assessment Plan; Algebra Overview course framework,Parallel to EX02 but unique values/content.
U1-S3-NOTE-EX03,SPIRAL,Algebra 1,1,3,Notes Example,Notes,EX03,INTRO,,,,,,,,DOK 2,"Students will recognize common function families from graphs, tables, equations, and contexts.","I can critique a proposed function family choice using evidence from rate of change, shape, or equation structure.",Use structure / connect representations,worked-example,worked-solution,instructional,150,,Unit 1 Assessment Plan; Algebra Overview course framework,Notes family family-from-context.
U1-S3-NOTE-YTI03,SPIRAL,Algebra 1,1,3,Notes You Try It,Notes,YTI03,INTRO,,,,,,,,DOK 2,"Students will recognize common function families from graphs, tables, equations, and contexts.","I can critique a proposed function family choice using evidence from rate of change, shape, or equation structure.",Use structure / connect representations,practice-example,short-answer,instructional,120,,Unit 1 Assessment Plan; Algebra Overview course framework,Parallel to EX03 but unique values/content.
U1-S3-NOTE-EX04,SPIRAL,Algebra 1,1,3,Notes Example,Notes,EX04,INTRO,,,,,,,,DOK 2,"Students will recognize common function families from graphs, tables, equations, and contexts.","I can design examples of linear, quadratic, exponential, and absolute value relationships using more than one representation.",Use structure / connect representations,worked-example,worked-solution,instructional,150,,Unit 1 Assessment Plan; Algebra Overview course framework,Notes family family-from-verbal-graph.
U1-S3-NOTE-YTI04,SPIRAL,Algebra 1,1,3,Notes You Try It,Notes,YTI04,INTRO,,,,,,,,DOK 2,"Students will recognize common function families from graphs, tables, equations, and contexts.","I can design examples of linear, quadratic, exponential, and absolute value relationships using more than one representation.",Use structure / connect representations,practice-example,short-answer,instructional,150,,Unit 1 Assessment Plan; Algebra Overview course framework,Parallel to EX04 but unique values/content.
U1-S4-WTC01,SPIRAL,Algebra 1,1,4,Whats To Come,WTC,WTC01,INTRO,,,,,,,,DOK 2,"Students will interpret and rewrite algebraic expressions by identifying structure, meaning, and equivalent forms.","I can build equivalent expressions by using structure, grouping, and properties of operations.",Connect representations and reason quantitatively,reasoning,brief-explanation,instructional,120,u1_s4_wtc01_rectangle_model.png,Unit 1 Assessment Plan; Algebra Overview course framework,Future-facing section preview.
U1-S4-NOTE-EX01,SPIRAL,Algebra 1,1,4,Notes Example,Notes,EX01,INTRO,,,,,,,,DOK 2,"Students will interpret and rewrite algebraic expressions by identifying structure, meaning, and equivalent forms.","I can build equivalent expressions by using structure, grouping, and properties of operations.",Use structure / connect representations,worked-example,worked-solution,instructional,150,u1_s4_note_ex01_algebra_tiles.png,Unit 1 Assessment Plan; Algebra Overview course framework,Notes family distributive-rewrite.
U1-S4-NOTE-YTI01,SPIRAL,Algebra 1,1,4,Notes You Try It,Notes,YTI01,INTRO,,,,,,,,DOK 2,"Students will interpret and rewrite algebraic expressions by identifying structure, meaning, and equivalent forms.","I can build equivalent expressions by using structure, grouping, and properties of operations.",Use structure / connect representations,practice-example,short-answer,instructional,120,,Unit 1 Assessment Plan; Algebra Overview course framework,Parallel to EX01 but unique values/content.
U1-S4-NOTE-EX02,SPIRAL,Algebra 1,1,4,Notes Example,Notes,EX02,INTRO,,,,,,,,DOK 2,"Students will interpret and rewrite algebraic expressions by identifying structure, meaning, and equivalent forms.",I can apply rewriting strategies to make the meaning of an expression easier to work with.,Use structure / connect representations,worked-example,worked-solution,instructional,150,,Unit 1 Assessment Plan; Algebra Overview course framework,Notes family like-terms.
U1-S4-NOTE-YTI02,SPIRAL,Algebra 1,1,4,Notes You Try It,Notes,YTI02,INTRO,,,,,,,,DOK 2,"Students will interpret and rewrite algebraic expressions by identifying structure, meaning, and equivalent forms.",I can apply rewriting strategies to make the meaning of an expression easier to work with.,Use structure / connect representations,practice-example,short-answer,instructional,120,,Unit 1 Assessment Plan; Algebra Overview course framework,Parallel to EX02 but unique values/content.
U1-S4-NOTE-EX03,SPIRAL,Algebra 1,1,4,Notes Example,Notes,EX03,INTRO,,,,,,,,DOK 2,"Students will interpret and rewrite algebraic expressions by identifying structure, meaning, and equivalent forms.","I can determine whether two expressions are equivalent by using structure, substitution, or properties.",Use structure / connect representations,worked-example,worked-solution,instructional,150,,Unit 1 Assessment Plan; Algebra Overview course framework,Notes family equivalence-property.
U1-S4-NOTE-YTI03,SPIRAL,Algebra 1,1,4,Notes You Try It,Notes,YTI03,INTRO,,,,,,,,DOK 2,"Students will interpret and rewrite algebraic expressions by identifying structure, meaning, and equivalent forms.","I can determine whether two expressions are equivalent by using structure, substitution, or properties.",Use structure / connect representations,practice-example,short-answer,instructional,120,,Unit 1 Assessment Plan; Algebra Overview course framework,Parallel to EX03 but unique values/content.
U1-S4-NOTE-EX04,SPIRAL,Algebra 1,1,4,Notes Example,Notes,EX04,INTRO,,,,,,,,DOK 2,"Students will interpret and rewrite algebraic expressions by identifying structure, meaning, and equivalent forms.","I can build equivalent expressions by using structure, grouping, and properties of operations.",Use structure / connect representations,worked-example,worked-solution,instructional,150,,Unit 1 Assessment Plan; Algebra Overview course framework,Notes family expression-context.
U1-S4-NOTE-YTI04,SPIRAL,Algebra 1,1,4,Notes You Try It,Notes,YTI04,INTRO,,,,,,,,DOK 2,"Students will interpret and rewrite algebraic expressions by identifying structure, meaning, and equivalent forms.","I can build equivalent expressions by using structure, grouping, and properties of operations.",Use structure / connect representations,practice-example,short-answer,instructional,150,,Unit 1 Assessment Plan; Algebra Overview course framework,Parallel to EX04 but unique values/content.
U1-S5-WTC01,SPIRAL,Algebra 1,1,5,Whats To Come,WTC,WTC01,INTRO,,,,,,,,DOK 2,"Students will write, solve, and interpret equations that model situations.",I can construct an equation that models a situation using meaningful quantities and operations.,Connect representations and reason quantitatively,reasoning,brief-explanation,instructional,120,,Unit 1 Assessment Plan; Algebra Overview course framework,Future-facing section preview.
U1-S5-NOTE-EX01,SPIRAL,Algebra 1,1,5,Notes Example,Notes,EX01,INTRO,,,,,,,,DOK 2,"Students will write, solve, and interpret equations that model situations.",I can construct an equation that models a situation using meaningful quantities and operations.,Use structure / connect representations,worked-example,worked-solution,instructional,150,,Unit 1 Assessment Plan; Algebra Overview course framework,Notes family model-and-solve.
U1-S5-NOTE-YTI01,SPIRAL,Algebra 1,1,5,Notes You Try It,Notes,YTI01,INTRO,,,,,,,,DOK 2,"Students will write, solve, and interpret equations that model situations.",I can construct an equation that models a situation using meaningful quantities and operations.,Use structure / connect representations,practice-example,short-answer,instructional,120,,Unit 1 Assessment Plan; Algebra Overview course framework,Parallel to EX01 but unique values/content.
U1-S5-NOTE-EX02,SPIRAL,Algebra 1,1,5,Notes Example,Notes,EX02,INTRO,,,,,,,,DOK 2,"Students will write, solve, and interpret equations that model situations.",I can use solution steps to solve an equation and connect the result to the situation.,Use structure / connect representations,worked-example,worked-solution,instructional,150,,Unit 1 Assessment Plan; Algebra Overview course framework,Notes family solve-and-check.
U1-S5-NOTE-YTI02,SPIRAL,Algebra 1,1,5,Notes You Try It,Notes,YTI02,INTRO,,,,,,,,DOK 2,"Students will write, solve, and interpret equations that model situations.",I can use solution steps to solve an equation and connect the result to the situation.,Use structure / connect representations,practice-example,short-answer,instructional,120,,Unit 1 Assessment Plan; Algebra Overview course framework,Parallel to EX02 but unique values/content.
U1-S5-NOTE-EX03,SPIRAL,Algebra 1,1,5,Notes Example,Notes,EX03,INTRO,,,,,,,,DOK 2,"Students will write, solve, and interpret equations that model situations.",I can predict whether a solution is reasonable by interpreting it in the original context.,Use structure / connect representations,worked-example,worked-solution,instructional,150,,Unit 1 Assessment Plan; Algebra Overview course framework,Notes family interpret-model.
U1-S5-NOTE-YTI03,SPIRAL,Algebra 1,1,5,Notes You Try It,Notes,YTI03,INTRO,,,,,,,,DOK 2,"Students will write, solve, and interpret equations that model situations.",I can predict whether a solution is reasonable by interpreting it in the original context.,Use structure / connect representations,practice-example,short-answer,instructional,150,,Unit 1 Assessment Plan; Algebra Overview course framework,Parallel to EX03 but unique values/content.
U1-S5-NOTE-EX04,SPIRAL,Algebra 1,1,5,Notes Example,Notes,EX04,INTRO,,,,,,,,DOK 2,"Students will write, solve, and interpret equations that model situations.",I can construct an equation that models a situation using meaningful quantities and operations.,Use structure / connect representations,worked-example,worked-solution,instructional,150,,Unit 1 Assessment Plan; Algebra Overview course framework,Notes family reasonableness-equation.
U1-S5-NOTE-YTI04,SPIRAL,Algebra 1,1,5,Notes You Try It,Notes,YTI04,INTRO,,,,,,,,DOK 2,"Students will write, solve, and interpret equations that model situations.",I can construct an equation that models a situation using meaningful quantities and operations.,Use structure / connect representations,practice-example,short-answer,instructional,150,,Unit 1 Assessment Plan; Algebra Overview course framework,Parallel to EX04 but unique values/content.
U1-S1-PS1-I01,SPIRAL,Algebra 1,1,1,Practice PS1,Practice,PS1-Q01,INTRO,,,,,U1-S1-PFAM-I01,representation_shift,,DOK 2,"Students will connect tables, graphs, equations, and contexts that represent the same relationship.","I can construct a table, graph, equation, or context from another representation of the same relationship.",Connect representations / attend to precision,constructed-response,short-answer,instructional,75,,Unit 1 Assessment Plan; Algebra Overview course framework,Practice display slot 1; family position intentionally varies by form.
U1-S1-PS1-I02,SPIRAL,Algebra 1,1,1,Practice PS1,Practice,PS1-Q02,INTRO,,,,,U1-S1-PFAM-I02,representation_shift,,DOK 2,"Students will connect tables, graphs, equations, and contexts that represent the same relationship.","I can use features in one representation to work with a related table, graph, equation, or context.",Connect representations / attend to precision,constructed-response,short-answer,instructional,75,,Unit 1 Assessment Plan; Algebra Overview course framework,Practice display slot 2; family position intentionally varies by form.
U1-S1-PS1-I03,SPIRAL,Algebra 1,1,1,Practice PS1,Practice,PS1-Q03,INTRO,,,,,U1-S1-PFAM-I03,reasoning_shift,,DOK 2,"Students will connect tables, graphs, equations, and contexts that represent the same relationship.","I can determine whether two representations belong to the same relationship using evidence from values, rates, or patterns.",Connect representations / attend to precision,constructed-response,short-answer,instructional,75,,Unit 1 Assessment Plan; Algebra Overview course framework,Practice display slot 3; family position intentionally varies by form.
U1-S1-PS1-I04,SPIRAL,Algebra 1,1,1,Practice PS1,Practice,PS1-Q04,INTRO,,,,,U1-S1-PFAM-I04,context_shift,,DOK 2,"Students will connect tables, graphs, equations, and contexts that represent the same relationship.","I can construct a table, graph, equation, or context from another representation of the same relationship.",Connect representations / attend to precision,constructed-response,short-answer,instructional,75,,Unit 1 Assessment Plan; Algebra Overview course framework,Practice display slot 4; family position intentionally varies by form.
U1-S1-PS1-R01,SPIRAL,Algebra 1,1,1,Practice PS1,Practice,PS1-Q05,REVIEW,,,,,U1-S1-PFAM-R02,conceptual_reword,,DOK 1–2,"Interpret and create graphs on the coordinate plane while connecting points, axes, intercepts, and graphical information to mathematical situations.",,Retrieve readiness skill and connect to current work,constructed-response,short-answer,instructional,60,,Unit 1 Assessment Plan; Algebra Overview course framework,Practice display slot 5; review family position varies.
U1-S1-PS1-R02,SPIRAL,Algebra 1,1,1,Practice PS1,Practice,PS1-Q06,REVIEW,,,,,U1-S1-PFAM-R03,context_shift,,DOK 1–2,"Interpret and create graphs on the coordinate plane while connecting points, axes, intercepts, and graphical information to mathematical situations.",,Retrieve readiness skill and connect to current work,constructed-response,short-answer,instructional,60,,Unit 1 Assessment Plan; Algebra Overview course framework,Practice display slot 6; review family position varies.
U1-S1-PS1-R03,SPIRAL,Algebra 1,1,1,Practice PS1,Practice,PS1-Q07,REVIEW,,,,,U1-S1-PFAM-R04,routine_procedural_numeric,,DOK 1–2,"Interpret and create graphs on the coordinate plane while connecting points, axes, intercepts, and graphical information to mathematical situations.",,Retrieve readiness skill and connect to current work,constructed-response,short-answer,instructional,60,,Unit 1 Assessment Plan; Algebra Overview course framework,Practice display slot 7; review family position varies.
U1-S1-PS1-R04,SPIRAL,Algebra 1,1,1,Practice PS1,Practice,PS1-Q08,REVIEW,,,,,U1-S1-PFAM-R01,routine_procedural_numeric,,DOK 1–2,"Interpret and create graphs on the coordinate plane while connecting points, axes, intercepts, and graphical information to mathematical situations.",,Retrieve readiness skill and connect to current work,constructed-response,short-answer,instructional,60,,Unit 1 Assessment Plan; Algebra Overview course framework,Practice display slot 8; review family position varies.
U1-S1-PS1-M01,SPIRAL,Algebra 1,1,1,Practice PS1,Practice,PS1-Q09,MASTERY,U1-MG01,,,,U1-S1-PFAM-MG1-01,routine_procedural_numeric,,DOK 1–2,"Compute with rational numbers and evaluate numerical or algebraic expressions accurately, using order of operations and substitution while checking reasonableness.",,Reason quantitatively / structure / check solutions,constructed-response,short-answer,instructional,90,,Unit 1 Assessment Plan; Algebra Overview course framework,Mastery family fraction-operation; display slot 9.
U1-S1-PS1-M02,SPIRAL,Algebra 1,1,1,Practice PS1,Practice,PS1-Q10,MASTERY,U1-MG03,,,,U1-S1-PFAM-MG3-02,routine_procedural_numeric,,DOK 2,Solve one-variable equations with equivalent transformations and verify and interpret solutions.,,Reason quantitatively / structure / check solutions,constructed-response,short-answer,instructional,90,,Unit 1 Assessment Plan; Algebra Overview course framework,Mastery family variables-both-sides; display slot 10.
U1-S1-PS1-M03,SPIRAL,Algebra 1,1,1,Practice PS1,Practice,PS1-Q11,MASTERY,U1-MG03,,,,U1-S1-PFAM-MG3-03,mixed,,DOK 2,Solve one-variable equations with equivalent transformations and verify and interpret solutions.,,Reason quantitatively / structure / check solutions,constructed-response,short-answer,instructional,90,,Unit 1 Assessment Plan; Algebra Overview course framework,Mastery family context-equation; display slot 11.
U1-S1-PS1-M04,SPIRAL,Algebra 1,1,1,Practice PS1,Practice,PS1-Q12,MASTERY,U1-MG02,,,,U1-S1-PFAM-MG2-04,routine_procedural_numeric,,DOK 2,"Rewrite algebraic expressions into equivalent forms by using properties, structure, terms, factors, and the distributive property.",,Reason quantitatively / structure / check solutions,constructed-response,short-answer,instructional,90,,Unit 1 Assessment Plan; Algebra Overview course framework,Mastery family distribute-combine; display slot 12.
U1-S1-PS1-M05,SPIRAL,Algebra 1,1,1,Practice PS1,Practice,PS1-Q13,MASTERY,U1-MG01,,,,U1-S1-PFAM-MG1-01,routine_procedural_numeric,,DOK 1–2,"Compute with rational numbers and evaluate numerical or algebraic expressions accurately, using order of operations and substitution while checking reasonableness.",,Reason quantitatively / structure / check solutions,constructed-response,short-answer,instructional,90,,Unit 1 Assessment Plan; Algebra Overview course framework,Mastery family fraction-operation; display slot 13.
U1-S1-PS1-M06,SPIRAL,Algebra 1,1,1,Practice PS1,Practice,PS1-Q14,MASTERY,U1-MG04,,,,U1-S1-PFAM-MG4-02,mixed,,DOK 2,"Solve one-variable inequalities, represent solution sets on number lines, and interpret boundaries and constraints.",,Reason quantitatively / structure / check solutions,constructed-response,short-answer,instructional,90,,Unit 1 Assessment Plan; Algebra Overview course framework,Mastery family number-line-interpret; display slot 14.
U1-S1-PS1-M07,SPIRAL,Algebra 1,1,1,Practice PS1,Practice,PS1-Q15,MASTERY,U1-MG02,,,,U1-S1-PFAM-MG2-03,mixed,,DOK 2–3,"Rewrite algebraic expressions into equivalent forms by using properties, structure, terms, factors, and the distributive property.",,Reason quantitatively / structure / check solutions,constructed-response,short-answer,instructional,90,,Unit 1 Assessment Plan; Algebra Overview course framework,Mastery family equivalence-justify; display slot 15.
U1-S1-PS1-M08,SPIRAL,Algebra 1,1,1,Practice PS1,Practice,PS1-Q16,MASTERY,U1-MG04,,,,U1-S1-PFAM-MG4-04,routine_procedural_numeric,,DOK 2,"Solve one-variable inequalities, represent solution sets on number lines, and interpret boundaries and constraints.",,Reason quantitatively / structure / check solutions,constructed-response,short-answer,instructional,90,,Unit 1 Assessment Plan; Algebra Overview course framework,Mastery family positive-inequality; display slot 16.
U1-S1-PS1-M09,SPIRAL,Algebra 1,1,1,Practice PS1,Practice,PS1-Q17,MASTERY,U1-MG03,,,,U1-S1-PFAM-MG3-01,routine_procedural_numeric,,DOK 2,Solve one-variable equations with equivalent transformations and verify and interpret solutions.,,Reason quantitatively / structure / check solutions,constructed-response,short-answer,instructional,90,,Unit 1 Assessment Plan; Algebra Overview course framework,Mastery family factored-equation; display slot 17.
U1-S1-PS1-M10,SPIRAL,Algebra 1,1,1,Practice PS1,Practice,PS1-Q18,MASTERY,U1-MG01,,,,U1-S1-PFAM-MG1-02,routine_procedural_numeric,,DOK 2,"Compute with rational numbers and evaluate numerical or algebraic expressions accurately, using order of operations and substitution while checking reasonableness.",,Reason quantitatively / structure / check solutions,constructed-response,short-answer,instructional,90,,Unit 1 Assessment Plan; Algebra Overview course framework,Mastery family decimal-operation; display slot 18.
U1-S1-PS2-I01,SPIRAL,Algebra 1,1,1,Practice PS2,Practice,PS2-Q01,INTRO,,,,,U1-S1-PFAM-I03,reasoning_shift,,DOK 2,"Students will connect tables, graphs, equations, and contexts that represent the same relationship.","I can determine whether two representations belong to the same relationship using evidence from values, rates, or patterns.",Connect representations / attend to precision,constructed-response,short-answer,instructional,75,,Unit 1 Assessment Plan; Algebra Overview course framework,Practice display slot 1; family position intentionally varies by form.
U1-S1-PS2-I02,SPIRAL,Algebra 1,1,1,Practice PS2,Practice,PS2-Q02,INTRO,,,,,U1-S1-PFAM-I02,representation_shift,,DOK 2,"Students will connect tables, graphs, equations, and contexts that represent the same relationship.","I can use features in one representation to work with a related table, graph, equation, or context.",Connect representations / attend to precision,constructed-response,short-answer,instructional,75,,Unit 1 Assessment Plan; Algebra Overview course framework,Practice display slot 2; family position intentionally varies by form.
U1-S1-PS2-I03,SPIRAL,Algebra 1,1,1,Practice PS2,Practice,PS2-Q03,INTRO,,,,,U1-S1-PFAM-I01,representation_shift,,DOK 2,"Students will connect tables, graphs, equations, and contexts that represent the same relationship.","I can construct a table, graph, equation, or context from another representation of the same relationship.",Connect representations / attend to precision,constructed-response,short-answer,instructional,75,,Unit 1 Assessment Plan; Algebra Overview course framework,Practice display slot 3; family position intentionally varies by form.
U1-S1-PS2-I04,SPIRAL,Algebra 1,1,1,Practice PS2,Practice,PS2-Q04,INTRO,,,,,U1-S1-PFAM-I04,context_shift,,DOK 2,"Students will connect tables, graphs, equations, and contexts that represent the same relationship.","I can construct a table, graph, equation, or context from another representation of the same relationship.",Connect representations / attend to precision,constructed-response,short-answer,instructional,75,,Unit 1 Assessment Plan; Algebra Overview course framework,Practice display slot 4; family position intentionally varies by form.
U1-S1-PS2-R01,SPIRAL,Algebra 1,1,1,Practice PS2,Practice,PS2-Q05,REVIEW,,,,,U1-S1-PFAM-R03,context_shift,,DOK 1–2,"Interpret and create graphs on the coordinate plane while connecting points, axes, intercepts, and graphical information to mathematical situations.",,Retrieve readiness skill and connect to current work,constructed-response,short-answer,instructional,90,,Unit 1 Assessment Plan; Algebra Overview course framework,Practice display slot 5; review family position varies.
U1-S1-PS2-R02,SPIRAL,Algebra 1,1,1,Practice PS2,Practice,PS2-Q06,REVIEW,,,,,U1-S1-PFAM-R02,conceptual_reword,,DOK 1–2,"Interpret and create graphs on the coordinate plane while connecting points, axes, intercepts, and graphical information to mathematical situations.",,Retrieve readiness skill and connect to current work,constructed-response,short-answer,instructional,90,,Unit 1 Assessment Plan; Algebra Overview course framework,Practice display slot 6; review family position varies.
U1-S1-PS2-R03,SPIRAL,Algebra 1,1,1,Practice PS2,Practice,PS2-Q07,REVIEW,,,,,U1-S1-PFAM-R04,routine_procedural_numeric,,DOK 1–2,"Interpret and create graphs on the coordinate plane while connecting points, axes, intercepts, and graphical information to mathematical situations.",,Retrieve readiness skill and connect to current work,constructed-response,short-answer,instructional,90,,Unit 1 Assessment Plan; Algebra Overview course framework,Practice display slot 7; review family position varies.
U1-S1-PS2-R04,SPIRAL,Algebra 1,1,1,Practice PS2,Practice,PS2-Q08,REVIEW,,,,,U1-S1-PFAM-R01,routine_procedural_numeric,,DOK 1–2,"Interpret and create graphs on the coordinate plane while connecting points, axes, intercepts, and graphical information to mathematical situations.",,Retrieve readiness skill and connect to current work,constructed-response,short-answer,instructional,60,,Unit 1 Assessment Plan; Algebra Overview course framework,Practice display slot 8; review family position varies.
U1-S1-PS2-M01,SPIRAL,Algebra 1,1,1,Practice PS2,Practice,PS2-Q09,MASTERY,U1-MG02,,,,U1-S1-PFAM-MG2-01,routine_procedural_numeric,,DOK 2,"Rewrite algebraic expressions into equivalent forms by using properties, structure, terms, factors, and the distributive property.",,Reason quantitatively / structure / check solutions,constructed-response,short-answer,instructional,90,,Unit 1 Assessment Plan; Algebra Overview course framework,Mastery family structure-combine; display slot 9.
U1-S1-PS2-M02,SPIRAL,Algebra 1,1,1,Practice PS2,Practice,PS2-Q10,MASTERY,U1-MG03,,,,U1-S1-PFAM-MG3-02,routine_procedural_numeric,,DOK 2,Solve one-variable equations with equivalent transformations and verify and interpret solutions.,,Reason quantitatively / structure / check solutions,constructed-response,short-answer,instructional,90,,Unit 1 Assessment Plan; Algebra Overview course framework,Mastery family variables-both-sides; display slot 10.
U1-S1-PS2-M03,SPIRAL,Algebra 1,1,1,Practice PS2,Practice,PS2-Q11,MASTERY,U1-MG03,,,,U1-S1-PFAM-MG3-03,mixed,,DOK 2,Solve one-variable equations with equivalent transformations and verify and interpret solutions.,,Reason quantitatively / structure / check solutions,constructed-response,short-answer,instructional,90,,Unit 1 Assessment Plan; Algebra Overview course framework,Mastery family context-equation; display slot 11.
U1-S1-PS2-M04,SPIRAL,Algebra 1,1,1,Practice PS2,Practice,PS2-Q12,MASTERY,U1-MG04,,,,U1-S1-PFAM-MG4-04,routine_procedural_numeric,,DOK 2,"Solve one-variable inequalities, represent solution sets on number lines, and interpret boundaries and constraints.",,Reason quantitatively / structure / check solutions,constructed-response,short-answer,instructional,90,,Unit 1 Assessment Plan; Algebra Overview course framework,Mastery family positive-inequality; display slot 12.
U1-S1-PS2-M05,SPIRAL,Algebra 1,1,1,Practice PS2,Practice,PS2-Q13,MASTERY,U1-MG03,,,,U1-S1-PFAM-MG3-01,routine_procedural_numeric,,DOK 2,Solve one-variable equations with equivalent transformations and verify and interpret solutions.,,Reason quantitatively / structure / check solutions,constructed-response,short-answer,instructional,90,,Unit 1 Assessment Plan; Algebra Overview course framework,Mastery family factored-equation; display slot 13.
U1-S1-PS2-M06,SPIRAL,Algebra 1,1,1,Practice PS2,Practice,PS2-Q14,MASTERY,U1-MG01,,,,U1-S1-PFAM-MG1-02,routine_procedural_numeric,,DOK 2,"Compute with rational numbers and evaluate numerical or algebraic expressions accurately, using order of operations and substitution while checking reasonableness.",,Reason quantitatively / structure / check solutions,constructed-response,short-answer,instructional,90,,Unit 1 Assessment Plan; Algebra Overview course framework,Mastery family decimal-operation; display slot 14.
U1-S1-PS2-M07,SPIRAL,Algebra 1,1,1,Practice PS2,Practice,PS2-Q15,MASTERY,U1-MG04,,,,U1-S1-PFAM-MG4-03,mixed,,DOK 2,"Solve one-variable inequalities, represent solution sets on number lines, and interpret boundaries and constraints.",,Reason quantitatively / structure / check solutions,constructed-response,short-answer,instructional,90,,Unit 1 Assessment Plan; Algebra Overview course framework,Mastery family context-constraint; display slot 15.
U1-S1-PS2-M08,SPIRAL,Algebra 1,1,1,Practice PS2,Practice,PS2-Q16,MASTERY,U1-MG01,,,,U1-S1-PFAM-MG1-04,routine_procedural_numeric,,DOK 1–2,"Compute with rational numbers and evaluate numerical or algebraic expressions accurately, using order of operations and substitution while checking reasonableness.",,Reason quantitatively / structure / check solutions,constructed-response,short-answer,instructional,90,,Unit 1 Assessment Plan; Algebra Overview course framework,Mastery family integer-order; display slot 16.
U1-S1-PS2-M09,SPIRAL,Algebra 1,1,1,Practice PS2,Practice,PS2-Q17,MASTERY,U1-MG01,,,,U1-S1-PFAM-MG1-01,routine_procedural_numeric,,DOK 1–2,"Compute with rational numbers and evaluate numerical or algebraic expressions accurately, using order of operations and substitution while checking reasonableness.",,Reason quantitatively / structure / check solutions,constructed-response,short-answer,instructional,90,,Unit 1 Assessment Plan; Algebra Overview course framework,Mastery family fraction-operation; display slot 17.
U1-S1-PS2-M10,SPIRAL,Algebra 1,1,1,Practice PS2,Practice,PS2-Q18,MASTERY,U1-MG02,,,,U1-S1-PFAM-MG2-02,routine_procedural_numeric,,DOK 2,"Rewrite algebraic expressions into equivalent forms by using properties, structure, terms, factors, and the distributive property.",,Reason quantitatively / structure / check solutions,constructed-response,short-answer,instructional,90,,Unit 1 Assessment Plan; Algebra Overview course framework,Mastery family factor-structure; display slot 18.
U1-S1-PS3-I01,SPIRAL,Algebra 1,1,1,Practice PS3,Practice,PS3-Q01,INTRO,,,,,U1-S1-PFAM-I03,reasoning_shift,,DOK 2,"Students will connect tables, graphs, equations, and contexts that represent the same relationship.","I can determine whether two representations belong to the same relationship using evidence from values, rates, or patterns.",Connect representations / attend to precision,constructed-response,short-answer,instructional,75,,Unit 1 Assessment Plan; Algebra Overview course framework,Practice display slot 1; family position intentionally varies by form.
U1-S1-PS3-I02,SPIRAL,Algebra 1,1,1,Practice PS3,Practice,PS3-Q02,INTRO,,,,,U1-S1-PFAM-I04,context_shift,,DOK 2,"Students will connect tables, graphs, equations, and contexts that represent the same relationship.","I can construct a table, graph, equation, or context from another representation of the same relationship.",Connect representations / attend to precision,constructed-response,short-answer,instructional,75,,Unit 1 Assessment Plan; Algebra Overview course framework,Practice display slot 2; family position intentionally varies by form.
U1-S1-PS3-I03,SPIRAL,Algebra 1,1,1,Practice PS3,Practice,PS3-Q03,INTRO,,,,,U1-S1-PFAM-I02,representation_shift,,DOK 2,"Students will connect tables, graphs, equations, and contexts that represent the same relationship.","I can use features in one representation to work with a related table, graph, equation, or context.",Connect representations / attend to precision,constructed-response,short-answer,instructional,75,,Unit 1 Assessment Plan; Algebra Overview course framework,Practice display slot 3; family position intentionally varies by form.
U1-S1-PS3-I04,SPIRAL,Algebra 1,1,1,Practice PS3,Practice,PS3-Q04,INTRO,,,,,U1-S1-PFAM-I01,representation_shift,,DOK 2,"Students will connect tables, graphs, equations, and contexts that represent the same relationship.","I can construct a table, graph, equation, or context from another representation of the same relationship.",Connect representations / attend to precision,constructed-response,short-answer,instructional,75,,Unit 1 Assessment Plan; Algebra Overview course framework,Practice display slot 4; family position intentionally varies by form.
U1-S1-PS3-R01,SPIRAL,Algebra 1,1,1,Practice PS3,Practice,PS3-Q05,REVIEW,,,,,U1-S1-PFAM-R04,routine_procedural_numeric,,DOK 1–2,"Interpret and create graphs on the coordinate plane while connecting points, axes, intercepts, and graphical information to mathematical situations.",,Retrieve readiness skill and connect to current work,constructed-response,short-answer,instructional,90,,Unit 1 Assessment Plan; Algebra Overview course framework,Practice display slot 5; review family position varies.
U1-S1-PS3-R02,SPIRAL,Algebra 1,1,1,Practice PS3,Practice,PS3-Q06,REVIEW,,,,,U1-S1-PFAM-R01,routine_procedural_numeric,,DOK 1–2,"Interpret and create graphs on the coordinate plane while connecting points, axes, intercepts, and graphical information to mathematical situations.",,Retrieve readiness skill and connect to current work,constructed-response,short-answer,instructional,60,,Unit 1 Assessment Plan; Algebra Overview course framework,Practice display slot 6; review family position varies.
U1-S1-PS3-R03,SPIRAL,Algebra 1,1,1,Practice PS3,Practice,PS3-Q07,REVIEW,,,,,U1-S1-PFAM-R02,conceptual_reword,,DOK 1–2,"Interpret and create graphs on the coordinate plane while connecting points, axes, intercepts, and graphical information to mathematical situations.",,Retrieve readiness skill and connect to current work,constructed-response,short-answer,instructional,90,,Unit 1 Assessment Plan; Algebra Overview course framework,Practice display slot 7; review family position varies.
U1-S1-PS3-R04,SPIRAL,Algebra 1,1,1,Practice PS3,Practice,PS3-Q08,REVIEW,,,,,U1-S1-PFAM-R03,context_shift,,DOK 1–2,"Interpret and create graphs on the coordinate plane while connecting points, axes, intercepts, and graphical information to mathematical situations.",,Retrieve readiness skill and connect to current work,constructed-response,short-answer,instructional,90,,Unit 1 Assessment Plan; Algebra Overview course framework,Practice display slot 8; review family position varies.
U1-S1-PS3-M01,SPIRAL,Algebra 1,1,1,Practice PS3,Practice,PS3-Q09,MASTERY,U1-MG01,,,,U1-S1-PFAM-MG1-01,routine_procedural_numeric,,DOK 1–2,"Compute with rational numbers and evaluate numerical or algebraic expressions accurately, using order of operations and substitution while checking reasonableness.",,Reason quantitatively / structure / check solutions,constructed-response,short-answer,instructional,90,,Unit 1 Assessment Plan; Algebra Overview course framework,Mastery family fraction-operation; display slot 9.
U1-S1-PS3-M02,SPIRAL,Algebra 1,1,1,Practice PS3,Practice,PS3-Q10,MASTERY,U1-MG01,,,,U1-S1-PFAM-MG1-02,routine_procedural_numeric,,DOK 2,"Compute with rational numbers and evaluate numerical or algebraic expressions accurately, using order of operations and substitution while checking reasonableness.",,Reason quantitatively / structure / check solutions,constructed-response,short-answer,instructional,90,,Unit 1 Assessment Plan; Algebra Overview course framework,Mastery family decimal-operation; display slot 10.
U1-S1-PS3-M03,SPIRAL,Algebra 1,1,1,Practice PS3,Practice,PS3-Q11,MASTERY,U1-MG03,,,,U1-S1-PFAM-MG3-03,mixed,,DOK 2,Solve one-variable equations with equivalent transformations and verify and interpret solutions.,,Reason quantitatively / structure / check solutions,constructed-response,short-answer,instructional,90,,Unit 1 Assessment Plan; Algebra Overview course framework,Mastery family context-equation; display slot 11.
U1-S1-PS3-M04,SPIRAL,Algebra 1,1,1,Practice PS3,Practice,PS3-Q12,MASTERY,U1-MG03,,,,U1-S1-PFAM-MG3-04,routine_procedural_numeric,,DOK 2,Solve one-variable equations with equivalent transformations and verify and interpret solutions.,,Reason quantitatively / structure / check solutions,constructed-response,short-answer,instructional,90,,Unit 1 Assessment Plan; Algebra Overview course framework,Mastery family two-step-equation; display slot 12.
U1-S1-PS3-M05,SPIRAL,Algebra 1,1,1,Practice PS3,Practice,PS3-Q13,MASTERY,U1-MG04,,,,U1-S1-PFAM-MG4-01,routine_procedural_numeric,,DOK 2,"Solve one-variable inequalities, represent solution sets on number lines, and interpret boundaries and constraints.",,Reason quantitatively / structure / check solutions,constructed-response,short-answer,instructional,90,,Unit 1 Assessment Plan; Algebra Overview course framework,Mastery family negative-inequality; display slot 13.
U1-S1-PS3-M06,SPIRAL,Algebra 1,1,1,Practice PS3,Practice,PS3-Q14,MASTERY,U1-MG02,,,,U1-S1-PFAM-MG2-02,routine_procedural_numeric,,DOK 2,"Rewrite algebraic expressions into equivalent forms by using properties, structure, terms, factors, and the distributive property.",,Reason quantitatively / structure / check solutions,constructed-response,short-answer,instructional,90,,Unit 1 Assessment Plan; Algebra Overview course framework,Mastery family factor-structure; display slot 14.
U1-S1-PS3-M07,SPIRAL,Algebra 1,1,1,Practice PS3,Practice,PS3-Q15,MASTERY,U1-MG02,,,,U1-S1-PFAM-MG2-03,mixed,,DOK 2–3,"Rewrite algebraic expressions into equivalent forms by using properties, structure, terms, factors, and the distributive property.",,Reason quantitatively / structure / check solutions,constructed-response,short-answer,instructional,90,,Unit 1 Assessment Plan; Algebra Overview course framework,Mastery family equivalence-justify; display slot 15.
U1-S1-PS3-M08,SPIRAL,Algebra 1,1,1,Practice PS3,Practice,PS3-Q16,MASTERY,U1-MG03,,,,U1-S1-PFAM-MG3-04,routine_procedural_numeric,,DOK 2,Solve one-variable equations with equivalent transformations and verify and interpret solutions.,,Reason quantitatively / structure / check solutions,constructed-response,short-answer,instructional,90,,Unit 1 Assessment Plan; Algebra Overview course framework,Mastery family two-step-equation; display slot 16.
U1-S1-PS3-M09,SPIRAL,Algebra 1,1,1,Practice PS3,Practice,PS3-Q17,MASTERY,U1-MG04,,,,U1-S1-PFAM-MG4-01,routine_procedural_numeric,,DOK 2,"Solve one-variable inequalities, represent solution sets on number lines, and interpret boundaries and constraints.",,Reason quantitatively / structure / check solutions,constructed-response,short-answer,instructional,90,,Unit 1 Assessment Plan; Algebra Overview course framework,Mastery family negative-inequality; display slot 17.
U1-S1-PS3-M10,SPIRAL,Algebra 1,1,1,Practice PS3,Practice,PS3-Q18,MASTERY,U1-MG01,,,,U1-S1-PFAM-MG1-02,routine_procedural_numeric,,DOK 2,"Compute with rational numbers and evaluate numerical or algebraic expressions accurately, using order of operations and substitution while checking reasonableness.",,Reason quantitatively / structure / check solutions,constructed-response,short-answer,instructional,90,,Unit 1 Assessment Plan; Algebra Overview course framework,Mastery family decimal-operation; display slot 18.
U1-S1-XP-I01,SPIRAL,Algebra 1,1,1,Practice XP,Practice,XP-Q01,INTRO,,,,,U1-S1-PFAM-I01,representation_shift,,DOK 2,"Students will connect tables, graphs, equations, and contexts that represent the same relationship.","I can construct a table, graph, equation, or context from another representation of the same relationship.",Connect representations / attend to precision,constructed-response,short-answer,instructional,75,,Unit 1 Assessment Plan; Algebra Overview course framework,Practice display slot 1; family position intentionally varies by form.
U1-S1-XP-I02,SPIRAL,Algebra 1,1,1,Practice XP,Practice,XP-Q02,INTRO,,,,,U1-S1-PFAM-I03,reasoning_shift,,DOK 2,"Students will connect tables, graphs, equations, and contexts that represent the same relationship.","I can determine whether two representations belong to the same relationship using evidence from values, rates, or patterns.",Connect representations / attend to precision,constructed-response,short-answer,instructional,75,,Unit 1 Assessment Plan; Algebra Overview course framework,Practice display slot 2; family position intentionally varies by form.
U1-S1-XP-I03,SPIRAL,Algebra 1,1,1,Practice XP,Practice,XP-Q03,INTRO,,,,,U1-S1-PFAM-I02,representation_shift,,DOK 2,"Students will connect tables, graphs, equations, and contexts that represent the same relationship.","I can use features in one representation to work with a related table, graph, equation, or context.",Connect representations / attend to precision,constructed-response,short-answer,instructional,75,,Unit 1 Assessment Plan; Algebra Overview course framework,Practice display slot 3; family position intentionally varies by form.
U1-S1-XP-I04,SPIRAL,Algebra 1,1,1,Practice XP,Practice,XP-Q04,INTRO,,,,,U1-S1-PFAM-I04,context_shift,,DOK 2,"Students will connect tables, graphs, equations, and contexts that represent the same relationship.","I can construct a table, graph, equation, or context from another representation of the same relationship.",Connect representations / attend to precision,constructed-response,short-answer,instructional,105,,Unit 1 Assessment Plan; Algebra Overview course framework,Practice display slot 4; family position intentionally varies by form.
U1-S1-XP-R01,SPIRAL,Algebra 1,1,1,Practice XP,Practice,XP-Q05,REVIEW,,,,,U1-S1-PFAM-R02,conceptual_reword,,DOK 1–2,"Interpret and create graphs on the coordinate plane while connecting points, axes, intercepts, and graphical information to mathematical situations.",,Retrieve readiness skill and connect to current work,constructed-response,short-answer,instructional,90,,Unit 1 Assessment Plan; Algebra Overview course framework,Practice display slot 5; review family position varies.
U1-S1-XP-R02,SPIRAL,Algebra 1,1,1,Practice XP,Practice,XP-Q06,REVIEW,,,,,U1-S1-PFAM-R03,context_shift,,DOK 1–2,"Interpret and create graphs on the coordinate plane while connecting points, axes, intercepts, and graphical information to mathematical situations.",,Retrieve readiness skill and connect to current work,constructed-response,short-answer,instructional,90,,Unit 1 Assessment Plan; Algebra Overview course framework,Practice display slot 6; review family position varies.
U1-S1-XP-R03,SPIRAL,Algebra 1,1,1,Practice XP,Practice,XP-Q07,REVIEW,,,,,U1-S1-PFAM-R04,routine_procedural_numeric,,DOK 1–2,"Interpret and create graphs on the coordinate plane while connecting points, axes, intercepts, and graphical information to mathematical situations.",,Retrieve readiness skill and connect to current work,constructed-response,short-answer,instructional,90,,Unit 1 Assessment Plan; Algebra Overview course framework,Practice display slot 7; review family position varies.
U1-S1-XP-R04,SPIRAL,Algebra 1,1,1,Practice XP,Practice,XP-Q08,REVIEW,,,,,U1-S1-PFAM-R01,routine_procedural_numeric,,DOK 1–2,"Interpret and create graphs on the coordinate plane while connecting points, axes, intercepts, and graphical information to mathematical situations.",,Retrieve readiness skill and connect to current work,constructed-response,short-answer,instructional,60,,Unit 1 Assessment Plan; Algebra Overview course framework,Practice display slot 8; review family position varies.
U1-S1-XP-M01,SPIRAL,Algebra 1,1,1,Practice XP,Practice,XP-Q09,MASTERY,U1-MG04,,,,U1-S1-PFAM-MG4-01,routine_procedural_numeric,,DOK 2,"Solve one-variable inequalities, represent solution sets on number lines, and interpret boundaries and constraints.",,Reason quantitatively / structure / check solutions,constructed-response,short-answer,instructional,90,,Unit 1 Assessment Plan; Algebra Overview course framework,Mastery family negative-inequality; display slot 9.
U1-S1-XP-M02,SPIRAL,Algebra 1,1,1,Practice XP,Practice,XP-Q10,MASTERY,U1-MG01,,,,U1-S1-PFAM-MG1-02,routine_procedural_numeric,,DOK 2,"Compute with rational numbers and evaluate numerical or algebraic expressions accurately, using order of operations and substitution while checking reasonableness.",,Reason quantitatively / structure / check solutions,constructed-response,short-answer,instructional,90,,Unit 1 Assessment Plan; Algebra Overview course framework,Mastery family decimal-operation; display slot 10.
U1-S1-XP-M03,SPIRAL,Algebra 1,1,1,Practice XP,Practice,XP-Q11,MASTERY,U1-MG03,,,,U1-S1-PFAM-MG3-03,mixed,,DOK 2,Solve one-variable equations with equivalent transformations and verify and interpret solutions.,,Reason quantitatively / structure / check solutions,constructed-response,short-answer,instructional,90,,Unit 1 Assessment Plan; Algebra Overview course framework,Mastery family context-equation; display slot 11.
U1-S1-XP-M04,SPIRAL,Algebra 1,1,1,Practice XP,Practice,XP-Q12,MASTERY,U1-MG03,,,,U1-S1-PFAM-MG3-04,routine_procedural_numeric,,DOK 2,Solve one-variable equations with equivalent transformations and verify and interpret solutions.,,Reason quantitatively / structure / check solutions,constructed-response,short-answer,instructional,90,,Unit 1 Assessment Plan; Algebra Overview course framework,Mastery family two-step-equation; display slot 12.
U1-S1-XP-M05,SPIRAL,Algebra 1,1,1,Practice XP,Practice,XP-Q13,MASTERY,U1-MG02,,,,U1-S1-PFAM-MG2-01,routine_procedural_numeric,,DOK 2,"Rewrite algebraic expressions into equivalent forms by using properties, structure, terms, factors, and the distributive property.",,Reason quantitatively / structure / check solutions,constructed-response,short-answer,instructional,90,,Unit 1 Assessment Plan; Algebra Overview course framework,Mastery family structure-combine; display slot 13.
U1-S1-XP-M06,SPIRAL,Algebra 1,1,1,Practice XP,Practice,XP-Q14,MASTERY,U1-MG01,,,,U1-S1-PFAM-MG1-02,routine_procedural_numeric,,DOK 2,"Compute with rational numbers and evaluate numerical or algebraic expressions accurately, using order of operations and substitution while checking reasonableness.",,Reason quantitatively / structure / check solutions,constructed-response,short-answer,instructional,90,,Unit 1 Assessment Plan; Algebra Overview course framework,Mastery family decimal-operation; display slot 14.
U1-S1-XP-M07,SPIRAL,Algebra 1,1,1,Practice XP,Practice,XP-Q15,MASTERY,U1-MG04,,,,U1-S1-PFAM-MG4-03,mixed,,DOK 2,"Solve one-variable inequalities, represent solution sets on number lines, and interpret boundaries and constraints.",,Reason quantitatively / structure / check solutions,constructed-response,short-answer,instructional,90,,Unit 1 Assessment Plan; Algebra Overview course framework,Mastery family context-constraint; display slot 15.
U1-S1-XP-M08,SPIRAL,Algebra 1,1,1,Practice XP,Practice,XP-Q16,MASTERY,U1-MG02,,,,U1-S1-PFAM-MG2-04,routine_procedural_numeric,,DOK 2,"Rewrite algebraic expressions into equivalent forms by using properties, structure, terms, factors, and the distributive property.",,Reason quantitatively / structure / check solutions,constructed-response,short-answer,instructional,90,,Unit 1 Assessment Plan; Algebra Overview course framework,Mastery family distribute-combine; display slot 16.
U1-S1-XP-M09,SPIRAL,Algebra 1,1,1,Practice XP,Practice,XP-Q17,MASTERY,U1-MG03,,,,U1-S1-PFAM-MG3-01,routine_procedural_numeric,,DOK 2,Solve one-variable equations with equivalent transformations and verify and interpret solutions.,,Reason quantitatively / structure / check solutions,constructed-response,short-answer,instructional,90,,Unit 1 Assessment Plan; Algebra Overview course framework,Mastery family factored-equation; display slot 17.
U1-S1-XP-M10,SPIRAL,Algebra 1,1,1,Practice XP,Practice,XP-Q18,MASTERY,U1-MG01,,,,U1-S1-PFAM-MG1-02,routine_procedural_numeric,,DOK 2,"Compute with rational numbers and evaluate numerical or algebraic expressions accurately, using order of operations and substitution while checking reasonableness.",,Reason quantitatively / structure / check solutions,constructed-response,short-answer,instructional,90,,Unit 1 Assessment Plan; Algebra Overview course framework,Mastery family decimal-operation; display slot 18.
U1-S2-PS1-I01,SPIRAL,Algebra 1,1,2,Practice PS1,Practice,PS1-Q01,INTRO,,,,,U1-S2-PFAM-I03,conceptual_reword,,DOK 2,Students will interpret functions as rules that connect inputs and outputs without relying on formal domain and range language.,I can assess whether a rule gives one output for each input in a situation.,Connect representations / attend to precision,constructed-response,short-answer,instructional,75,,Unit 1 Assessment Plan; Algebra Overview course framework,Practice display slot 1; family position intentionally varies by form.
U1-S2-PS1-I02,SPIRAL,Algebra 1,1,2,Practice PS1,Practice,PS1-Q02,INTRO,,,,,U1-S2-PFAM-I02,representation_shift,,DOK 2,Students will interpret functions as rules that connect inputs and outputs without relying on formal domain and range language.,I can apply an input-output rule to generate missing values and ordered pairs.,Connect representations / attend to precision,constructed-response,short-answer,instructional,75,,Unit 1 Assessment Plan; Algebra Overview course framework,Practice display slot 2; family position intentionally varies by form.
U1-S2-PS1-I03,SPIRAL,Algebra 1,1,2,Practice PS1,Practice,PS1-Q03,INTRO,,,,,U1-S2-PFAM-I04,context_shift,,DOK 2,Students will interpret functions as rules that connect inputs and outputs without relying on formal domain and range language.,"I can formulate a rule that connects inputs to outputs in a table, graph, equation, or context.",Connect representations / attend to precision,constructed-response,short-answer,instructional,105,,Unit 1 Assessment Plan; Algebra Overview course framework,Practice display slot 3; family position intentionally varies by form.
U1-S2-PS1-I04,SPIRAL,Algebra 1,1,2,Practice PS1,Practice,PS1-Q04,INTRO,,,,,U1-S2-PFAM-I01,routine_procedural_numeric,,DOK 2,Students will interpret functions as rules that connect inputs and outputs without relying on formal domain and range language.,"I can formulate a rule that connects inputs to outputs in a table, graph, equation, or context.",Connect representations / attend to precision,constructed-response,short-answer,instructional,75,,Unit 1 Assessment Plan; Algebra Overview course framework,Practice display slot 4; family position intentionally varies by form.
U1-S2-PS1-R01,SPIRAL,Algebra 1,1,2,Practice PS1,Practice,PS1-Q05,REVIEW,,,,,U1-S2-PFAM-R02,representation_shift,,DOK 1–2,"Identify patterns and represent relationships using input-output rules, tables, words, and symbols.",,Retrieve readiness skill and connect to current work,constructed-response,short-answer,instructional,60,,Unit 1 Assessment Plan; Algebra Overview course framework,Practice display slot 5; review family position varies.
U1-S2-PS1-R02,SPIRAL,Algebra 1,1,2,Practice PS1,Practice,PS1-Q06,REVIEW,,,,,U1-S2-PFAM-R01,routine_procedural_numeric,,DOK 1–2,"Identify patterns and represent relationships using input-output rules, tables, words, and symbols.",,Retrieve readiness skill and connect to current work,constructed-response,short-answer,instructional,60,,Unit 1 Assessment Plan; Algebra Overview course framework,Practice display slot 6; review family position varies.
U1-S2-PS1-R03,SPIRAL,Algebra 1,1,2,Practice PS1,Practice,PS1-Q07,REVIEW,,,,,U1-S2-PFAM-R04,representation_shift,,DOK 1–2,"Identify patterns and represent relationships using input-output rules, tables, words, and symbols.",,Retrieve readiness skill and connect to current work,constructed-response,short-answer,instructional,60,,Unit 1 Assessment Plan; Algebra Overview course framework,Practice display slot 7; review family position varies.
U1-S2-PS1-R04,SPIRAL,Algebra 1,1,2,Practice PS1,Practice,PS1-Q08,REVIEW,,,,,U1-S2-PFAM-R03,routine_procedural_numeric,,DOK 1–2,"Identify patterns and represent relationships using input-output rules, tables, words, and symbols.",,Retrieve readiness skill and connect to current work,constructed-response,short-answer,instructional,60,,Unit 1 Assessment Plan; Algebra Overview course framework,Practice display slot 8; review family position varies.
U1-S2-PS1-M01,SPIRAL,Algebra 1,1,2,Practice PS1,Practice,PS1-Q09,MASTERY,U1-MG03,,,,U1-S2-PFAM-MG3-01,routine_procedural_numeric,,DOK 2,Solve one-variable equations with equivalent transformations and verify and interpret solutions.,,Reason quantitatively / structure / check solutions,constructed-response,short-answer,instructional,90,,Unit 1 Assessment Plan; Algebra Overview course framework,Mastery family factored-equation; display slot 9.
U1-S2-PS1-M02,SPIRAL,Algebra 1,1,2,Practice PS1,Practice,PS1-Q10,MASTERY,U1-MG02,,,,U1-S2-PFAM-MG2-02,routine_procedural_numeric,,DOK 2,"Rewrite algebraic expressions into equivalent forms by using properties, structure, terms, factors, and the distributive property.",,Reason quantitatively / structure / check solutions,constructed-response,short-answer,instructional,90,,Unit 1 Assessment Plan; Algebra Overview course framework,Mastery family factor-structure; display slot 10.
U1-S2-PS1-M03,SPIRAL,Algebra 1,1,2,Practice PS1,Practice,PS1-Q11,MASTERY,U1-MG04,,,,U1-S2-PFAM-MG4-03,mixed,,DOK 2,"Solve one-variable inequalities, represent solution sets on number lines, and interpret boundaries and constraints.",,Reason quantitatively / structure / check solutions,constructed-response,short-answer,instructional,120,,Unit 1 Assessment Plan; Algebra Overview course framework,Mastery family context-constraint; display slot 11.
U1-S2-PS1-M04,SPIRAL,Algebra 1,1,2,Practice PS1,Practice,PS1-Q12,MASTERY,U1-MG01,,,,U1-S2-PFAM-MG1-04,routine_procedural_numeric,,DOK 1–2,"Compute with rational numbers and evaluate numerical or algebraic expressions accurately, using order of operations and substitution while checking reasonableness.",,Reason quantitatively / structure / check solutions,constructed-response,short-answer,instructional,90,,Unit 1 Assessment Plan; Algebra Overview course framework,Mastery family integer-order; display slot 12.
U1-S2-PS1-M05,SPIRAL,Algebra 1,1,2,Practice PS1,Practice,PS1-Q13,MASTERY,U1-MG01,,,,U1-S2-PFAM-MG1-01,routine_procedural_numeric,,DOK 1–2,"Compute with rational numbers and evaluate numerical or algebraic expressions accurately, using order of operations and substitution while checking reasonableness.",,Reason quantitatively / structure / check solutions,constructed-response,short-answer,instructional,90,,Unit 1 Assessment Plan; Algebra Overview course framework,Mastery family fraction-operation; display slot 13.
U1-S2-PS1-M06,SPIRAL,Algebra 1,1,2,Practice PS1,Practice,PS1-Q14,MASTERY,U1-MG02,,,,U1-S2-PFAM-MG2-02,routine_procedural_numeric,,DOK 2,"Rewrite algebraic expressions into equivalent forms by using properties, structure, terms, factors, and the distributive property.",,Reason quantitatively / structure / check solutions,constructed-response,short-answer,instructional,90,,Unit 1 Assessment Plan; Algebra Overview course framework,Mastery family factor-structure; display slot 14.
U1-S2-PS1-M07,SPIRAL,Algebra 1,1,2,Practice PS1,Practice,PS1-Q15,MASTERY,U1-MG01,,,,U1-S2-PFAM-MG1-03,routine_procedural_numeric,,DOK 2,"Compute with rational numbers and evaluate numerical or algebraic expressions accurately, using order of operations and substitution while checking reasonableness.",,Reason quantitatively / structure / check solutions,constructed-response,short-answer,instructional,90,,Unit 1 Assessment Plan; Algebra Overview course framework,Mastery family substitution; display slot 15.
U1-S2-PS1-M08,SPIRAL,Algebra 1,1,2,Practice PS1,Practice,PS1-Q16,MASTERY,U1-MG04,,,,U1-S2-PFAM-MG4-04,routine_procedural_numeric,,DOK 2,"Solve one-variable inequalities, represent solution sets on number lines, and interpret boundaries and constraints.",,Reason quantitatively / structure / check solutions,constructed-response,short-answer,instructional,90,,Unit 1 Assessment Plan; Algebra Overview course framework,Mastery family positive-inequality; display slot 16.
U1-S2-PS1-M09,SPIRAL,Algebra 1,1,2,Practice PS1,Practice,PS1-Q17,MASTERY,U1-MG03,,,,U1-S2-PFAM-MG3-01,routine_procedural_numeric,,DOK 2,Solve one-variable equations with equivalent transformations and verify and interpret solutions.,,Reason quantitatively / structure / check solutions,constructed-response,short-answer,instructional,90,,Unit 1 Assessment Plan; Algebra Overview course framework,Mastery family factored-equation; display slot 17.
U1-S2-PS1-M10,SPIRAL,Algebra 1,1,2,Practice PS1,Practice,PS1-Q18,MASTERY,U1-MG03,,,,U1-S2-PFAM-MG3-02,routine_procedural_numeric,,DOK 2,Solve one-variable equations with equivalent transformations and verify and interpret solutions.,,Reason quantitatively / structure / check solutions,constructed-response,short-answer,instructional,90,,Unit 1 Assessment Plan; Algebra Overview course framework,Mastery family variables-both-sides; display slot 18.
U1-S2-PS2-I01,SPIRAL,Algebra 1,1,2,Practice PS2,Practice,PS2-Q01,INTRO,,,,,U1-S2-PFAM-I01,routine_procedural_numeric,,DOK 2,Students will interpret functions as rules that connect inputs and outputs without relying on formal domain and range language.,"I can formulate a rule that connects inputs to outputs in a table, graph, equation, or context.",Connect representations / attend to precision,constructed-response,short-answer,instructional,75,,Unit 1 Assessment Plan; Algebra Overview course framework,Practice display slot 1; family position intentionally varies by form.
U1-S2-PS2-I02,SPIRAL,Algebra 1,1,2,Practice PS2,Practice,PS2-Q02,INTRO,,,,,U1-S2-PFAM-I03,conceptual_reword,,DOK 2,Students will interpret functions as rules that connect inputs and outputs without relying on formal domain and range language.,I can assess whether a rule gives one output for each input in a situation.,Connect representations / attend to precision,constructed-response,short-answer,instructional,75,,Unit 1 Assessment Plan; Algebra Overview course framework,Practice display slot 2; family position intentionally varies by form.
U1-S2-PS2-I03,SPIRAL,Algebra 1,1,2,Practice PS2,Practice,PS2-Q03,INTRO,,,,,U1-S2-PFAM-I04,context_shift,,DOK 2,Students will interpret functions as rules that connect inputs and outputs without relying on formal domain and range language.,"I can formulate a rule that connects inputs to outputs in a table, graph, equation, or context.",Connect representations / attend to precision,constructed-response,short-answer,instructional,105,,Unit 1 Assessment Plan; Algebra Overview course framework,Practice display slot 3; family position intentionally varies by form.
U1-S2-PS2-I04,SPIRAL,Algebra 1,1,2,Practice PS2,Practice,PS2-Q04,INTRO,,,,,U1-S2-PFAM-I02,representation_shift,,DOK 2,Students will interpret functions as rules that connect inputs and outputs without relying on formal domain and range language.,I can apply an input-output rule to generate missing values and ordered pairs.,Connect representations / attend to precision,constructed-response,short-answer,instructional,75,,Unit 1 Assessment Plan; Algebra Overview course framework,Practice display slot 4; family position intentionally varies by form.
U1-S2-PS2-R01,SPIRAL,Algebra 1,1,2,Practice PS2,Practice,PS2-Q05,REVIEW,,,,,U1-S2-PFAM-R03,routine_procedural_numeric,,DOK 1–2,"Identify patterns and represent relationships using input-output rules, tables, words, and symbols.",,Retrieve readiness skill and connect to current work,constructed-response,short-answer,instructional,60,,Unit 1 Assessment Plan; Algebra Overview course framework,Practice display slot 5; review family position varies.
U1-S2-PS2-R02,SPIRAL,Algebra 1,1,2,Practice PS2,Practice,PS2-Q06,REVIEW,,,,,U1-S2-PFAM-R02,representation_shift,,DOK 1–2,"Identify patterns and represent relationships using input-output rules, tables, words, and symbols.",,Retrieve readiness skill and connect to current work,constructed-response,short-answer,instructional,60,,Unit 1 Assessment Plan; Algebra Overview course framework,Practice display slot 6; review family position varies.
U1-S2-PS2-R03,SPIRAL,Algebra 1,1,2,Practice PS2,Practice,PS2-Q07,REVIEW,,,,,U1-S2-PFAM-R01,routine_procedural_numeric,,DOK 1–2,"Identify patterns and represent relationships using input-output rules, tables, words, and symbols.",,Retrieve readiness skill and connect to current work,constructed-response,short-answer,instructional,60,,Unit 1 Assessment Plan; Algebra Overview course framework,Practice display slot 7; review family position varies.
U1-S2-PS2-R04,SPIRAL,Algebra 1,1,2,Practice PS2,Practice,PS2-Q08,REVIEW,,,,,U1-S2-PFAM-R04,representation_shift,,DOK 1–2,"Identify patterns and represent relationships using input-output rules, tables, words, and symbols.",,Retrieve readiness skill and connect to current work,constructed-response,short-answer,instructional,90,,Unit 1 Assessment Plan; Algebra Overview course framework,Practice display slot 8; review family position varies.
U1-S2-PS2-M01,SPIRAL,Algebra 1,1,2,Practice PS2,Practice,PS2-Q09,MASTERY,U1-MG04,,,,U1-S2-PFAM-MG4-01,routine_procedural_numeric,,DOK 2,"Solve one-variable inequalities, represent solution sets on number lines, and interpret boundaries and constraints.",,Reason quantitatively / structure / check solutions,constructed-response,short-answer,instructional,90,,Unit 1 Assessment Plan; Algebra Overview course framework,Mastery family negative-inequality; display slot 9.
U1-S2-PS2-M02,SPIRAL,Algebra 1,1,2,Practice PS2,Practice,PS2-Q10,MASTERY,U1-MG01,,,,U1-S2-PFAM-MG1-02,routine_procedural_numeric,,DOK 2,"Compute with rational numbers and evaluate numerical or algebraic expressions accurately, using order of operations and substitution while checking reasonableness.",,Reason quantitatively / structure / check solutions,constructed-response,short-answer,instructional,90,,Unit 1 Assessment Plan; Algebra Overview course framework,Mastery family decimal-operation; display slot 10.
U1-S2-PS2-M03,SPIRAL,Algebra 1,1,2,Practice PS2,Practice,PS2-Q11,MASTERY,U1-MG03,,,,U1-S2-PFAM-MG3-03,mixed,,DOK 2,Solve one-variable equations with equivalent transformations and verify and interpret solutions.,,Reason quantitatively / structure / check solutions,constructed-response,short-answer,instructional,90,,Unit 1 Assessment Plan; Algebra Overview course framework,Mastery family context-equation; display slot 11.
U1-S2-PS2-M04,SPIRAL,Algebra 1,1,2,Practice PS2,Practice,PS2-Q12,MASTERY,U1-MG03,,,,U1-S2-PFAM-MG3-04,routine_procedural_numeric,,DOK 2,Solve one-variable equations with equivalent transformations and verify and interpret solutions.,,Reason quantitatively / structure / check solutions,constructed-response,short-answer,instructional,90,,Unit 1 Assessment Plan; Algebra Overview course framework,Mastery family two-step-equation; display slot 12.
U1-S2-PS2-M05,SPIRAL,Algebra 1,1,2,Practice PS2,Practice,PS2-Q13,MASTERY,U1-MG02,,,,U1-S2-PFAM-MG2-01,routine_procedural_numeric,,DOK 2,"Rewrite algebraic expressions into equivalent forms by using properties, structure, terms, factors, and the distributive property.",,Reason quantitatively / structure / check solutions,constructed-response,short-answer,instructional,90,,Unit 1 Assessment Plan; Algebra Overview course framework,Mastery family structure-combine; display slot 13.
U1-S2-PS2-M06,SPIRAL,Algebra 1,1,2,Practice PS2,Practice,PS2-Q14,MASTERY,U1-MG03,,,,U1-S2-PFAM-MG3-02,routine_procedural_numeric,,DOK 2,Solve one-variable equations with equivalent transformations and verify and interpret solutions.,,Reason quantitatively / structure / check solutions,constructed-response,short-answer,instructional,90,,Unit 1 Assessment Plan; Algebra Overview course framework,Mastery family variables-both-sides; display slot 14.
U1-S2-PS2-M07,SPIRAL,Algebra 1,1,2,Practice PS2,Practice,PS2-Q15,MASTERY,U1-MG01,,,,U1-S2-PFAM-MG1-03,routine_procedural_numeric,,DOK 2,"Compute with rational numbers and evaluate numerical or algebraic expressions accurately, using order of operations and substitution while checking reasonableness.",,Reason quantitatively / structure / check solutions,constructed-response,short-answer,instructional,90,,Unit 1 Assessment Plan; Algebra Overview course framework,Mastery family substitution; display slot 15.
U1-S2-PS2-M08,SPIRAL,Algebra 1,1,2,Practice PS2,Practice,PS2-Q16,MASTERY,U1-MG02,,,,U1-S2-PFAM-MG2-04,routine_procedural_numeric,,DOK 2,"Rewrite algebraic expressions into equivalent forms by using properties, structure, terms, factors, and the distributive property.",,Reason quantitatively / structure / check solutions,constructed-response,short-answer,instructional,90,,Unit 1 Assessment Plan; Algebra Overview course framework,Mastery family distribute-combine; display slot 16.
U1-S2-PS2-M09,SPIRAL,Algebra 1,1,2,Practice PS2,Practice,PS2-Q17,MASTERY,U1-MG01,,,,U1-S2-PFAM-MG1-01,routine_procedural_numeric,,DOK 1–2,"Compute with rational numbers and evaluate numerical or algebraic expressions accurately, using order of operations and substitution while checking reasonableness.",,Reason quantitatively / structure / check solutions,constructed-response,short-answer,instructional,90,,Unit 1 Assessment Plan; Algebra Overview course framework,Mastery family fraction-operation; display slot 17.
U1-S2-PS2-M10,SPIRAL,Algebra 1,1,2,Practice PS2,Practice,PS2-Q18,MASTERY,U1-MG04,,,,U1-S2-PFAM-MG4-02,mixed,,DOK 2,"Solve one-variable inequalities, represent solution sets on number lines, and interpret boundaries and constraints.",,Reason quantitatively / structure / check solutions,constructed-response,short-answer,instructional,90,,Unit 1 Assessment Plan; Algebra Overview course framework,Mastery family number-line-interpret; display slot 18.
U1-S2-PS3-I01,SPIRAL,Algebra 1,1,2,Practice PS3,Practice,PS3-Q01,INTRO,,,,,U1-S2-PFAM-I01,routine_procedural_numeric,,DOK 2,Students will interpret functions as rules that connect inputs and outputs without relying on formal domain and range language.,"I can formulate a rule that connects inputs to outputs in a table, graph, equation, or context.",Connect representations / attend to precision,constructed-response,short-answer,instructional,75,,Unit 1 Assessment Plan; Algebra Overview course framework,Practice display slot 1; family position intentionally varies by form.
U1-S2-PS3-I02,SPIRAL,Algebra 1,1,2,Practice PS3,Practice,PS3-Q02,INTRO,,,,,U1-S2-PFAM-I04,context_shift,,DOK 2,Students will interpret functions as rules that connect inputs and outputs without relying on formal domain and range language.,"I can formulate a rule that connects inputs to outputs in a table, graph, equation, or context.",Connect representations / attend to precision,constructed-response,short-answer,instructional,105,,Unit 1 Assessment Plan; Algebra Overview course framework,Practice display slot 2; family position intentionally varies by form.
U1-S2-PS3-I03,SPIRAL,Algebra 1,1,2,Practice PS3,Practice,PS3-Q03,INTRO,,,,,U1-S2-PFAM-I03,conceptual_reword,,DOK 2,Students will interpret functions as rules that connect inputs and outputs without relying on formal domain and range language.,I can assess whether a rule gives one output for each input in a situation.,Connect representations / attend to precision,constructed-response,short-answer,instructional,75,,Unit 1 Assessment Plan; Algebra Overview course framework,Practice display slot 3; family position intentionally varies by form.
U1-S2-PS3-I04,SPIRAL,Algebra 1,1,2,Practice PS3,Practice,PS3-Q04,INTRO,,,,,U1-S2-PFAM-I02,representation_shift,,DOK 2,Students will interpret functions as rules that connect inputs and outputs without relying on formal domain and range language.,I can apply an input-output rule to generate missing values and ordered pairs.,Connect representations / attend to precision,constructed-response,short-answer,instructional,75,,Unit 1 Assessment Plan; Algebra Overview course framework,Practice display slot 4; family position intentionally varies by form.
U1-S2-PS3-R01,SPIRAL,Algebra 1,1,2,Practice PS3,Practice,PS3-Q05,REVIEW,,,,,U1-S2-PFAM-R01,routine_procedural_numeric,,DOK 1–2,"Identify patterns and represent relationships using input-output rules, tables, words, and symbols.",,Retrieve readiness skill and connect to current work,constructed-response,short-answer,instructional,60,,Unit 1 Assessment Plan; Algebra Overview course framework,Practice display slot 5; review family position varies.
U1-S2-PS3-R02,SPIRAL,Algebra 1,1,2,Practice PS3,Practice,PS3-Q06,REVIEW,,,,,U1-S2-PFAM-R02,representation_shift,,DOK 1–2,"Identify patterns and represent relationships using input-output rules, tables, words, and symbols.",,Retrieve readiness skill and connect to current work,constructed-response,short-answer,instructional,60,,Unit 1 Assessment Plan; Algebra Overview course framework,Practice display slot 6; review family position varies.
U1-S2-PS3-R03,SPIRAL,Algebra 1,1,2,Practice PS3,Practice,PS3-Q07,REVIEW,,,,,U1-S2-PFAM-R04,representation_shift,,DOK 1–2,"Identify patterns and represent relationships using input-output rules, tables, words, and symbols.",,Retrieve readiness skill and connect to current work,constructed-response,short-answer,instructional,90,,Unit 1 Assessment Plan; Algebra Overview course framework,Practice display slot 7; review family position varies.
U1-S2-PS3-R04,SPIRAL,Algebra 1,1,2,Practice PS3,Practice,PS3-Q08,REVIEW,,,,,U1-S2-PFAM-R03,routine_procedural_numeric,,DOK 1–2,"Identify patterns and represent relationships using input-output rules, tables, words, and symbols.",,Retrieve readiness skill and connect to current work,constructed-response,short-answer,instructional,90,,Unit 1 Assessment Plan; Algebra Overview course framework,Practice display slot 8; review family position varies.
U1-S2-PS3-M01,SPIRAL,Algebra 1,1,2,Practice PS3,Practice,PS3-Q09,MASTERY,U1-MG01,,,,U1-S2-PFAM-MG1-01,routine_procedural_numeric,,DOK 1–2,"Compute with rational numbers and evaluate numerical or algebraic expressions accurately, using order of operations and substitution while checking reasonableness.",,Reason quantitatively / structure / check solutions,constructed-response,short-answer,instructional,90,,Unit 1 Assessment Plan; Algebra Overview course framework,Mastery family fraction-operation; display slot 9.
U1-S2-PS3-M02,SPIRAL,Algebra 1,1,2,Practice PS3,Practice,PS3-Q10,MASTERY,U1-MG04,,,,U1-S2-PFAM-MG4-02,mixed,,DOK 2,"Solve one-variable inequalities, represent solution sets on number lines, and interpret boundaries and constraints.",,Reason quantitatively / structure / check solutions,constructed-response,short-answer,instructional,90,,Unit 1 Assessment Plan; Algebra Overview course framework,Mastery family number-line-interpret; display slot 10.
U1-S2-PS3-M03,SPIRAL,Algebra 1,1,2,Practice PS3,Practice,PS3-Q11,MASTERY,U1-MG01,,,,U1-S2-PFAM-MG1-03,routine_procedural_numeric,,DOK 2,"Compute with rational numbers and evaluate numerical or algebraic expressions accurately, using order of operations and substitution while checking reasonableness.",,Reason quantitatively / structure / check solutions,constructed-response,short-answer,instructional,90,,Unit 1 Assessment Plan; Algebra Overview course framework,Mastery family substitution; display slot 11.
U1-S2-PS3-M04,SPIRAL,Algebra 1,1,2,Practice PS3,Practice,PS3-Q12,MASTERY,U1-MG02,,,,U1-S2-PFAM-MG2-04,routine_procedural_numeric,,DOK 2,"Rewrite algebraic expressions into equivalent forms by using properties, structure, terms, factors, and the distributive property.",,Reason quantitatively / structure / check solutions,constructed-response,short-answer,instructional,90,,Unit 1 Assessment Plan; Algebra Overview course framework,Mastery family distribute-combine; display slot 12.
U1-S2-PS3-M05,SPIRAL,Algebra 1,1,2,Practice PS3,Practice,PS3-Q13,MASTERY,U1-MG03,,,,U1-S2-PFAM-MG3-01,routine_procedural_numeric,,DOK 2,Solve one-variable equations with equivalent transformations and verify and interpret solutions.,,Reason quantitatively / structure / check solutions,constructed-response,short-answer,instructional,90,,Unit 1 Assessment Plan; Algebra Overview course framework,Mastery family factored-equation; display slot 13.
U1-S2-PS3-M06,SPIRAL,Algebra 1,1,2,Practice PS3,Practice,PS3-Q14,MASTERY,U1-MG03,,,,U1-S2-PFAM-MG3-02,routine_procedural_numeric,,DOK 2,Solve one-variable equations with equivalent transformations and verify and interpret solutions.,,Reason quantitatively / structure / check solutions,constructed-response,short-answer,instructional,90,,Unit 1 Assessment Plan; Algebra Overview course framework,Mastery family variables-both-sides; display slot 14.
U1-S2-PS3-M07,SPIRAL,Algebra 1,1,2,Practice PS3,Practice,PS3-Q15,MASTERY,U1-MG03,,,,U1-S2-PFAM-MG3-03,mixed,,DOK 2,Solve one-variable equations with equivalent transformations and verify and interpret solutions.,,Reason quantitatively / structure / check solutions,constructed-response,short-answer,instructional,90,,Unit 1 Assessment Plan; Algebra Overview course framework,Mastery family context-equation; display slot 15.
U1-S2-PS3-M08,SPIRAL,Algebra 1,1,2,Practice PS3,Practice,PS3-Q16,MASTERY,U1-MG04,,,,U1-S2-PFAM-MG4-04,routine_procedural_numeric,,DOK 2,"Solve one-variable inequalities, represent solution sets on number lines, and interpret boundaries and constraints.",,Reason quantitatively / structure / check solutions,constructed-response,short-answer,instructional,90,,Unit 1 Assessment Plan; Algebra Overview course framework,Mastery family positive-inequality; display slot 16.
U1-S2-PS3-M09,SPIRAL,Algebra 1,1,2,Practice PS3,Practice,PS3-Q17,MASTERY,U1-MG02,,,,U1-S2-PFAM-MG2-01,routine_procedural_numeric,,DOK 2,"Rewrite algebraic expressions into equivalent forms by using properties, structure, terms, factors, and the distributive property.",,Reason quantitatively / structure / check solutions,constructed-response,short-answer,instructional,90,,Unit 1 Assessment Plan; Algebra Overview course framework,Mastery family structure-combine; display slot 17.
U1-S2-PS3-M10,SPIRAL,Algebra 1,1,2,Practice PS3,Practice,PS3-Q18,MASTERY,U1-MG01,,,,U1-S2-PFAM-MG1-02,routine_procedural_numeric,,DOK 2,"Compute with rational numbers and evaluate numerical or algebraic expressions accurately, using order of operations and substitution while checking reasonableness.",,Reason quantitatively / structure / check solutions,constructed-response,short-answer,instructional,90,,Unit 1 Assessment Plan; Algebra Overview course framework,Mastery family decimal-operation; display slot 18.
U1-S2-XP-I01,SPIRAL,Algebra 1,1,2,Practice XP,Practice,XP-Q01,INTRO,,,,,U1-S2-PFAM-I02,representation_shift,,DOK 2,Students will interpret functions as rules that connect inputs and outputs without relying on formal domain and range language.,I can apply an input-output rule to generate missing values and ordered pairs.,Connect representations / attend to precision,constructed-response,short-answer,instructional,75,,Unit 1 Assessment Plan; Algebra Overview course framework,Practice display slot 1; family position intentionally varies by form.
U1-S2-XP-I02,SPIRAL,Algebra 1,1,2,Practice XP,Practice,XP-Q02,INTRO,,,,,U1-S2-PFAM-I04,context_shift,,DOK 2,Students will interpret functions as rules that connect inputs and outputs without relying on formal domain and range language.,"I can formulate a rule that connects inputs to outputs in a table, graph, equation, or context.",Connect representations / attend to precision,constructed-response,short-answer,instructional,105,,Unit 1 Assessment Plan; Algebra Overview course framework,Practice display slot 2; family position intentionally varies by form.
U1-S2-XP-I03,SPIRAL,Algebra 1,1,2,Practice XP,Practice,XP-Q03,INTRO,,,,,U1-S2-PFAM-I01,routine_procedural_numeric,,DOK 2,Students will interpret functions as rules that connect inputs and outputs without relying on formal domain and range language.,"I can formulate a rule that connects inputs to outputs in a table, graph, equation, or context.",Connect representations / attend to precision,constructed-response,short-answer,instructional,75,,Unit 1 Assessment Plan; Algebra Overview course framework,Practice display slot 3; family position intentionally varies by form.
U1-S2-XP-I04,SPIRAL,Algebra 1,1,2,Practice XP,Practice,XP-Q04,INTRO,,,,,U1-S2-PFAM-I03,conceptual_reword,,DOK 2,Students will interpret functions as rules that connect inputs and outputs without relying on formal domain and range language.,I can assess whether a rule gives one output for each input in a situation.,Connect representations / attend to precision,constructed-response,short-answer,instructional,105,,Unit 1 Assessment Plan; Algebra Overview course framework,Practice display slot 4; family position intentionally varies by form.
U1-S2-XP-R01,SPIRAL,Algebra 1,1,2,Practice XP,Practice,XP-Q05,REVIEW,,,,,U1-S2-PFAM-R03,routine_procedural_numeric,,DOK 1–2,"Identify patterns and represent relationships using input-output rules, tables, words, and symbols.",,Retrieve readiness skill and connect to current work,constructed-response,short-answer,instructional,60,,Unit 1 Assessment Plan; Algebra Overview course framework,Practice display slot 5; review family position varies.
U1-S2-XP-R02,SPIRAL,Algebra 1,1,2,Practice XP,Practice,XP-Q06,REVIEW,,,,,U1-S2-PFAM-R04,representation_shift,,DOK 1–2,"Identify patterns and represent relationships using input-output rules, tables, words, and symbols.",,Retrieve readiness skill and connect to current work,constructed-response,short-answer,instructional,90,,Unit 1 Assessment Plan; Algebra Overview course framework,Practice display slot 6; review family position varies.
U1-S2-XP-R03,SPIRAL,Algebra 1,1,2,Practice XP,Practice,XP-Q07,REVIEW,,,,,U1-S2-PFAM-R01,routine_procedural_numeric,,DOK 1–2,"Identify patterns and represent relationships using input-output rules, tables, words, and symbols.",,Retrieve readiness skill and connect to current work,constructed-response,short-answer,instructional,60,,Unit 1 Assessment Plan; Algebra Overview course framework,Practice display slot 7; review family position varies.
U1-S2-XP-R04,SPIRAL,Algebra 1,1,2,Practice XP,Practice,XP-Q08,REVIEW,,,,,U1-S2-PFAM-R02,representation_shift,,DOK 1–2,"Identify patterns and represent relationships using input-output rules, tables, words, and symbols.",,Retrieve readiness skill and connect to current work,constructed-response,short-answer,instructional,60,,Unit 1 Assessment Plan; Algebra Overview course framework,Practice display slot 8; review family position varies.
U1-S2-XP-M01,SPIRAL,Algebra 1,1,2,Practice XP,Practice,XP-Q09,MASTERY,U1-MG03,,,,U1-S2-PFAM-MG3-01,routine_procedural_numeric,,DOK 2,Solve one-variable equations with equivalent transformations and verify and interpret solutions.,,Reason quantitatively / structure / check solutions,constructed-response,short-answer,instructional,90,,Unit 1 Assessment Plan; Algebra Overview course framework,Mastery family factored-equation; display slot 9.
U1-S2-XP-M02,SPIRAL,Algebra 1,1,2,Practice XP,Practice,XP-Q10,MASTERY,U1-MG04,,,,U1-S2-PFAM-MG4-02,mixed,,DOK 2,"Solve one-variable inequalities, represent solution sets on number lines, and interpret boundaries and constraints.",,Reason quantitatively / structure / check solutions,constructed-response,short-answer,instructional,90,,Unit 1 Assessment Plan; Algebra Overview course framework,Mastery family number-line-interpret; display slot 10.
U1-S2-XP-M03,SPIRAL,Algebra 1,1,2,Practice XP,Practice,XP-Q11,MASTERY,U1-MG03,,,,U1-S2-PFAM-MG3-03,mixed,,DOK 2,Solve one-variable equations with equivalent transformations and verify and interpret solutions.,,Reason quantitatively / structure / check solutions,constructed-response,short-answer,instructional,120,,Unit 1 Assessment Plan; Algebra Overview course framework,Mastery family context-equation; display slot 11.
U1-S2-XP-M04,SPIRAL,Algebra 1,1,2,Practice XP,Practice,XP-Q12,MASTERY,U1-MG01,,,,U1-S2-PFAM-MG1-04,routine_procedural_numeric,,DOK 1–2,"Compute with rational numbers and evaluate numerical or algebraic expressions accurately, using order of operations and substitution while checking reasonableness.",,Reason quantitatively / structure / check solutions,constructed-response,short-answer,instructional,90,,Unit 1 Assessment Plan; Algebra Overview course framework,Mastery family integer-order; display slot 12.
U1-S2-XP-M05,SPIRAL,Algebra 1,1,2,Practice XP,Practice,XP-Q13,MASTERY,U1-MG04,,,,U1-S2-PFAM-MG4-01,routine_procedural_numeric,,DOK 2,"Solve one-variable inequalities, represent solution sets on number lines, and interpret boundaries and constraints.",,Reason quantitatively / structure / check solutions,constructed-response,short-answer,instructional,90,,Unit 1 Assessment Plan; Algebra Overview course framework,Mastery family negative-inequality; display slot 13.
U1-S2-XP-M06,SPIRAL,Algebra 1,1,2,Practice XP,Practice,XP-Q14,MASTERY,U1-MG02,,,,U1-S2-PFAM-MG2-02,routine_procedural_numeric,,DOK 2,"Rewrite algebraic expressions into equivalent forms by using properties, structure, terms, factors, and the distributive property.",,Reason quantitatively / structure / check solutions,constructed-response,short-answer,instructional,120,,Unit 1 Assessment Plan; Algebra Overview course framework,Mastery family factor-structure; display slot 14.
U1-S2-XP-M07,SPIRAL,Algebra 1,1,2,Practice XP,Practice,XP-Q15,MASTERY,U1-MG02,,,,U1-S2-PFAM-MG2-03,mixed,,DOK 2–3,"Rewrite algebraic expressions into equivalent forms by using properties, structure, terms, factors, and the distributive property.",,Reason quantitatively / structure / check solutions,constructed-response,short-answer,instructional,90,,Unit 1 Assessment Plan; Algebra Overview course framework,Mastery family equivalence-justify; display slot 15.
U1-S2-XP-M08,SPIRAL,Algebra 1,1,2,Practice XP,Practice,XP-Q16,MASTERY,U1-MG01,,,,U1-S2-PFAM-MG1-04,routine_procedural_numeric,,DOK 1–2,"Compute with rational numbers and evaluate numerical or algebraic expressions accurately, using order of operations and substitution while checking reasonableness.",,Reason quantitatively / structure / check solutions,constructed-response,short-answer,instructional,90,,Unit 1 Assessment Plan; Algebra Overview course framework,Mastery family integer-order; display slot 16.
U1-S2-XP-M09,SPIRAL,Algebra 1,1,2,Practice XP,Practice,XP-Q17,MASTERY,U1-MG03,,,,U1-S2-PFAM-MG3-01,routine_procedural_numeric,,DOK 2,Solve one-variable equations with equivalent transformations and verify and interpret solutions.,,Reason quantitatively / structure / check solutions,constructed-response,short-answer,instructional,90,,Unit 1 Assessment Plan; Algebra Overview course framework,Mastery family factored-equation; display slot 17.
U1-S2-XP-M10,SPIRAL,Algebra 1,1,2,Practice XP,Practice,XP-Q18,MASTERY,U1-MG01,,,,U1-S2-PFAM-MG1-02,routine_procedural_numeric,,DOK 2,"Compute with rational numbers and evaluate numerical or algebraic expressions accurately, using order of operations and substitution while checking reasonableness.",,Reason quantitatively / structure / check solutions,constructed-response,short-answer,instructional,90,,Unit 1 Assessment Plan; Algebra Overview course framework,Mastery family decimal-operation; display slot 18.
U1-S3-PS1-I01,SPIRAL,Algebra 1,1,3,Practice PS1,Practice,PS1-Q01,INTRO,,,,,U1-S3-PFAM-I03,context_shift,,DOK 2,"Students will recognize common function families from graphs, tables, equations, and contexts.","I can critique a proposed function family choice using evidence from rate of change, shape, or equation structure.",Connect representations / attend to precision,constructed-response,short-answer,instructional,105,,Unit 1 Assessment Plan; Algebra Overview course framework,Practice display slot 1; family position intentionally varies by form.
U1-S3-PS1-I02,SPIRAL,Algebra 1,1,3,Practice PS1,Practice,PS1-Q02,INTRO,,,,,U1-S3-PFAM-I01,representation_shift,,DOK 2,"Students will recognize common function families from graphs, tables, equations, and contexts.","I can design examples of linear, quadratic, exponential, and absolute value relationships using more than one representation.",Connect representations / attend to precision,constructed-response,short-answer,instructional,75,,Unit 1 Assessment Plan; Algebra Overview course framework,Practice display slot 2; family position intentionally varies by form.
U1-S3-PS1-I03,SPIRAL,Algebra 1,1,3,Practice PS1,Practice,PS1-Q03,INTRO,,,,,U1-S3-PFAM-I02,reasoning_shift,,DOK 2,"Students will recognize common function families from graphs, tables, equations, and contexts.","I can extend patterns in tables, graphs, equations, and contexts to work with common function families.",Connect representations / attend to precision,constructed-response,short-answer,instructional,105,,Unit 1 Assessment Plan; Algebra Overview course framework,Practice display slot 3; family position intentionally varies by form.
U1-S3-PS1-I04,SPIRAL,Algebra 1,1,3,Practice PS1,Practice,PS1-Q04,INTRO,,,,,U1-S3-PFAM-I04,representation_shift,,DOK 2,"Students will recognize common function families from graphs, tables, equations, and contexts.","I can design examples of linear, quadratic, exponential, and absolute value relationships using more than one representation.",Connect representations / attend to precision,constructed-response,short-answer,instructional,105,,Unit 1 Assessment Plan; Algebra Overview course framework,Practice display slot 4; family position intentionally varies by form.
U1-S3-PS1-R01,SPIRAL,Algebra 1,1,3,Practice PS1,Practice,PS1-Q05,REVIEW,,,,,U1-S3-PFAM-R04,reasoning_shift,,DOK 1–2,"Recognize constant rate of change in tables, graphs, visual patterns, and situations.",,Retrieve readiness skill and connect to current work,constructed-response,short-answer,instructional,60,,Unit 1 Assessment Plan; Algebra Overview course framework,Practice display slot 5; review family position varies.
U1-S3-PS1-R02,SPIRAL,Algebra 1,1,3,Practice PS1,Practice,PS1-Q06,REVIEW,,,,,U1-S3-PFAM-R01,routine_procedural_numeric,,DOK 1–2,"Recognize constant rate of change in tables, graphs, visual patterns, and situations.",,Retrieve readiness skill and connect to current work,constructed-response,short-answer,instructional,60,,Unit 1 Assessment Plan; Algebra Overview course framework,Practice display slot 6; review family position varies.
U1-S3-PS1-R03,SPIRAL,Algebra 1,1,3,Practice PS1,Practice,PS1-Q07,REVIEW,,,,,U1-S3-PFAM-R02,representation_shift,,DOK 1–2,"Recognize constant rate of change in tables, graphs, visual patterns, and situations.",,Retrieve readiness skill and connect to current work,constructed-response,short-answer,instructional,60,,Unit 1 Assessment Plan; Algebra Overview course framework,Practice display slot 7; review family position varies.
U1-S3-PS1-R04,SPIRAL,Algebra 1,1,3,Practice PS1,Practice,PS1-Q08,REVIEW,,,,,U1-S3-PFAM-R03,context_shift,,DOK 1–2,"Recognize constant rate of change in tables, graphs, visual patterns, and situations.",,Retrieve readiness skill and connect to current work,constructed-response,short-answer,instructional,60,,Unit 1 Assessment Plan; Algebra Overview course framework,Practice display slot 8; review family position varies.
U1-S3-PS1-M01,SPIRAL,Algebra 1,1,3,Practice PS1,Practice,PS1-Q09,MASTERY,U1-MG01,,,,U1-S3-PFAM-MG1-01,routine_procedural_numeric,,DOK 1–2,"Compute with rational numbers and evaluate numerical or algebraic expressions accurately, using order of operations and substitution while checking reasonableness.",,Reason quantitatively / structure / check solutions,constructed-response,short-answer,instructional,90,,Unit 1 Assessment Plan; Algebra Overview course framework,Mastery family fraction-operation; display slot 9.
U1-S3-PS1-M02,SPIRAL,Algebra 1,1,3,Practice PS1,Practice,PS1-Q10,MASTERY,U1-MG03,,,,U1-S3-PFAM-MG3-02,routine_procedural_numeric,,DOK 2,Solve one-variable equations with equivalent transformations and verify and interpret solutions.,,Reason quantitatively / structure / check solutions,constructed-response,short-answer,instructional,90,,Unit 1 Assessment Plan; Algebra Overview course framework,Mastery family variables-both-sides; display slot 10.
U1-S3-PS1-M03,SPIRAL,Algebra 1,1,3,Practice PS1,Practice,PS1-Q11,MASTERY,U1-MG03,,,,U1-S3-PFAM-MG3-03,mixed,,DOK 2,Solve one-variable equations with equivalent transformations and verify and interpret solutions.,,Reason quantitatively / structure / check solutions,constructed-response,short-answer,instructional,90,,Unit 1 Assessment Plan; Algebra Overview course framework,Mastery family context-equation; display slot 11.
U1-S3-PS1-M04,SPIRAL,Algebra 1,1,3,Practice PS1,Practice,PS1-Q12,MASTERY,U1-MG04,,,,U1-S3-PFAM-MG4-04,routine_procedural_numeric,,DOK 2,"Solve one-variable inequalities, represent solution sets on number lines, and interpret boundaries and constraints.",,Reason quantitatively / structure / check solutions,constructed-response,short-answer,instructional,90,,Unit 1 Assessment Plan; Algebra Overview course framework,Mastery family positive-inequality; display slot 12.
U1-S3-PS1-M05,SPIRAL,Algebra 1,1,3,Practice PS1,Practice,PS1-Q13,MASTERY,U1-MG02,,,,U1-S3-PFAM-MG2-01,routine_procedural_numeric,,DOK 2,"Rewrite algebraic expressions into equivalent forms by using properties, structure, terms, factors, and the distributive property.",,Reason quantitatively / structure / check solutions,constructed-response,short-answer,instructional,90,,Unit 1 Assessment Plan; Algebra Overview course framework,Mastery family structure-combine; display slot 13.
U1-S3-PS1-M06,SPIRAL,Algebra 1,1,3,Practice PS1,Practice,PS1-Q14,MASTERY,U1-MG01,,,,U1-S3-PFAM-MG1-02,routine_procedural_numeric,,DOK 2,"Compute with rational numbers and evaluate numerical or algebraic expressions accurately, using order of operations and substitution while checking reasonableness.",,Reason quantitatively / structure / check solutions,constructed-response,short-answer,instructional,90,,Unit 1 Assessment Plan; Algebra Overview course framework,Mastery family decimal-operation; display slot 14.
U1-S3-PS1-M07,SPIRAL,Algebra 1,1,3,Practice PS1,Practice,PS1-Q15,MASTERY,U1-MG01,,,,U1-S3-PFAM-MG1-03,routine_procedural_numeric,,DOK 2,"Compute with rational numbers and evaluate numerical or algebraic expressions accurately, using order of operations and substitution while checking reasonableness.",,Reason quantitatively / structure / check solutions,constructed-response,short-answer,instructional,90,,Unit 1 Assessment Plan; Algebra Overview course framework,Mastery family substitution; display slot 15.
U1-S3-PS1-M08,SPIRAL,Algebra 1,1,3,Practice PS1,Practice,PS1-Q16,MASTERY,U1-MG03,,,,U1-S3-PFAM-MG3-04,routine_procedural_numeric,,DOK 2,Solve one-variable equations with equivalent transformations and verify and interpret solutions.,,Reason quantitatively / structure / check solutions,constructed-response,short-answer,instructional,90,,Unit 1 Assessment Plan; Algebra Overview course framework,Mastery family two-step-equation; display slot 16.
U1-S3-PS1-M09,SPIRAL,Algebra 1,1,3,Practice PS1,Practice,PS1-Q17,MASTERY,U1-MG04,,,,U1-S3-PFAM-MG4-01,routine_procedural_numeric,,DOK 2,"Solve one-variable inequalities, represent solution sets on number lines, and interpret boundaries and constraints.",,Reason quantitatively / structure / check solutions,constructed-response,short-answer,instructional,90,,Unit 1 Assessment Plan; Algebra Overview course framework,Mastery family negative-inequality; display slot 17.
U1-S3-PS1-M10,SPIRAL,Algebra 1,1,3,Practice PS1,Practice,PS1-Q18,MASTERY,U1-MG02,,,,U1-S3-PFAM-MG2-02,routine_procedural_numeric,,DOK 2,"Rewrite algebraic expressions into equivalent forms by using properties, structure, terms, factors, and the distributive property.",,Reason quantitatively / structure / check solutions,constructed-response,short-answer,instructional,90,,Unit 1 Assessment Plan; Algebra Overview course framework,Mastery family factor-structure; display slot 18.
U1-S3-PS2-I01,SPIRAL,Algebra 1,1,3,Practice PS2,Practice,PS2-Q01,INTRO,,,,,U1-S3-PFAM-I01,representation_shift,,DOK 2,"Students will recognize common function families from graphs, tables, equations, and contexts.","I can design examples of linear, quadratic, exponential, and absolute value relationships using more than one representation.",Connect representations / attend to precision,constructed-response,short-answer,instructional,105,,Unit 1 Assessment Plan; Algebra Overview course framework,Practice display slot 1; family position intentionally varies by form.
U1-S3-PS2-I02,SPIRAL,Algebra 1,1,3,Practice PS2,Practice,PS2-Q02,INTRO,,,,,U1-S3-PFAM-I03,context_shift,,DOK 2,"Students will recognize common function families from graphs, tables, equations, and contexts.","I can critique a proposed function family choice using evidence from rate of change, shape, or equation structure.",Connect representations / attend to precision,constructed-response,short-answer,instructional,105,,Unit 1 Assessment Plan; Algebra Overview course framework,Practice display slot 2; family position intentionally varies by form.
U1-S3-PS2-I03,SPIRAL,Algebra 1,1,3,Practice PS2,Practice,PS2-Q03,INTRO,,,,,U1-S3-PFAM-I04,representation_shift,,DOK 2,"Students will recognize common function families from graphs, tables, equations, and contexts.","I can design examples of linear, quadratic, exponential, and absolute value relationships using more than one representation.",Connect representations / attend to precision,constructed-response,short-answer,instructional,105,,Unit 1 Assessment Plan; Algebra Overview course framework,Practice display slot 3; family position intentionally varies by form.
U1-S3-PS2-I04,SPIRAL,Algebra 1,1,3,Practice PS2,Practice,PS2-Q04,INTRO,,,,,U1-S3-PFAM-I02,reasoning_shift,,DOK 2,"Students will recognize common function families from graphs, tables, equations, and contexts.","I can extend patterns in tables, graphs, equations, and contexts to work with common function families.",Connect representations / attend to precision,constructed-response,short-answer,instructional,105,,Unit 1 Assessment Plan; Algebra Overview course framework,Practice display slot 4; family position intentionally varies by form.
U1-S3-PS2-R01,SPIRAL,Algebra 1,1,3,Practice PS2,Practice,PS2-Q05,REVIEW,,,,,U1-S3-PFAM-R02,representation_shift,,DOK 1–2,"Recognize constant rate of change in tables, graphs, visual patterns, and situations.",,Retrieve readiness skill and connect to current work,constructed-response,short-answer,instructional,60,,Unit 1 Assessment Plan; Algebra Overview course framework,Practice display slot 5; review family position varies.
U1-S3-PS2-R02,SPIRAL,Algebra 1,1,3,Practice PS2,Practice,PS2-Q06,REVIEW,,,,,U1-S3-PFAM-R01,routine_procedural_numeric,,DOK 1–2,"Recognize constant rate of change in tables, graphs, visual patterns, and situations.",,Retrieve readiness skill and connect to current work,constructed-response,short-answer,instructional,60,,Unit 1 Assessment Plan; Algebra Overview course framework,Practice display slot 6; review family position varies.
U1-S3-PS2-R03,SPIRAL,Algebra 1,1,3,Practice PS2,Practice,PS2-Q07,REVIEW,,,,,U1-S3-PFAM-R04,reasoning_shift,,DOK 1–2,"Recognize constant rate of change in tables, graphs, visual patterns, and situations.",,Retrieve readiness skill and connect to current work,constructed-response,short-answer,instructional,90,,Unit 1 Assessment Plan; Algebra Overview course framework,Practice display slot 7; review family position varies.
U1-S3-PS2-R04,SPIRAL,Algebra 1,1,3,Practice PS2,Practice,PS2-Q08,REVIEW,,,,,U1-S3-PFAM-R03,context_shift,,DOK 1–2,"Recognize constant rate of change in tables, graphs, visual patterns, and situations.",,Retrieve readiness skill and connect to current work,constructed-response,short-answer,instructional,60,,Unit 1 Assessment Plan; Algebra Overview course framework,Practice display slot 8; review family position varies.
U1-S3-PS2-M01,SPIRAL,Algebra 1,1,3,Practice PS2,Practice,PS2-Q09,MASTERY,U1-MG03,,,,U1-S3-PFAM-MG3-01,routine_procedural_numeric,,DOK 2,Solve one-variable equations with equivalent transformations and verify and interpret solutions.,,Reason quantitatively / structure / check solutions,constructed-response,short-answer,instructional,90,,Unit 1 Assessment Plan; Algebra Overview course framework,Mastery family factored-equation; display slot 9.
U1-S3-PS2-M02,SPIRAL,Algebra 1,1,3,Practice PS2,Practice,PS2-Q10,MASTERY,U1-MG04,,,,U1-S3-PFAM-MG4-02,mixed,,DOK 2,"Solve one-variable inequalities, represent solution sets on number lines, and interpret boundaries and constraints.",,Reason quantitatively / structure / check solutions,constructed-response,short-answer,instructional,90,,Unit 1 Assessment Plan; Algebra Overview course framework,Mastery family number-line-interpret; display slot 10.
U1-S3-PS2-M03,SPIRAL,Algebra 1,1,3,Practice PS2,Practice,PS2-Q11,MASTERY,U1-MG04,,,,U1-S3-PFAM-MG4-03,mixed,,DOK 2,"Solve one-variable inequalities, represent solution sets on number lines, and interpret boundaries and constraints.",,Reason quantitatively / structure / check solutions,constructed-response,short-answer,instructional,90,,Unit 1 Assessment Plan; Algebra Overview course framework,Mastery family context-constraint; display slot 11.
U1-S3-PS2-M04,SPIRAL,Algebra 1,1,3,Practice PS2,Practice,PS2-Q12,MASTERY,U1-MG01,,,,U1-S3-PFAM-MG1-04,routine_procedural_numeric,,DOK 1–2,"Compute with rational numbers and evaluate numerical or algebraic expressions accurately, using order of operations and substitution while checking reasonableness.",,Reason quantitatively / structure / check solutions,constructed-response,short-answer,instructional,90,,Unit 1 Assessment Plan; Algebra Overview course framework,Mastery family integer-order; display slot 12.
U1-S3-PS2-M05,SPIRAL,Algebra 1,1,3,Practice PS2,Practice,PS2-Q13,MASTERY,U1-MG02,,,,U1-S3-PFAM-MG2-01,routine_procedural_numeric,,DOK 2,"Rewrite algebraic expressions into equivalent forms by using properties, structure, terms, factors, and the distributive property.",,Reason quantitatively / structure / check solutions,constructed-response,short-answer,instructional,90,,Unit 1 Assessment Plan; Algebra Overview course framework,Mastery family structure-combine; display slot 13.
U1-S3-PS2-M06,SPIRAL,Algebra 1,1,3,Practice PS2,Practice,PS2-Q14,MASTERY,U1-MG01,,,,U1-S3-PFAM-MG1-02,routine_procedural_numeric,,DOK 2,"Compute with rational numbers and evaluate numerical or algebraic expressions accurately, using order of operations and substitution while checking reasonableness.",,Reason quantitatively / structure / check solutions,constructed-response,short-answer,instructional,90,,Unit 1 Assessment Plan; Algebra Overview course framework,Mastery family decimal-operation; display slot 14.
U1-S3-PS2-M07,SPIRAL,Algebra 1,1,3,Practice PS2,Practice,PS2-Q15,MASTERY,U1-MG03,,,,U1-S3-PFAM-MG3-03,mixed,,DOK 2,Solve one-variable equations with equivalent transformations and verify and interpret solutions.,,Reason quantitatively / structure / check solutions,constructed-response,short-answer,instructional,90,,Unit 1 Assessment Plan; Algebra Overview course framework,Mastery family context-equation; display slot 15.
U1-S3-PS2-M08,SPIRAL,Algebra 1,1,3,Practice PS2,Practice,PS2-Q16,MASTERY,U1-MG01,,,,U1-S3-PFAM-MG1-04,routine_procedural_numeric,,DOK 1–2,"Compute with rational numbers and evaluate numerical or algebraic expressions accurately, using order of operations and substitution while checking reasonableness.",,Reason quantitatively / structure / check solutions,constructed-response,short-answer,instructional,90,,Unit 1 Assessment Plan; Algebra Overview course framework,Mastery family integer-order; display slot 16.
U1-S3-PS2-M09,SPIRAL,Algebra 1,1,3,Practice PS2,Practice,PS2-Q17,MASTERY,U1-MG02,,,,U1-S3-PFAM-MG2-01,routine_procedural_numeric,,DOK 2,"Rewrite algebraic expressions into equivalent forms by using properties, structure, terms, factors, and the distributive property.",,Reason quantitatively / structure / check solutions,constructed-response,short-answer,instructional,90,,Unit 1 Assessment Plan; Algebra Overview course framework,Mastery family structure-combine; display slot 17.
U1-S3-PS2-M10,SPIRAL,Algebra 1,1,3,Practice PS2,Practice,PS2-Q18,MASTERY,U1-MG03,,,,U1-S3-PFAM-MG3-02,routine_procedural_numeric,,DOK 2,Solve one-variable equations with equivalent transformations and verify and interpret solutions.,,Reason quantitatively / structure / check solutions,constructed-response,short-answer,instructional,90,,Unit 1 Assessment Plan; Algebra Overview course framework,Mastery family variables-both-sides; display slot 18.
U1-S3-PS3-I01,SPIRAL,Algebra 1,1,3,Practice PS3,Practice,PS3-Q01,INTRO,,,,,U1-S3-PFAM-I01,representation_shift,,DOK 2,"Students will recognize common function families from graphs, tables, equations, and contexts.","I can design examples of linear, quadratic, exponential, and absolute value relationships using more than one representation.",Connect representations / attend to precision,constructed-response,short-answer,instructional,105,,Unit 1 Assessment Plan; Algebra Overview course framework,Practice display slot 1; family position intentionally varies by form.
U1-S3-PS3-I02,SPIRAL,Algebra 1,1,3,Practice PS3,Practice,PS3-Q02,INTRO,,,,,U1-S3-PFAM-I04,representation_shift,,DOK 2,"Students will recognize common function families from graphs, tables, equations, and contexts.","I can design examples of linear, quadratic, exponential, and absolute value relationships using more than one representation.",Connect representations / attend to precision,constructed-response,short-answer,instructional,105,,Unit 1 Assessment Plan; Algebra Overview course framework,Practice display slot 2; family position intentionally varies by form.
U1-S3-PS3-I03,SPIRAL,Algebra 1,1,3,Practice PS3,Practice,PS3-Q03,INTRO,,,,,U1-S3-PFAM-I02,reasoning_shift,,DOK 2,"Students will recognize common function families from graphs, tables, equations, and contexts.","I can extend patterns in tables, graphs, equations, and contexts to work with common function families.",Connect representations / attend to precision,constructed-response,short-answer,instructional,105,,Unit 1 Assessment Plan; Algebra Overview course framework,Practice display slot 3; family position intentionally varies by form.
U1-S3-PS3-I04,SPIRAL,Algebra 1,1,3,Practice PS3,Practice,PS3-Q04,INTRO,,,,,U1-S3-PFAM-I03,context_shift,,DOK 2,"Students will recognize common function families from graphs, tables, equations, and contexts.","I can critique a proposed function family choice using evidence from rate of change, shape, or equation structure.",Connect representations / attend to precision,constructed-response,short-answer,instructional,105,,Unit 1 Assessment Plan; Algebra Overview course framework,Practice display slot 4; family position intentionally varies by form.
U1-S3-PS3-R01,SPIRAL,Algebra 1,1,3,Practice PS3,Practice,PS3-Q05,REVIEW,,,,,U1-S3-PFAM-R01,routine_procedural_numeric,,DOK 1–2,"Recognize constant rate of change in tables, graphs, visual patterns, and situations.",,Retrieve readiness skill and connect to current work,constructed-response,short-answer,instructional,60,,Unit 1 Assessment Plan; Algebra Overview course framework,Practice display slot 5; review family position varies.
U1-S3-PS3-R02,SPIRAL,Algebra 1,1,3,Practice PS3,Practice,PS3-Q06,REVIEW,,,,,U1-S3-PFAM-R04,reasoning_shift,,DOK 1–2,"Recognize constant rate of change in tables, graphs, visual patterns, and situations.",,Retrieve readiness skill and connect to current work,constructed-response,short-answer,instructional,90,,Unit 1 Assessment Plan; Algebra Overview course framework,Practice display slot 6; review family position varies.
U1-S3-PS3-R03,SPIRAL,Algebra 1,1,3,Practice PS3,Practice,PS3-Q07,REVIEW,,,,,U1-S3-PFAM-R02,representation_shift,,DOK 1–2,"Recognize constant rate of change in tables, graphs, visual patterns, and situations.",,Retrieve readiness skill and connect to current work,constructed-response,short-answer,instructional,60,,Unit 1 Assessment Plan; Algebra Overview course framework,Practice display slot 7; review family position varies.
U1-S3-PS3-R04,SPIRAL,Algebra 1,1,3,Practice PS3,Practice,PS3-Q08,REVIEW,,,,,U1-S3-PFAM-R03,context_shift,,DOK 1–2,"Recognize constant rate of change in tables, graphs, visual patterns, and situations.",,Retrieve readiness skill and connect to current work,constructed-response,short-answer,instructional,90,,Unit 1 Assessment Plan; Algebra Overview course framework,Practice display slot 8; review family position varies.
U1-S3-PS3-M01,SPIRAL,Algebra 1,1,3,Practice PS3,Practice,PS3-Q09,MASTERY,U1-MG03,,,,U1-S3-PFAM-MG3-01,routine_procedural_numeric,,DOK 2,Solve one-variable equations with equivalent transformations and verify and interpret solutions.,,Reason quantitatively / structure / check solutions,constructed-response,short-answer,instructional,90,,Unit 1 Assessment Plan; Algebra Overview course framework,Mastery family factored-equation; display slot 9.
U1-S3-PS3-M02,SPIRAL,Algebra 1,1,3,Practice PS3,Practice,PS3-Q10,MASTERY,U1-MG02,,,,U1-S3-PFAM-MG2-02,routine_procedural_numeric,,DOK 2,"Rewrite algebraic expressions into equivalent forms by using properties, structure, terms, factors, and the distributive property.",,Reason quantitatively / structure / check solutions,constructed-response,short-answer,instructional,90,,Unit 1 Assessment Plan; Algebra Overview course framework,Mastery family factor-structure; display slot 10.
U1-S3-PS3-M03,SPIRAL,Algebra 1,1,3,Practice PS3,Practice,PS3-Q11,MASTERY,U1-MG02,,,,U1-S3-PFAM-MG2-03,mixed,,DOK 2–3,"Rewrite algebraic expressions into equivalent forms by using properties, structure, terms, factors, and the distributive property.",,Reason quantitatively / structure / check solutions,constructed-response,short-answer,instructional,90,,Unit 1 Assessment Plan; Algebra Overview course framework,Mastery family equivalence-justify; display slot 11.
U1-S3-PS3-M04,SPIRAL,Algebra 1,1,3,Practice PS3,Practice,PS3-Q12,MASTERY,U1-MG04,,,,U1-S3-PFAM-MG4-04,routine_procedural_numeric,,DOK 2,"Solve one-variable inequalities, represent solution sets on number lines, and interpret boundaries and constraints.",,Reason quantitatively / structure / check solutions,constructed-response,short-answer,instructional,90,,Unit 1 Assessment Plan; Algebra Overview course framework,Mastery family positive-inequality; display slot 12.
U1-S3-PS3-M05,SPIRAL,Algebra 1,1,3,Practice PS3,Practice,PS3-Q13,MASTERY,U1-MG01,,,,U1-S3-PFAM-MG1-01,routine_procedural_numeric,,DOK 1–2,"Compute with rational numbers and evaluate numerical or algebraic expressions accurately, using order of operations and substitution while checking reasonableness.",,Reason quantitatively / structure / check solutions,constructed-response,short-answer,instructional,90,,Unit 1 Assessment Plan; Algebra Overview course framework,Mastery family fraction-operation; display slot 13.
U1-S3-PS3-M06,SPIRAL,Algebra 1,1,3,Practice PS3,Practice,PS3-Q14,MASTERY,U1-MG03,,,,U1-S3-PFAM-MG3-02,routine_procedural_numeric,,DOK 2,Solve one-variable equations with equivalent transformations and verify and interpret solutions.,,Reason quantitatively / structure / check solutions,constructed-response,short-answer,instructional,90,,Unit 1 Assessment Plan; Algebra Overview course framework,Mastery family variables-both-sides; display slot 14.
U1-S3-PS3-M07,SPIRAL,Algebra 1,1,3,Practice PS3,Practice,PS3-Q15,MASTERY,U1-MG04,,,,U1-S3-PFAM-MG4-03,mixed,,DOK 2,"Solve one-variable inequalities, represent solution sets on number lines, and interpret boundaries and constraints.",,Reason quantitatively / structure / check solutions,constructed-response,short-answer,instructional,90,,Unit 1 Assessment Plan; Algebra Overview course framework,Mastery family context-constraint; display slot 15.
U1-S3-PS3-M08,SPIRAL,Algebra 1,1,3,Practice PS3,Practice,PS3-Q16,MASTERY,U1-MG01,,,,U1-S3-PFAM-MG1-04,routine_procedural_numeric,,DOK 1–2,"Compute with rational numbers and evaluate numerical or algebraic expressions accurately, using order of operations and substitution while checking reasonableness.",,Reason quantitatively / structure / check solutions,constructed-response,short-answer,instructional,90,,Unit 1 Assessment Plan; Algebra Overview course framework,Mastery family integer-order; display slot 16.
U1-S3-PS3-M09,SPIRAL,Algebra 1,1,3,Practice PS3,Practice,PS3-Q17,MASTERY,U1-MG01,,,,U1-S3-PFAM-MG1-01,routine_procedural_numeric,,DOK 1–2,"Compute with rational numbers and evaluate numerical or algebraic expressions accurately, using order of operations and substitution while checking reasonableness.",,Reason quantitatively / structure / check solutions,constructed-response,short-answer,instructional,90,,Unit 1 Assessment Plan; Algebra Overview course framework,Mastery family fraction-operation; display slot 17.
U1-S3-PS3-M10,SPIRAL,Algebra 1,1,3,Practice PS3,Practice,PS3-Q18,MASTERY,U1-MG03,,,,U1-S3-PFAM-MG3-02,routine_procedural_numeric,,DOK 2,Solve one-variable equations with equivalent transformations and verify and interpret solutions.,,Reason quantitatively / structure / check solutions,constructed-response,short-answer,instructional,90,,Unit 1 Assessment Plan; Algebra Overview course framework,Mastery family variables-both-sides; display slot 18.
U1-S3-XP-I01,SPIRAL,Algebra 1,1,3,Practice XP,Practice,XP-Q01,INTRO,,,,,U1-S3-PFAM-I01,representation_shift,,DOK 2,"Students will recognize common function families from graphs, tables, equations, and contexts.","I can design examples of linear, quadratic, exponential, and absolute value relationships using more than one representation.",Connect representations / attend to precision,constructed-response,short-answer,instructional,75,,Unit 1 Assessment Plan; Algebra Overview course framework,Practice display slot 1; family position intentionally varies by form.
U1-S3-XP-I02,SPIRAL,Algebra 1,1,3,Practice XP,Practice,XP-Q02,INTRO,,,,,U1-S3-PFAM-I03,context_shift,,DOK 2,"Students will recognize common function families from graphs, tables, equations, and contexts.","I can critique a proposed function family choice using evidence from rate of change, shape, or equation structure.",Connect representations / attend to precision,constructed-response,short-answer,instructional,75,,Unit 1 Assessment Plan; Algebra Overview course framework,Practice display slot 2; family position intentionally varies by form.
U1-S3-XP-I03,SPIRAL,Algebra 1,1,3,Practice XP,Practice,XP-Q03,INTRO,,,,,U1-S3-PFAM-I04,representation_shift,,DOK 2,"Students will recognize common function families from graphs, tables, equations, and contexts.","I can design examples of linear, quadratic, exponential, and absolute value relationships using more than one representation.",Connect representations / attend to precision,constructed-response,short-answer,instructional,105,,Unit 1 Assessment Plan; Algebra Overview course framework,Practice display slot 3; family position intentionally varies by form.
U1-S3-XP-I04,SPIRAL,Algebra 1,1,3,Practice XP,Practice,XP-Q04,INTRO,,,,,U1-S3-PFAM-I02,reasoning_shift,,DOK 2,"Students will recognize common function families from graphs, tables, equations, and contexts.","I can extend patterns in tables, graphs, equations, and contexts to work with common function families.",Connect representations / attend to precision,constructed-response,short-answer,instructional,105,,Unit 1 Assessment Plan; Algebra Overview course framework,Practice display slot 4; family position intentionally varies by form.
U1-S3-XP-R01,SPIRAL,Algebra 1,1,3,Practice XP,Practice,XP-Q05,REVIEW,,,,,U1-S3-PFAM-R01,routine_procedural_numeric,,DOK 1–2,"Recognize constant rate of change in tables, graphs, visual patterns, and situations.",,Retrieve readiness skill and connect to current work,constructed-response,short-answer,instructional,90,,Unit 1 Assessment Plan; Algebra Overview course framework,Practice display slot 5; review family position varies.
U1-S3-XP-R02,SPIRAL,Algebra 1,1,3,Practice XP,Practice,XP-Q06,REVIEW,,,,,U1-S3-PFAM-R04,reasoning_shift,,DOK 1–2,"Recognize constant rate of change in tables, graphs, visual patterns, and situations.",,Retrieve readiness skill and connect to current work,constructed-response,short-answer,instructional,90,,Unit 1 Assessment Plan; Algebra Overview course framework,Practice display slot 6; review family position varies.
U1-S3-XP-R03,SPIRAL,Algebra 1,1,3,Practice XP,Practice,XP-Q07,REVIEW,,,,,U1-S3-PFAM-R03,context_shift,,DOK 1–2,"Recognize constant rate of change in tables, graphs, visual patterns, and situations.",,Retrieve readiness skill and connect to current work,constructed-response,short-answer,instructional,90,,Unit 1 Assessment Plan; Algebra Overview course framework,Practice display slot 7; review family position varies.
U1-S3-XP-R04,SPIRAL,Algebra 1,1,3,Practice XP,Practice,XP-Q08,REVIEW,,,,,U1-S3-PFAM-R02,representation_shift,,DOK 1–2,"Recognize constant rate of change in tables, graphs, visual patterns, and situations.",,Retrieve readiness skill and connect to current work,constructed-response,short-answer,instructional,60,,Unit 1 Assessment Plan; Algebra Overview course framework,Practice display slot 8; review family position varies.
U1-S3-XP-M01,SPIRAL,Algebra 1,1,3,Practice XP,Practice,XP-Q09,MASTERY,U1-MG02,,,,U1-S3-PFAM-MG2-01,routine_procedural_numeric,,DOK 2,"Rewrite algebraic expressions into equivalent forms by using properties, structure, terms, factors, and the distributive property.",,Reason quantitatively / structure / check solutions,constructed-response,short-answer,instructional,90,,Unit 1 Assessment Plan; Algebra Overview course framework,Mastery family structure-combine; display slot 9.
U1-S3-XP-M02,SPIRAL,Algebra 1,1,3,Practice XP,Practice,XP-Q10,MASTERY,U1-MG01,,,,U1-S3-PFAM-MG1-02,routine_procedural_numeric,,DOK 2,"Compute with rational numbers and evaluate numerical or algebraic expressions accurately, using order of operations and substitution while checking reasonableness.",,Reason quantitatively / structure / check solutions,constructed-response,short-answer,instructional,90,,Unit 1 Assessment Plan; Algebra Overview course framework,Mastery family decimal-operation; display slot 10.
U1-S3-XP-M03,SPIRAL,Algebra 1,1,3,Practice XP,Practice,XP-Q11,MASTERY,U1-MG01,,,,U1-S3-PFAM-MG1-03,routine_procedural_numeric,,DOK 2,"Compute with rational numbers and evaluate numerical or algebraic expressions accurately, using order of operations and substitution while checking reasonableness.",,Reason quantitatively / structure / check solutions,constructed-response,short-answer,instructional,90,,Unit 1 Assessment Plan; Algebra Overview course framework,Mastery family substitution; display slot 11.
U1-S3-XP-M04,SPIRAL,Algebra 1,1,3,Practice XP,Practice,XP-Q12,MASTERY,U1-MG04,,,,U1-S3-PFAM-MG4-04,routine_procedural_numeric,,DOK 2,"Solve one-variable inequalities, represent solution sets on number lines, and interpret boundaries and constraints.",,Reason quantitatively / structure / check solutions,constructed-response,short-answer,instructional,90,,Unit 1 Assessment Plan; Algebra Overview course framework,Mastery family positive-inequality; display slot 12.
U1-S3-XP-M05,SPIRAL,Algebra 1,1,3,Practice XP,Practice,XP-Q13,MASTERY,U1-MG03,,,,U1-S3-PFAM-MG3-01,routine_procedural_numeric,,DOK 2,Solve one-variable equations with equivalent transformations and verify and interpret solutions.,,Reason quantitatively / structure / check solutions,constructed-response,short-answer,instructional,90,,Unit 1 Assessment Plan; Algebra Overview course framework,Mastery family factored-equation; display slot 13.
U1-S3-XP-M06,SPIRAL,Algebra 1,1,3,Practice XP,Practice,XP-Q14,MASTERY,U1-MG01,,,,U1-S3-PFAM-MG1-02,routine_procedural_numeric,,DOK 2,"Compute with rational numbers and evaluate numerical or algebraic expressions accurately, using order of operations and substitution while checking reasonableness.",,Reason quantitatively / structure / check solutions,constructed-response,short-answer,instructional,90,,Unit 1 Assessment Plan; Algebra Overview course framework,Mastery family decimal-operation; display slot 14.
U1-S3-XP-M07,SPIRAL,Algebra 1,1,3,Practice XP,Practice,XP-Q15,MASTERY,U1-MG03,,,,U1-S3-PFAM-MG3-03,mixed,,DOK 2,Solve one-variable equations with equivalent transformations and verify and interpret solutions.,,Reason quantitatively / structure / check solutions,constructed-response,short-answer,instructional,90,,Unit 1 Assessment Plan; Algebra Overview course framework,Mastery family context-equation; display slot 15.
U1-S3-XP-M08,SPIRAL,Algebra 1,1,3,Practice XP,Practice,XP-Q16,MASTERY,U1-MG03,,,,U1-S3-PFAM-MG3-04,routine_procedural_numeric,,DOK 2,Solve one-variable equations with equivalent transformations and verify and interpret solutions.,,Reason quantitatively / structure / check solutions,constructed-response,short-answer,instructional,90,,Unit 1 Assessment Plan; Algebra Overview course framework,Mastery family two-step-equation; display slot 16.
U1-S3-XP-M09,SPIRAL,Algebra 1,1,3,Practice XP,Practice,XP-Q17,MASTERY,U1-MG04,,,,U1-S3-PFAM-MG4-01,routine_procedural_numeric,,DOK 2,"Solve one-variable inequalities, represent solution sets on number lines, and interpret boundaries and constraints.",,Reason quantitatively / structure / check solutions,constructed-response,short-answer,instructional,90,,Unit 1 Assessment Plan; Algebra Overview course framework,Mastery family negative-inequality; display slot 17.
U1-S3-XP-M10,SPIRAL,Algebra 1,1,3,Practice XP,Practice,XP-Q18,MASTERY,U1-MG02,,,,U1-S3-PFAM-MG2-02,routine_procedural_numeric,,DOK 2,"Rewrite algebraic expressions into equivalent forms by using properties, structure, terms, factors, and the distributive property.",,Reason quantitatively / structure / check solutions,constructed-response,short-answer,instructional,90,,Unit 1 Assessment Plan; Algebra Overview course framework,Mastery family factor-structure; display slot 18.
U1-S4-PS1-I01,SPIRAL,Algebra 1,1,4,Practice PS1,Practice,PS1-Q01,INTRO,,,,,U1-S4-PFAM-I01,routine_procedural_numeric,,DOK 2,"Students will interpret and rewrite algebraic expressions by identifying structure, meaning, and equivalent forms.","I can build equivalent expressions by using structure, grouping, and properties of operations.",Connect representations / attend to precision,constructed-response,short-answer,instructional,75,,Unit 1 Assessment Plan; Algebra Overview course framework,Practice display slot 1; family position intentionally varies by form.
U1-S4-PS1-I02,SPIRAL,Algebra 1,1,4,Practice PS1,Practice,PS1-Q02,INTRO,,,,,U1-S4-PFAM-I04,context_shift,,DOK 2,"Students will interpret and rewrite algebraic expressions by identifying structure, meaning, and equivalent forms.","I can build equivalent expressions by using structure, grouping, and properties of operations.",Connect representations / attend to precision,constructed-response,short-answer,instructional,75,,Unit 1 Assessment Plan; Algebra Overview course framework,Practice display slot 2; family position intentionally varies by form.
U1-S4-PS1-I03,SPIRAL,Algebra 1,1,4,Practice PS1,Practice,PS1-Q03,INTRO,,,,,U1-S4-PFAM-I02,routine_procedural_numeric,,DOK 2,"Students will interpret and rewrite algebraic expressions by identifying structure, meaning, and equivalent forms.",I can apply rewriting strategies to make the meaning of an expression easier to work with.,Connect representations / attend to precision,constructed-response,short-answer,instructional,75,,Unit 1 Assessment Plan; Algebra Overview course framework,Practice display slot 3; family position intentionally varies by form.
U1-S4-PS1-I04,SPIRAL,Algebra 1,1,4,Practice PS1,Practice,PS1-Q04,INTRO,,,,,U1-S4-PFAM-I03,conceptual_reword,,DOK 2,"Students will interpret and rewrite algebraic expressions by identifying structure, meaning, and equivalent forms.","I can determine whether two expressions are equivalent by using structure, substitution, or properties.",Connect representations / attend to precision,constructed-response,short-answer,instructional,75,,Unit 1 Assessment Plan; Algebra Overview course framework,Practice display slot 4; family position intentionally varies by form.
U1-S4-PS1-R01,SPIRAL,Algebra 1,1,4,Practice PS1,Practice,PS1-Q05,REVIEW,,,,,U1-S4-PFAM-R04,conceptual_reword,,DOK 1–2,"Compare relationships using equations, graphs, tables, visual patterns, and contexts, then justify conclusions.",,Retrieve readiness skill and connect to current work,constructed-response,short-answer,instructional,60,,Unit 1 Assessment Plan; Algebra Overview course framework,Practice display slot 5; review family position varies.
U1-S4-PS1-R02,SPIRAL,Algebra 1,1,4,Practice PS1,Practice,PS1-Q06,REVIEW,,,,,U1-S4-PFAM-R02,reasoning_shift,,DOK 1–2,"Compare relationships using equations, graphs, tables, visual patterns, and contexts, then justify conclusions.",,Retrieve readiness skill and connect to current work,constructed-response,short-answer,instructional,60,,Unit 1 Assessment Plan; Algebra Overview course framework,Practice display slot 6; review family position varies.
U1-S4-PS1-R03,SPIRAL,Algebra 1,1,4,Practice PS1,Practice,PS1-Q07,REVIEW,,,,,U1-S4-PFAM-R01,representation_shift,,DOK 1–2,"Compare relationships using equations, graphs, tables, visual patterns, and contexts, then justify conclusions.",,Retrieve readiness skill and connect to current work,constructed-response,short-answer,instructional,60,,Unit 1 Assessment Plan; Algebra Overview course framework,Practice display slot 7; review family position varies.
U1-S4-PS1-R04,SPIRAL,Algebra 1,1,4,Practice PS1,Practice,PS1-Q08,REVIEW,,,,,U1-S4-PFAM-R03,conceptual_reword,,DOK 1–2,"Compare relationships using equations, graphs, tables, visual patterns, and contexts, then justify conclusions.",,Retrieve readiness skill and connect to current work,constructed-response,short-answer,instructional,60,,Unit 1 Assessment Plan; Algebra Overview course framework,Practice display slot 8; review family position varies.
U1-S4-PS1-M01,SPIRAL,Algebra 1,1,4,Practice PS1,Practice,PS1-Q09,MASTERY,U1-MG03,,,,U1-S4-PFAM-MG3-01,routine_procedural_numeric,,DOK 2,Solve one-variable equations with equivalent transformations and verify and interpret solutions.,,Reason quantitatively / structure / check solutions,constructed-response,short-answer,instructional,90,,Unit 1 Assessment Plan; Algebra Overview course framework,Mastery family factored-equation; display slot 9.
U1-S4-PS1-M02,SPIRAL,Algebra 1,1,4,Practice PS1,Practice,PS1-Q10,MASTERY,U1-MG02,,,,U1-S4-PFAM-MG2-02,routine_procedural_numeric,,DOK 2,"Rewrite algebraic expressions into equivalent forms by using properties, structure, terms, factors, and the distributive property.",,Reason quantitatively / structure / check solutions,constructed-response,short-answer,instructional,90,,Unit 1 Assessment Plan; Algebra Overview course framework,Mastery family factor-structure; display slot 10.
U1-S4-PS1-M03,SPIRAL,Algebra 1,1,4,Practice PS1,Practice,PS1-Q11,MASTERY,U1-MG02,,,,U1-S4-PFAM-MG2-03,mixed,,DOK 2–3,"Rewrite algebraic expressions into equivalent forms by using properties, structure, terms, factors, and the distributive property.",,Reason quantitatively / structure / check solutions,constructed-response,short-answer,instructional,90,,Unit 1 Assessment Plan; Algebra Overview course framework,Mastery family equivalence-justify; display slot 11.
U1-S4-PS1-M04,SPIRAL,Algebra 1,1,4,Practice PS1,Practice,PS1-Q12,MASTERY,U1-MG03,,,,U1-S4-PFAM-MG3-04,routine_procedural_numeric,,DOK 2,Solve one-variable equations with equivalent transformations and verify and interpret solutions.,,Reason quantitatively / structure / check solutions,constructed-response,short-answer,instructional,90,,Unit 1 Assessment Plan; Algebra Overview course framework,Mastery family two-step-equation; display slot 12.
U1-S4-PS1-M05,SPIRAL,Algebra 1,1,4,Practice PS1,Practice,PS1-Q13,MASTERY,U1-MG04,,,,U1-S4-PFAM-MG4-01,routine_procedural_numeric,,DOK 2,"Solve one-variable inequalities, represent solution sets on number lines, and interpret boundaries and constraints.",,Reason quantitatively / structure / check solutions,constructed-response,short-answer,instructional,90,,Unit 1 Assessment Plan; Algebra Overview course framework,Mastery family negative-inequality; display slot 13.
U1-S4-PS1-M06,SPIRAL,Algebra 1,1,4,Practice PS1,Practice,PS1-Q14,MASTERY,U1-MG04,,,,U1-S4-PFAM-MG4-02,mixed,,DOK 2,"Solve one-variable inequalities, represent solution sets on number lines, and interpret boundaries and constraints.",,Reason quantitatively / structure / check solutions,constructed-response,short-answer,instructional,90,,Unit 1 Assessment Plan; Algebra Overview course framework,Mastery family number-line-interpret; display slot 14.
U1-S4-PS1-M07,SPIRAL,Algebra 1,1,4,Practice PS1,Practice,PS1-Q15,MASTERY,U1-MG01,,,,U1-S4-PFAM-MG1-03,routine_procedural_numeric,,DOK 2,"Compute with rational numbers and evaluate numerical or algebraic expressions accurately, using order of operations and substitution while checking reasonableness.",,Reason quantitatively / structure / check solutions,constructed-response,short-answer,instructional,90,,Unit 1 Assessment Plan; Algebra Overview course framework,Mastery family substitution; display slot 15.
U1-S4-PS1-M08,SPIRAL,Algebra 1,1,4,Practice PS1,Practice,PS1-Q16,MASTERY,U1-MG03,,,,U1-S4-PFAM-MG3-04,routine_procedural_numeric,,DOK 2,Solve one-variable equations with equivalent transformations and verify and interpret solutions.,,Reason quantitatively / structure / check solutions,constructed-response,short-answer,instructional,90,,Unit 1 Assessment Plan; Algebra Overview course framework,Mastery family two-step-equation; display slot 16.
U1-S4-PS1-M09,SPIRAL,Algebra 1,1,4,Practice PS1,Practice,PS1-Q17,MASTERY,U1-MG01,,,,U1-S4-PFAM-MG1-01,routine_procedural_numeric,,DOK 1–2,"Compute with rational numbers and evaluate numerical or algebraic expressions accurately, using order of operations and substitution while checking reasonableness.",,Reason quantitatively / structure / check solutions,constructed-response,short-answer,instructional,90,,Unit 1 Assessment Plan; Algebra Overview course framework,Mastery family fraction-operation; display slot 17.
U1-S4-PS1-M10,SPIRAL,Algebra 1,1,4,Practice PS1,Practice,PS1-Q18,MASTERY,U1-MG01,,,,U1-S4-PFAM-MG1-02,routine_procedural_numeric,,DOK 2,"Compute with rational numbers and evaluate numerical or algebraic expressions accurately, using order of operations and substitution while checking reasonableness.",,Reason quantitatively / structure / check solutions,constructed-response,short-answer,instructional,90,,Unit 1 Assessment Plan; Algebra Overview course framework,Mastery family decimal-operation; display slot 18.
U1-S4-PS2-I01,SPIRAL,Algebra 1,1,4,Practice PS2,Practice,PS2-Q01,INTRO,,,,,U1-S4-PFAM-I03,conceptual_reword,,DOK 2,"Students will interpret and rewrite algebraic expressions by identifying structure, meaning, and equivalent forms.","I can determine whether two expressions are equivalent by using structure, substitution, or properties.",Connect representations / attend to precision,constructed-response,short-answer,instructional,75,,Unit 1 Assessment Plan; Algebra Overview course framework,Practice display slot 1; family position intentionally varies by form.
U1-S4-PS2-I02,SPIRAL,Algebra 1,1,4,Practice PS2,Practice,PS2-Q02,INTRO,,,,,U1-S4-PFAM-I04,context_shift,,DOK 2,"Students will interpret and rewrite algebraic expressions by identifying structure, meaning, and equivalent forms.","I can build equivalent expressions by using structure, grouping, and properties of operations.",Connect representations / attend to precision,constructed-response,short-answer,instructional,75,,Unit 1 Assessment Plan; Algebra Overview course framework,Practice display slot 2; family position intentionally varies by form.
U1-S4-PS2-I03,SPIRAL,Algebra 1,1,4,Practice PS2,Practice,PS2-Q03,INTRO,,,,,U1-S4-PFAM-I01,routine_procedural_numeric,,DOK 2,"Students will interpret and rewrite algebraic expressions by identifying structure, meaning, and equivalent forms.","I can build equivalent expressions by using structure, grouping, and properties of operations.",Connect representations / attend to precision,constructed-response,short-answer,instructional,75,,Unit 1 Assessment Plan; Algebra Overview course framework,Practice display slot 3; family position intentionally varies by form.
U1-S4-PS2-I04,SPIRAL,Algebra 1,1,4,Practice PS2,Practice,PS2-Q04,INTRO,,,,,U1-S4-PFAM-I02,routine_procedural_numeric,,DOK 2,"Students will interpret and rewrite algebraic expressions by identifying structure, meaning, and equivalent forms.",I can apply rewriting strategies to make the meaning of an expression easier to work with.,Connect representations / attend to precision,constructed-response,short-answer,instructional,75,,Unit 1 Assessment Plan; Algebra Overview course framework,Practice display slot 4; family position intentionally varies by form.
U1-S4-PS2-R01,SPIRAL,Algebra 1,1,4,Practice PS2,Practice,PS2-Q05,REVIEW,,,,,U1-S4-PFAM-R01,representation_shift,,DOK 1–2,"Compare relationships using equations, graphs, tables, visual patterns, and contexts, then justify conclusions.",,Retrieve readiness skill and connect to current work,constructed-response,short-answer,instructional,90,,Unit 1 Assessment Plan; Algebra Overview course framework,Practice display slot 5; review family position varies.
U1-S4-PS2-R02,SPIRAL,Algebra 1,1,4,Practice PS2,Practice,PS2-Q06,REVIEW,,,,,U1-S4-PFAM-R03,conceptual_reword,,DOK 1–2,"Compare relationships using equations, graphs, tables, visual patterns, and contexts, then justify conclusions.",,Retrieve readiness skill and connect to current work,constructed-response,short-answer,instructional,90,,Unit 1 Assessment Plan; Algebra Overview course framework,Practice display slot 6; review family position varies.
U1-S4-PS2-R03,SPIRAL,Algebra 1,1,4,Practice PS2,Practice,PS2-Q07,REVIEW,,,,,U1-S4-PFAM-R02,reasoning_shift,,DOK 1–2,"Compare relationships using equations, graphs, tables, visual patterns, and contexts, then justify conclusions.",,Retrieve readiness skill and connect to current work,constructed-response,short-answer,instructional,90,,Unit 1 Assessment Plan; Algebra Overview course framework,Practice display slot 7; review family position varies.
U1-S4-PS2-R04,SPIRAL,Algebra 1,1,4,Practice PS2,Practice,PS2-Q08,REVIEW,,,,,U1-S4-PFAM-R04,conceptual_reword,,DOK 1–2,"Compare relationships using equations, graphs, tables, visual patterns, and contexts, then justify conclusions.",,Retrieve readiness skill and connect to current work,constructed-response,short-answer,instructional,90,,Unit 1 Assessment Plan; Algebra Overview course framework,Practice display slot 8; review family position varies.
U1-S4-PS2-M01,SPIRAL,Algebra 1,1,4,Practice PS2,Practice,PS2-Q09,MASTERY,U1-MG03,,,,U1-S4-PFAM-MG3-01,routine_procedural_numeric,,DOK 2,Solve one-variable equations with equivalent transformations and verify and interpret solutions.,,Reason quantitatively / structure / check solutions,constructed-response,short-answer,instructional,90,,Unit 1 Assessment Plan; Algebra Overview course framework,Mastery family factored-equation; display slot 9.
U1-S4-PS2-M02,SPIRAL,Algebra 1,1,4,Practice PS2,Practice,PS2-Q10,MASTERY,U1-MG01,,,,U1-S4-PFAM-MG1-02,routine_procedural_numeric,,DOK 2,"Compute with rational numbers and evaluate numerical or algebraic expressions accurately, using order of operations and substitution while checking reasonableness.",,Reason quantitatively / structure / check solutions,constructed-response,short-answer,instructional,90,,Unit 1 Assessment Plan; Algebra Overview course framework,Mastery family decimal-operation; display slot 10.
U1-S4-PS2-M03,SPIRAL,Algebra 1,1,4,Practice PS2,Practice,PS2-Q11,MASTERY,U1-MG02,,,,U1-S4-PFAM-MG2-03,mixed,,DOK 2–3,"Rewrite algebraic expressions into equivalent forms by using properties, structure, terms, factors, and the distributive property.",,Reason quantitatively / structure / check solutions,constructed-response,short-answer,instructional,90,,Unit 1 Assessment Plan; Algebra Overview course framework,Mastery family equivalence-justify; display slot 11.
U1-S4-PS2-M04,SPIRAL,Algebra 1,1,4,Practice PS2,Practice,PS2-Q12,MASTERY,U1-MG03,,,,U1-S4-PFAM-MG3-04,routine_procedural_numeric,,DOK 2,Solve one-variable equations with equivalent transformations and verify and interpret solutions.,,Reason quantitatively / structure / check solutions,constructed-response,short-answer,instructional,90,,Unit 1 Assessment Plan; Algebra Overview course framework,Mastery family two-step-equation; display slot 12.
U1-S4-PS2-M05,SPIRAL,Algebra 1,1,4,Practice PS2,Practice,PS2-Q13,MASTERY,U1-MG02,,,,U1-S4-PFAM-MG2-01,routine_procedural_numeric,,DOK 2,"Rewrite algebraic expressions into equivalent forms by using properties, structure, terms, factors, and the distributive property.",,Reason quantitatively / structure / check solutions,constructed-response,short-answer,instructional,90,,Unit 1 Assessment Plan; Algebra Overview course framework,Mastery family structure-combine; display slot 13.
U1-S4-PS2-M06,SPIRAL,Algebra 1,1,4,Practice PS2,Practice,PS2-Q14,MASTERY,U1-MG01,,,,U1-S4-PFAM-MG1-02,routine_procedural_numeric,,DOK 2,"Compute with rational numbers and evaluate numerical or algebraic expressions accurately, using order of operations and substitution while checking reasonableness.",,Reason quantitatively / structure / check solutions,constructed-response,short-answer,instructional,90,,Unit 1 Assessment Plan; Algebra Overview course framework,Mastery family decimal-operation; display slot 14.
U1-S4-PS2-M07,SPIRAL,Algebra 1,1,4,Practice PS2,Practice,PS2-Q15,MASTERY,U1-MG04,,,,U1-S4-PFAM-MG4-03,mixed,,DOK 2,"Solve one-variable inequalities, represent solution sets on number lines, and interpret boundaries and constraints.",,Reason quantitatively / structure / check solutions,constructed-response,short-answer,instructional,90,,Unit 1 Assessment Plan; Algebra Overview course framework,Mastery family context-constraint; display slot 15.
U1-S4-PS2-M08,SPIRAL,Algebra 1,1,4,Practice PS2,Practice,PS2-Q16,MASTERY,U1-MG03,,,,U1-S4-PFAM-MG3-04,routine_procedural_numeric,,DOK 2,Solve one-variable equations with equivalent transformations and verify and interpret solutions.,,Reason quantitatively / structure / check solutions,constructed-response,short-answer,instructional,90,,Unit 1 Assessment Plan; Algebra Overview course framework,Mastery family two-step-equation; display slot 16.
U1-S4-PS2-M09,SPIRAL,Algebra 1,1,4,Practice PS2,Practice,PS2-Q17,MASTERY,U1-MG01,,,,U1-S4-PFAM-MG1-01,routine_procedural_numeric,,DOK 1–2,"Compute with rational numbers and evaluate numerical or algebraic expressions accurately, using order of operations and substitution while checking reasonableness.",,Reason quantitatively / structure / check solutions,constructed-response,short-answer,instructional,90,,Unit 1 Assessment Plan; Algebra Overview course framework,Mastery family fraction-operation; display slot 17.
U1-S4-PS2-M10,SPIRAL,Algebra 1,1,4,Practice PS2,Practice,PS2-Q18,MASTERY,U1-MG04,,,,U1-S4-PFAM-MG4-02,mixed,,DOK 2,"Solve one-variable inequalities, represent solution sets on number lines, and interpret boundaries and constraints.",,Reason quantitatively / structure / check solutions,constructed-response,short-answer,instructional,90,,Unit 1 Assessment Plan; Algebra Overview course framework,Mastery family number-line-interpret; display slot 18.
U1-S4-PS3-I01,SPIRAL,Algebra 1,1,4,Practice PS3,Practice,PS3-Q01,INTRO,,,,,U1-S4-PFAM-I02,routine_procedural_numeric,,DOK 2,"Students will interpret and rewrite algebraic expressions by identifying structure, meaning, and equivalent forms.",I can apply rewriting strategies to make the meaning of an expression easier to work with.,Connect representations / attend to precision,constructed-response,short-answer,instructional,75,,Unit 1 Assessment Plan; Algebra Overview course framework,Practice display slot 1; family position intentionally varies by form.
U1-S4-PS3-I02,SPIRAL,Algebra 1,1,4,Practice PS3,Practice,PS3-Q02,INTRO,,,,,U1-S4-PFAM-I03,conceptual_reword,,DOK 2,"Students will interpret and rewrite algebraic expressions by identifying structure, meaning, and equivalent forms.","I can determine whether two expressions are equivalent by using structure, substitution, or properties.",Connect representations / attend to precision,constructed-response,short-answer,instructional,105,,Unit 1 Assessment Plan; Algebra Overview course framework,Practice display slot 2; family position intentionally varies by form.
U1-S4-PS3-I03,SPIRAL,Algebra 1,1,4,Practice PS3,Practice,PS3-Q03,INTRO,,,,,U1-S4-PFAM-I04,context_shift,,DOK 2,"Students will interpret and rewrite algebraic expressions by identifying structure, meaning, and equivalent forms.","I can build equivalent expressions by using structure, grouping, and properties of operations.",Connect representations / attend to precision,constructed-response,short-answer,instructional,105,,Unit 1 Assessment Plan; Algebra Overview course framework,Practice display slot 3; family position intentionally varies by form.
U1-S4-PS3-I04,SPIRAL,Algebra 1,1,4,Practice PS3,Practice,PS3-Q04,INTRO,,,,,U1-S4-PFAM-I01,routine_procedural_numeric,,DOK 2,"Students will interpret and rewrite algebraic expressions by identifying structure, meaning, and equivalent forms.","I can build equivalent expressions by using structure, grouping, and properties of operations.",Connect representations / attend to precision,constructed-response,short-answer,instructional,75,,Unit 1 Assessment Plan; Algebra Overview course framework,Practice display slot 4; family position intentionally varies by form.
U1-S4-PS3-R01,SPIRAL,Algebra 1,1,4,Practice PS3,Practice,PS3-Q05,REVIEW,,,,,U1-S4-PFAM-R01,representation_shift,,DOK 1–2,"Compare relationships using equations, graphs, tables, visual patterns, and contexts, then justify conclusions.",,Retrieve readiness skill and connect to current work,constructed-response,short-answer,instructional,90,,Unit 1 Assessment Plan; Algebra Overview course framework,Practice display slot 5; review family position varies.
U1-S4-PS3-R02,SPIRAL,Algebra 1,1,4,Practice PS3,Practice,PS3-Q06,REVIEW,,,,,U1-S4-PFAM-R04,conceptual_reword,,DOK 1–2,"Compare relationships using equations, graphs, tables, visual patterns, and contexts, then justify conclusions.",,Retrieve readiness skill and connect to current work,constructed-response,short-answer,instructional,90,,Unit 1 Assessment Plan; Algebra Overview course framework,Practice display slot 6; review family position varies.
U1-S4-PS3-R03,SPIRAL,Algebra 1,1,4,Practice PS3,Practice,PS3-Q07,REVIEW,,,,,U1-S4-PFAM-R03,conceptual_reword,,DOK 1–2,"Compare relationships using equations, graphs, tables, visual patterns, and contexts, then justify conclusions.",,Retrieve readiness skill and connect to current work,constructed-response,short-answer,instructional,90,,Unit 1 Assessment Plan; Algebra Overview course framework,Practice display slot 7; review family position varies.
U1-S4-PS3-R04,SPIRAL,Algebra 1,1,4,Practice PS3,Practice,PS3-Q08,REVIEW,,,,,U1-S4-PFAM-R02,reasoning_shift,,DOK 1–2,"Compare relationships using equations, graphs, tables, visual patterns, and contexts, then justify conclusions.",,Retrieve readiness skill and connect to current work,constructed-response,short-answer,instructional,90,,Unit 1 Assessment Plan; Algebra Overview course framework,Practice display slot 8; review family position varies.
U1-S4-PS3-M01,SPIRAL,Algebra 1,1,4,Practice PS3,Practice,PS3-Q09,MASTERY,U1-MG03,,,,U1-S4-PFAM-MG3-01,routine_procedural_numeric,,DOK 2,Solve one-variable equations with equivalent transformations and verify and interpret solutions.,,Reason quantitatively / structure / check solutions,constructed-response,short-answer,instructional,90,,Unit 1 Assessment Plan; Algebra Overview course framework,Mastery family factored-equation; display slot 9.
U1-S4-PS3-M02,SPIRAL,Algebra 1,1,4,Practice PS3,Practice,PS3-Q10,MASTERY,U1-MG03,,,,U1-S4-PFAM-MG3-02,routine_procedural_numeric,,DOK 2,Solve one-variable equations with equivalent transformations and verify and interpret solutions.,,Reason quantitatively / structure / check solutions,constructed-response,short-answer,instructional,90,,Unit 1 Assessment Plan; Algebra Overview course framework,Mastery family variables-both-sides; display slot 10.
U1-S4-PS3-M03,SPIRAL,Algebra 1,1,4,Practice PS3,Practice,PS3-Q11,MASTERY,U1-MG02,,,,U1-S4-PFAM-MG2-03,mixed,,DOK 2–3,"Rewrite algebraic expressions into equivalent forms by using properties, structure, terms, factors, and the distributive property.",,Reason quantitatively / structure / check solutions,constructed-response,short-answer,instructional,90,,Unit 1 Assessment Plan; Algebra Overview course framework,Mastery family equivalence-justify; display slot 11.
U1-S4-PS3-M04,SPIRAL,Algebra 1,1,4,Practice PS3,Practice,PS3-Q12,MASTERY,U1-MG04,,,,U1-S4-PFAM-MG4-04,routine_procedural_numeric,,DOK 2,"Solve one-variable inequalities, represent solution sets on number lines, and interpret boundaries and constraints.",,Reason quantitatively / structure / check solutions,constructed-response,short-answer,instructional,90,,Unit 1 Assessment Plan; Algebra Overview course framework,Mastery family positive-inequality; display slot 12.
U1-S4-PS3-M05,SPIRAL,Algebra 1,1,4,Practice PS3,Practice,PS3-Q13,MASTERY,U1-MG02,,,,U1-S4-PFAM-MG2-01,routine_procedural_numeric,,DOK 2,"Rewrite algebraic expressions into equivalent forms by using properties, structure, terms, factors, and the distributive property.",,Reason quantitatively / structure / check solutions,constructed-response,short-answer,instructional,90,,Unit 1 Assessment Plan; Algebra Overview course framework,Mastery family structure-combine; display slot 13.
U1-S4-PS3-M06,SPIRAL,Algebra 1,1,4,Practice PS3,Practice,PS3-Q14,MASTERY,U1-MG04,,,,U1-S4-PFAM-MG4-02,mixed,,DOK 2,"Solve one-variable inequalities, represent solution sets on number lines, and interpret boundaries and constraints.",,Reason quantitatively / structure / check solutions,constructed-response,short-answer,instructional,90,,Unit 1 Assessment Plan; Algebra Overview course framework,Mastery family number-line-interpret; display slot 14.
U1-S4-PS3-M07,SPIRAL,Algebra 1,1,4,Practice PS3,Practice,PS3-Q15,MASTERY,U1-MG03,,,,U1-S4-PFAM-MG3-03,mixed,,DOK 2,Solve one-variable equations with equivalent transformations and verify and interpret solutions.,,Reason quantitatively / structure / check solutions,constructed-response,short-answer,instructional,120,,Unit 1 Assessment Plan; Algebra Overview course framework,Mastery family context-equation; display slot 15.
U1-S4-PS3-M08,SPIRAL,Algebra 1,1,4,Practice PS3,Practice,PS3-Q16,MASTERY,U1-MG01,,,,U1-S4-PFAM-MG1-04,routine_procedural_numeric,,DOK 1–2,"Compute with rational numbers and evaluate numerical or algebraic expressions accurately, using order of operations and substitution while checking reasonableness.",,Reason quantitatively / structure / check solutions,constructed-response,short-answer,instructional,90,,Unit 1 Assessment Plan; Algebra Overview course framework,Mastery family integer-order; display slot 16.
U1-S4-PS3-M09,SPIRAL,Algebra 1,1,4,Practice PS3,Practice,PS3-Q17,MASTERY,U1-MG01,,,,U1-S4-PFAM-MG1-01,routine_procedural_numeric,,DOK 1–2,"Compute with rational numbers and evaluate numerical or algebraic expressions accurately, using order of operations and substitution while checking reasonableness.",,Reason quantitatively / structure / check solutions,constructed-response,short-answer,instructional,90,,Unit 1 Assessment Plan; Algebra Overview course framework,Mastery family fraction-operation; display slot 17.
U1-S4-PS3-M10,SPIRAL,Algebra 1,1,4,Practice PS3,Practice,PS3-Q18,MASTERY,U1-MG01,,,,U1-S4-PFAM-MG1-02,routine_procedural_numeric,,DOK 2,"Compute with rational numbers and evaluate numerical or algebraic expressions accurately, using order of operations and substitution while checking reasonableness.",,Reason quantitatively / structure / check solutions,constructed-response,short-answer,instructional,90,,Unit 1 Assessment Plan; Algebra Overview course framework,Mastery family decimal-operation; display slot 18.
U1-S4-XP-I01,SPIRAL,Algebra 1,1,4,Practice XP,Practice,XP-Q01,INTRO,,,,,U1-S4-PFAM-I04,context_shift,,DOK 2,"Students will interpret and rewrite algebraic expressions by identifying structure, meaning, and equivalent forms.","I can build equivalent expressions by using structure, grouping, and properties of operations.",Connect representations / attend to precision,constructed-response,short-answer,instructional,105,,Unit 1 Assessment Plan; Algebra Overview course framework,Practice display slot 1; family position intentionally varies by form.
U1-S4-XP-I02,SPIRAL,Algebra 1,1,4,Practice XP,Practice,XP-Q02,INTRO,,,,,U1-S4-PFAM-I03,conceptual_reword,,DOK 2,"Students will interpret and rewrite algebraic expressions by identifying structure, meaning, and equivalent forms.","I can determine whether two expressions are equivalent by using structure, substitution, or properties.",Connect representations / attend to precision,constructed-response,short-answer,instructional,105,,Unit 1 Assessment Plan; Algebra Overview course framework,Practice display slot 2; family position intentionally varies by form.
U1-S4-XP-I03,SPIRAL,Algebra 1,1,4,Practice XP,Practice,XP-Q03,INTRO,,,,,U1-S4-PFAM-I01,routine_procedural_numeric,,DOK 2,"Students will interpret and rewrite algebraic expressions by identifying structure, meaning, and equivalent forms.","I can build equivalent expressions by using structure, grouping, and properties of operations.",Connect representations / attend to precision,constructed-response,short-answer,instructional,75,,Unit 1 Assessment Plan; Algebra Overview course framework,Practice display slot 3; family position intentionally varies by form.
U1-S4-XP-I04,SPIRAL,Algebra 1,1,4,Practice XP,Practice,XP-Q04,INTRO,,,,,U1-S4-PFAM-I02,routine_procedural_numeric,,DOK 2,"Students will interpret and rewrite algebraic expressions by identifying structure, meaning, and equivalent forms.",I can apply rewriting strategies to make the meaning of an expression easier to work with.,Connect representations / attend to precision,constructed-response,short-answer,instructional,105,,Unit 1 Assessment Plan; Algebra Overview course framework,Practice display slot 4; family position intentionally varies by form.
U1-S4-XP-R01,SPIRAL,Algebra 1,1,4,Practice XP,Practice,XP-Q05,REVIEW,,,,,U1-S4-PFAM-R02,reasoning_shift,,DOK 1–2,"Compare relationships using equations, graphs, tables, visual patterns, and contexts, then justify conclusions.",,Retrieve readiness skill and connect to current work,constructed-response,short-answer,instructional,90,,Unit 1 Assessment Plan; Algebra Overview course framework,Practice display slot 5; review family position varies.
U1-S4-XP-R02,SPIRAL,Algebra 1,1,4,Practice XP,Practice,XP-Q06,REVIEW,,,,,U1-S4-PFAM-R04,conceptual_reword,,DOK 1–2,"Compare relationships using equations, graphs, tables, visual patterns, and contexts, then justify conclusions.",,Retrieve readiness skill and connect to current work,constructed-response,short-answer,instructional,90,,Unit 1 Assessment Plan; Algebra Overview course framework,Practice display slot 6; review family position varies.
U1-S4-XP-R03,SPIRAL,Algebra 1,1,4,Practice XP,Practice,XP-Q07,REVIEW,,,,,U1-S4-PFAM-R01,representation_shift,,DOK 1–2,"Compare relationships using equations, graphs, tables, visual patterns, and contexts, then justify conclusions.",,Retrieve readiness skill and connect to current work,constructed-response,short-answer,instructional,90,,Unit 1 Assessment Plan; Algebra Overview course framework,Practice display slot 7; review family position varies.
U1-S4-XP-R04,SPIRAL,Algebra 1,1,4,Practice XP,Practice,XP-Q08,REVIEW,,,,,U1-S4-PFAM-R03,conceptual_reword,,DOK 1–2,"Compare relationships using equations, graphs, tables, visual patterns, and contexts, then justify conclusions.",,Retrieve readiness skill and connect to current work,constructed-response,short-answer,instructional,90,,Unit 1 Assessment Plan; Algebra Overview course framework,Practice display slot 8; review family position varies.
U1-S4-XP-M01,SPIRAL,Algebra 1,1,4,Practice XP,Practice,XP-Q09,MASTERY,U1-MG03,,,,U1-S4-PFAM-MG3-01,routine_procedural_numeric,,DOK 2,Solve one-variable equations with equivalent transformations and verify and interpret solutions.,,Reason quantitatively / structure / check solutions,constructed-response,short-answer,instructional,90,,Unit 1 Assessment Plan; Algebra Overview course framework,Mastery family factored-equation; display slot 9.
U1-S4-XP-M02,SPIRAL,Algebra 1,1,4,Practice XP,Practice,XP-Q10,MASTERY,U1-MG03,,,,U1-S4-PFAM-MG3-02,routine_procedural_numeric,,DOK 2,Solve one-variable equations with equivalent transformations and verify and interpret solutions.,,Reason quantitatively / structure / check solutions,constructed-response,short-answer,instructional,90,,Unit 1 Assessment Plan; Algebra Overview course framework,Mastery family variables-both-sides; display slot 10.
U1-S4-XP-M03,SPIRAL,Algebra 1,1,4,Practice XP,Practice,XP-Q11,MASTERY,U1-MG01,,,,U1-S4-PFAM-MG1-03,routine_procedural_numeric,,DOK 2,"Compute with rational numbers and evaluate numerical or algebraic expressions accurately, using order of operations and substitution while checking reasonableness.",,Reason quantitatively / structure / check solutions,constructed-response,short-answer,instructional,90,,Unit 1 Assessment Plan; Algebra Overview course framework,Mastery family substitution; display slot 11.
U1-S4-XP-M04,SPIRAL,Algebra 1,1,4,Practice XP,Practice,XP-Q12,MASTERY,U1-MG02,,,,U1-S4-PFAM-MG2-04,routine_procedural_numeric,,DOK 2,"Rewrite algebraic expressions into equivalent forms by using properties, structure, terms, factors, and the distributive property.",,Reason quantitatively / structure / check solutions,constructed-response,short-answer,instructional,90,,Unit 1 Assessment Plan; Algebra Overview course framework,Mastery family distribute-combine; display slot 12.
U1-S4-XP-M05,SPIRAL,Algebra 1,1,4,Practice XP,Practice,XP-Q13,MASTERY,U1-MG01,,,,U1-S4-PFAM-MG1-01,routine_procedural_numeric,,DOK 1–2,"Compute with rational numbers and evaluate numerical or algebraic expressions accurately, using order of operations and substitution while checking reasonableness.",,Reason quantitatively / structure / check solutions,constructed-response,short-answer,instructional,90,,Unit 1 Assessment Plan; Algebra Overview course framework,Mastery family fraction-operation; display slot 13.
U1-S4-XP-M06,SPIRAL,Algebra 1,1,4,Practice XP,Practice,XP-Q14,MASTERY,U1-MG01,,,,U1-S4-PFAM-MG1-02,routine_procedural_numeric,,DOK 2,"Compute with rational numbers and evaluate numerical or algebraic expressions accurately, using order of operations and substitution while checking reasonableness.",,Reason quantitatively / structure / check solutions,constructed-response,short-answer,instructional,90,,Unit 1 Assessment Plan; Algebra Overview course framework,Mastery family decimal-operation; display slot 14.
U1-S4-XP-M07,SPIRAL,Algebra 1,1,4,Practice XP,Practice,XP-Q15,MASTERY,U1-MG04,,,,U1-S4-PFAM-MG4-03,mixed,,DOK 2,"Solve one-variable inequalities, represent solution sets on number lines, and interpret boundaries and constraints.",,Reason quantitatively / structure / check solutions,constructed-response,short-answer,instructional,90,,Unit 1 Assessment Plan; Algebra Overview course framework,Mastery family context-constraint; display slot 15.
U1-S4-XP-M08,SPIRAL,Algebra 1,1,4,Practice XP,Practice,XP-Q16,MASTERY,U1-MG03,,,,U1-S4-PFAM-MG3-04,routine_procedural_numeric,,DOK 2,Solve one-variable equations with equivalent transformations and verify and interpret solutions.,,Reason quantitatively / structure / check solutions,constructed-response,short-answer,instructional,90,,Unit 1 Assessment Plan; Algebra Overview course framework,Mastery family two-step-equation; display slot 16.
U1-S4-XP-M09,SPIRAL,Algebra 1,1,4,Practice XP,Practice,XP-Q17,MASTERY,U1-MG02,,,,U1-S4-PFAM-MG2-01,routine_procedural_numeric,,DOK 2,"Rewrite algebraic expressions into equivalent forms by using properties, structure, terms, factors, and the distributive property.",,Reason quantitatively / structure / check solutions,constructed-response,short-answer,instructional,90,,Unit 1 Assessment Plan; Algebra Overview course framework,Mastery family structure-combine; display slot 17.
U1-S4-XP-M10,SPIRAL,Algebra 1,1,4,Practice XP,Practice,XP-Q18,MASTERY,U1-MG04,,,,U1-S4-PFAM-MG4-02,mixed,,DOK 2,"Solve one-variable inequalities, represent solution sets on number lines, and interpret boundaries and constraints.",,Reason quantitatively / structure / check solutions,constructed-response,short-answer,instructional,90,,Unit 1 Assessment Plan; Algebra Overview course framework,Mastery family number-line-interpret; display slot 18.
U1-S5-PS1-I01,SPIRAL,Algebra 1,1,5,Practice PS1,Practice,PS1-Q01,INTRO,,,,,U1-S5-PFAM-I02,routine_procedural_numeric,,DOK 2,"Students will write, solve, and interpret equations that model situations.",I can use solution steps to solve an equation and connect the result to the situation.,Connect representations / attend to precision,constructed-response,short-answer,instructional,75,,Unit 1 Assessment Plan; Algebra Overview course framework,Practice display slot 1; family position intentionally varies by form.
U1-S5-PS1-I02,SPIRAL,Algebra 1,1,5,Practice PS1,Practice,PS1-Q02,INTRO,,,,,U1-S5-PFAM-I03,conceptual_reword,,DOK 2,"Students will write, solve, and interpret equations that model situations.",I can predict whether a solution is reasonable by interpreting it in the original context.,Connect representations / attend to precision,constructed-response,short-answer,instructional,105,,Unit 1 Assessment Plan; Algebra Overview course framework,Practice display slot 2; family position intentionally varies by form.
U1-S5-PS1-I03,SPIRAL,Algebra 1,1,5,Practice PS1,Practice,PS1-Q03,INTRO,,,,,U1-S5-PFAM-I01,context_shift,,DOK 2,"Students will write, solve, and interpret equations that model situations.",I can construct an equation that models a situation using meaningful quantities and operations.,Connect representations / attend to precision,constructed-response,short-answer,instructional,75,,Unit 1 Assessment Plan; Algebra Overview course framework,Practice display slot 3; family position intentionally varies by form.
U1-S5-PS1-I04,SPIRAL,Algebra 1,1,5,Practice PS1,Practice,PS1-Q04,INTRO,,,,,U1-S5-PFAM-I04,reasoning_shift,,DOK 2,"Students will write, solve, and interpret equations that model situations.",I can construct an equation that models a situation using meaningful quantities and operations.,Connect representations / attend to precision,constructed-response,short-answer,instructional,105,,Unit 1 Assessment Plan; Algebra Overview course framework,Practice display slot 4; family position intentionally varies by form.
U1-S5-PS1-R01,SPIRAL,Algebra 1,1,5,Practice PS1,Practice,PS1-Q05,REVIEW,,,,,U1-S5-PFAM-R02,representation_shift,,DOK 1–2,"Represent linear relationships using tables, graphs, equations, and contextual descriptions.",,Retrieve readiness skill and connect to current work,constructed-response,short-answer,instructional,60,,Unit 1 Assessment Plan; Algebra Overview course framework,Practice display slot 5; review family position varies.
U1-S5-PS1-R02,SPIRAL,Algebra 1,1,5,Practice PS1,Practice,PS1-Q06,REVIEW,,,,,U1-S5-PFAM-R03,context_shift,,DOK 1–2,"Represent linear relationships using tables, graphs, equations, and contextual descriptions.",,Retrieve readiness skill and connect to current work,constructed-response,short-answer,instructional,60,,Unit 1 Assessment Plan; Algebra Overview course framework,Practice display slot 6; review family position varies.
U1-S5-PS1-R03,SPIRAL,Algebra 1,1,5,Practice PS1,Practice,PS1-Q07,REVIEW,,,,,U1-S5-PFAM-R04,representation_shift,,DOK 1–2,"Represent linear relationships using tables, graphs, equations, and contextual descriptions.",,Retrieve readiness skill and connect to current work,constructed-response,short-answer,instructional,60,,Unit 1 Assessment Plan; Algebra Overview course framework,Practice display slot 7; review family position varies.
U1-S5-PS1-R04,SPIRAL,Algebra 1,1,5,Practice PS1,Practice,PS1-Q08,REVIEW,,,,,U1-S5-PFAM-R01,representation_shift,,DOK 1–2,"Represent linear relationships using tables, graphs, equations, and contextual descriptions.",,Retrieve readiness skill and connect to current work,constructed-response,short-answer,instructional,60,,Unit 1 Assessment Plan; Algebra Overview course framework,Practice display slot 8; review family position varies.
U1-S5-PS1-M01,SPIRAL,Algebra 1,1,5,Practice PS1,Practice,PS1-Q09,MASTERY,U1-MG01,,,,U1-S5-PFAM-MG1-01,routine_procedural_numeric,,DOK 1–2,"Compute with rational numbers and evaluate numerical or algebraic expressions accurately, using order of operations and substitution while checking reasonableness.",,Reason quantitatively / structure / check solutions,constructed-response,short-answer,instructional,90,,Unit 1 Assessment Plan; Algebra Overview course framework,Mastery family fraction-operation; display slot 9.
U1-S5-PS1-M02,SPIRAL,Algebra 1,1,5,Practice PS1,Practice,PS1-Q10,MASTERY,U1-MG02,,,,U1-S5-PFAM-MG2-02,routine_procedural_numeric,,DOK 2,"Rewrite algebraic expressions into equivalent forms by using properties, structure, terms, factors, and the distributive property.",,Reason quantitatively / structure / check solutions,constructed-response,short-answer,instructional,120,,Unit 1 Assessment Plan; Algebra Overview course framework,Mastery family factor-structure; display slot 10.
U1-S5-PS1-M03,SPIRAL,Algebra 1,1,5,Practice PS1,Practice,PS1-Q11,MASTERY,U1-MG04,,,,U1-S5-PFAM-MG4-03,mixed,,DOK 2,"Solve one-variable inequalities, represent solution sets on number lines, and interpret boundaries and constraints.",,Reason quantitatively / structure / check solutions,constructed-response,short-answer,instructional,90,,Unit 1 Assessment Plan; Algebra Overview course framework,Mastery family context-constraint; display slot 11.
U1-S5-PS1-M04,SPIRAL,Algebra 1,1,5,Practice PS1,Practice,PS1-Q12,MASTERY,U1-MG04,,,,U1-S5-PFAM-MG4-04,routine_procedural_numeric,,DOK 2,"Solve one-variable inequalities, represent solution sets on number lines, and interpret boundaries and constraints.",,Reason quantitatively / structure / check solutions,constructed-response,short-answer,instructional,90,,Unit 1 Assessment Plan; Algebra Overview course framework,Mastery family positive-inequality; display slot 12.
U1-S5-PS1-M05,SPIRAL,Algebra 1,1,5,Practice PS1,Practice,PS1-Q13,MASTERY,U1-MG03,,,,U1-S5-PFAM-MG3-01,routine_procedural_numeric,,DOK 2,Solve one-variable equations with equivalent transformations and verify and interpret solutions.,,Reason quantitatively / structure / check solutions,constructed-response,short-answer,instructional,90,,Unit 1 Assessment Plan; Algebra Overview course framework,Mastery family factored-equation; display slot 13.
U1-S5-PS1-M06,SPIRAL,Algebra 1,1,5,Practice PS1,Practice,PS1-Q14,MASTERY,U1-MG03,,,,U1-S5-PFAM-MG3-02,routine_procedural_numeric,,DOK 2,Solve one-variable equations with equivalent transformations and verify and interpret solutions.,,Reason quantitatively / structure / check solutions,constructed-response,short-answer,instructional,90,,Unit 1 Assessment Plan; Algebra Overview course framework,Mastery family variables-both-sides; display slot 14.
U1-S5-PS1-M07,SPIRAL,Algebra 1,1,5,Practice PS1,Practice,PS1-Q15,MASTERY,U1-MG03,,,,U1-S5-PFAM-MG3-03,mixed,,DOK 2,Solve one-variable equations with equivalent transformations and verify and interpret solutions.,,Reason quantitatively / structure / check solutions,constructed-response,short-answer,instructional,90,,Unit 1 Assessment Plan; Algebra Overview course framework,Mastery family context-equation; display slot 15.
U1-S5-PS1-M08,SPIRAL,Algebra 1,1,5,Practice PS1,Practice,PS1-Q16,MASTERY,U1-MG01,,,,U1-S5-PFAM-MG1-04,routine_procedural_numeric,,DOK 1–2,"Compute with rational numbers and evaluate numerical or algebraic expressions accurately, using order of operations and substitution while checking reasonableness.",,Reason quantitatively / structure / check solutions,constructed-response,short-answer,instructional,90,,Unit 1 Assessment Plan; Algebra Overview course framework,Mastery family integer-order; display slot 16.
U1-S5-PS1-M09,SPIRAL,Algebra 1,1,5,Practice PS1,Practice,PS1-Q17,MASTERY,U1-MG02,,,,U1-S5-PFAM-MG2-01,routine_procedural_numeric,,DOK 2,"Rewrite algebraic expressions into equivalent forms by using properties, structure, terms, factors, and the distributive property.",,Reason quantitatively / structure / check solutions,constructed-response,short-answer,instructional,90,,Unit 1 Assessment Plan; Algebra Overview course framework,Mastery family structure-combine; display slot 17.
U1-S5-PS1-M10,SPIRAL,Algebra 1,1,5,Practice PS1,Practice,PS1-Q18,MASTERY,U1-MG01,,,,U1-S5-PFAM-MG1-02,routine_procedural_numeric,,DOK 2,"Compute with rational numbers and evaluate numerical or algebraic expressions accurately, using order of operations and substitution while checking reasonableness.",,Reason quantitatively / structure / check solutions,constructed-response,short-answer,instructional,90,,Unit 1 Assessment Plan; Algebra Overview course framework,Mastery family decimal-operation; display slot 18.
U1-S5-PS2-I01,SPIRAL,Algebra 1,1,5,Practice PS2,Practice,PS2-Q01,INTRO,,,,,U1-S5-PFAM-I01,context_shift,,DOK 2,"Students will write, solve, and interpret equations that model situations.",I can construct an equation that models a situation using meaningful quantities and operations.,Connect representations / attend to precision,constructed-response,short-answer,instructional,75,,Unit 1 Assessment Plan; Algebra Overview course framework,Practice display slot 1; family position intentionally varies by form.
U1-S5-PS2-I02,SPIRAL,Algebra 1,1,5,Practice PS2,Practice,PS2-Q02,INTRO,,,,,U1-S5-PFAM-I04,reasoning_shift,,DOK 2,"Students will write, solve, and interpret equations that model situations.",I can construct an equation that models a situation using meaningful quantities and operations.,Connect representations / attend to precision,constructed-response,short-answer,instructional,105,,Unit 1 Assessment Plan; Algebra Overview course framework,Practice display slot 2; family position intentionally varies by form.
U1-S5-PS2-I03,SPIRAL,Algebra 1,1,5,Practice PS2,Practice,PS2-Q03,INTRO,,,,,U1-S5-PFAM-I03,conceptual_reword,,DOK 2,"Students will write, solve, and interpret equations that model situations.",I can predict whether a solution is reasonable by interpreting it in the original context.,Connect representations / attend to precision,constructed-response,short-answer,instructional,105,,Unit 1 Assessment Plan; Algebra Overview course framework,Practice display slot 3; family position intentionally varies by form.
U1-S5-PS2-I04,SPIRAL,Algebra 1,1,5,Practice PS2,Practice,PS2-Q04,INTRO,,,,,U1-S5-PFAM-I02,routine_procedural_numeric,,DOK 2,"Students will write, solve, and interpret equations that model situations.",I can use solution steps to solve an equation and connect the result to the situation.,Connect representations / attend to precision,constructed-response,short-answer,instructional,105,,Unit 1 Assessment Plan; Algebra Overview course framework,Practice display slot 4; family position intentionally varies by form.
U1-S5-PS2-R01,SPIRAL,Algebra 1,1,5,Practice PS2,Practice,PS2-Q05,REVIEW,,,,,U1-S5-PFAM-R02,representation_shift,,DOK 1–2,"Represent linear relationships using tables, graphs, equations, and contextual descriptions.",,Retrieve readiness skill and connect to current work,constructed-response,short-answer,instructional,60,,Unit 1 Assessment Plan; Algebra Overview course framework,Practice display slot 5; review family position varies.
U1-S5-PS2-R02,SPIRAL,Algebra 1,1,5,Practice PS2,Practice,PS2-Q06,REVIEW,,,,,U1-S5-PFAM-R04,representation_shift,,DOK 1–2,"Represent linear relationships using tables, graphs, equations, and contextual descriptions.",,Retrieve readiness skill and connect to current work,constructed-response,short-answer,instructional,90,,Unit 1 Assessment Plan; Algebra Overview course framework,Practice display slot 6; review family position varies.
U1-S5-PS2-R03,SPIRAL,Algebra 1,1,5,Practice PS2,Practice,PS2-Q07,REVIEW,,,,,U1-S5-PFAM-R03,context_shift,,DOK 1–2,"Represent linear relationships using tables, graphs, equations, and contextual descriptions.",,Retrieve readiness skill and connect to current work,constructed-response,short-answer,instructional,90,,Unit 1 Assessment Plan; Algebra Overview course framework,Practice display slot 7; review family position varies.
U1-S5-PS2-R04,SPIRAL,Algebra 1,1,5,Practice PS2,Practice,PS2-Q08,REVIEW,,,,,U1-S5-PFAM-R01,representation_shift,,DOK 1–2,"Represent linear relationships using tables, graphs, equations, and contextual descriptions.",,Retrieve readiness skill and connect to current work,constructed-response,short-answer,instructional,60,,Unit 1 Assessment Plan; Algebra Overview course framework,Practice display slot 8; review family position varies.
U1-S5-PS2-M01,SPIRAL,Algebra 1,1,5,Practice PS2,Practice,PS2-Q09,MASTERY,U1-MG01,,,,U1-S5-PFAM-MG1-01,routine_procedural_numeric,,DOK 1–2,"Compute with rational numbers and evaluate numerical or algebraic expressions accurately, using order of operations and substitution while checking reasonableness.",,Reason quantitatively / structure / check solutions,constructed-response,short-answer,instructional,90,,Unit 1 Assessment Plan; Algebra Overview course framework,Mastery family fraction-operation; display slot 9.
U1-S5-PS2-M02,SPIRAL,Algebra 1,1,5,Practice PS2,Practice,PS2-Q10,MASTERY,U1-MG03,,,,U1-S5-PFAM-MG3-02,routine_procedural_numeric,,DOK 2,Solve one-variable equations with equivalent transformations and verify and interpret solutions.,,Reason quantitatively / structure / check solutions,constructed-response,short-answer,instructional,90,,Unit 1 Assessment Plan; Algebra Overview course framework,Mastery family variables-both-sides; display slot 10.
U1-S5-PS2-M03,SPIRAL,Algebra 1,1,5,Practice PS2,Practice,PS2-Q11,MASTERY,U1-MG02,,,,U1-S5-PFAM-MG2-03,mixed,,DOK 2–3,"Rewrite algebraic expressions into equivalent forms by using properties, structure, terms, factors, and the distributive property.",,Reason quantitatively / structure / check solutions,constructed-response,short-answer,instructional,90,,Unit 1 Assessment Plan; Algebra Overview course framework,Mastery family equivalence-justify; display slot 11.
U1-S5-PS2-M04,SPIRAL,Algebra 1,1,5,Practice PS2,Practice,PS2-Q12,MASTERY,U1-MG03,,,,U1-S5-PFAM-MG3-04,routine_procedural_numeric,,DOK 2,Solve one-variable equations with equivalent transformations and verify and interpret solutions.,,Reason quantitatively / structure / check solutions,constructed-response,short-answer,instructional,90,,Unit 1 Assessment Plan; Algebra Overview course framework,Mastery family two-step-equation; display slot 12.
U1-S5-PS2-M05,SPIRAL,Algebra 1,1,5,Practice PS2,Practice,PS2-Q13,MASTERY,U1-MG04,,,,U1-S5-PFAM-MG4-01,routine_procedural_numeric,,DOK 2,"Solve one-variable inequalities, represent solution sets on number lines, and interpret boundaries and constraints.",,Reason quantitatively / structure / check solutions,constructed-response,short-answer,instructional,90,,Unit 1 Assessment Plan; Algebra Overview course framework,Mastery family negative-inequality; display slot 13.
U1-S5-PS2-M06,SPIRAL,Algebra 1,1,5,Practice PS2,Practice,PS2-Q14,MASTERY,U1-MG01,,,,U1-S5-PFAM-MG1-02,routine_procedural_numeric,,DOK 2,"Compute with rational numbers and evaluate numerical or algebraic expressions accurately, using order of operations and substitution while checking reasonableness.",,Reason quantitatively / structure / check solutions,constructed-response,short-answer,instructional,90,,Unit 1 Assessment Plan; Algebra Overview course framework,Mastery family decimal-operation; display slot 14.
U1-S5-PS2-M07,SPIRAL,Algebra 1,1,5,Practice PS2,Practice,PS2-Q15,MASTERY,U1-MG02,,,,U1-S5-PFAM-MG2-03,mixed,,DOK 2–3,"Rewrite algebraic expressions into equivalent forms by using properties, structure, terms, factors, and the distributive property.",,Reason quantitatively / structure / check solutions,constructed-response,short-answer,instructional,90,,Unit 1 Assessment Plan; Algebra Overview course framework,Mastery family equivalence-justify; display slot 15.
U1-S5-PS2-M08,SPIRAL,Algebra 1,1,5,Practice PS2,Practice,PS2-Q16,MASTERY,U1-MG01,,,,U1-S5-PFAM-MG1-04,routine_procedural_numeric,,DOK 1–2,"Compute with rational numbers and evaluate numerical or algebraic expressions accurately, using order of operations and substitution while checking reasonableness.",,Reason quantitatively / structure / check solutions,constructed-response,short-answer,instructional,120,,Unit 1 Assessment Plan; Algebra Overview course framework,Mastery family integer-order; display slot 16.
U1-S5-PS2-M09,SPIRAL,Algebra 1,1,5,Practice PS2,Practice,PS2-Q17,MASTERY,U1-MG03,,,,U1-S5-PFAM-MG3-01,routine_procedural_numeric,,DOK 2,Solve one-variable equations with equivalent transformations and verify and interpret solutions.,,Reason quantitatively / structure / check solutions,constructed-response,short-answer,instructional,90,,Unit 1 Assessment Plan; Algebra Overview course framework,Mastery family factored-equation; display slot 17.
U1-S5-PS2-M10,SPIRAL,Algebra 1,1,5,Practice PS2,Practice,PS2-Q18,MASTERY,U1-MG04,,,,U1-S5-PFAM-MG4-02,mixed,,DOK 2,"Solve one-variable inequalities, represent solution sets on number lines, and interpret boundaries and constraints.",,Reason quantitatively / structure / check solutions,constructed-response,short-answer,instructional,90,,Unit 1 Assessment Plan; Algebra Overview course framework,Mastery family number-line-interpret; display slot 18.
U1-S5-PS3-I01,SPIRAL,Algebra 1,1,5,Practice PS3,Practice,PS3-Q01,INTRO,,,,,U1-S5-PFAM-I04,reasoning_shift,,DOK 2,"Students will write, solve, and interpret equations that model situations.",I can construct an equation that models a situation using meaningful quantities and operations.,Connect representations / attend to precision,constructed-response,short-answer,instructional,105,,Unit 1 Assessment Plan; Algebra Overview course framework,Practice display slot 1; family position intentionally varies by form.
U1-S5-PS3-I02,SPIRAL,Algebra 1,1,5,Practice PS3,Practice,PS3-Q02,INTRO,,,,,U1-S5-PFAM-I03,conceptual_reword,,DOK 2,"Students will write, solve, and interpret equations that model situations.",I can predict whether a solution is reasonable by interpreting it in the original context.,Connect representations / attend to precision,constructed-response,short-answer,instructional,105,,Unit 1 Assessment Plan; Algebra Overview course framework,Practice display slot 2; family position intentionally varies by form.
U1-S5-PS3-I03,SPIRAL,Algebra 1,1,5,Practice PS3,Practice,PS3-Q03,INTRO,,,,,U1-S5-PFAM-I02,routine_procedural_numeric,,DOK 2,"Students will write, solve, and interpret equations that model situations.",I can use solution steps to solve an equation and connect the result to the situation.,Connect representations / attend to precision,constructed-response,short-answer,instructional,105,,Unit 1 Assessment Plan; Algebra Overview course framework,Practice display slot 3; family position intentionally varies by form.
U1-S5-PS3-I04,SPIRAL,Algebra 1,1,5,Practice PS3,Practice,PS3-Q04,INTRO,,,,,U1-S5-PFAM-I01,context_shift,,DOK 2,"Students will write, solve, and interpret equations that model situations.",I can construct an equation that models a situation using meaningful quantities and operations.,Connect representations / attend to precision,constructed-response,short-answer,instructional,75,,Unit 1 Assessment Plan; Algebra Overview course framework,Practice display slot 4; family position intentionally varies by form.
U1-S5-PS3-R01,SPIRAL,Algebra 1,1,5,Practice PS3,Practice,PS3-Q05,REVIEW,,,,,U1-S5-PFAM-R03,context_shift,,DOK 1–2,"Represent linear relationships using tables, graphs, equations, and contextual descriptions.",,Retrieve readiness skill and connect to current work,constructed-response,short-answer,instructional,60,,Unit 1 Assessment Plan; Algebra Overview course framework,Practice display slot 5; review family position varies.
U1-S5-PS3-R02,SPIRAL,Algebra 1,1,5,Practice PS3,Practice,PS3-Q06,REVIEW,,,,,U1-S5-PFAM-R01,representation_shift,,DOK 1–2,"Represent linear relationships using tables, graphs, equations, and contextual descriptions.",,Retrieve readiness skill and connect to current work,constructed-response,short-answer,instructional,60,,Unit 1 Assessment Plan; Algebra Overview course framework,Practice display slot 6; review family position varies.
U1-S5-PS3-R03,SPIRAL,Algebra 1,1,5,Practice PS3,Practice,PS3-Q07,REVIEW,,,,,U1-S5-PFAM-R04,representation_shift,,DOK 1–2,"Represent linear relationships using tables, graphs, equations, and contextual descriptions.",,Retrieve readiness skill and connect to current work,constructed-response,short-answer,instructional,90,,Unit 1 Assessment Plan; Algebra Overview course framework,Practice display slot 7; review family position varies.
U1-S5-PS3-R04,SPIRAL,Algebra 1,1,5,Practice PS3,Practice,PS3-Q08,REVIEW,,,,,U1-S5-PFAM-R02,representation_shift,,DOK 1–2,"Represent linear relationships using tables, graphs, equations, and contextual descriptions.",,Retrieve readiness skill and connect to current work,constructed-response,short-answer,instructional,60,,Unit 1 Assessment Plan; Algebra Overview course framework,Practice display slot 8; review family position varies.
U1-S5-PS3-M01,SPIRAL,Algebra 1,1,5,Practice PS3,Practice,PS3-Q09,MASTERY,U1-MG01,,,,U1-S5-PFAM-MG1-01,routine_procedural_numeric,,DOK 1–2,"Compute with rational numbers and evaluate numerical or algebraic expressions accurately, using order of operations and substitution while checking reasonableness.",,Reason quantitatively / structure / check solutions,constructed-response,short-answer,instructional,90,,Unit 1 Assessment Plan; Algebra Overview course framework,Mastery family fraction-operation; display slot 9.
U1-S5-PS3-M02,SPIRAL,Algebra 1,1,5,Practice PS3,Practice,PS3-Q10,MASTERY,U1-MG01,,,,U1-S5-PFAM-MG1-02,routine_procedural_numeric,,DOK 2,"Compute with rational numbers and evaluate numerical or algebraic expressions accurately, using order of operations and substitution while checking reasonableness.",,Reason quantitatively / structure / check solutions,constructed-response,short-answer,instructional,90,,Unit 1 Assessment Plan; Algebra Overview course framework,Mastery family decimal-operation; display slot 10.
U1-S5-PS3-M03,SPIRAL,Algebra 1,1,5,Practice PS3,Practice,PS3-Q11,MASTERY,U1-MG03,,,,U1-S5-PFAM-MG3-03,mixed,,DOK 2,Solve one-variable equations with equivalent transformations and verify and interpret solutions.,,Reason quantitatively / structure / check solutions,constructed-response,short-answer,instructional,90,,Unit 1 Assessment Plan; Algebra Overview course framework,Mastery family context-equation; display slot 11.
U1-S5-PS3-M04,SPIRAL,Algebra 1,1,5,Practice PS3,Practice,PS3-Q12,MASTERY,U1-MG03,,,,U1-S5-PFAM-MG3-04,routine_procedural_numeric,,DOK 2,Solve one-variable equations with equivalent transformations and verify and interpret solutions.,,Reason quantitatively / structure / check solutions,constructed-response,short-answer,instructional,90,,Unit 1 Assessment Plan; Algebra Overview course framework,Mastery family two-step-equation; display slot 12.
U1-S5-PS3-M05,SPIRAL,Algebra 1,1,5,Practice PS3,Practice,PS3-Q13,MASTERY,U1-MG04,,,,U1-S5-PFAM-MG4-01,routine_procedural_numeric,,DOK 2,"Solve one-variable inequalities, represent solution sets on number lines, and interpret boundaries and constraints.",,Reason quantitatively / structure / check solutions,constructed-response,short-answer,instructional,90,,Unit 1 Assessment Plan; Algebra Overview course framework,Mastery family negative-inequality; display slot 13.
U1-S5-PS3-M06,SPIRAL,Algebra 1,1,5,Practice PS3,Practice,PS3-Q14,MASTERY,U1-MG03,,,,U1-S5-PFAM-MG3-02,routine_procedural_numeric,,DOK 2,Solve one-variable equations with equivalent transformations and verify and interpret solutions.,,Reason quantitatively / structure / check solutions,constructed-response,short-answer,instructional,90,,Unit 1 Assessment Plan; Algebra Overview course framework,Mastery family variables-both-sides; display slot 14.
U1-S5-PS3-M07,SPIRAL,Algebra 1,1,5,Practice PS3,Practice,PS3-Q15,MASTERY,U1-MG01,,,,U1-S5-PFAM-MG1-03,routine_procedural_numeric,,DOK 2,"Compute with rational numbers and evaluate numerical or algebraic expressions accurately, using order of operations and substitution while checking reasonableness.",,Reason quantitatively / structure / check solutions,constructed-response,short-answer,instructional,90,,Unit 1 Assessment Plan; Algebra Overview course framework,Mastery family substitution; display slot 15.
U1-S5-PS3-M08,SPIRAL,Algebra 1,1,5,Practice PS3,Practice,PS3-Q16,MASTERY,U1-MG02,,,,U1-S5-PFAM-MG2-04,routine_procedural_numeric,,DOK 2,"Rewrite algebraic expressions into equivalent forms by using properties, structure, terms, factors, and the distributive property.",,Reason quantitatively / structure / check solutions,constructed-response,short-answer,instructional,90,,Unit 1 Assessment Plan; Algebra Overview course framework,Mastery family distribute-combine; display slot 16.
U1-S5-PS3-M09,SPIRAL,Algebra 1,1,5,Practice PS3,Practice,PS3-Q17,MASTERY,U1-MG04,,,,U1-S5-PFAM-MG4-01,routine_procedural_numeric,,DOK 2,"Solve one-variable inequalities, represent solution sets on number lines, and interpret boundaries and constraints.",,Reason quantitatively / structure / check solutions,constructed-response,short-answer,instructional,90,,Unit 1 Assessment Plan; Algebra Overview course framework,Mastery family negative-inequality; display slot 17.
U1-S5-PS3-M10,SPIRAL,Algebra 1,1,5,Practice PS3,Practice,PS3-Q18,MASTERY,U1-MG02,,,,U1-S5-PFAM-MG2-02,routine_procedural_numeric,,DOK 2,"Rewrite algebraic expressions into equivalent forms by using properties, structure, terms, factors, and the distributive property.",,Reason quantitatively / structure / check solutions,constructed-response,short-answer,instructional,90,,Unit 1 Assessment Plan; Algebra Overview course framework,Mastery family factor-structure; display slot 18.
U1-S5-XP-I01,SPIRAL,Algebra 1,1,5,Practice XP,Practice,XP-Q01,INTRO,,,,,U1-S5-PFAM-I02,routine_procedural_numeric,,DOK 2,"Students will write, solve, and interpret equations that model situations.",I can use solution steps to solve an equation and connect the result to the situation.,Connect representations / attend to precision,constructed-response,short-answer,instructional,75,,Unit 1 Assessment Plan; Algebra Overview course framework,Practice display slot 1; family position intentionally varies by form.
U1-S5-XP-I02,SPIRAL,Algebra 1,1,5,Practice XP,Practice,XP-Q02,INTRO,,,,,U1-S5-PFAM-I03,conceptual_reword,,DOK 2,"Students will write, solve, and interpret equations that model situations.",I can predict whether a solution is reasonable by interpreting it in the original context.,Connect representations / attend to precision,constructed-response,short-answer,instructional,105,,Unit 1 Assessment Plan; Algebra Overview course framework,Practice display slot 2; family position intentionally varies by form.
U1-S5-XP-I03,SPIRAL,Algebra 1,1,5,Practice XP,Practice,XP-Q03,INTRO,,,,,U1-S5-PFAM-I01,context_shift,,DOK 2,"Students will write, solve, and interpret equations that model situations.",I can construct an equation that models a situation using meaningful quantities and operations.,Connect representations / attend to precision,constructed-response,short-answer,instructional,75,,Unit 1 Assessment Plan; Algebra Overview course framework,Practice display slot 3; family position intentionally varies by form.
U1-S5-XP-I04,SPIRAL,Algebra 1,1,5,Practice XP,Practice,XP-Q04,INTRO,,,,,U1-S5-PFAM-I04,reasoning_shift,,DOK 2,"Students will write, solve, and interpret equations that model situations.",I can construct an equation that models a situation using meaningful quantities and operations.,Connect representations / attend to precision,constructed-response,short-answer,instructional,105,,Unit 1 Assessment Plan; Algebra Overview course framework,Practice display slot 4; family position intentionally varies by form.
U1-S5-XP-R01,SPIRAL,Algebra 1,1,5,Practice XP,Practice,XP-Q05,REVIEW,,,,,U1-S5-PFAM-R01,representation_shift,,DOK 1–2,"Represent linear relationships using tables, graphs, equations, and contextual descriptions.",,Retrieve readiness skill and connect to current work,constructed-response,short-answer,instructional,60,,Unit 1 Assessment Plan; Algebra Overview course framework,Practice display slot 5; review family position varies.
U1-S5-XP-R02,SPIRAL,Algebra 1,1,5,Practice XP,Practice,XP-Q06,REVIEW,,,,,U1-S5-PFAM-R02,representation_shift,,DOK 1–2,"Represent linear relationships using tables, graphs, equations, and contextual descriptions.",,Retrieve readiness skill and connect to current work,constructed-response,short-answer,instructional,90,,Unit 1 Assessment Plan; Algebra Overview course framework,Practice display slot 6; review family position varies.
U1-S5-XP-R03,SPIRAL,Algebra 1,1,5,Practice XP,Practice,XP-Q07,REVIEW,,,,,U1-S5-PFAM-R04,representation_shift,,DOK 1–2,"Represent linear relationships using tables, graphs, equations, and contextual descriptions.",,Retrieve readiness skill and connect to current work,constructed-response,short-answer,instructional,90,,Unit 1 Assessment Plan; Algebra Overview course framework,Practice display slot 7; review family position varies.
U1-S5-XP-R04,SPIRAL,Algebra 1,1,5,Practice XP,Practice,XP-Q08,REVIEW,,,,,U1-S5-PFAM-R03,context_shift,,DOK 1–2,"Represent linear relationships using tables, graphs, equations, and contextual descriptions.",,Retrieve readiness skill and connect to current work,constructed-response,short-answer,instructional,60,,Unit 1 Assessment Plan; Algebra Overview course framework,Practice display slot 8; review family position varies.
U1-S5-XP-M01,SPIRAL,Algebra 1,1,5,Practice XP,Practice,XP-Q09,MASTERY,U1-MG04,,,,U1-S5-PFAM-MG4-01,routine_procedural_numeric,,DOK 2,"Solve one-variable inequalities, represent solution sets on number lines, and interpret boundaries and constraints.",,Reason quantitatively / structure / check solutions,constructed-response,short-answer,instructional,90,,Unit 1 Assessment Plan; Algebra Overview course framework,Mastery family negative-inequality; display slot 9.
U1-S5-XP-M02,SPIRAL,Algebra 1,1,5,Practice XP,Practice,XP-Q10,MASTERY,U1-MG01,,,,U1-S5-PFAM-MG1-02,routine_procedural_numeric,,DOK 2,"Compute with rational numbers and evaluate numerical or algebraic expressions accurately, using order of operations and substitution while checking reasonableness.",,Reason quantitatively / structure / check solutions,constructed-response,short-answer,instructional,90,,Unit 1 Assessment Plan; Algebra Overview course framework,Mastery family decimal-operation; display slot 10.
U1-S5-XP-M03,SPIRAL,Algebra 1,1,5,Practice XP,Practice,XP-Q11,MASTERY,U1-MG04,,,,U1-S5-PFAM-MG4-03,mixed,,DOK 2,"Solve one-variable inequalities, represent solution sets on number lines, and interpret boundaries and constraints.",,Reason quantitatively / structure / check solutions,constructed-response,short-answer,instructional,90,,Unit 1 Assessment Plan; Algebra Overview course framework,Mastery family context-constraint; display slot 11.
U1-S5-XP-M04,SPIRAL,Algebra 1,1,5,Practice XP,Practice,XP-Q12,MASTERY,U1-MG01,,,,U1-S5-PFAM-MG1-04,routine_procedural_numeric,,DOK 1–2,"Compute with rational numbers and evaluate numerical or algebraic expressions accurately, using order of operations and substitution while checking reasonableness.",,Reason quantitatively / structure / check solutions,constructed-response,short-answer,instructional,90,,Unit 1 Assessment Plan; Algebra Overview course framework,Mastery family integer-order; display slot 12.
U1-S5-XP-M05,SPIRAL,Algebra 1,1,5,Practice XP,Practice,XP-Q13,MASTERY,U1-MG03,,,,U1-S5-PFAM-MG3-01,routine_procedural_numeric,,DOK 2,Solve one-variable equations with equivalent transformations and verify and interpret solutions.,,Reason quantitatively / structure / check solutions,constructed-response,short-answer,instructional,90,,Unit 1 Assessment Plan; Algebra Overview course framework,Mastery family factored-equation; display slot 13.
U1-S5-XP-M06,SPIRAL,Algebra 1,1,5,Practice XP,Practice,XP-Q14,MASTERY,U1-MG01,,,,U1-S5-PFAM-MG1-02,routine_procedural_numeric,,DOK 2,"Compute with rational numbers and evaluate numerical or algebraic expressions accurately, using order of operations and substitution while checking reasonableness.",,Reason quantitatively / structure / check solutions,constructed-response,short-answer,instructional,90,,Unit 1 Assessment Plan; Algebra Overview course framework,Mastery family decimal-operation; display slot 14.
U1-S5-XP-M07,SPIRAL,Algebra 1,1,5,Practice XP,Practice,XP-Q15,MASTERY,U1-MG02,,,,U1-S5-PFAM-MG2-03,mixed,,DOK 2–3,"Rewrite algebraic expressions into equivalent forms by using properties, structure, terms, factors, and the distributive property.",,Reason quantitatively / structure / check solutions,constructed-response,short-answer,instructional,90,,Unit 1 Assessment Plan; Algebra Overview course framework,Mastery family equivalence-justify; display slot 15.
U1-S5-XP-M08,SPIRAL,Algebra 1,1,5,Practice XP,Practice,XP-Q16,MASTERY,U1-MG02,,,,U1-S5-PFAM-MG2-04,routine_procedural_numeric,,DOK 2,"Rewrite algebraic expressions into equivalent forms by using properties, structure, terms, factors, and the distributive property.",,Reason quantitatively / structure / check solutions,constructed-response,short-answer,instructional,90,,Unit 1 Assessment Plan; Algebra Overview course framework,Mastery family distribute-combine; display slot 16.
U1-S5-XP-M09,SPIRAL,Algebra 1,1,5,Practice XP,Practice,XP-Q17,MASTERY,U1-MG03,,,,U1-S5-PFAM-MG3-01,routine_procedural_numeric,,DOK 2,Solve one-variable equations with equivalent transformations and verify and interpret solutions.,,Reason quantitatively / structure / check solutions,constructed-response,short-answer,instructional,90,,Unit 1 Assessment Plan; Algebra Overview course framework,Mastery family factored-equation; display slot 17.
U1-S5-XP-M10,SPIRAL,Algebra 1,1,5,Practice XP,Practice,XP-Q18,MASTERY,U1-MG03,,,,U1-S5-PFAM-MG3-02,routine_procedural_numeric,,DOK 2,Solve one-variable equations with equivalent transformations and verify and interpret solutions.,,Reason quantitatively / structure / check solutions,constructed-response,short-answer,instructional,90,,Unit 1 Assessment Plan; Algebra Overview course framework,Mastery family variables-both-sides; display slot 18.
U1-S1-CYU-I01,SPIRAL,Algebra 1,1,1,CYU,CYU,I1,INTRO,,,,,,,,DOK 2,"Students will connect tables, graphs, equations, and contexts that represent the same relationship.","I can construct a table, graph, equation, or context from another representation of the same relationship.",Connect representations,constructed-response,short-answer,instructional,75,,Unit 1 Assessment Plan; Algebra Overview course framework,
U1-S1-CYU-I02,SPIRAL,Algebra 1,1,1,CYU,CYU,I2,INTRO,,,,,,,,DOK 2,"Students will connect tables, graphs, equations, and contexts that represent the same relationship.","I can use features in one representation to work with a related table, graph, equation, or context.",Connect representations,constructed-response,short-answer,instructional,75,,Unit 1 Assessment Plan; Algebra Overview course framework,
U1-S1-CYU-R01,SPIRAL,Algebra 1,1,1,CYU,CYU,R1,REVIEW,,,,,,,,DOK 2,"Interpret and create graphs on the coordinate plane while connecting points, axes, intercepts, and graphical information to mathematical situations.",,Retrieve readiness skill,constructed-response,short-answer,instructional,90,,Unit 1 Assessment Plan; Algebra Overview course framework,
U1-S1-CYU-R02,SPIRAL,Algebra 1,1,1,CYU,CYU,R2,REVIEW,,,,,,,,DOK 2,"Interpret and create graphs on the coordinate plane while connecting points, axes, intercepts, and graphical information to mathematical situations.",,Retrieve readiness skill,constructed-response,short-answer,instructional,90,,Unit 1 Assessment Plan; Algebra Overview course framework,
U1-S1-CYU-M01,SPIRAL,Algebra 1,1,1,CYU,CYU,M1,MASTERY,U1-MG02,,,,,,,DOK 2,"Rewrite algebraic expressions into equivalent forms by using properties, structure, terms, factors, and the distributive property.",,Mastery retrieval,constructed-response,short-answer,instructional,75,,Unit 1 Assessment Plan; Algebra Overview course framework,
U1-S1-CYU-M02,SPIRAL,Algebra 1,1,1,CYU,CYU,M2,MASTERY,U1-MG03,,,,,,,DOK 2,Solve one-variable equations with equivalent transformations and verify and interpret solutions.,,Mastery retrieval,constructed-response,short-answer,instructional,75,,Unit 1 Assessment Plan; Algebra Overview course framework,
U1-S2-CYU-I01,SPIRAL,Algebra 1,1,2,CYU,CYU,I1,INTRO,,,,,,,,DOK 2,Students will interpret functions as rules that connect inputs and outputs without relying on formal domain and range language.,"I can formulate a rule that connects inputs to outputs in a table, graph, equation, or context.",Connect representations,constructed-response,short-answer,instructional,75,,Unit 1 Assessment Plan; Algebra Overview course framework,
U1-S2-CYU-I02,SPIRAL,Algebra 1,1,2,CYU,CYU,I2,INTRO,,,,,,,,DOK 2,Students will interpret functions as rules that connect inputs and outputs without relying on formal domain and range language.,I can apply an input-output rule to generate missing values and ordered pairs.,Connect representations,constructed-response,short-answer,instructional,105,,Unit 1 Assessment Plan; Algebra Overview course framework,
U1-S2-CYU-R01,SPIRAL,Algebra 1,1,2,CYU,CYU,R1,REVIEW,,,,,,,,DOK 2,"Identify patterns and represent relationships using input-output rules, tables, words, and symbols.",,Retrieve readiness skill,constructed-response,short-answer,instructional,60,,Unit 1 Assessment Plan; Algebra Overview course framework,
U1-S2-CYU-R02,SPIRAL,Algebra 1,1,2,CYU,CYU,R2,REVIEW,,,,,,,,DOK 2,"Identify patterns and represent relationships using input-output rules, tables, words, and symbols.",,Retrieve readiness skill,constructed-response,short-answer,instructional,90,,Unit 1 Assessment Plan; Algebra Overview course framework,
U1-S2-CYU-M01,SPIRAL,Algebra 1,1,2,CYU,CYU,M1,MASTERY,U1-MG03,,,,,,,DOK 2,Solve one-variable equations with equivalent transformations and verify and interpret solutions.,,Mastery retrieval,constructed-response,short-answer,instructional,75,,Unit 1 Assessment Plan; Algebra Overview course framework,
U1-S2-CYU-M02,SPIRAL,Algebra 1,1,2,CYU,CYU,M2,MASTERY,U1-MG04,,,,,,,DOK 2,"Solve one-variable inequalities, represent solution sets on number lines, and interpret boundaries and constraints.",,Mastery retrieval,constructed-response,short-answer,instructional,75,,Unit 1 Assessment Plan; Algebra Overview course framework,
U1-S3-CYU-I01,SPIRAL,Algebra 1,1,3,CYU,CYU,I1,INTRO,,,,,,,,DOK 2,"Students will recognize common function families from graphs, tables, equations, and contexts.","I can design examples of linear, quadratic, exponential, and absolute value relationships using more than one representation.",Connect representations,constructed-response,short-answer,instructional,75,,Unit 1 Assessment Plan; Algebra Overview course framework,
U1-S3-CYU-I02,SPIRAL,Algebra 1,1,3,CYU,CYU,I2,INTRO,,,,,,,,DOK 2,"Students will recognize common function families from graphs, tables, equations, and contexts.","I can extend patterns in tables, graphs, equations, and contexts to work with common function families.",Connect representations,constructed-response,short-answer,instructional,105,,Unit 1 Assessment Plan; Algebra Overview course framework,
U1-S3-CYU-R01,SPIRAL,Algebra 1,1,3,CYU,CYU,R1,REVIEW,,,,,,,,DOK 2,"Recognize constant rate of change in tables, graphs, visual patterns, and situations.",,Retrieve readiness skill,constructed-response,short-answer,instructional,90,,Unit 1 Assessment Plan; Algebra Overview course framework,
U1-S3-CYU-R02,SPIRAL,Algebra 1,1,3,CYU,CYU,R2,REVIEW,,,,,,,,DOK 2,"Recognize constant rate of change in tables, graphs, visual patterns, and situations.",,Retrieve readiness skill,constructed-response,short-answer,instructional,90,,Unit 1 Assessment Plan; Algebra Overview course framework,
U1-S3-CYU-M01,SPIRAL,Algebra 1,1,3,CYU,CYU,M1,MASTERY,U1-MG04,,,,,,,DOK 2,"Solve one-variable inequalities, represent solution sets on number lines, and interpret boundaries and constraints.",,Mastery retrieval,constructed-response,short-answer,instructional,75,,Unit 1 Assessment Plan; Algebra Overview course framework,
U1-S3-CYU-M02,SPIRAL,Algebra 1,1,3,CYU,CYU,M2,MASTERY,U1-MG01,,,,,,,DOK 1–2,"Compute with rational numbers and evaluate numerical or algebraic expressions accurately, using order of operations and substitution while checking reasonableness.",,Mastery retrieval,constructed-response,short-answer,instructional,75,,Unit 1 Assessment Plan; Algebra Overview course framework,
U1-S4-CYU-I01,SPIRAL,Algebra 1,1,4,CYU,CYU,I1,INTRO,,,,,,,,DOK 2,"Students will interpret and rewrite algebraic expressions by identifying structure, meaning, and equivalent forms.","I can build equivalent expressions by using structure, grouping, and properties of operations.",Connect representations,constructed-response,short-answer,instructional,75,,Unit 1 Assessment Plan; Algebra Overview course framework,
U1-S4-CYU-I02,SPIRAL,Algebra 1,1,4,CYU,CYU,I2,INTRO,,,,,,,,DOK 2,"Students will interpret and rewrite algebraic expressions by identifying structure, meaning, and equivalent forms.",I can apply rewriting strategies to make the meaning of an expression easier to work with.,Connect representations,constructed-response,short-answer,instructional,75,,Unit 1 Assessment Plan; Algebra Overview course framework,
U1-S4-CYU-R01,SPIRAL,Algebra 1,1,4,CYU,CYU,R1,REVIEW,,,,,,,,DOK 2,"Compare relationships using equations, graphs, tables, visual patterns, and contexts, then justify conclusions.",,Retrieve readiness skill,constructed-response,short-answer,instructional,90,,Unit 1 Assessment Plan; Algebra Overview course framework,
U1-S4-CYU-R02,SPIRAL,Algebra 1,1,4,CYU,CYU,R2,REVIEW,,,,,,,,DOK 2,"Compare relationships using equations, graphs, tables, visual patterns, and contexts, then justify conclusions.",,Retrieve readiness skill,constructed-response,short-answer,instructional,90,,Unit 1 Assessment Plan; Algebra Overview course framework,
U1-S4-CYU-M01,SPIRAL,Algebra 1,1,4,CYU,CYU,M1,MASTERY,U1-MG01,,,,,,,DOK 1–2,"Compute with rational numbers and evaluate numerical or algebraic expressions accurately, using order of operations and substitution while checking reasonableness.",,Mastery retrieval,constructed-response,short-answer,instructional,75,,Unit 1 Assessment Plan; Algebra Overview course framework,
U1-S4-CYU-M02,SPIRAL,Algebra 1,1,4,CYU,CYU,M2,MASTERY,U1-MG02,,,,,,,DOK 2,"Rewrite algebraic expressions into equivalent forms by using properties, structure, terms, factors, and the distributive property.",,Mastery retrieval,constructed-response,short-answer,instructional,75,,Unit 1 Assessment Plan; Algebra Overview course framework,
U1-S5-CYU-I01,SPIRAL,Algebra 1,1,5,CYU,CYU,I1,INTRO,,,,,,,,DOK 2,"Students will write, solve, and interpret equations that model situations.",I can construct an equation that models a situation using meaningful quantities and operations.,Connect representations,constructed-response,short-answer,instructional,75,,Unit 1 Assessment Plan; Algebra Overview course framework,
U1-S5-CYU-I02,SPIRAL,Algebra 1,1,5,CYU,CYU,I2,INTRO,,,,,,,,DOK 2,"Students will write, solve, and interpret equations that model situations.",I can use solution steps to solve an equation and connect the result to the situation.,Connect representations,constructed-response,short-answer,instructional,75,,Unit 1 Assessment Plan; Algebra Overview course framework,
U1-S5-CYU-R01,SPIRAL,Algebra 1,1,5,CYU,CYU,R1,REVIEW,,,,,,,,DOK 2,"Represent linear relationships using tables, graphs, equations, and contextual descriptions.",,Retrieve readiness skill,constructed-response,short-answer,instructional,60,,Unit 1 Assessment Plan; Algebra Overview course framework,
U1-S5-CYU-R02,SPIRAL,Algebra 1,1,5,CYU,CYU,R2,REVIEW,,,,,,,,DOK 2,"Represent linear relationships using tables, graphs, equations, and contextual descriptions.",,Retrieve readiness skill,constructed-response,short-answer,instructional,90,,Unit 1 Assessment Plan; Algebra Overview course framework,
U1-S5-CYU-M01,SPIRAL,Algebra 1,1,5,CYU,CYU,M1,MASTERY,U1-MG02,,,,,,,DOK 2,"Rewrite algebraic expressions into equivalent forms by using properties, structure, terms, factors, and the distributive property.",,Mastery retrieval,constructed-response,short-answer,instructional,75,,Unit 1 Assessment Plan; Algebra Overview course framework,
U1-S5-CYU-M02,SPIRAL,Algebra 1,1,5,CYU,CYU,M2,MASTERY,U1-MG03,,,,,,,DOK 2,Solve one-variable equations with equivalent transformations and verify and interpret solutions.,,Mastery retrieval,constructed-response,short-answer,instructional,75,,Unit 1 Assessment Plan; Algebra Overview course framework,
U1-S1-TAR-I01,SPIRAL,Algebra 1,1,1,Tarsia,Tarsia,I01,INTRO,,,,,,,,DOK 1–2,"Students will connect tables, graphs, equations, and contexts that represent the same relationship.",,Fast retrieval / recognition,matching-pair,short-answer,instructional,30,,Unit 1 Assessment Plan; Algebra Overview course framework,Dedicated Tarsia item; independently authored.
U1-S1-TAR-I02,SPIRAL,Algebra 1,1,1,Tarsia,Tarsia,I02,INTRO,,,,,,,,DOK 1–2,"Students will connect tables, graphs, equations, and contexts that represent the same relationship.",,Fast retrieval / recognition,matching-pair,short-answer,instructional,30,,Unit 1 Assessment Plan; Algebra Overview course framework,Dedicated Tarsia item; independently authored.
U1-S1-TAR-I03,SPIRAL,Algebra 1,1,1,Tarsia,Tarsia,I03,INTRO,,,,,,,,DOK 1–2,"Students will connect tables, graphs, equations, and contexts that represent the same relationship.",,Fast retrieval / recognition,matching-pair,short-answer,instructional,30,,Unit 1 Assessment Plan; Algebra Overview course framework,Dedicated Tarsia item; independently authored.
U1-S1-TAR-I04,SPIRAL,Algebra 1,1,1,Tarsia,Tarsia,I04,INTRO,,,,,,,,DOK 1–2,"Students will connect tables, graphs, equations, and contexts that represent the same relationship.",,Fast retrieval / recognition,matching-pair,short-answer,instructional,30,,Unit 1 Assessment Plan; Algebra Overview course framework,Dedicated Tarsia item; independently authored.
U1-S1-TAR-R01,SPIRAL,Algebra 1,1,1,Tarsia,Tarsia,R01,REVIEW,,,,,,,,DOK 1–2,"Interpret and create graphs on the coordinate plane while connecting points, axes, intercepts, and graphical information to mathematical situations.",,Fast retrieval / recognition,matching-pair,short-answer,instructional,30,,Unit 1 Assessment Plan; Algebra Overview course framework,Dedicated Tarsia item; independently authored.
U1-S1-TAR-R02,SPIRAL,Algebra 1,1,1,Tarsia,Tarsia,R02,REVIEW,,,,,,,,DOK 1–2,"Interpret and create graphs on the coordinate plane while connecting points, axes, intercepts, and graphical information to mathematical situations.",,Fast retrieval / recognition,matching-pair,short-answer,instructional,30,,Unit 1 Assessment Plan; Algebra Overview course framework,Dedicated Tarsia item; independently authored.
U1-S1-TAR-R03,SPIRAL,Algebra 1,1,1,Tarsia,Tarsia,R03,REVIEW,,,,,,,,DOK 1–2,"Interpret and create graphs on the coordinate plane while connecting points, axes, intercepts, and graphical information to mathematical situations.",,Fast retrieval / recognition,matching-pair,short-answer,instructional,30,,Unit 1 Assessment Plan; Algebra Overview course framework,Dedicated Tarsia item; independently authored.
U1-S1-TAR-R04,SPIRAL,Algebra 1,1,1,Tarsia,Tarsia,R04,REVIEW,,,,,,,,DOK 1–2,"Interpret and create graphs on the coordinate plane while connecting points, axes, intercepts, and graphical information to mathematical situations.",,Fast retrieval / recognition,matching-pair,short-answer,instructional,30,,Unit 1 Assessment Plan; Algebra Overview course framework,Dedicated Tarsia item; independently authored.
U1-S1-TAR-M01,SPIRAL,Algebra 1,1,1,Tarsia,Tarsia,M01,MASTERY,U1-MG01,,,,,,,DOK 1–2,"Compute with rational numbers and evaluate numerical or algebraic expressions accurately, using order of operations and substitution while checking reasonableness.",,Fast retrieval / recognition,matching-pair,short-answer,instructional,30,,Unit 1 Assessment Plan; Algebra Overview course framework,Dedicated Tarsia item; independently authored.
U1-S1-TAR-M02,SPIRAL,Algebra 1,1,1,Tarsia,Tarsia,M02,MASTERY,U1-MG02,,,,,,,DOK 1–2,"Rewrite algebraic expressions into equivalent forms by using properties, structure, terms, factors, and the distributive property.",,Fast retrieval / recognition,matching-pair,short-answer,instructional,30,,Unit 1 Assessment Plan; Algebra Overview course framework,Dedicated Tarsia item; independently authored.
U1-S1-TAR-M03,SPIRAL,Algebra 1,1,1,Tarsia,Tarsia,M03,MASTERY,U1-MG03,,,,,,,DOK 1–2,Solve one-variable equations with equivalent transformations and verify and interpret solutions.,,Fast retrieval / recognition,matching-pair,short-answer,instructional,30,,Unit 1 Assessment Plan; Algebra Overview course framework,Dedicated Tarsia item; independently authored.
U1-S1-TAR-M04,SPIRAL,Algebra 1,1,1,Tarsia,Tarsia,M04,MASTERY,U1-MG04,,,,,,,DOK 1–2,"Solve one-variable inequalities, represent solution sets on number lines, and interpret boundaries and constraints.",,Fast retrieval / recognition,matching-pair,short-answer,instructional,30,,Unit 1 Assessment Plan; Algebra Overview course framework,Dedicated Tarsia item; independently authored.
U1-S1-TAR-M05,SPIRAL,Algebra 1,1,1,Tarsia,Tarsia,M05,MASTERY,U1-MG01,,,,,,,DOK 1–2,"Compute with rational numbers and evaluate numerical or algebraic expressions accurately, using order of operations and substitution while checking reasonableness.",,Fast retrieval / recognition,matching-pair,short-answer,instructional,30,,Unit 1 Assessment Plan; Algebra Overview course framework,Dedicated Tarsia item; independently authored.
U1-S1-TAR-M06,SPIRAL,Algebra 1,1,1,Tarsia,Tarsia,M06,MASTERY,U1-MG02,,,,,,,DOK 1–2,"Rewrite algebraic expressions into equivalent forms by using properties, structure, terms, factors, and the distributive property.",,Fast retrieval / recognition,matching-pair,short-answer,instructional,30,,Unit 1 Assessment Plan; Algebra Overview course framework,Dedicated Tarsia item; independently authored.
U1-S1-TAR-M07,SPIRAL,Algebra 1,1,1,Tarsia,Tarsia,M07,MASTERY,U1-MG03,,,,,,,DOK 1–2,Solve one-variable equations with equivalent transformations and verify and interpret solutions.,,Fast retrieval / recognition,matching-pair,short-answer,instructional,30,,Unit 1 Assessment Plan; Algebra Overview course framework,Dedicated Tarsia item; independently authored.
U1-S1-TAR-M08,SPIRAL,Algebra 1,1,1,Tarsia,Tarsia,M08,MASTERY,U1-MG04,,,,,,,DOK 1–2,"Solve one-variable inequalities, represent solution sets on number lines, and interpret boundaries and constraints.",,Fast retrieval / recognition,matching-pair,short-answer,instructional,30,,Unit 1 Assessment Plan; Algebra Overview course framework,Dedicated Tarsia item; independently authored.
U1-S1-TAR-M09,SPIRAL,Algebra 1,1,1,Tarsia,Tarsia,M09,MASTERY,U1-MG01,,,,,,,DOK 1–2,"Compute with rational numbers and evaluate numerical or algebraic expressions accurately, using order of operations and substitution while checking reasonableness.",,Fast retrieval / recognition,matching-pair,short-answer,instructional,30,,Unit 1 Assessment Plan; Algebra Overview course framework,Dedicated Tarsia item; independently authored.
U1-S1-TAR-M10,SPIRAL,Algebra 1,1,1,Tarsia,Tarsia,M10,MASTERY,U1-MG02,,,,,,,DOK 1–2,"Rewrite algebraic expressions into equivalent forms by using properties, structure, terms, factors, and the distributive property.",,Fast retrieval / recognition,matching-pair,short-answer,instructional,30,,Unit 1 Assessment Plan; Algebra Overview course framework,Dedicated Tarsia item; independently authored.
U1-S2-TAR-I01,SPIRAL,Algebra 1,1,2,Tarsia,Tarsia,I01,INTRO,,,,,,,,DOK 1–2,Students will interpret functions as rules that connect inputs and outputs without relying on formal domain and range language.,,Fast retrieval / recognition,matching-pair,short-answer,instructional,30,,Unit 1 Assessment Plan; Algebra Overview course framework,Dedicated Tarsia item; independently authored.
U1-S2-TAR-I02,SPIRAL,Algebra 1,1,2,Tarsia,Tarsia,I02,INTRO,,,,,,,,DOK 1–2,Students will interpret functions as rules that connect inputs and outputs without relying on formal domain and range language.,,Fast retrieval / recognition,matching-pair,short-answer,instructional,30,,Unit 1 Assessment Plan; Algebra Overview course framework,Dedicated Tarsia item; independently authored.
U1-S2-TAR-I03,SPIRAL,Algebra 1,1,2,Tarsia,Tarsia,I03,INTRO,,,,,,,,DOK 1–2,Students will interpret functions as rules that connect inputs and outputs without relying on formal domain and range language.,,Fast retrieval / recognition,matching-pair,short-answer,instructional,30,,Unit 1 Assessment Plan; Algebra Overview course framework,Dedicated Tarsia item; independently authored.
U1-S2-TAR-I04,SPIRAL,Algebra 1,1,2,Tarsia,Tarsia,I04,INTRO,,,,,,,,DOK 1–2,Students will interpret functions as rules that connect inputs and outputs without relying on formal domain and range language.,,Fast retrieval / recognition,matching-pair,short-answer,instructional,30,,Unit 1 Assessment Plan; Algebra Overview course framework,Dedicated Tarsia item; independently authored.
U1-S2-TAR-R01,SPIRAL,Algebra 1,1,2,Tarsia,Tarsia,R01,REVIEW,,,,,,,,DOK 1–2,"Identify patterns and represent relationships using input-output rules, tables, words, and symbols.",,Fast retrieval / recognition,matching-pair,short-answer,instructional,30,,Unit 1 Assessment Plan; Algebra Overview course framework,Dedicated Tarsia item; independently authored.
U1-S2-TAR-R02,SPIRAL,Algebra 1,1,2,Tarsia,Tarsia,R02,REVIEW,,,,,,,,DOK 1–2,"Identify patterns and represent relationships using input-output rules, tables, words, and symbols.",,Fast retrieval / recognition,matching-pair,short-answer,instructional,30,,Unit 1 Assessment Plan; Algebra Overview course framework,Dedicated Tarsia item; independently authored.
U1-S2-TAR-R03,SPIRAL,Algebra 1,1,2,Tarsia,Tarsia,R03,REVIEW,,,,,,,,DOK 1–2,"Identify patterns and represent relationships using input-output rules, tables, words, and symbols.",,Fast retrieval / recognition,matching-pair,short-answer,instructional,30,,Unit 1 Assessment Plan; Algebra Overview course framework,Dedicated Tarsia item; independently authored.
U1-S2-TAR-R04,SPIRAL,Algebra 1,1,2,Tarsia,Tarsia,R04,REVIEW,,,,,,,,DOK 1–2,"Identify patterns and represent relationships using input-output rules, tables, words, and symbols.",,Fast retrieval / recognition,matching-pair,short-answer,instructional,30,,Unit 1 Assessment Plan; Algebra Overview course framework,Dedicated Tarsia item; independently authored.
U1-S2-TAR-M01,SPIRAL,Algebra 1,1,2,Tarsia,Tarsia,M01,MASTERY,U1-MG01,,,,,,,DOK 1–2,"Compute with rational numbers and evaluate numerical or algebraic expressions accurately, using order of operations and substitution while checking reasonableness.",,Fast retrieval / recognition,matching-pair,short-answer,instructional,30,,Unit 1 Assessment Plan; Algebra Overview course framework,Dedicated Tarsia item; independently authored.
U1-S2-TAR-M02,SPIRAL,Algebra 1,1,2,Tarsia,Tarsia,M02,MASTERY,U1-MG02,,,,,,,DOK 1–2,"Rewrite algebraic expressions into equivalent forms by using properties, structure, terms, factors, and the distributive property.",,Fast retrieval / recognition,matching-pair,short-answer,instructional,30,,Unit 1 Assessment Plan; Algebra Overview course framework,Dedicated Tarsia item; independently authored.
U1-S2-TAR-M03,SPIRAL,Algebra 1,1,2,Tarsia,Tarsia,M03,MASTERY,U1-MG03,,,,,,,DOK 1–2,Solve one-variable equations with equivalent transformations and verify and interpret solutions.,,Fast retrieval / recognition,matching-pair,short-answer,instructional,30,,Unit 1 Assessment Plan; Algebra Overview course framework,Dedicated Tarsia item; independently authored.
U1-S2-TAR-M04,SPIRAL,Algebra 1,1,2,Tarsia,Tarsia,M04,MASTERY,U1-MG04,,,,,,,DOK 1–2,"Solve one-variable inequalities, represent solution sets on number lines, and interpret boundaries and constraints.",,Fast retrieval / recognition,matching-pair,short-answer,instructional,30,,Unit 1 Assessment Plan; Algebra Overview course framework,Dedicated Tarsia item; independently authored.
U1-S2-TAR-M05,SPIRAL,Algebra 1,1,2,Tarsia,Tarsia,M05,MASTERY,U1-MG01,,,,,,,DOK 1–2,"Compute with rational numbers and evaluate numerical or algebraic expressions accurately, using order of operations and substitution while checking reasonableness.",,Fast retrieval / recognition,matching-pair,short-answer,instructional,30,,Unit 1 Assessment Plan; Algebra Overview course framework,Dedicated Tarsia item; independently authored.
U1-S2-TAR-M06,SPIRAL,Algebra 1,1,2,Tarsia,Tarsia,M06,MASTERY,U1-MG02,,,,,,,DOK 1–2,"Rewrite algebraic expressions into equivalent forms by using properties, structure, terms, factors, and the distributive property.",,Fast retrieval / recognition,matching-pair,short-answer,instructional,30,,Unit 1 Assessment Plan; Algebra Overview course framework,Dedicated Tarsia item; independently authored.
U1-S2-TAR-M07,SPIRAL,Algebra 1,1,2,Tarsia,Tarsia,M07,MASTERY,U1-MG03,,,,,,,DOK 1–2,Solve one-variable equations with equivalent transformations and verify and interpret solutions.,,Fast retrieval / recognition,matching-pair,short-answer,instructional,30,,Unit 1 Assessment Plan; Algebra Overview course framework,Dedicated Tarsia item; independently authored.
U1-S2-TAR-M08,SPIRAL,Algebra 1,1,2,Tarsia,Tarsia,M08,MASTERY,U1-MG04,,,,,,,DOK 1–2,"Solve one-variable inequalities, represent solution sets on number lines, and interpret boundaries and constraints.",,Fast retrieval / recognition,matching-pair,short-answer,instructional,30,,Unit 1 Assessment Plan; Algebra Overview course framework,Dedicated Tarsia item; independently authored.
U1-S2-TAR-M09,SPIRAL,Algebra 1,1,2,Tarsia,Tarsia,M09,MASTERY,U1-MG01,,,,,,,DOK 1–2,"Compute with rational numbers and evaluate numerical or algebraic expressions accurately, using order of operations and substitution while checking reasonableness.",,Fast retrieval / recognition,matching-pair,short-answer,instructional,30,,Unit 1 Assessment Plan; Algebra Overview course framework,Dedicated Tarsia item; independently authored.
U1-S2-TAR-M10,SPIRAL,Algebra 1,1,2,Tarsia,Tarsia,M10,MASTERY,U1-MG02,,,,,,,DOK 1–2,"Rewrite algebraic expressions into equivalent forms by using properties, structure, terms, factors, and the distributive property.",,Fast retrieval / recognition,matching-pair,short-answer,instructional,30,,Unit 1 Assessment Plan; Algebra Overview course framework,Dedicated Tarsia item; independently authored.
U1-S3-TAR-I01,SPIRAL,Algebra 1,1,3,Tarsia,Tarsia,I01,INTRO,,,,,,,,DOK 1–2,"Students will recognize common function families from graphs, tables, equations, and contexts.",,Fast retrieval / recognition,matching-pair,short-answer,instructional,30,,Unit 1 Assessment Plan; Algebra Overview course framework,Dedicated Tarsia item; independently authored.
U1-S3-TAR-I02,SPIRAL,Algebra 1,1,3,Tarsia,Tarsia,I02,INTRO,,,,,,,,DOK 1–2,"Students will recognize common function families from graphs, tables, equations, and contexts.",,Fast retrieval / recognition,matching-pair,short-answer,instructional,30,,Unit 1 Assessment Plan; Algebra Overview course framework,Dedicated Tarsia item; independently authored.
U1-S3-TAR-I03,SPIRAL,Algebra 1,1,3,Tarsia,Tarsia,I03,INTRO,,,,,,,,DOK 1–2,"Students will recognize common function families from graphs, tables, equations, and contexts.",,Fast retrieval / recognition,matching-pair,short-answer,instructional,30,,Unit 1 Assessment Plan; Algebra Overview course framework,Dedicated Tarsia item; independently authored.
U1-S3-TAR-I04,SPIRAL,Algebra 1,1,3,Tarsia,Tarsia,I04,INTRO,,,,,,,,DOK 1–2,"Students will recognize common function families from graphs, tables, equations, and contexts.",,Fast retrieval / recognition,matching-pair,short-answer,instructional,30,,Unit 1 Assessment Plan; Algebra Overview course framework,Dedicated Tarsia item; independently authored.
U1-S3-TAR-R01,SPIRAL,Algebra 1,1,3,Tarsia,Tarsia,R01,REVIEW,,,,,,,,DOK 1–2,"Recognize constant rate of change in tables, graphs, visual patterns, and situations.",,Fast retrieval / recognition,matching-pair,short-answer,instructional,30,,Unit 1 Assessment Plan; Algebra Overview course framework,Dedicated Tarsia item; independently authored.
U1-S3-TAR-R02,SPIRAL,Algebra 1,1,3,Tarsia,Tarsia,R02,REVIEW,,,,,,,,DOK 1–2,"Recognize constant rate of change in tables, graphs, visual patterns, and situations.",,Fast retrieval / recognition,matching-pair,short-answer,instructional,30,,Unit 1 Assessment Plan; Algebra Overview course framework,Dedicated Tarsia item; independently authored.
U1-S3-TAR-R03,SPIRAL,Algebra 1,1,3,Tarsia,Tarsia,R03,REVIEW,,,,,,,,DOK 1–2,"Recognize constant rate of change in tables, graphs, visual patterns, and situations.",,Fast retrieval / recognition,matching-pair,short-answer,instructional,30,,Unit 1 Assessment Plan; Algebra Overview course framework,Dedicated Tarsia item; independently authored.
U1-S3-TAR-R04,SPIRAL,Algebra 1,1,3,Tarsia,Tarsia,R04,REVIEW,,,,,,,,DOK 1–2,"Recognize constant rate of change in tables, graphs, visual patterns, and situations.",,Fast retrieval / recognition,matching-pair,short-answer,instructional,30,,Unit 1 Assessment Plan; Algebra Overview course framework,Dedicated Tarsia item; independently authored.
U1-S3-TAR-M01,SPIRAL,Algebra 1,1,3,Tarsia,Tarsia,M01,MASTERY,U1-MG01,,,,,,,DOK 1–2,"Compute with rational numbers and evaluate numerical or algebraic expressions accurately, using order of operations and substitution while checking reasonableness.",,Fast retrieval / recognition,matching-pair,short-answer,instructional,30,,Unit 1 Assessment Plan; Algebra Overview course framework,Dedicated Tarsia item; independently authored.
U1-S3-TAR-M02,SPIRAL,Algebra 1,1,3,Tarsia,Tarsia,M02,MASTERY,U1-MG02,,,,,,,DOK 1–2,"Rewrite algebraic expressions into equivalent forms by using properties, structure, terms, factors, and the distributive property.",,Fast retrieval / recognition,matching-pair,short-answer,instructional,30,,Unit 1 Assessment Plan; Algebra Overview course framework,Dedicated Tarsia item; independently authored.
U1-S3-TAR-M03,SPIRAL,Algebra 1,1,3,Tarsia,Tarsia,M03,MASTERY,U1-MG03,,,,,,,DOK 1–2,Solve one-variable equations with equivalent transformations and verify and interpret solutions.,,Fast retrieval / recognition,matching-pair,short-answer,instructional,30,,Unit 1 Assessment Plan; Algebra Overview course framework,Dedicated Tarsia item; independently authored.
U1-S3-TAR-M04,SPIRAL,Algebra 1,1,3,Tarsia,Tarsia,M04,MASTERY,U1-MG04,,,,,,,DOK 1–2,"Solve one-variable inequalities, represent solution sets on number lines, and interpret boundaries and constraints.",,Fast retrieval / recognition,matching-pair,short-answer,instructional,30,,Unit 1 Assessment Plan; Algebra Overview course framework,Dedicated Tarsia item; independently authored.
U1-S3-TAR-M05,SPIRAL,Algebra 1,1,3,Tarsia,Tarsia,M05,MASTERY,U1-MG01,,,,,,,DOK 1–2,"Compute with rational numbers and evaluate numerical or algebraic expressions accurately, using order of operations and substitution while checking reasonableness.",,Fast retrieval / recognition,matching-pair,short-answer,instructional,30,,Unit 1 Assessment Plan; Algebra Overview course framework,Dedicated Tarsia item; independently authored.
U1-S3-TAR-M06,SPIRAL,Algebra 1,1,3,Tarsia,Tarsia,M06,MASTERY,U1-MG02,,,,,,,DOK 1–2,"Rewrite algebraic expressions into equivalent forms by using properties, structure, terms, factors, and the distributive property.",,Fast retrieval / recognition,matching-pair,short-answer,instructional,30,,Unit 1 Assessment Plan; Algebra Overview course framework,Dedicated Tarsia item; independently authored.
U1-S3-TAR-M07,SPIRAL,Algebra 1,1,3,Tarsia,Tarsia,M07,MASTERY,U1-MG03,,,,,,,DOK 1–2,Solve one-variable equations with equivalent transformations and verify and interpret solutions.,,Fast retrieval / recognition,matching-pair,short-answer,instructional,30,,Unit 1 Assessment Plan; Algebra Overview course framework,Dedicated Tarsia item; independently authored.
U1-S3-TAR-M08,SPIRAL,Algebra 1,1,3,Tarsia,Tarsia,M08,MASTERY,U1-MG04,,,,,,,DOK 1–2,"Solve one-variable inequalities, represent solution sets on number lines, and interpret boundaries and constraints.",,Fast retrieval / recognition,matching-pair,short-answer,instructional,30,,Unit 1 Assessment Plan; Algebra Overview course framework,Dedicated Tarsia item; independently authored.
U1-S3-TAR-M09,SPIRAL,Algebra 1,1,3,Tarsia,Tarsia,M09,MASTERY,U1-MG01,,,,,,,DOK 1–2,"Compute with rational numbers and evaluate numerical or algebraic expressions accurately, using order of operations and substitution while checking reasonableness.",,Fast retrieval / recognition,matching-pair,short-answer,instructional,30,,Unit 1 Assessment Plan; Algebra Overview course framework,Dedicated Tarsia item; independently authored.
U1-S3-TAR-M10,SPIRAL,Algebra 1,1,3,Tarsia,Tarsia,M10,MASTERY,U1-MG02,,,,,,,DOK 1–2,"Rewrite algebraic expressions into equivalent forms by using properties, structure, terms, factors, and the distributive property.",,Fast retrieval / recognition,matching-pair,short-answer,instructional,30,,Unit 1 Assessment Plan; Algebra Overview course framework,Dedicated Tarsia item; independently authored.
U1-S4-TAR-I01,SPIRAL,Algebra 1,1,4,Tarsia,Tarsia,I01,INTRO,,,,,,,,DOK 1–2,"Students will interpret and rewrite algebraic expressions by identifying structure, meaning, and equivalent forms.",,Fast retrieval / recognition,matching-pair,short-answer,instructional,30,,Unit 1 Assessment Plan; Algebra Overview course framework,Dedicated Tarsia item; independently authored.
U1-S4-TAR-I02,SPIRAL,Algebra 1,1,4,Tarsia,Tarsia,I02,INTRO,,,,,,,,DOK 1–2,"Students will interpret and rewrite algebraic expressions by identifying structure, meaning, and equivalent forms.",,Fast retrieval / recognition,matching-pair,short-answer,instructional,30,,Unit 1 Assessment Plan; Algebra Overview course framework,Dedicated Tarsia item; independently authored.
U1-S4-TAR-I03,SPIRAL,Algebra 1,1,4,Tarsia,Tarsia,I03,INTRO,,,,,,,,DOK 1–2,"Students will interpret and rewrite algebraic expressions by identifying structure, meaning, and equivalent forms.",,Fast retrieval / recognition,matching-pair,short-answer,instructional,30,,Unit 1 Assessment Plan; Algebra Overview course framework,Dedicated Tarsia item; independently authored.
U1-S4-TAR-I04,SPIRAL,Algebra 1,1,4,Tarsia,Tarsia,I04,INTRO,,,,,,,,DOK 1–2,"Students will interpret and rewrite algebraic expressions by identifying structure, meaning, and equivalent forms.",,Fast retrieval / recognition,matching-pair,short-answer,instructional,30,,Unit 1 Assessment Plan; Algebra Overview course framework,Dedicated Tarsia item; independently authored.
U1-S4-TAR-R01,SPIRAL,Algebra 1,1,4,Tarsia,Tarsia,R01,REVIEW,,,,,,,,DOK 1–2,"Compare relationships using equations, graphs, tables, visual patterns, and contexts, then justify conclusions.",,Fast retrieval / recognition,matching-pair,short-answer,instructional,30,,Unit 1 Assessment Plan; Algebra Overview course framework,Dedicated Tarsia item; independently authored.
U1-S4-TAR-R02,SPIRAL,Algebra 1,1,4,Tarsia,Tarsia,R02,REVIEW,,,,,,,,DOK 1–2,"Compare relationships using equations, graphs, tables, visual patterns, and contexts, then justify conclusions.",,Fast retrieval / recognition,matching-pair,short-answer,instructional,30,,Unit 1 Assessment Plan; Algebra Overview course framework,Dedicated Tarsia item; independently authored.
U1-S4-TAR-R03,SPIRAL,Algebra 1,1,4,Tarsia,Tarsia,R03,REVIEW,,,,,,,,DOK 1–2,"Compare relationships using equations, graphs, tables, visual patterns, and contexts, then justify conclusions.",,Fast retrieval / recognition,matching-pair,short-answer,instructional,30,,Unit 1 Assessment Plan; Algebra Overview course framework,Dedicated Tarsia item; independently authored.
U1-S4-TAR-R04,SPIRAL,Algebra 1,1,4,Tarsia,Tarsia,R04,REVIEW,,,,,,,,DOK 1–2,"Compare relationships using equations, graphs, tables, visual patterns, and contexts, then justify conclusions.",,Fast retrieval / recognition,matching-pair,short-answer,instructional,30,,Unit 1 Assessment Plan; Algebra Overview course framework,Dedicated Tarsia item; independently authored.
U1-S4-TAR-M01,SPIRAL,Algebra 1,1,4,Tarsia,Tarsia,M01,MASTERY,U1-MG01,,,,,,,DOK 1–2,"Compute with rational numbers and evaluate numerical or algebraic expressions accurately, using order of operations and substitution while checking reasonableness.",,Fast retrieval / recognition,matching-pair,short-answer,instructional,30,,Unit 1 Assessment Plan; Algebra Overview course framework,Dedicated Tarsia item; independently authored.
U1-S4-TAR-M02,SPIRAL,Algebra 1,1,4,Tarsia,Tarsia,M02,MASTERY,U1-MG02,,,,,,,DOK 1–2,"Rewrite algebraic expressions into equivalent forms by using properties, structure, terms, factors, and the distributive property.",,Fast retrieval / recognition,matching-pair,short-answer,instructional,30,,Unit 1 Assessment Plan; Algebra Overview course framework,Dedicated Tarsia item; independently authored.
U1-S4-TAR-M03,SPIRAL,Algebra 1,1,4,Tarsia,Tarsia,M03,MASTERY,U1-MG03,,,,,,,DOK 1–2,Solve one-variable equations with equivalent transformations and verify and interpret solutions.,,Fast retrieval / recognition,matching-pair,short-answer,instructional,30,,Unit 1 Assessment Plan; Algebra Overview course framework,Dedicated Tarsia item; independently authored.
U1-S4-TAR-M04,SPIRAL,Algebra 1,1,4,Tarsia,Tarsia,M04,MASTERY,U1-MG04,,,,,,,DOK 1–2,"Solve one-variable inequalities, represent solution sets on number lines, and interpret boundaries and constraints.",,Fast retrieval / recognition,matching-pair,short-answer,instructional,30,,Unit 1 Assessment Plan; Algebra Overview course framework,Dedicated Tarsia item; independently authored.
U1-S4-TAR-M05,SPIRAL,Algebra 1,1,4,Tarsia,Tarsia,M05,MASTERY,U1-MG01,,,,,,,DOK 1–2,"Compute with rational numbers and evaluate numerical or algebraic expressions accurately, using order of operations and substitution while checking reasonableness.",,Fast retrieval / recognition,matching-pair,short-answer,instructional,30,,Unit 1 Assessment Plan; Algebra Overview course framework,Dedicated Tarsia item; independently authored.
U1-S4-TAR-M06,SPIRAL,Algebra 1,1,4,Tarsia,Tarsia,M06,MASTERY,U1-MG02,,,,,,,DOK 1–2,"Rewrite algebraic expressions into equivalent forms by using properties, structure, terms, factors, and the distributive property.",,Fast retrieval / recognition,matching-pair,short-answer,instructional,30,,Unit 1 Assessment Plan; Algebra Overview course framework,Dedicated Tarsia item; independently authored.
U1-S4-TAR-M07,SPIRAL,Algebra 1,1,4,Tarsia,Tarsia,M07,MASTERY,U1-MG03,,,,,,,DOK 1–2,Solve one-variable equations with equivalent transformations and verify and interpret solutions.,,Fast retrieval / recognition,matching-pair,short-answer,instructional,30,,Unit 1 Assessment Plan; Algebra Overview course framework,Dedicated Tarsia item; independently authored.
U1-S4-TAR-M08,SPIRAL,Algebra 1,1,4,Tarsia,Tarsia,M08,MASTERY,U1-MG04,,,,,,,DOK 1–2,"Solve one-variable inequalities, represent solution sets on number lines, and interpret boundaries and constraints.",,Fast retrieval / recognition,matching-pair,short-answer,instructional,30,,Unit 1 Assessment Plan; Algebra Overview course framework,Dedicated Tarsia item; independently authored.
U1-S4-TAR-M09,SPIRAL,Algebra 1,1,4,Tarsia,Tarsia,M09,MASTERY,U1-MG01,,,,,,,DOK 1–2,"Compute with rational numbers and evaluate numerical or algebraic expressions accurately, using order of operations and substitution while checking reasonableness.",,Fast retrieval / recognition,matching-pair,short-answer,instructional,30,,Unit 1 Assessment Plan; Algebra Overview course framework,Dedicated Tarsia item; independently authored.
U1-S4-TAR-M10,SPIRAL,Algebra 1,1,4,Tarsia,Tarsia,M10,MASTERY,U1-MG02,,,,,,,DOK 1–2,"Rewrite algebraic expressions into equivalent forms by using properties, structure, terms, factors, and the distributive property.",,Fast retrieval / recognition,matching-pair,short-answer,instructional,30,,Unit 1 Assessment Plan; Algebra Overview course framework,Dedicated Tarsia item; independently authored.
U1-S5-TAR-I01,SPIRAL,Algebra 1,1,5,Tarsia,Tarsia,I01,INTRO,,,,,,,,DOK 1–2,"Students will write, solve, and interpret equations that model situations.",,Fast retrieval / recognition,matching-pair,short-answer,instructional,30,,Unit 1 Assessment Plan; Algebra Overview course framework,Dedicated Tarsia item; independently authored.
U1-S5-TAR-I02,SPIRAL,Algebra 1,1,5,Tarsia,Tarsia,I02,INTRO,,,,,,,,DOK 1–2,"Students will write, solve, and interpret equations that model situations.",,Fast retrieval / recognition,matching-pair,short-answer,instructional,30,,Unit 1 Assessment Plan; Algebra Overview course framework,Dedicated Tarsia item; independently authored.
U1-S5-TAR-I03,SPIRAL,Algebra 1,1,5,Tarsia,Tarsia,I03,INTRO,,,,,,,,DOK 1–2,"Students will write, solve, and interpret equations that model situations.",,Fast retrieval / recognition,matching-pair,short-answer,instructional,30,,Unit 1 Assessment Plan; Algebra Overview course framework,Dedicated Tarsia item; independently authored.
U1-S5-TAR-I04,SPIRAL,Algebra 1,1,5,Tarsia,Tarsia,I04,INTRO,,,,,,,,DOK 1–2,"Students will write, solve, and interpret equations that model situations.",,Fast retrieval / recognition,matching-pair,short-answer,instructional,30,,Unit 1 Assessment Plan; Algebra Overview course framework,Dedicated Tarsia item; independently authored.
U1-S5-TAR-R01,SPIRAL,Algebra 1,1,5,Tarsia,Tarsia,R01,REVIEW,,,,,,,,DOK 1–2,"Represent linear relationships using tables, graphs, equations, and contextual descriptions.",,Fast retrieval / recognition,matching-pair,short-answer,instructional,30,,Unit 1 Assessment Plan; Algebra Overview course framework,Dedicated Tarsia item; independently authored.
U1-S5-TAR-R02,SPIRAL,Algebra 1,1,5,Tarsia,Tarsia,R02,REVIEW,,,,,,,,DOK 1–2,"Represent linear relationships using tables, graphs, equations, and contextual descriptions.",,Fast retrieval / recognition,matching-pair,short-answer,instructional,30,,Unit 1 Assessment Plan; Algebra Overview course framework,Dedicated Tarsia item; independently authored.
U1-S5-TAR-R03,SPIRAL,Algebra 1,1,5,Tarsia,Tarsia,R03,REVIEW,,,,,,,,DOK 1–2,"Represent linear relationships using tables, graphs, equations, and contextual descriptions.",,Fast retrieval / recognition,matching-pair,short-answer,instructional,30,,Unit 1 Assessment Plan; Algebra Overview course framework,Dedicated Tarsia item; independently authored.
U1-S5-TAR-R04,SPIRAL,Algebra 1,1,5,Tarsia,Tarsia,R04,REVIEW,,,,,,,,DOK 1–2,"Represent linear relationships using tables, graphs, equations, and contextual descriptions.",,Fast retrieval / recognition,matching-pair,short-answer,instructional,30,,Unit 1 Assessment Plan; Algebra Overview course framework,Dedicated Tarsia item; independently authored.
U1-S5-TAR-M01,SPIRAL,Algebra 1,1,5,Tarsia,Tarsia,M01,MASTERY,U1-MG01,,,,,,,DOK 1–2,"Compute with rational numbers and evaluate numerical or algebraic expressions accurately, using order of operations and substitution while checking reasonableness.",,Fast retrieval / recognition,matching-pair,short-answer,instructional,30,,Unit 1 Assessment Plan; Algebra Overview course framework,Dedicated Tarsia item; independently authored.
U1-S5-TAR-M02,SPIRAL,Algebra 1,1,5,Tarsia,Tarsia,M02,MASTERY,U1-MG02,,,,,,,DOK 1–2,"Rewrite algebraic expressions into equivalent forms by using properties, structure, terms, factors, and the distributive property.",,Fast retrieval / recognition,matching-pair,short-answer,instructional,30,,Unit 1 Assessment Plan; Algebra Overview course framework,Dedicated Tarsia item; independently authored.
U1-S5-TAR-M03,SPIRAL,Algebra 1,1,5,Tarsia,Tarsia,M03,MASTERY,U1-MG03,,,,,,,DOK 1–2,Solve one-variable equations with equivalent transformations and verify and interpret solutions.,,Fast retrieval / recognition,matching-pair,short-answer,instructional,30,,Unit 1 Assessment Plan; Algebra Overview course framework,Dedicated Tarsia item; independently authored.
U1-S5-TAR-M04,SPIRAL,Algebra 1,1,5,Tarsia,Tarsia,M04,MASTERY,U1-MG04,,,,,,,DOK 1–2,"Solve one-variable inequalities, represent solution sets on number lines, and interpret boundaries and constraints.",,Fast retrieval / recognition,matching-pair,short-answer,instructional,30,,Unit 1 Assessment Plan; Algebra Overview course framework,Dedicated Tarsia item; independently authored.
U1-S5-TAR-M05,SPIRAL,Algebra 1,1,5,Tarsia,Tarsia,M05,MASTERY,U1-MG01,,,,,,,DOK 1–2,"Compute with rational numbers and evaluate numerical or algebraic expressions accurately, using order of operations and substitution while checking reasonableness.",,Fast retrieval / recognition,matching-pair,short-answer,instructional,30,,Unit 1 Assessment Plan; Algebra Overview course framework,Dedicated Tarsia item; independently authored.
U1-S5-TAR-M06,SPIRAL,Algebra 1,1,5,Tarsia,Tarsia,M06,MASTERY,U1-MG02,,,,,,,DOK 1–2,"Rewrite algebraic expressions into equivalent forms by using properties, structure, terms, factors, and the distributive property.",,Fast retrieval / recognition,matching-pair,short-answer,instructional,30,,Unit 1 Assessment Plan; Algebra Overview course framework,Dedicated Tarsia item; independently authored.
U1-S5-TAR-M07,SPIRAL,Algebra 1,1,5,Tarsia,Tarsia,M07,MASTERY,U1-MG03,,,,,,,DOK 1–2,Solve one-variable equations with equivalent transformations and verify and interpret solutions.,,Fast retrieval / recognition,matching-pair,short-answer,instructional,30,,Unit 1 Assessment Plan; Algebra Overview course framework,Dedicated Tarsia item; independently authored.
U1-S5-TAR-M08,SPIRAL,Algebra 1,1,5,Tarsia,Tarsia,M08,MASTERY,U1-MG04,,,,,,,DOK 1–2,"Solve one-variable inequalities, represent solution sets on number lines, and interpret boundaries and constraints.",,Fast retrieval / recognition,matching-pair,short-answer,instructional,30,,Unit 1 Assessment Plan; Algebra Overview course framework,Dedicated Tarsia item; independently authored.
U1-S5-TAR-M09,SPIRAL,Algebra 1,1,5,Tarsia,Tarsia,M09,MASTERY,U1-MG01,,,,,,,DOK 1–2,"Compute with rational numbers and evaluate numerical or algebraic expressions accurately, using order of operations and substitution while checking reasonableness.",,Fast retrieval / recognition,matching-pair,short-answer,instructional,30,,Unit 1 Assessment Plan; Algebra Overview course framework,Dedicated Tarsia item; independently authored.
U1-S5-TAR-M10,SPIRAL,Algebra 1,1,5,Tarsia,Tarsia,M10,MASTERY,U1-MG02,,,,,,,DOK 1–2,"Rewrite algebraic expressions into equivalent forms by using properties, structure, terms, factors, and the distributive property.",,Fast retrieval / recognition,matching-pair,short-answer,instructional,30,,Unit 1 Assessment Plan; Algebra Overview course framework,Dedicated Tarsia item; independently authored.
U1-S1-BLO-I01,SPIRAL,Algebra 1,1,1,Blooket,Blooket,Q01,INTRO,,,,,,,,DOK 1–2,"Students will connect tables, graphs, equations, and contexts that represent the same relationship.",,Fast retrieval / game pacing,multiple-choice,selected-response,instructional,45,,Unit 1 Assessment Plan; Algebra Overview course framework,Dedicated Blooket family table-to-equation.
U1-S1-BLO-I02,SPIRAL,Algebra 1,1,1,Blooket,Blooket,Q02,INTRO,,,,,,,,DOK 1–2,"Students will connect tables, graphs, equations, and contexts that represent the same relationship.",,Fast retrieval / game pacing,multiple-choice,selected-response,instructional,45,,Unit 1 Assessment Plan; Algebra Overview course framework,Dedicated Blooket family equation-to-pairs.
U1-S1-BLO-I03,SPIRAL,Algebra 1,1,1,Blooket,Blooket,Q03,INTRO,,,,,,,,DOK 1–2,"Students will connect tables, graphs, equations, and contexts that represent the same relationship.",,Fast retrieval / game pacing,multiple-choice,selected-response,instructional,45,,Unit 1 Assessment Plan; Algebra Overview course framework,Dedicated Blooket family compare-representations.
U1-S1-BLO-I04,SPIRAL,Algebra 1,1,1,Blooket,Blooket,Q04,INTRO,,,,,,,,DOK 1–2,"Students will connect tables, graphs, equations, and contexts that represent the same relationship.",,Fast retrieval / game pacing,multiple-choice,selected-response,instructional,45,,Unit 1 Assessment Plan; Algebra Overview course framework,Dedicated Blooket family context-to-equation.
U1-S1-BLO-R01,SPIRAL,Algebra 1,1,1,Blooket,Blooket,Q05,REVIEW,,,,,,,,DOK 1–2,"Interpret and create graphs on the coordinate plane while connecting points, axes, intercepts, and graphical information to mathematical situations.",,Fast retrieval / game pacing,multiple-choice,selected-response,instructional,45,,Unit 1 Assessment Plan; Algebra Overview course framework,Dedicated Blooket family review-0.
U1-S1-BLO-R02,SPIRAL,Algebra 1,1,1,Blooket,Blooket,Q06,REVIEW,,,,,,,,DOK 1–2,"Interpret and create graphs on the coordinate plane while connecting points, axes, intercepts, and graphical information to mathematical situations.",,Fast retrieval / game pacing,multiple-choice,selected-response,instructional,45,,Unit 1 Assessment Plan; Algebra Overview course framework,Dedicated Blooket family review-1.
U1-S1-BLO-R03,SPIRAL,Algebra 1,1,1,Blooket,Blooket,Q07,REVIEW,,,,,,,,DOK 1–2,"Interpret and create graphs on the coordinate plane while connecting points, axes, intercepts, and graphical information to mathematical situations.",,Fast retrieval / game pacing,multiple-choice,selected-response,instructional,45,,Unit 1 Assessment Plan; Algebra Overview course framework,Dedicated Blooket family review-2.
U1-S1-BLO-R04,SPIRAL,Algebra 1,1,1,Blooket,Blooket,Q08,REVIEW,,,,,,,,DOK 1–2,"Interpret and create graphs on the coordinate plane while connecting points, axes, intercepts, and graphical information to mathematical situations.",,Fast retrieval / game pacing,multiple-choice,selected-response,instructional,45,,Unit 1 Assessment Plan; Algebra Overview course framework,Dedicated Blooket family review-3.
U1-S1-BLO-M01,SPIRAL,Algebra 1,1,1,Blooket,Blooket,Q09,MASTERY,U1-MG01,,,,,,,DOK 1–2,"Compute with rational numbers and evaluate numerical or algebraic expressions accurately, using order of operations and substitution while checking reasonableness.",,Fast retrieval / game pacing,multiple-choice,selected-response,instructional,45,,Unit 1 Assessment Plan; Algebra Overview course framework,Dedicated Blooket family fraction-operation.
U1-S1-BLO-M02,SPIRAL,Algebra 1,1,1,Blooket,Blooket,Q10,MASTERY,U1-MG02,,,,,,,DOK 1–2,"Rewrite algebraic expressions into equivalent forms by using properties, structure, terms, factors, and the distributive property.",,Fast retrieval / game pacing,multiple-choice,selected-response,instructional,45,,Unit 1 Assessment Plan; Algebra Overview course framework,Dedicated Blooket family factor-structure.
U1-S1-BLO-M03,SPIRAL,Algebra 1,1,1,Blooket,Blooket,Q11,MASTERY,U1-MG03,,,,,,,DOK 1–2,Solve one-variable equations with equivalent transformations and verify and interpret solutions.,,Fast retrieval / game pacing,multiple-choice,selected-response,instructional,45,,Unit 1 Assessment Plan; Algebra Overview course framework,Dedicated Blooket family context-equation.
U1-S1-BLO-M04,SPIRAL,Algebra 1,1,1,Blooket,Blooket,Q12,MASTERY,U1-MG04,,,,,,,DOK 1–2,"Solve one-variable inequalities, represent solution sets on number lines, and interpret boundaries and constraints.",,Fast retrieval / game pacing,multiple-choice,selected-response,instructional,45,,Unit 1 Assessment Plan; Algebra Overview course framework,Dedicated Blooket family positive-inequality.
U1-S1-BLO-M05,SPIRAL,Algebra 1,1,1,Blooket,Blooket,Q13,MASTERY,U1-MG01,,,,,,,DOK 1–2,"Compute with rational numbers and evaluate numerical or algebraic expressions accurately, using order of operations and substitution while checking reasonableness.",,Fast retrieval / game pacing,multiple-choice,selected-response,instructional,45,,Unit 1 Assessment Plan; Algebra Overview course framework,Dedicated Blooket family fraction-operation.
U1-S1-BLO-M06,SPIRAL,Algebra 1,1,1,Blooket,Blooket,Q14,MASTERY,U1-MG02,,,,,,,DOK 1–2,"Rewrite algebraic expressions into equivalent forms by using properties, structure, terms, factors, and the distributive property.",,Fast retrieval / game pacing,multiple-choice,selected-response,instructional,45,,Unit 1 Assessment Plan; Algebra Overview course framework,Dedicated Blooket family factor-structure.
U1-S1-BLO-M07,SPIRAL,Algebra 1,1,1,Blooket,Blooket,Q15,MASTERY,U1-MG03,,,,,,,DOK 1–2,Solve one-variable equations with equivalent transformations and verify and interpret solutions.,,Fast retrieval / game pacing,multiple-choice,selected-response,instructional,45,,Unit 1 Assessment Plan; Algebra Overview course framework,Dedicated Blooket family context-equation.
U1-S1-BLO-M08,SPIRAL,Algebra 1,1,1,Blooket,Blooket,Q16,MASTERY,U1-MG04,,,,,,,DOK 1–2,"Solve one-variable inequalities, represent solution sets on number lines, and interpret boundaries and constraints.",,Fast retrieval / game pacing,multiple-choice,selected-response,instructional,45,,Unit 1 Assessment Plan; Algebra Overview course framework,Dedicated Blooket family positive-inequality.
U1-S1-BLO-M09,SPIRAL,Algebra 1,1,1,Blooket,Blooket,Q17,MASTERY,U1-MG01,,,,,,,DOK 1–2,"Compute with rational numbers and evaluate numerical or algebraic expressions accurately, using order of operations and substitution while checking reasonableness.",,Fast retrieval / game pacing,multiple-choice,selected-response,instructional,45,,Unit 1 Assessment Plan; Algebra Overview course framework,Dedicated Blooket family fraction-operation.
U1-S1-BLO-M10,SPIRAL,Algebra 1,1,1,Blooket,Blooket,Q18,MASTERY,U1-MG02,,,,,,,DOK 1–2,"Rewrite algebraic expressions into equivalent forms by using properties, structure, terms, factors, and the distributive property.",,Fast retrieval / game pacing,multiple-choice,selected-response,instructional,45,,Unit 1 Assessment Plan; Algebra Overview course framework,Dedicated Blooket family factor-structure.
U1-S1-BLO-M11,SPIRAL,Algebra 1,1,1,Blooket,Blooket,Q19,MASTERY,U1-MG03,,,,,,,DOK 1–2,Solve one-variable equations with equivalent transformations and verify and interpret solutions.,,Fast retrieval / game pacing,multiple-choice,selected-response,instructional,45,,Unit 1 Assessment Plan; Algebra Overview course framework,Dedicated Blooket family context-equation.
U1-S1-BLO-M12,SPIRAL,Algebra 1,1,1,Blooket,Blooket,Q20,MASTERY,U1-MG04,,,,,,,DOK 1–2,"Solve one-variable inequalities, represent solution sets on number lines, and interpret boundaries and constraints.",,Fast retrieval / game pacing,multiple-choice,selected-response,instructional,45,,Unit 1 Assessment Plan; Algebra Overview course framework,Dedicated Blooket family positive-inequality.
U1-S2-BLO-I01,SPIRAL,Algebra 1,1,2,Blooket,Blooket,Q01,INTRO,,,,,,,,DOK 1–2,Students will interpret functions as rules that connect inputs and outputs without relying on formal domain and range language.,,Fast retrieval / game pacing,multiple-choice,selected-response,instructional,45,,Unit 1 Assessment Plan; Algebra Overview course framework,Dedicated Blooket family apply-function-rule.
U1-S2-BLO-I02,SPIRAL,Algebra 1,1,2,Blooket,Blooket,Q02,INTRO,,,,,,,,DOK 1–2,Students will interpret functions as rules that connect inputs and outputs without relying on formal domain and range language.,,Fast retrieval / game pacing,multiple-choice,selected-response,instructional,45,,Unit 1 Assessment Plan; Algebra Overview course framework,Dedicated Blooket family infer-rule.
U1-S2-BLO-I03,SPIRAL,Algebra 1,1,2,Blooket,Blooket,Q03,INTRO,,,,,,,,DOK 1–2,Students will interpret functions as rules that connect inputs and outputs without relying on formal domain and range language.,,Fast retrieval / game pacing,multiple-choice,selected-response,instructional,45,,Unit 1 Assessment Plan; Algebra Overview course framework,Dedicated Blooket family function-test.
U1-S2-BLO-I04,SPIRAL,Algebra 1,1,2,Blooket,Blooket,Q04,INTRO,,,,,,,,DOK 1–2,Students will interpret functions as rules that connect inputs and outputs without relying on formal domain and range language.,,Fast retrieval / game pacing,multiple-choice,selected-response,instructional,45,,Unit 1 Assessment Plan; Algebra Overview course framework,Dedicated Blooket family input-output-context.
U1-S2-BLO-R01,SPIRAL,Algebra 1,1,2,Blooket,Blooket,Q05,REVIEW,,,,,,,,DOK 1–2,"Identify patterns and represent relationships using input-output rules, tables, words, and symbols.",,Fast retrieval / game pacing,multiple-choice,selected-response,instructional,45,,Unit 1 Assessment Plan; Algebra Overview course framework,Dedicated Blooket family review-0.
U1-S2-BLO-R02,SPIRAL,Algebra 1,1,2,Blooket,Blooket,Q06,REVIEW,,,,,,,,DOK 1–2,"Identify patterns and represent relationships using input-output rules, tables, words, and symbols.",,Fast retrieval / game pacing,multiple-choice,selected-response,instructional,45,,Unit 1 Assessment Plan; Algebra Overview course framework,Dedicated Blooket family review-1.
U1-S2-BLO-R03,SPIRAL,Algebra 1,1,2,Blooket,Blooket,Q07,REVIEW,,,,,,,,DOK 1–2,"Identify patterns and represent relationships using input-output rules, tables, words, and symbols.",,Fast retrieval / game pacing,multiple-choice,selected-response,instructional,45,,Unit 1 Assessment Plan; Algebra Overview course framework,Dedicated Blooket family review-2.
U1-S2-BLO-R04,SPIRAL,Algebra 1,1,2,Blooket,Blooket,Q08,REVIEW,,,,,,,,DOK 1–2,"Identify patterns and represent relationships using input-output rules, tables, words, and symbols.",,Fast retrieval / game pacing,multiple-choice,selected-response,instructional,45,,Unit 1 Assessment Plan; Algebra Overview course framework,Dedicated Blooket family review-3.
U1-S2-BLO-M01,SPIRAL,Algebra 1,1,2,Blooket,Blooket,Q09,MASTERY,U1-MG01,,,,,,,DOK 1–2,"Compute with rational numbers and evaluate numerical or algebraic expressions accurately, using order of operations and substitution while checking reasonableness.",,Fast retrieval / game pacing,multiple-choice,selected-response,instructional,45,,Unit 1 Assessment Plan; Algebra Overview course framework,Dedicated Blooket family decimal-operation.
U1-S2-BLO-M02,SPIRAL,Algebra 1,1,2,Blooket,Blooket,Q10,MASTERY,U1-MG02,,,,,,,DOK 1–2,"Rewrite algebraic expressions into equivalent forms by using properties, structure, terms, factors, and the distributive property.",,Fast retrieval / game pacing,multiple-choice,selected-response,instructional,45,,Unit 1 Assessment Plan; Algebra Overview course framework,Dedicated Blooket family equivalence-justify.
U1-S2-BLO-M03,SPIRAL,Algebra 1,1,2,Blooket,Blooket,Q11,MASTERY,U1-MG03,,,,,,,DOK 1–2,Solve one-variable equations with equivalent transformations and verify and interpret solutions.,,Fast retrieval / game pacing,multiple-choice,selected-response,instructional,45,,Unit 1 Assessment Plan; Algebra Overview course framework,Dedicated Blooket family two-step-equation.
U1-S2-BLO-M04,SPIRAL,Algebra 1,1,2,Blooket,Blooket,Q12,MASTERY,U1-MG04,,,,,,,DOK 1–2,"Solve one-variable inequalities, represent solution sets on number lines, and interpret boundaries and constraints.",,Fast retrieval / game pacing,multiple-choice,selected-response,instructional,45,,Unit 1 Assessment Plan; Algebra Overview course framework,Dedicated Blooket family negative-inequality.
U1-S2-BLO-M05,SPIRAL,Algebra 1,1,2,Blooket,Blooket,Q13,MASTERY,U1-MG01,,,,,,,DOK 1–2,"Compute with rational numbers and evaluate numerical or algebraic expressions accurately, using order of operations and substitution while checking reasonableness.",,Fast retrieval / game pacing,multiple-choice,selected-response,instructional,45,,Unit 1 Assessment Plan; Algebra Overview course framework,Dedicated Blooket family decimal-operation.
U1-S2-BLO-M06,SPIRAL,Algebra 1,1,2,Blooket,Blooket,Q14,MASTERY,U1-MG02,,,,,,,DOK 1–2,"Rewrite algebraic expressions into equivalent forms by using properties, structure, terms, factors, and the distributive property.",,Fast retrieval / game pacing,multiple-choice,selected-response,instructional,45,,Unit 1 Assessment Plan; Algebra Overview course framework,Dedicated Blooket family equivalence-justify.
U1-S2-BLO-M07,SPIRAL,Algebra 1,1,2,Blooket,Blooket,Q15,MASTERY,U1-MG03,,,,,,,DOK 1–2,Solve one-variable equations with equivalent transformations and verify and interpret solutions.,,Fast retrieval / game pacing,multiple-choice,selected-response,instructional,45,,Unit 1 Assessment Plan; Algebra Overview course framework,Dedicated Blooket family two-step-equation.
U1-S2-BLO-M08,SPIRAL,Algebra 1,1,2,Blooket,Blooket,Q16,MASTERY,U1-MG04,,,,,,,DOK 1–2,"Solve one-variable inequalities, represent solution sets on number lines, and interpret boundaries and constraints.",,Fast retrieval / game pacing,multiple-choice,selected-response,instructional,45,,Unit 1 Assessment Plan; Algebra Overview course framework,Dedicated Blooket family negative-inequality.
U1-S2-BLO-M09,SPIRAL,Algebra 1,1,2,Blooket,Blooket,Q17,MASTERY,U1-MG01,,,,,,,DOK 1–2,"Compute with rational numbers and evaluate numerical or algebraic expressions accurately, using order of operations and substitution while checking reasonableness.",,Fast retrieval / game pacing,multiple-choice,selected-response,instructional,45,,Unit 1 Assessment Plan; Algebra Overview course framework,Dedicated Blooket family decimal-operation.
U1-S2-BLO-M10,SPIRAL,Algebra 1,1,2,Blooket,Blooket,Q18,MASTERY,U1-MG02,,,,,,,DOK 1–2,"Rewrite algebraic expressions into equivalent forms by using properties, structure, terms, factors, and the distributive property.",,Fast retrieval / game pacing,multiple-choice,selected-response,instructional,45,,Unit 1 Assessment Plan; Algebra Overview course framework,Dedicated Blooket family equivalence-justify.
U1-S2-BLO-M11,SPIRAL,Algebra 1,1,2,Blooket,Blooket,Q19,MASTERY,U1-MG03,,,,,,,DOK 1–2,Solve one-variable equations with equivalent transformations and verify and interpret solutions.,,Fast retrieval / game pacing,multiple-choice,selected-response,instructional,45,,Unit 1 Assessment Plan; Algebra Overview course framework,Dedicated Blooket family two-step-equation.
U1-S2-BLO-M12,SPIRAL,Algebra 1,1,2,Blooket,Blooket,Q20,MASTERY,U1-MG04,,,,,,,DOK 1–2,"Solve one-variable inequalities, represent solution sets on number lines, and interpret boundaries and constraints.",,Fast retrieval / game pacing,multiple-choice,selected-response,instructional,45,,Unit 1 Assessment Plan; Algebra Overview course framework,Dedicated Blooket family negative-inequality.
U1-S3-BLO-I01,SPIRAL,Algebra 1,1,3,Blooket,Blooket,Q01,INTRO,,,,,,,,DOK 1–2,"Students will recognize common function families from graphs, tables, equations, and contexts.",,Fast retrieval / game pacing,multiple-choice,selected-response,instructional,45,,Unit 1 Assessment Plan; Algebra Overview course framework,Dedicated Blooket family family-from-equation.
U1-S3-BLO-I02,SPIRAL,Algebra 1,1,3,Blooket,Blooket,Q02,INTRO,,,,,,,,DOK 1–2,"Students will recognize common function families from graphs, tables, equations, and contexts.",,Fast retrieval / game pacing,multiple-choice,selected-response,instructional,45,,Unit 1 Assessment Plan; Algebra Overview course framework,Dedicated Blooket family family-from-table.
U1-S3-BLO-I03,SPIRAL,Algebra 1,1,3,Blooket,Blooket,Q03,INTRO,,,,,,,,DOK 1–2,"Students will recognize common function families from graphs, tables, equations, and contexts.",,Fast retrieval / game pacing,multiple-choice,selected-response,instructional,45,,Unit 1 Assessment Plan; Algebra Overview course framework,Dedicated Blooket family family-from-context.
U1-S3-BLO-I04,SPIRAL,Algebra 1,1,3,Blooket,Blooket,Q04,INTRO,,,,,,,,DOK 1–2,"Students will recognize common function families from graphs, tables, equations, and contexts.",,Fast retrieval / game pacing,multiple-choice,selected-response,instructional,45,,Unit 1 Assessment Plan; Algebra Overview course framework,Dedicated Blooket family family-from-verbal-graph.
U1-S3-BLO-R01,SPIRAL,Algebra 1,1,3,Blooket,Blooket,Q05,REVIEW,,,,,,,,DOK 1–2,"Recognize constant rate of change in tables, graphs, visual patterns, and situations.",,Fast retrieval / game pacing,multiple-choice,selected-response,instructional,45,,Unit 1 Assessment Plan; Algebra Overview course framework,Dedicated Blooket family review-0.
U1-S3-BLO-R02,SPIRAL,Algebra 1,1,3,Blooket,Blooket,Q06,REVIEW,,,,,,,,DOK 1–2,"Recognize constant rate of change in tables, graphs, visual patterns, and situations.",,Fast retrieval / game pacing,multiple-choice,selected-response,instructional,45,,Unit 1 Assessment Plan; Algebra Overview course framework,Dedicated Blooket family review-1.
U1-S3-BLO-R03,SPIRAL,Algebra 1,1,3,Blooket,Blooket,Q07,REVIEW,,,,,,,,DOK 1–2,"Recognize constant rate of change in tables, graphs, visual patterns, and situations.",,Fast retrieval / game pacing,multiple-choice,selected-response,instructional,45,,Unit 1 Assessment Plan; Algebra Overview course framework,Dedicated Blooket family review-2.
U1-S3-BLO-R04,SPIRAL,Algebra 1,1,3,Blooket,Blooket,Q08,REVIEW,,,,,,,,DOK 1–2,"Recognize constant rate of change in tables, graphs, visual patterns, and situations.",,Fast retrieval / game pacing,multiple-choice,selected-response,instructional,45,,Unit 1 Assessment Plan; Algebra Overview course framework,Dedicated Blooket family review-3.
U1-S3-BLO-M01,SPIRAL,Algebra 1,1,3,Blooket,Blooket,Q09,MASTERY,U1-MG01,,,,,,,DOK 1–2,"Compute with rational numbers and evaluate numerical or algebraic expressions accurately, using order of operations and substitution while checking reasonableness.",,Fast retrieval / game pacing,multiple-choice,selected-response,instructional,45,,Unit 1 Assessment Plan; Algebra Overview course framework,Dedicated Blooket family substitution.
U1-S3-BLO-M02,SPIRAL,Algebra 1,1,3,Blooket,Blooket,Q10,MASTERY,U1-MG02,,,,,,,DOK 1–2,"Rewrite algebraic expressions into equivalent forms by using properties, structure, terms, factors, and the distributive property.",,Fast retrieval / game pacing,multiple-choice,selected-response,instructional,45,,Unit 1 Assessment Plan; Algebra Overview course framework,Dedicated Blooket family distribute-combine.
U1-S3-BLO-M03,SPIRAL,Algebra 1,1,3,Blooket,Blooket,Q11,MASTERY,U1-MG03,,,,,,,DOK 1–2,Solve one-variable equations with equivalent transformations and verify and interpret solutions.,,Fast retrieval / game pacing,multiple-choice,selected-response,instructional,45,,Unit 1 Assessment Plan; Algebra Overview course framework,Dedicated Blooket family factored-equation.
U1-S3-BLO-M04,SPIRAL,Algebra 1,1,3,Blooket,Blooket,Q12,MASTERY,U1-MG04,,,,,,,DOK 1–2,"Solve one-variable inequalities, represent solution sets on number lines, and interpret boundaries and constraints.",,Fast retrieval / game pacing,multiple-choice,selected-response,instructional,45,,Unit 1 Assessment Plan; Algebra Overview course framework,Dedicated Blooket family number-line-interpret.
U1-S3-BLO-M05,SPIRAL,Algebra 1,1,3,Blooket,Blooket,Q13,MASTERY,U1-MG01,,,,,,,DOK 1–2,"Compute with rational numbers and evaluate numerical or algebraic expressions accurately, using order of operations and substitution while checking reasonableness.",,Fast retrieval / game pacing,multiple-choice,selected-response,instructional,45,,Unit 1 Assessment Plan; Algebra Overview course framework,Dedicated Blooket family substitution.
U1-S3-BLO-M06,SPIRAL,Algebra 1,1,3,Blooket,Blooket,Q14,MASTERY,U1-MG02,,,,,,,DOK 1–2,"Rewrite algebraic expressions into equivalent forms by using properties, structure, terms, factors, and the distributive property.",,Fast retrieval / game pacing,multiple-choice,selected-response,instructional,45,,Unit 1 Assessment Plan; Algebra Overview course framework,Dedicated Blooket family distribute-combine.
U1-S3-BLO-M07,SPIRAL,Algebra 1,1,3,Blooket,Blooket,Q15,MASTERY,U1-MG03,,,,,,,DOK 1–2,Solve one-variable equations with equivalent transformations and verify and interpret solutions.,,Fast retrieval / game pacing,multiple-choice,selected-response,instructional,45,,Unit 1 Assessment Plan; Algebra Overview course framework,Dedicated Blooket family factored-equation.
U1-S3-BLO-M08,SPIRAL,Algebra 1,1,3,Blooket,Blooket,Q16,MASTERY,U1-MG04,,,,,,,DOK 1–2,"Solve one-variable inequalities, represent solution sets on number lines, and interpret boundaries and constraints.",,Fast retrieval / game pacing,multiple-choice,selected-response,instructional,45,,Unit 1 Assessment Plan; Algebra Overview course framework,Dedicated Blooket family number-line-interpret.
U1-S3-BLO-M09,SPIRAL,Algebra 1,1,3,Blooket,Blooket,Q17,MASTERY,U1-MG01,,,,,,,DOK 1–2,"Compute with rational numbers and evaluate numerical or algebraic expressions accurately, using order of operations and substitution while checking reasonableness.",,Fast retrieval / game pacing,multiple-choice,selected-response,instructional,45,,Unit 1 Assessment Plan; Algebra Overview course framework,Dedicated Blooket family substitution.
U1-S3-BLO-M10,SPIRAL,Algebra 1,1,3,Blooket,Blooket,Q18,MASTERY,U1-MG02,,,,,,,DOK 1–2,"Rewrite algebraic expressions into equivalent forms by using properties, structure, terms, factors, and the distributive property.",,Fast retrieval / game pacing,multiple-choice,selected-response,instructional,45,,Unit 1 Assessment Plan; Algebra Overview course framework,Dedicated Blooket family distribute-combine.
U1-S3-BLO-M11,SPIRAL,Algebra 1,1,3,Blooket,Blooket,Q19,MASTERY,U1-MG03,,,,,,,DOK 1–2,Solve one-variable equations with equivalent transformations and verify and interpret solutions.,,Fast retrieval / game pacing,multiple-choice,selected-response,instructional,45,,Unit 1 Assessment Plan; Algebra Overview course framework,Dedicated Blooket family factored-equation.
U1-S3-BLO-M12,SPIRAL,Algebra 1,1,3,Blooket,Blooket,Q20,MASTERY,U1-MG04,,,,,,,DOK 1–2,"Solve one-variable inequalities, represent solution sets on number lines, and interpret boundaries and constraints.",,Fast retrieval / game pacing,multiple-choice,selected-response,instructional,45,,Unit 1 Assessment Plan; Algebra Overview course framework,Dedicated Blooket family number-line-interpret.
U1-S4-BLO-I01,SPIRAL,Algebra 1,1,4,Blooket,Blooket,Q01,INTRO,,,,,,,,DOK 1–2,"Students will interpret and rewrite algebraic expressions by identifying structure, meaning, and equivalent forms.",,Fast retrieval / game pacing,multiple-choice,selected-response,instructional,45,,Unit 1 Assessment Plan; Algebra Overview course framework,Dedicated Blooket family distributive-rewrite.
U1-S4-BLO-I02,SPIRAL,Algebra 1,1,4,Blooket,Blooket,Q02,INTRO,,,,,,,,DOK 1–2,"Students will interpret and rewrite algebraic expressions by identifying structure, meaning, and equivalent forms.",,Fast retrieval / game pacing,multiple-choice,selected-response,instructional,45,,Unit 1 Assessment Plan; Algebra Overview course framework,Dedicated Blooket family like-terms.
U1-S4-BLO-I03,SPIRAL,Algebra 1,1,4,Blooket,Blooket,Q03,INTRO,,,,,,,,DOK 1–2,"Students will interpret and rewrite algebraic expressions by identifying structure, meaning, and equivalent forms.",,Fast retrieval / game pacing,multiple-choice,selected-response,instructional,45,,Unit 1 Assessment Plan; Algebra Overview course framework,Dedicated Blooket family equivalence-property.
U1-S4-BLO-I04,SPIRAL,Algebra 1,1,4,Blooket,Blooket,Q04,INTRO,,,,,,,,DOK 1–2,"Students will interpret and rewrite algebraic expressions by identifying structure, meaning, and equivalent forms.",,Fast retrieval / game pacing,multiple-choice,selected-response,instructional,45,,Unit 1 Assessment Plan; Algebra Overview course framework,Dedicated Blooket family expression-context.
U1-S4-BLO-R01,SPIRAL,Algebra 1,1,4,Blooket,Blooket,Q05,REVIEW,,,,,,,,DOK 1–2,"Compare relationships using equations, graphs, tables, visual patterns, and contexts, then justify conclusions.",,Fast retrieval / game pacing,multiple-choice,selected-response,instructional,45,,Unit 1 Assessment Plan; Algebra Overview course framework,Dedicated Blooket family review-0.
U1-S4-BLO-R02,SPIRAL,Algebra 1,1,4,Blooket,Blooket,Q06,REVIEW,,,,,,,,DOK 1–2,"Compare relationships using equations, graphs, tables, visual patterns, and contexts, then justify conclusions.",,Fast retrieval / game pacing,multiple-choice,selected-response,instructional,45,,Unit 1 Assessment Plan; Algebra Overview course framework,Dedicated Blooket family review-1.
U1-S4-BLO-R03,SPIRAL,Algebra 1,1,4,Blooket,Blooket,Q07,REVIEW,,,,,,,,DOK 1–2,"Compare relationships using equations, graphs, tables, visual patterns, and contexts, then justify conclusions.",,Fast retrieval / game pacing,multiple-choice,selected-response,instructional,45,,Unit 1 Assessment Plan; Algebra Overview course framework,Dedicated Blooket family review-2.
U1-S4-BLO-R04,SPIRAL,Algebra 1,1,4,Blooket,Blooket,Q08,REVIEW,,,,,,,,DOK 1–2,"Compare relationships using equations, graphs, tables, visual patterns, and contexts, then justify conclusions.",,Fast retrieval / game pacing,multiple-choice,selected-response,instructional,45,,Unit 1 Assessment Plan; Algebra Overview course framework,Dedicated Blooket family review-3.
U1-S4-BLO-M01,SPIRAL,Algebra 1,1,4,Blooket,Blooket,Q09,MASTERY,U1-MG01,,,,,,,DOK 1–2,"Compute with rational numbers and evaluate numerical or algebraic expressions accurately, using order of operations and substitution while checking reasonableness.",,Fast retrieval / game pacing,multiple-choice,selected-response,instructional,45,,Unit 1 Assessment Plan; Algebra Overview course framework,Dedicated Blooket family integer-order.
U1-S4-BLO-M02,SPIRAL,Algebra 1,1,4,Blooket,Blooket,Q10,MASTERY,U1-MG02,,,,,,,DOK 1–2,"Rewrite algebraic expressions into equivalent forms by using properties, structure, terms, factors, and the distributive property.",,Fast retrieval / game pacing,multiple-choice,selected-response,instructional,45,,Unit 1 Assessment Plan; Algebra Overview course framework,Dedicated Blooket family structure-combine.
U1-S4-BLO-M03,SPIRAL,Algebra 1,1,4,Blooket,Blooket,Q11,MASTERY,U1-MG03,,,,,,,DOK 1–2,Solve one-variable equations with equivalent transformations and verify and interpret solutions.,,Fast retrieval / game pacing,multiple-choice,selected-response,instructional,45,,Unit 1 Assessment Plan; Algebra Overview course framework,Dedicated Blooket family variables-both-sides.
U1-S4-BLO-M04,SPIRAL,Algebra 1,1,4,Blooket,Blooket,Q12,MASTERY,U1-MG04,,,,,,,DOK 1–2,"Solve one-variable inequalities, represent solution sets on number lines, and interpret boundaries and constraints.",,Fast retrieval / game pacing,multiple-choice,selected-response,instructional,45,,Unit 1 Assessment Plan; Algebra Overview course framework,Dedicated Blooket family context-constraint.
U1-S4-BLO-M05,SPIRAL,Algebra 1,1,4,Blooket,Blooket,Q13,MASTERY,U1-MG01,,,,,,,DOK 1–2,"Compute with rational numbers and evaluate numerical or algebraic expressions accurately, using order of operations and substitution while checking reasonableness.",,Fast retrieval / game pacing,multiple-choice,selected-response,instructional,45,,Unit 1 Assessment Plan; Algebra Overview course framework,Dedicated Blooket family integer-order.
U1-S4-BLO-M06,SPIRAL,Algebra 1,1,4,Blooket,Blooket,Q14,MASTERY,U1-MG02,,,,,,,DOK 1–2,"Rewrite algebraic expressions into equivalent forms by using properties, structure, terms, factors, and the distributive property.",,Fast retrieval / game pacing,multiple-choice,selected-response,instructional,45,,Unit 1 Assessment Plan; Algebra Overview course framework,Dedicated Blooket family structure-combine.
U1-S4-BLO-M07,SPIRAL,Algebra 1,1,4,Blooket,Blooket,Q15,MASTERY,U1-MG03,,,,,,,DOK 1–2,Solve one-variable equations with equivalent transformations and verify and interpret solutions.,,Fast retrieval / game pacing,multiple-choice,selected-response,instructional,45,,Unit 1 Assessment Plan; Algebra Overview course framework,Dedicated Blooket family variables-both-sides.
U1-S4-BLO-M08,SPIRAL,Algebra 1,1,4,Blooket,Blooket,Q16,MASTERY,U1-MG04,,,,,,,DOK 1–2,"Solve one-variable inequalities, represent solution sets on number lines, and interpret boundaries and constraints.",,Fast retrieval / game pacing,multiple-choice,selected-response,instructional,45,,Unit 1 Assessment Plan; Algebra Overview course framework,Dedicated Blooket family context-constraint.
U1-S4-BLO-M09,SPIRAL,Algebra 1,1,4,Blooket,Blooket,Q17,MASTERY,U1-MG01,,,,,,,DOK 1–2,"Compute with rational numbers and evaluate numerical or algebraic expressions accurately, using order of operations and substitution while checking reasonableness.",,Fast retrieval / game pacing,multiple-choice,selected-response,instructional,45,,Unit 1 Assessment Plan; Algebra Overview course framework,Dedicated Blooket family integer-order.
U1-S4-BLO-M10,SPIRAL,Algebra 1,1,4,Blooket,Blooket,Q18,MASTERY,U1-MG02,,,,,,,DOK 1–2,"Rewrite algebraic expressions into equivalent forms by using properties, structure, terms, factors, and the distributive property.",,Fast retrieval / game pacing,multiple-choice,selected-response,instructional,45,,Unit 1 Assessment Plan; Algebra Overview course framework,Dedicated Blooket family structure-combine.
U1-S4-BLO-M11,SPIRAL,Algebra 1,1,4,Blooket,Blooket,Q19,MASTERY,U1-MG03,,,,,,,DOK 1–2,Solve one-variable equations with equivalent transformations and verify and interpret solutions.,,Fast retrieval / game pacing,multiple-choice,selected-response,instructional,45,,Unit 1 Assessment Plan; Algebra Overview course framework,Dedicated Blooket family variables-both-sides.
U1-S4-BLO-M12,SPIRAL,Algebra 1,1,4,Blooket,Blooket,Q20,MASTERY,U1-MG04,,,,,,,DOK 1–2,"Solve one-variable inequalities, represent solution sets on number lines, and interpret boundaries and constraints.",,Fast retrieval / game pacing,multiple-choice,selected-response,instructional,45,,Unit 1 Assessment Plan; Algebra Overview course framework,Dedicated Blooket family context-constraint.
U1-S5-BLO-I01,SPIRAL,Algebra 1,1,5,Blooket,Blooket,Q01,INTRO,,,,,,,,DOK 1–2,"Students will write, solve, and interpret equations that model situations.",,Fast retrieval / game pacing,multiple-choice,selected-response,instructional,45,,Unit 1 Assessment Plan; Algebra Overview course framework,Dedicated Blooket family model-and-solve.
U1-S5-BLO-I02,SPIRAL,Algebra 1,1,5,Blooket,Blooket,Q02,INTRO,,,,,,,,DOK 1–2,"Students will write, solve, and interpret equations that model situations.",,Fast retrieval / game pacing,multiple-choice,selected-response,instructional,45,,Unit 1 Assessment Plan; Algebra Overview course framework,Dedicated Blooket family solve-and-check.
U1-S5-BLO-I03,SPIRAL,Algebra 1,1,5,Blooket,Blooket,Q03,INTRO,,,,,,,,DOK 1–2,"Students will write, solve, and interpret equations that model situations.",,Fast retrieval / game pacing,multiple-choice,selected-response,instructional,45,,Unit 1 Assessment Plan; Algebra Overview course framework,Dedicated Blooket family interpret-model.
U1-S5-BLO-I04,SPIRAL,Algebra 1,1,5,Blooket,Blooket,Q04,INTRO,,,,,,,,DOK 1–2,"Students will write, solve, and interpret equations that model situations.",,Fast retrieval / game pacing,multiple-choice,selected-response,instructional,45,,Unit 1 Assessment Plan; Algebra Overview course framework,Dedicated Blooket family reasonableness-equation.
U1-S5-BLO-R01,SPIRAL,Algebra 1,1,5,Blooket,Blooket,Q05,REVIEW,,,,,,,,DOK 1–2,"Represent linear relationships using tables, graphs, equations, and contextual descriptions.",,Fast retrieval / game pacing,multiple-choice,selected-response,instructional,45,,Unit 1 Assessment Plan; Algebra Overview course framework,Dedicated Blooket family review-0.
U1-S5-BLO-R02,SPIRAL,Algebra 1,1,5,Blooket,Blooket,Q06,REVIEW,,,,,,,,DOK 1–2,"Represent linear relationships using tables, graphs, equations, and contextual descriptions.",,Fast retrieval / game pacing,multiple-choice,selected-response,instructional,45,,Unit 1 Assessment Plan; Algebra Overview course framework,Dedicated Blooket family review-1.
U1-S5-BLO-R03,SPIRAL,Algebra 1,1,5,Blooket,Blooket,Q07,REVIEW,,,,,,,,DOK 1–2,"Represent linear relationships using tables, graphs, equations, and contextual descriptions.",,Fast retrieval / game pacing,multiple-choice,selected-response,instructional,45,,Unit 1 Assessment Plan; Algebra Overview course framework,Dedicated Blooket family review-2.
U1-S5-BLO-R04,SPIRAL,Algebra 1,1,5,Blooket,Blooket,Q08,REVIEW,,,,,,,,DOK 1–2,"Represent linear relationships using tables, graphs, equations, and contextual descriptions.",,Fast retrieval / game pacing,multiple-choice,selected-response,instructional,45,,Unit 1 Assessment Plan; Algebra Overview course framework,Dedicated Blooket family review-3.
U1-S5-BLO-M01,SPIRAL,Algebra 1,1,5,Blooket,Blooket,Q09,MASTERY,U1-MG01,,,,,,,DOK 1–2,"Compute with rational numbers and evaluate numerical or algebraic expressions accurately, using order of operations and substitution while checking reasonableness.",,Fast retrieval / game pacing,multiple-choice,selected-response,instructional,45,,Unit 1 Assessment Plan; Algebra Overview course framework,Dedicated Blooket family fraction-operation.
U1-S5-BLO-M02,SPIRAL,Algebra 1,1,5,Blooket,Blooket,Q10,MASTERY,U1-MG02,,,,,,,DOK 1–2,"Rewrite algebraic expressions into equivalent forms by using properties, structure, terms, factors, and the distributive property.",,Fast retrieval / game pacing,multiple-choice,selected-response,instructional,45,,Unit 1 Assessment Plan; Algebra Overview course framework,Dedicated Blooket family factor-structure.
U1-S5-BLO-M03,SPIRAL,Algebra 1,1,5,Blooket,Blooket,Q11,MASTERY,U1-MG03,,,,,,,DOK 1–2,Solve one-variable equations with equivalent transformations and verify and interpret solutions.,,Fast retrieval / game pacing,multiple-choice,selected-response,instructional,45,,Unit 1 Assessment Plan; Algebra Overview course framework,Dedicated Blooket family context-equation.
U1-S5-BLO-M04,SPIRAL,Algebra 1,1,5,Blooket,Blooket,Q12,MASTERY,U1-MG04,,,,,,,DOK 1–2,"Solve one-variable inequalities, represent solution sets on number lines, and interpret boundaries and constraints.",,Fast retrieval / game pacing,multiple-choice,selected-response,instructional,45,,Unit 1 Assessment Plan; Algebra Overview course framework,Dedicated Blooket family positive-inequality.
U1-S5-BLO-M05,SPIRAL,Algebra 1,1,5,Blooket,Blooket,Q13,MASTERY,U1-MG01,,,,,,,DOK 1–2,"Compute with rational numbers and evaluate numerical or algebraic expressions accurately, using order of operations and substitution while checking reasonableness.",,Fast retrieval / game pacing,multiple-choice,selected-response,instructional,45,,Unit 1 Assessment Plan; Algebra Overview course framework,Dedicated Blooket family fraction-operation.
U1-S5-BLO-M06,SPIRAL,Algebra 1,1,5,Blooket,Blooket,Q14,MASTERY,U1-MG02,,,,,,,DOK 1–2,"Rewrite algebraic expressions into equivalent forms by using properties, structure, terms, factors, and the distributive property.",,Fast retrieval / game pacing,multiple-choice,selected-response,instructional,45,,Unit 1 Assessment Plan; Algebra Overview course framework,Dedicated Blooket family factor-structure.
U1-S5-BLO-M07,SPIRAL,Algebra 1,1,5,Blooket,Blooket,Q15,MASTERY,U1-MG03,,,,,,,DOK 1–2,Solve one-variable equations with equivalent transformations and verify and interpret solutions.,,Fast retrieval / game pacing,multiple-choice,selected-response,instructional,45,,Unit 1 Assessment Plan; Algebra Overview course framework,Dedicated Blooket family context-equation.
U1-S5-BLO-M08,SPIRAL,Algebra 1,1,5,Blooket,Blooket,Q16,MASTERY,U1-MG04,,,,,,,DOK 1–2,"Solve one-variable inequalities, represent solution sets on number lines, and interpret boundaries and constraints.",,Fast retrieval / game pacing,multiple-choice,selected-response,instructional,45,,Unit 1 Assessment Plan; Algebra Overview course framework,Dedicated Blooket family positive-inequality.
U1-S5-BLO-M09,SPIRAL,Algebra 1,1,5,Blooket,Blooket,Q17,MASTERY,U1-MG01,,,,,,,DOK 1–2,"Compute with rational numbers and evaluate numerical or algebraic expressions accurately, using order of operations and substitution while checking reasonableness.",,Fast retrieval / game pacing,multiple-choice,selected-response,instructional,45,,Unit 1 Assessment Plan; Algebra Overview course framework,Dedicated Blooket family fraction-operation.
U1-S5-BLO-M10,SPIRAL,Algebra 1,1,5,Blooket,Blooket,Q18,MASTERY,U1-MG02,,,,,,,DOK 1–2,"Rewrite algebraic expressions into equivalent forms by using properties, structure, terms, factors, and the distributive property.",,Fast retrieval / game pacing,multiple-choice,selected-response,instructional,45,,Unit 1 Assessment Plan; Algebra Overview course framework,Dedicated Blooket family factor-structure.
U1-S5-BLO-M11,SPIRAL,Algebra 1,1,5,Blooket,Blooket,Q19,MASTERY,U1-MG03,,,,,,,DOK 1–2,Solve one-variable equations with equivalent transformations and verify and interpret solutions.,,Fast retrieval / game pacing,multiple-choice,selected-response,instructional,45,,Unit 1 Assessment Plan; Algebra Overview course framework,Dedicated Blooket family context-equation.
U1-S5-BLO-M12,SPIRAL,Algebra 1,1,5,Blooket,Blooket,Q20,MASTERY,U1-MG04,,,,,,,DOK 1–2,"Solve one-variable inequalities, represent solution sets on number lines, and interpret boundaries and constraints.",,Fast retrieval / game pacing,multiple-choice,selected-response,instructional,45,,Unit 1 Assessment Plan; Algebra Overview course framework,Dedicated Blooket family positive-inequality.
U1-S1-WU1-PK01,SPIRAL,Algebra 1,1,1,Warm-Up 1,Warm-Up,WU1,PRIOR-KNOWLEDGE,,,,,,,,DOK 1–2,"Interpret and create graphs on the coordinate plane while connecting points, axes, intercepts, and graphical information to mathematical situations.",,Prerequisite bridge to current section,constructed-response,short-answer,instructional,120,,Unit 1 Assessment Plan; Algebra Overview course framework,WU1 bridge checked against current section prerequisite.
U1-S1-WU1-PK02,SPIRAL,Algebra 1,1,1,Warm-Up 1,Warm-Up,WU1,PRIOR-KNOWLEDGE,,,,,,,,DOK 1–2,"Interpret and create graphs on the coordinate plane while connecting points, axes, intercepts, and graphical information to mathematical situations.",,Prerequisite bridge to current section,constructed-response,short-answer,instructional,120,,Unit 1 Assessment Plan; Algebra Overview course framework,WU1 bridge checked against current section prerequisite.
U1-S1-WU1-PK03,SPIRAL,Algebra 1,1,1,Warm-Up 1,Warm-Up,WU1,PRIOR-KNOWLEDGE,,,,,,,,DOK 1–2,"Interpret and create graphs on the coordinate plane while connecting points, axes, intercepts, and graphical information to mathematical situations.",,Prerequisite bridge to current section,constructed-response,short-answer,instructional,90,,Unit 1 Assessment Plan; Algebra Overview course framework,WU1 bridge checked against current section prerequisite.
U1-S1-WU2-I01,SPIRAL,Algebra 1,1,1,Warm-Up 2,Warm-Up,WU2,INTRO,,,,,,,,DOK 2,"Students will connect tables, graphs, equations, and contexts that represent the same relationship.",,Spiral retrieval,constructed-response,short-answer,instructional,120,,Unit 1 Assessment Plan; Algebra Overview course framework,
U1-S1-WU2-R02,SPIRAL,Algebra 1,1,1,Warm-Up 2,Warm-Up,WU2,REVIEW,,,,,,,,DOK 1–2,"Interpret and create graphs on the coordinate plane while connecting points, axes, intercepts, and graphical information to mathematical situations.",,Spiral retrieval,constructed-response,short-answer,instructional,120,,Unit 1 Assessment Plan; Algebra Overview course framework,
U1-S1-WU2-M03,SPIRAL,Algebra 1,1,1,Warm-Up 2,Warm-Up,WU2,MASTERY,U1-MG04,,,,,,,DOK 2,"Solve one-variable inequalities, represent solution sets on number lines, and interpret boundaries and constraints.",,Spiral retrieval,constructed-response,short-answer,instructional,120,,Unit 1 Assessment Plan; Algebra Overview course framework,
U1-S1-WU3-I01,SPIRAL,Algebra 1,1,1,Warm-Up 3,Warm-Up,WU3,INTRO,,,,,,,,DOK 2,"Students will connect tables, graphs, equations, and contexts that represent the same relationship.",,Spiral retrieval,constructed-response,short-answer,instructional,90,,Unit 1 Assessment Plan; Algebra Overview course framework,
U1-S1-WU3-R02,SPIRAL,Algebra 1,1,1,Warm-Up 3,Warm-Up,WU3,REVIEW,,,,,,,,DOK 1–2,"Interpret and create graphs on the coordinate plane while connecting points, axes, intercepts, and graphical information to mathematical situations.",,Spiral retrieval,constructed-response,short-answer,instructional,120,,Unit 1 Assessment Plan; Algebra Overview course framework,
U1-S1-WU3-M03,SPIRAL,Algebra 1,1,1,Warm-Up 3,Warm-Up,WU3,MASTERY,U1-MG01,,,,,,,DOK 1–2,"Compute with rational numbers and evaluate numerical or algebraic expressions accurately, using order of operations and substitution while checking reasonableness.",,Spiral retrieval,constructed-response,short-answer,instructional,120,,Unit 1 Assessment Plan; Algebra Overview course framework,
U1-S2-WU1-PK01,SPIRAL,Algebra 1,1,2,Warm-Up 1,Warm-Up,WU1,PRIOR-KNOWLEDGE,,,,,,,,DOK 1–2,"Identify patterns and represent relationships using input-output rules, tables, words, and symbols.",,Prerequisite bridge to current section,constructed-response,short-answer,instructional,90,,Unit 1 Assessment Plan; Algebra Overview course framework,WU1 bridge checked against current section prerequisite.
U1-S2-WU1-PK02,SPIRAL,Algebra 1,1,2,Warm-Up 1,Warm-Up,WU1,PRIOR-KNOWLEDGE,,,,,,,,DOK 1–2,"Identify patterns and represent relationships using input-output rules, tables, words, and symbols.",,Prerequisite bridge to current section,constructed-response,short-answer,instructional,90,,Unit 1 Assessment Plan; Algebra Overview course framework,WU1 bridge checked against current section prerequisite.
U1-S2-WU1-PK03,SPIRAL,Algebra 1,1,2,Warm-Up 1,Warm-Up,WU1,PRIOR-KNOWLEDGE,,,,,,,,DOK 1–2,"Identify patterns and represent relationships using input-output rules, tables, words, and symbols.",,Prerequisite bridge to current section,constructed-response,short-answer,instructional,90,,Unit 1 Assessment Plan; Algebra Overview course framework,WU1 bridge checked against current section prerequisite.
U1-S2-WU2-I01,SPIRAL,Algebra 1,1,2,Warm-Up 2,Warm-Up,WU2,INTRO,,,,,,,,DOK 2,Students will interpret functions as rules that connect inputs and outputs without relying on formal domain and range language.,,Spiral retrieval,constructed-response,short-answer,instructional,120,,Unit 1 Assessment Plan; Algebra Overview course framework,
U1-S2-WU2-R02,SPIRAL,Algebra 1,1,2,Warm-Up 2,Warm-Up,WU2,REVIEW,,,,,,,,DOK 1–2,"Identify patterns and represent relationships using input-output rules, tables, words, and symbols.",,Spiral retrieval,constructed-response,short-answer,instructional,120,,Unit 1 Assessment Plan; Algebra Overview course framework,
U1-S2-WU2-M03,SPIRAL,Algebra 1,1,2,Warm-Up 2,Warm-Up,WU2,MASTERY,U1-MG01,,,,,,,DOK 2,"Compute with rational numbers and evaluate numerical or algebraic expressions accurately, using order of operations and substitution while checking reasonableness.",,Spiral retrieval,constructed-response,short-answer,instructional,90,,Unit 1 Assessment Plan; Algebra Overview course framework,
U1-S2-WU3-I01,SPIRAL,Algebra 1,1,2,Warm-Up 3,Warm-Up,WU3,INTRO,,,,,,,,DOK 2,Students will interpret functions as rules that connect inputs and outputs without relying on formal domain and range language.,,Spiral retrieval,constructed-response,short-answer,instructional,90,,Unit 1 Assessment Plan; Algebra Overview course framework,
U1-S2-WU3-R02,SPIRAL,Algebra 1,1,2,Warm-Up 3,Warm-Up,WU3,REVIEW,,,,,,,,DOK 1–2,"Identify patterns and represent relationships using input-output rules, tables, words, and symbols.",,Spiral retrieval,constructed-response,short-answer,instructional,120,,Unit 1 Assessment Plan; Algebra Overview course framework,
U1-S2-WU3-M03,SPIRAL,Algebra 1,1,2,Warm-Up 3,Warm-Up,WU3,MASTERY,U1-MG02,,,,,,,DOK 2,"Rewrite algebraic expressions into equivalent forms by using properties, structure, terms, factors, and the distributive property.",,Spiral retrieval,constructed-response,short-answer,instructional,120,,Unit 1 Assessment Plan; Algebra Overview course framework,
U1-S3-WU1-PK01,SPIRAL,Algebra 1,1,3,Warm-Up 1,Warm-Up,WU1,PRIOR-KNOWLEDGE,,,,,,,,DOK 1–2,"Recognize constant rate of change in tables, graphs, visual patterns, and situations.",,Prerequisite bridge to current section,constructed-response,short-answer,instructional,90,,Unit 1 Assessment Plan; Algebra Overview course framework,WU1 bridge checked against current section prerequisite.
U1-S3-WU1-PK02,SPIRAL,Algebra 1,1,3,Warm-Up 1,Warm-Up,WU1,PRIOR-KNOWLEDGE,,,,,,,,DOK 1–2,"Recognize constant rate of change in tables, graphs, visual patterns, and situations.",,Prerequisite bridge to current section,constructed-response,short-answer,instructional,120,,Unit 1 Assessment Plan; Algebra Overview course framework,WU1 bridge checked against current section prerequisite.
U1-S3-WU1-PK03,SPIRAL,Algebra 1,1,3,Warm-Up 1,Warm-Up,WU1,PRIOR-KNOWLEDGE,,,,,,,,DOK 1–2,"Recognize constant rate of change in tables, graphs, visual patterns, and situations.",,Prerequisite bridge to current section,constructed-response,short-answer,instructional,90,,Unit 1 Assessment Plan; Algebra Overview course framework,WU1 bridge checked against current section prerequisite.
U1-S3-WU2-I01,SPIRAL,Algebra 1,1,3,Warm-Up 2,Warm-Up,WU2,INTRO,,,,,,,,DOK 2,"Students will recognize common function families from graphs, tables, equations, and contexts.",,Spiral retrieval,constructed-response,short-answer,instructional,120,,Unit 1 Assessment Plan; Algebra Overview course framework,
U1-S3-WU2-R02,SPIRAL,Algebra 1,1,3,Warm-Up 2,Warm-Up,WU2,REVIEW,,,,,,,,DOK 1–2,"Recognize constant rate of change in tables, graphs, visual patterns, and situations.",,Spiral retrieval,constructed-response,short-answer,instructional,90,,Unit 1 Assessment Plan; Algebra Overview course framework,
U1-S3-WU2-M03,SPIRAL,Algebra 1,1,3,Warm-Up 2,Warm-Up,WU2,MASTERY,U1-MG02,,,,,,,DOK 2–3,"Rewrite algebraic expressions into equivalent forms by using properties, structure, terms, factors, and the distributive property.",,Spiral retrieval,constructed-response,short-answer,instructional,90,,Unit 1 Assessment Plan; Algebra Overview course framework,
U1-S3-WU3-I01,SPIRAL,Algebra 1,1,3,Warm-Up 3,Warm-Up,WU3,INTRO,,,,,,,,DOK 2,"Students will recognize common function families from graphs, tables, equations, and contexts.",,Spiral retrieval,constructed-response,short-answer,instructional,120,,Unit 1 Assessment Plan; Algebra Overview course framework,
U1-S3-WU3-R02,SPIRAL,Algebra 1,1,3,Warm-Up 3,Warm-Up,WU3,REVIEW,,,,,,,,DOK 1–2,"Recognize constant rate of change in tables, graphs, visual patterns, and situations.",,Spiral retrieval,constructed-response,short-answer,instructional,90,,Unit 1 Assessment Plan; Algebra Overview course framework,
U1-S3-WU3-M03,SPIRAL,Algebra 1,1,3,Warm-Up 3,Warm-Up,WU3,MASTERY,U1-MG03,,,,,,,DOK 2,Solve one-variable equations with equivalent transformations and verify and interpret solutions.,,Spiral retrieval,constructed-response,short-answer,instructional,90,,Unit 1 Assessment Plan; Algebra Overview course framework,
U1-S4-WU1-PK01,SPIRAL,Algebra 1,1,4,Warm-Up 1,Warm-Up,WU1,PRIOR-KNOWLEDGE,,,,,,,,DOK 1–2,"Compare relationships using equations, graphs, tables, visual patterns, and contexts, then justify conclusions.",,Prerequisite bridge to current section,constructed-response,short-answer,instructional,120,,Unit 1 Assessment Plan; Algebra Overview course framework,WU1 bridge checked against current section prerequisite.
U1-S4-WU1-PK02,SPIRAL,Algebra 1,1,4,Warm-Up 1,Warm-Up,WU1,PRIOR-KNOWLEDGE,,,,,,,,DOK 1–2,"Compare relationships using equations, graphs, tables, visual patterns, and contexts, then justify conclusions.",,Prerequisite bridge to current section,constructed-response,short-answer,instructional,120,,Unit 1 Assessment Plan; Algebra Overview course framework,WU1 bridge checked against current section prerequisite.
U1-S4-WU1-PK03,SPIRAL,Algebra 1,1,4,Warm-Up 1,Warm-Up,WU1,PRIOR-KNOWLEDGE,,,,,,,,DOK 1–2,"Compare relationships using equations, graphs, tables, visual patterns, and contexts, then justify conclusions.",,Prerequisite bridge to current section,constructed-response,short-answer,instructional,90,,Unit 1 Assessment Plan; Algebra Overview course framework,WU1 bridge checked against current section prerequisite.
U1-S4-WU2-I01,SPIRAL,Algebra 1,1,4,Warm-Up 2,Warm-Up,WU2,INTRO,,,,,,,,DOK 2,"Students will interpret and rewrite algebraic expressions by identifying structure, meaning, and equivalent forms.",,Spiral retrieval,constructed-response,short-answer,instructional,120,,Unit 1 Assessment Plan; Algebra Overview course framework,
U1-S4-WU2-R02,SPIRAL,Algebra 1,1,4,Warm-Up 2,Warm-Up,WU2,REVIEW,,,,,,,,DOK 1–2,"Compare relationships using equations, graphs, tables, visual patterns, and contexts, then justify conclusions.",,Spiral retrieval,constructed-response,short-answer,instructional,120,,Unit 1 Assessment Plan; Algebra Overview course framework,
U1-S4-WU2-M03,SPIRAL,Algebra 1,1,4,Warm-Up 2,Warm-Up,WU2,MASTERY,U1-MG03,,,,,,,DOK 2,Solve one-variable equations with equivalent transformations and verify and interpret solutions.,,Spiral retrieval,constructed-response,short-answer,instructional,90,,Unit 1 Assessment Plan; Algebra Overview course framework,
U1-S4-WU3-I01,SPIRAL,Algebra 1,1,4,Warm-Up 3,Warm-Up,WU3,INTRO,,,,,,,,DOK 2,"Students will interpret and rewrite algebraic expressions by identifying structure, meaning, and equivalent forms.",,Spiral retrieval,constructed-response,short-answer,instructional,120,,Unit 1 Assessment Plan; Algebra Overview course framework,
U1-S4-WU3-R02,SPIRAL,Algebra 1,1,4,Warm-Up 3,Warm-Up,WU3,REVIEW,,,,,,,,DOK 1–2,"Compare relationships using equations, graphs, tables, visual patterns, and contexts, then justify conclusions.",,Spiral retrieval,constructed-response,short-answer,instructional,120,,Unit 1 Assessment Plan; Algebra Overview course framework,
U1-S4-WU3-M03,SPIRAL,Algebra 1,1,4,Warm-Up 3,Warm-Up,WU3,MASTERY,U1-MG04,,,,,,,DOK 2,"Solve one-variable inequalities, represent solution sets on number lines, and interpret boundaries and constraints.",,Spiral retrieval,constructed-response,short-answer,instructional,90,,Unit 1 Assessment Plan; Algebra Overview course framework,
U1-S5-WU1-PK01,SPIRAL,Algebra 1,1,5,Warm-Up 1,Warm-Up,WU1,PRIOR-KNOWLEDGE,,,,,,,,DOK 1–2,"Represent linear relationships using tables, graphs, equations, and contextual descriptions.",,Prerequisite bridge to current section,constructed-response,short-answer,instructional,90,,Unit 1 Assessment Plan; Algebra Overview course framework,WU1 bridge checked against current section prerequisite.
U1-S5-WU1-PK02,SPIRAL,Algebra 1,1,5,Warm-Up 1,Warm-Up,WU1,PRIOR-KNOWLEDGE,,,,,,,,DOK 1–2,"Represent linear relationships using tables, graphs, equations, and contextual descriptions.",,Prerequisite bridge to current section,constructed-response,short-answer,instructional,90,,Unit 1 Assessment Plan; Algebra Overview course framework,WU1 bridge checked against current section prerequisite.
U1-S5-WU1-PK03,SPIRAL,Algebra 1,1,5,Warm-Up 1,Warm-Up,WU1,PRIOR-KNOWLEDGE,,,,,,,,DOK 1–2,"Represent linear relationships using tables, graphs, equations, and contextual descriptions.",,Prerequisite bridge to current section,constructed-response,short-answer,instructional,90,,Unit 1 Assessment Plan; Algebra Overview course framework,WU1 bridge checked against current section prerequisite.
U1-S5-WU2-I01,SPIRAL,Algebra 1,1,5,Warm-Up 2,Warm-Up,WU2,INTRO,,,,,,,,DOK 2,"Students will write, solve, and interpret equations that model situations.",,Spiral retrieval,constructed-response,short-answer,instructional,120,,Unit 1 Assessment Plan; Algebra Overview course framework,
U1-S5-WU2-R02,SPIRAL,Algebra 1,1,5,Warm-Up 2,Warm-Up,WU2,REVIEW,,,,,,,,DOK 1–2,"Represent linear relationships using tables, graphs, equations, and contextual descriptions.",,Spiral retrieval,constructed-response,short-answer,instructional,90,,Unit 1 Assessment Plan; Algebra Overview course framework,
U1-S5-WU2-M03,SPIRAL,Algebra 1,1,5,Warm-Up 2,Warm-Up,WU2,MASTERY,U1-MG04,,,,,,,DOK 2,"Solve one-variable inequalities, represent solution sets on number lines, and interpret boundaries and constraints.",,Spiral retrieval,constructed-response,short-answer,instructional,120,,Unit 1 Assessment Plan; Algebra Overview course framework,
U1-S5-WU3-I01,SPIRAL,Algebra 1,1,5,Warm-Up 3,Warm-Up,WU3,INTRO,,,,,,,,DOK 2,"Students will write, solve, and interpret equations that model situations.",,Spiral retrieval,constructed-response,short-answer,instructional,90,,Unit 1 Assessment Plan; Algebra Overview course framework,
U1-S5-WU3-R02,SPIRAL,Algebra 1,1,5,Warm-Up 3,Warm-Up,WU3,REVIEW,,,,,,,,DOK 1–2,"Represent linear relationships using tables, graphs, equations, and contextual descriptions.",,Spiral retrieval,constructed-response,short-answer,instructional,90,,Unit 1 Assessment Plan; Algebra Overview course framework,
U1-S5-WU3-M03,SPIRAL,Algebra 1,1,5,Warm-Up 3,Warm-Up,WU3,MASTERY,U1-MG01,,,,,,,DOK 1–2,"Compute with rational numbers and evaluate numerical or algebraic expressions accurately, using order of operations and substitution while checking reasonableness.",,Spiral retrieval,constructed-response,short-answer,instructional,120,,Unit 1 Assessment Plan; Algebra Overview course framework,
U1-S1-ET-A-M01,SPIRAL,Algebra 1,1,1,Exit Ticket A,Exit Ticket,ET-A,MASTERY,U1-MG04,U1-EP-ET-S1A-01,,,,,,DOK 2,"Solve one-variable inequalities, represent solution sets on number lines, and interpret boundaries and constraints.",,Independent quick evidence,constructed-response,short-answer,formative-secure,120,,Unit 1 Assessment Plan; Algebra Overview course framework,Independent ET evidence; varied token/family across tickets.
U1-S1-ET-A-M02,SPIRAL,Algebra 1,1,1,Exit Ticket A,Exit Ticket,ET-A,MASTERY,U1-MG01,U1-EP-ET-S1A-02,,,,,,DOK 2,"Compute with rational numbers and evaluate numerical or algebraic expressions accurately, using order of operations and substitution while checking reasonableness.",,Independent quick evidence,constructed-response,short-answer,formative-secure,90,,Unit 1 Assessment Plan; Algebra Overview course framework,Independent ET evidence; varied token/family across tickets.
U1-S1-ET-B-M01,SPIRAL,Algebra 1,1,1,Exit Ticket B,Exit Ticket,ET-B,MASTERY,U1-MG04,U1-EP-ET-S1B-01,,,,,,DOK 2,"Solve one-variable inequalities, represent solution sets on number lines, and interpret boundaries and constraints.",,Independent quick evidence,constructed-response,short-answer,formative-secure,90,,Unit 1 Assessment Plan; Algebra Overview course framework,Independent ET evidence; varied token/family across tickets.
U1-S1-ET-B-M02,SPIRAL,Algebra 1,1,1,Exit Ticket B,Exit Ticket,ET-B,MASTERY,U1-MG03,U1-EP-ET-S1B-02,,,,,,DOK 2,Solve one-variable equations with equivalent transformations and verify and interpret solutions.,,Independent quick evidence,constructed-response,short-answer,formative-secure,90,,Unit 1 Assessment Plan; Algebra Overview course framework,Independent ET evidence; varied token/family across tickets.
U1-S1-ET-C-M01,SPIRAL,Algebra 1,1,1,Exit Ticket C,Exit Ticket,ET-C,MASTERY,U1-MG04,U1-EP-ET-S1C-01,,,,,,DOK 2,"Solve one-variable inequalities, represent solution sets on number lines, and interpret boundaries and constraints.",,Independent quick evidence,constructed-response,short-answer,formative-secure,120,,Unit 1 Assessment Plan; Algebra Overview course framework,Independent ET evidence; varied token/family across tickets.
U1-S1-ET-C-M02,SPIRAL,Algebra 1,1,1,Exit Ticket C,Exit Ticket,ET-C,MASTERY,U1-MG02,U1-EP-ET-S1C-02,,,,,,DOK 2,"Rewrite algebraic expressions into equivalent forms by using properties, structure, terms, factors, and the distributive property.",,Independent quick evidence,constructed-response,short-answer,formative-secure,120,,Unit 1 Assessment Plan; Algebra Overview course framework,Independent ET evidence; varied token/family across tickets.
U1-S2-ET-A-M01,SPIRAL,Algebra 1,1,2,Exit Ticket A,Exit Ticket,ET-A,MASTERY,U1-MG01,U1-EP-ET-S2A-01,,,,,,DOK 2,"Compute with rational numbers and evaluate numerical or algebraic expressions accurately, using order of operations and substitution while checking reasonableness.",,Independent quick evidence,constructed-response,short-answer,formative-secure,90,,Unit 1 Assessment Plan; Algebra Overview course framework,Independent ET evidence; varied token/family across tickets.
U1-S2-ET-A-M02,SPIRAL,Algebra 1,1,2,Exit Ticket A,Exit Ticket,ET-A,MASTERY,U1-MG02,U1-EP-ET-S2A-02,,,,,,DOK 2,"Rewrite algebraic expressions into equivalent forms by using properties, structure, terms, factors, and the distributive property.",,Independent quick evidence,constructed-response,short-answer,formative-secure,120,,Unit 1 Assessment Plan; Algebra Overview course framework,Independent ET evidence; varied token/family across tickets.
U1-S2-ET-B-M01,SPIRAL,Algebra 1,1,2,Exit Ticket B,Exit Ticket,ET-B,MASTERY,U1-MG01,U1-EP-ET-S2B-01,,,,,,DOK 2,"Compute with rational numbers and evaluate numerical or algebraic expressions accurately, using order of operations and substitution while checking reasonableness.",,Independent quick evidence,constructed-response,short-answer,formative-secure,90,,Unit 1 Assessment Plan; Algebra Overview course framework,Independent ET evidence; varied token/family across tickets.
U1-S2-ET-B-M02,SPIRAL,Algebra 1,1,2,Exit Ticket B,Exit Ticket,ET-B,MASTERY,U1-MG03,U1-EP-ET-S2B-02,,,,,,DOK 2,Solve one-variable equations with equivalent transformations and verify and interpret solutions.,,Independent quick evidence,constructed-response,short-answer,formative-secure,90,,Unit 1 Assessment Plan; Algebra Overview course framework,Independent ET evidence; varied token/family across tickets.
U1-S2-ET-C-M01,SPIRAL,Algebra 1,1,2,Exit Ticket C,Exit Ticket,ET-C,MASTERY,U1-MG01,U1-EP-ET-S2C-01,,,,,,DOK 2,"Compute with rational numbers and evaluate numerical or algebraic expressions accurately, using order of operations and substitution while checking reasonableness.",,Independent quick evidence,constructed-response,short-answer,formative-secure,90,,Unit 1 Assessment Plan; Algebra Overview course framework,Independent ET evidence; varied token/family across tickets.
U1-S2-ET-C-M02,SPIRAL,Algebra 1,1,2,Exit Ticket C,Exit Ticket,ET-C,MASTERY,U1-MG04,U1-EP-ET-S2C-02,,,,,,DOK 2,"Solve one-variable inequalities, represent solution sets on number lines, and interpret boundaries and constraints.",,Independent quick evidence,constructed-response,short-answer,formative-secure,120,,Unit 1 Assessment Plan; Algebra Overview course framework,Independent ET evidence; varied token/family across tickets.
U1-S3-ET-A-M01,SPIRAL,Algebra 1,1,3,Exit Ticket A,Exit Ticket,ET-A,MASTERY,U1-MG01,U1-EP-ET-S3A-01,,,,,,DOK 2,"Compute with rational numbers and evaluate numerical or algebraic expressions accurately, using order of operations and substitution while checking reasonableness.",,Independent quick evidence,constructed-response,short-answer,formative-secure,90,,Unit 1 Assessment Plan; Algebra Overview course framework,Independent ET evidence; varied token/family across tickets.
U1-S3-ET-A-M02,SPIRAL,Algebra 1,1,3,Exit Ticket A,Exit Ticket,ET-A,MASTERY,U1-MG04,U1-EP-ET-S3A-02,,,,,,DOK 2,"Solve one-variable inequalities, represent solution sets on number lines, and interpret boundaries and constraints.",,Independent quick evidence,constructed-response,short-answer,formative-secure,90,,Unit 1 Assessment Plan; Algebra Overview course framework,Independent ET evidence; varied token/family across tickets.
U1-S3-ET-B-M01,SPIRAL,Algebra 1,1,3,Exit Ticket B,Exit Ticket,ET-B,MASTERY,U1-MG01,U1-EP-ET-S3B-01,,,,,,DOK 2,"Compute with rational numbers and evaluate numerical or algebraic expressions accurately, using order of operations and substitution while checking reasonableness.",,Independent quick evidence,constructed-response,short-answer,formative-secure,90,,Unit 1 Assessment Plan; Algebra Overview course framework,Independent ET evidence; varied token/family across tickets.
U1-S3-ET-B-M02,SPIRAL,Algebra 1,1,3,Exit Ticket B,Exit Ticket,ET-B,MASTERY,U1-MG02,U1-EP-ET-S3B-02,,,,,,DOK 2,"Rewrite algebraic expressions into equivalent forms by using properties, structure, terms, factors, and the distributive property.",,Independent quick evidence,constructed-response,short-answer,formative-secure,90,,Unit 1 Assessment Plan; Algebra Overview course framework,Independent ET evidence; varied token/family across tickets.
U1-S3-ET-C-M01,SPIRAL,Algebra 1,1,3,Exit Ticket C,Exit Ticket,ET-C,MASTERY,U1-MG01,U1-EP-ET-S3C-01,,,,,,DOK 2,"Compute with rational numbers and evaluate numerical or algebraic expressions accurately, using order of operations and substitution while checking reasonableness.",,Independent quick evidence,constructed-response,short-answer,formative-secure,90,,Unit 1 Assessment Plan; Algebra Overview course framework,Independent ET evidence; varied token/family across tickets.
U1-S3-ET-C-M02,SPIRAL,Algebra 1,1,3,Exit Ticket C,Exit Ticket,ET-C,MASTERY,U1-MG03,U1-EP-ET-S3C-02,,,,,,DOK 2,Solve one-variable equations with equivalent transformations and verify and interpret solutions.,,Independent quick evidence,constructed-response,short-answer,formative-secure,90,,Unit 1 Assessment Plan; Algebra Overview course framework,Independent ET evidence; varied token/family across tickets.
U1-S4-ET-A-M01,SPIRAL,Algebra 1,1,4,Exit Ticket A,Exit Ticket,ET-A,MASTERY,U1-MG02,U1-EP-ET-S4A-01,,,,,,DOK 2–3,"Rewrite algebraic expressions into equivalent forms by using properties, structure, terms, factors, and the distributive property.",,Independent quick evidence,constructed-response,short-answer,formative-secure,120,,Unit 1 Assessment Plan; Algebra Overview course framework,Independent ET evidence; varied token/family across tickets.
U1-S4-ET-A-M02,SPIRAL,Algebra 1,1,4,Exit Ticket A,Exit Ticket,ET-A,MASTERY,U1-MG01,U1-EP-ET-S4A-02,,,,,,DOK 2,"Compute with rational numbers and evaluate numerical or algebraic expressions accurately, using order of operations and substitution while checking reasonableness.",,Independent quick evidence,constructed-response,short-answer,formative-secure,90,,Unit 1 Assessment Plan; Algebra Overview course framework,Independent ET evidence; varied token/family across tickets.
U1-S4-ET-B-M01,SPIRAL,Algebra 1,1,4,Exit Ticket B,Exit Ticket,ET-B,MASTERY,U1-MG02,U1-EP-ET-S4B-01,,,,,,DOK 2–3,"Rewrite algebraic expressions into equivalent forms by using properties, structure, terms, factors, and the distributive property.",,Independent quick evidence,constructed-response,short-answer,formative-secure,90,,Unit 1 Assessment Plan; Algebra Overview course framework,Independent ET evidence; varied token/family across tickets.
U1-S4-ET-B-M02,SPIRAL,Algebra 1,1,4,Exit Ticket B,Exit Ticket,ET-B,MASTERY,U1-MG03,U1-EP-ET-S4B-02,,,,,,DOK 2,Solve one-variable equations with equivalent transformations and verify and interpret solutions.,,Independent quick evidence,constructed-response,short-answer,formative-secure,90,,Unit 1 Assessment Plan; Algebra Overview course framework,Independent ET evidence; varied token/family across tickets.
U1-S4-ET-C-M01,SPIRAL,Algebra 1,1,4,Exit Ticket C,Exit Ticket,ET-C,MASTERY,U1-MG02,U1-EP-ET-S4C-01,,,,,,DOK 2–3,"Rewrite algebraic expressions into equivalent forms by using properties, structure, terms, factors, and the distributive property.",,Independent quick evidence,constructed-response,short-answer,formative-secure,90,,Unit 1 Assessment Plan; Algebra Overview course framework,Independent ET evidence; varied token/family across tickets.
U1-S4-ET-C-M02,SPIRAL,Algebra 1,1,4,Exit Ticket C,Exit Ticket,ET-C,MASTERY,U1-MG04,U1-EP-ET-S4C-02,,,,,,DOK 2,"Solve one-variable inequalities, represent solution sets on number lines, and interpret boundaries and constraints.",,Independent quick evidence,constructed-response,short-answer,formative-secure,90,,Unit 1 Assessment Plan; Algebra Overview course framework,Independent ET evidence; varied token/family across tickets.
U1-S5-ET-A-M01,SPIRAL,Algebra 1,1,5,Exit Ticket A,Exit Ticket,ET-A,MASTERY,U1-MG03,U1-EP-ET-S5A-01,,,,,,DOK 2,Solve one-variable equations with equivalent transformations and verify and interpret solutions.,,Independent quick evidence,constructed-response,short-answer,formative-secure,120,,Unit 1 Assessment Plan; Algebra Overview course framework,Independent ET evidence; varied token/family across tickets.
U1-S5-ET-A-M02,SPIRAL,Algebra 1,1,5,Exit Ticket A,Exit Ticket,ET-A,MASTERY,U1-MG01,U1-EP-ET-S5A-02,,,,,,DOK 2,"Compute with rational numbers and evaluate numerical or algebraic expressions accurately, using order of operations and substitution while checking reasonableness.",,Independent quick evidence,constructed-response,short-answer,formative-secure,90,,Unit 1 Assessment Plan; Algebra Overview course framework,Independent ET evidence; varied token/family across tickets.
U1-S5-ET-B-M01,SPIRAL,Algebra 1,1,5,Exit Ticket B,Exit Ticket,ET-B,MASTERY,U1-MG03,U1-EP-ET-S5B-01,,,,,,DOK 2,Solve one-variable equations with equivalent transformations and verify and interpret solutions.,,Independent quick evidence,constructed-response,short-answer,formative-secure,90,,Unit 1 Assessment Plan; Algebra Overview course framework,Independent ET evidence; varied token/family across tickets.
U1-S5-ET-B-M02,SPIRAL,Algebra 1,1,5,Exit Ticket B,Exit Ticket,ET-B,MASTERY,U1-MG02,U1-EP-ET-S5B-02,,,,,,DOK 2,"Rewrite algebraic expressions into equivalent forms by using properties, structure, terms, factors, and the distributive property.",,Independent quick evidence,constructed-response,short-answer,formative-secure,120,,Unit 1 Assessment Plan; Algebra Overview course framework,Independent ET evidence; varied token/family across tickets.
U1-S5-ET-C-M01,SPIRAL,Algebra 1,1,5,Exit Ticket C,Exit Ticket,ET-C,MASTERY,U1-MG03,U1-EP-ET-S5C-01,,,,,,DOK 2,Solve one-variable equations with equivalent transformations and verify and interpret solutions.,,Independent quick evidence,constructed-response,short-answer,formative-secure,120,,Unit 1 Assessment Plan; Algebra Overview course framework,Independent ET evidence; varied token/family across tickets.
U1-S5-ET-C-M02,SPIRAL,Algebra 1,1,5,Exit Ticket C,Exit Ticket,ET-C,MASTERY,U1-MG04,U1-EP-ET-S5C-02,,,,,,DOK 2,"Solve one-variable inequalities, represent solution sets on number lines, and interpret boundaries and constraints.",,Independent quick evidence,constructed-response,short-answer,formative-secure,120,,Unit 1 Assessment Plan; Algebra Overview course framework,Independent ET evidence; varied token/family across tickets.
U1-REV-Q01,SPIRAL,Algebra 1,1,1,Unit Review,Review,Q01,UNIT,,,,,,,,DOK 2,"Students will connect tables, graphs, equations, and contexts that represent the same relationship.",,Connect Unit 1 representations,constructed-response,short-answer,instructional,90,,Unit 1 Assessment Plan; Algebra Overview course framework,
U1-REV-Q02,SPIRAL,Algebra 1,1,2,Unit Review,Review,Q02,UNIT,,,,,,,,DOK 2,Students will interpret functions as rules that connect inputs and outputs without relying on formal domain and range language.,,Connect Unit 1 representations,constructed-response,short-answer,instructional,90,,Unit 1 Assessment Plan; Algebra Overview course framework,
U1-REV-Q03,SPIRAL,Algebra 1,1,3,Unit Review,Review,Q03,UNIT,,,,,,,,DOK 2,"Students will recognize common function families from graphs, tables, equations, and contexts.",,Connect Unit 1 representations,constructed-response,short-answer,instructional,120,,Unit 1 Assessment Plan; Algebra Overview course framework,
U1-REV-Q04,SPIRAL,Algebra 1,1,4,Unit Review,Review,Q04,UNIT,,,,,,,,DOK 2,"Students will interpret and rewrite algebraic expressions by identifying structure, meaning, and equivalent forms.",,Connect Unit 1 representations,constructed-response,short-answer,instructional,90,,Unit 1 Assessment Plan; Algebra Overview course framework,
U1-REV-Q05,SPIRAL,Algebra 1,1,5,Unit Review,Review,Q05,UNIT,,,,,,,,DOK 2,"Students will write, solve, and interpret equations that model situations.",,Connect Unit 1 representations,constructed-response,short-answer,instructional,90,,Unit 1 Assessment Plan; Algebra Overview course framework,
U1-REV-Q06,SPIRAL,Algebra 1,1,UNIT,Unit Review,Review,Q06,UNIT,U1-MG01,,,,,,,DOK 1–2,"Compute with rational numbers and evaluate numerical or algebraic expressions accurately, using order of operations and substitution while checking reasonableness.",,Durable mastery review,constructed-response,short-answer,instructional,90,,Unit 1 Assessment Plan; Algebra Overview course framework,
U1-REV-Q07,SPIRAL,Algebra 1,1,UNIT,Unit Review,Review,Q07,UNIT,U1-MG02,,,,,,,DOK 2,"Rewrite algebraic expressions into equivalent forms by using properties, structure, terms, factors, and the distributive property.",,Durable mastery review,constructed-response,short-answer,instructional,90,,Unit 1 Assessment Plan; Algebra Overview course framework,
U1-REV-Q08,SPIRAL,Algebra 1,1,UNIT,Unit Review,Review,Q08,UNIT,U1-MG03,,,,,,,DOK 2,Solve one-variable equations with equivalent transformations and verify and interpret solutions.,,Durable mastery review,constructed-response,short-answer,instructional,90,,Unit 1 Assessment Plan; Algebra Overview course framework,
U1-REV-Q09,SPIRAL,Algebra 1,1,UNIT,Unit Review,Review,Q09,UNIT,U1-MG04,,,,,,,DOK 2,"Solve one-variable inequalities, represent solution sets on number lines, and interpret boundaries and constraints.",,Durable mastery review,constructed-response,short-answer,instructional,120,,Unit 1 Assessment Plan; Algebra Overview course framework,
U1-REV-Q10,SPIRAL,Algebra 1,1,UNIT,Unit Review,Review,Q10,UNIT,U1-MG01,,,,,,,DOK 1–2,"Compute with rational numbers and evaluate numerical or algebraic expressions accurately, using order of operations and substitution while checking reasonableness.",,Durable mastery review,constructed-response,short-answer,instructional,90,,Unit 1 Assessment Plan; Algebra Overview course framework,
U1-REV-Q11,SPIRAL,Algebra 1,1,UNIT,Unit Review,Review,Q11,UNIT,U1-MG02,,,,,,,DOK 2,"Rewrite algebraic expressions into equivalent forms by using properties, structure, terms, factors, and the distributive property.",,Durable mastery review,constructed-response,short-answer,instructional,90,,Unit 1 Assessment Plan; Algebra Overview course framework,
U1-REV-Q12,SPIRAL,Algebra 1,1,UNIT,Unit Review,Review,Q12,UNIT,U1-MG03,,,,,,,DOK 2,Solve one-variable equations with equivalent transformations and verify and interpret solutions.,,Durable mastery review,constructed-response,short-answer,instructional,90,,Unit 1 Assessment Plan; Algebra Overview course framework,
U1-REV-Q13,SPIRAL,Algebra 1,1,UNIT,Unit Review,Review,Q13,UNIT,U1-MG04,,,,,,,DOK 2,"Solve one-variable inequalities, represent solution sets on number lines, and interpret boundaries and constraints.",,Durable mastery review,constructed-response,short-answer,instructional,120,,Unit 1 Assessment Plan; Algebra Overview course framework,
U1-REV-Q14,SPIRAL,Algebra 1,1,UNIT,Unit Review,Review,Q14,UNIT,U1-MG01,,,,,,,DOK 1–2,"Compute with rational numbers and evaluate numerical or algebraic expressions accurately, using order of operations and substitution while checking reasonableness.",,Durable mastery review,constructed-response,short-answer,instructional,90,,Unit 1 Assessment Plan; Algebra Overview course framework,
U1-REV-Q15,SPIRAL,Algebra 1,1,UNIT,Unit Review,Review,Q15,UNIT,U1-MG02,,,,,,,DOK 2,"Rewrite algebraic expressions into equivalent forms by using properties, structure, terms, factors, and the distributive property.",,Durable mastery review,constructed-response,short-answer,instructional,90,,Unit 1 Assessment Plan; Algebra Overview course framework,
U1-REV-Q16,SPIRAL,Algebra 1,1,UNIT,Unit Review,Review,Q16,UNIT,U1-MG03,,,,,,,DOK 2,Solve one-variable equations with equivalent transformations and verify and interpret solutions.,,Durable mastery review,constructed-response,short-answer,instructional,90,,Unit 1 Assessment Plan; Algebra Overview course framework,
U1-REV-Q17,SPIRAL,Algebra 1,1,UNIT,Unit Review,Review,Q17,UNIT,U1-MG04,,,,,,,DOK 2,"Solve one-variable inequalities, represent solution sets on number lines, and interpret boundaries and constraints.",,Durable mastery review,constructed-response,short-answer,instructional,120,,Unit 1 Assessment Plan; Algebra Overview course framework,
U1-REV-Q18,SPIRAL,Algebra 1,1,UNIT,Unit Review,Review,Q18,UNIT,U1-MG01,,,,,,,DOK 1–2,"Compute with rational numbers and evaluate numerical or algebraic expressions accurately, using order of operations and substitution while checking reasonableness.",,Durable mastery review,constructed-response,short-answer,instructional,90,,Unit 1 Assessment Plan; Algebra Overview course framework,
U1-REV-Q19,SPIRAL,Algebra 1,1,UNIT,Unit Review,Review,Q19,UNIT,U1-MG02,,,,,,,DOK 2,"Rewrite algebraic expressions into equivalent forms by using properties, structure, terms, factors, and the distributive property.",,Durable mastery review,constructed-response,short-answer,instructional,90,,Unit 1 Assessment Plan; Algebra Overview course framework,
U1-REV-Q20,SPIRAL,Algebra 1,1,UNIT,Unit Review,Review,Q20,UNIT,U1-MG03,,,,,,,DOK 2,Solve one-variable equations with equivalent transformations and verify and interpret solutions.,,Durable mastery review,constructed-response,short-answer,instructional,90,,Unit 1 Assessment Plan; Algebra Overview course framework,
U1-EXT01,SPIRAL,Algebra 1,1,UNIT,Extended Reasoning,Extended,EXT01,UNIT,U1-MG01,U1-EP-EXT01,,,,,,DOK 3,"Compute with rational numbers and evaluate numerical or algebraic expressions accurately, using order of operations and substitution while checking reasonableness.",,Reason / critique / justify,extended-response,reasoning,secure,300,,Unit 1 Assessment Plan; Algebra Overview course framework,intended secure use: reserve/tool-only
U1-EXT02,SPIRAL,Algebra 1,1,UNIT,Extended Reasoning,Extended,EXT02,UNIT,U1-MG01,U1-EP-EXT02,,,,,,DOK 3,"Compute with rational numbers and evaluate numerical or algebraic expressions accurately, using order of operations and substitution while checking reasonableness.",,Reason / critique / justify,extended-response,reasoning,secure,300,,Unit 1 Assessment Plan; Algebra Overview course framework,intended secure use: reserve/tool-only
U1-EXT03,SPIRAL,Algebra 1,1,UNIT,Extended Reasoning,Extended,EXT03,UNIT,U1-MG02,U1-EP-EXT03,,,,,,DOK 3,"Rewrite algebraic expressions into equivalent forms by using properties, structure, terms, factors, and the distributive property.",,Reason / critique / justify,extended-response,reasoning,secure,300,,Unit 1 Assessment Plan; Algebra Overview course framework,intended secure use: reserve/tool-only
U1-EXT04,SPIRAL,Algebra 1,1,UNIT,Extended Reasoning,Extended,EXT04,UNIT,U1-MG02,U1-EP-EXT04,,,,,,DOK 3,"Rewrite algebraic expressions into equivalent forms by using properties, structure, terms, factors, and the distributive property.",,Reason / critique / justify,extended-response,reasoning,secure,300,,Unit 1 Assessment Plan; Algebra Overview course framework,intended secure use: reserve/tool-only
U1-EXT05,SPIRAL,Algebra 1,1,UNIT,Extended Reasoning,Extended,EXT05,UNIT,U1-MG03,U1-EP-EXT05,,,,,,DOK 3,Solve one-variable equations with equivalent transformations and verify and interpret solutions.,,Reason / critique / justify,extended-response,reasoning,secure,300,,Unit 1 Assessment Plan; Algebra Overview course framework,intended secure use: reserve/tool-only
U1-EXT06,SPIRAL,Algebra 1,1,UNIT,Extended Reasoning,Extended,EXT06,UNIT,U1-MG03,U1-EP-EXT06,,,,,,DOK 3,Solve one-variable equations with equivalent transformations and verify and interpret solutions.,,Reason / critique / justify,extended-response,reasoning,secure,300,,Unit 1 Assessment Plan; Algebra Overview course framework,intended secure use: reserve/tool-only
U1-EXT07,SPIRAL,Algebra 1,1,UNIT,Extended Reasoning,Extended,EXT07,UNIT,U1-MG04,U1-EP-EXT07,,,,,,DOK 3,"Solve one-variable inequalities, represent solution sets on number lines, and interpret boundaries and constraints.",,Reason / critique / justify,extended-response,reasoning,secure,300,,Unit 1 Assessment Plan; Algebra Overview course framework,intended secure use: reserve/tool-only
U1-EXT08,SPIRAL,Algebra 1,1,UNIT,Extended Reasoning,Extended,EXT08,UNIT,U1-MG04,U1-EP-EXT08,,,,,,DOK 3,"Solve one-variable inequalities, represent solution sets on number lines, and interpret boundaries and constraints.",,Reason / critique / justify,extended-response,reasoning,secure,300,,Unit 1 Assessment Plan; Algebra Overview course framework,intended secure use: reserve/tool-only
U1-PERF01,SPIRAL,Algebra 1,1,UNIT,Performance Task,Performance,PERF01,UNIT,U1-MG01|U1-MG02|U1-MG03|U1-MG04,U1-EP-PERF01-MG01|U1-EP-PERF01-MG02|U1-EP-PERF01-MG03|U1-EP-PERF01-MG04,,,,,,DOK 3–4 when extended,"Compute with rational numbers and evaluate numerical or algebraic expressions accurately, using order of operations and substitution while checking reasonableness.; Rewrite algebraic expressions into equivalent forms by using properties, structure, terms, factors, and the distributive property.; Solve one-variable equations with equivalent transformations and verify and interpret solutions.; Solve one-variable inequalities, represent solution sets on number lines, and interpret boundaries and constraints.",,Model / reason / structure / interpret,performance-task,multi-part,secure,1500,,Unit 1 Assessment Plan; Algebra Overview course framework,Complete canonical performance task; teacher solution completes every requested part.
U1-PERF02,SPIRAL,Algebra 1,1,UNIT,Performance Task,Performance,PERF02,UNIT,U1-MG01|U1-MG02|U1-MG03|U1-MG04,U1-EP-PERF02-MG01|U1-EP-PERF02-MG02|U1-EP-PERF02-MG03|U1-EP-PERF02-MG04,,,,,,DOK 3–4 when extended,"Compute with rational numbers and evaluate numerical or algebraic expressions accurately, using order of operations and substitution while checking reasonableness.; Rewrite algebraic expressions into equivalent forms by using properties, structure, terms, factors, and the distributive property.; Solve one-variable equations with equivalent transformations and verify and interpret solutions.; Solve one-variable inequalities, represent solution sets on number lines, and interpret boundaries and constraints.",,Model / reason / structure / interpret,performance-task,multi-part,secure,1500,,Unit 1 Assessment Plan; Algebra Overview course framework,Complete canonical performance task; teacher solution completes every requested part.
U1-SUM-V1-Q01,SPIRAL,Algebra 1,1,UNIT,Summative,Summative,V1-Q01,UNIT,U1-MG01,U1-EP-SUM-V1-SLOT01-MG01,V1,SLOT01,U1-SUM-TD-FAM01,,direct calculation,DOK 1–2,"Compute with rational numbers and evaluate numerical or algebraic expressions accurately, using order of operations and substitution while checking reasonableness.",,Secure mastery evidence,selected-response,selected-response,secure,150,,Unit 1 Assessment Plan; Algebra Overview course framework,form_group=test_day; representation=integer/rational computation; calculator rule=local course policy
U1-SUM-V1-Q02,SPIRAL,Algebra 1,1,UNIT,Summative,Summative,V1-Q02,UNIT,U1-MG01,U1-EP-SUM-V1-SLOT02-MG01,V1,SLOT02,U1-SUM-TD-FAM02,,evaluate and explain reasonableness,DOK 2,"Compute with rational numbers and evaluate numerical or algebraic expressions accurately, using order of operations and substitution while checking reasonableness.",,Secure mastery evidence,constructed-response,constructed-response,secure,240,,Unit 1 Assessment Plan; Algebra Overview course framework,form_group=test_day; representation=substitution / order of operations; calculator rule=local course policy
U1-SUM-V1-Q03,SPIRAL,Algebra 1,1,UNIT,Summative,Summative,V1-Q03,UNIT,U1-MG02,U1-EP-SUM-V1-SLOT03-MG02,V1,SLOT03,U1-SUM-TD-FAM03,,identify equivalent form,DOK 2,"Rewrite algebraic expressions into equivalent forms by using properties, structure, terms, factors, and the distributive property.",,Secure mastery evidence,selected-response,selected-response,secure,150,,Unit 1 Assessment Plan; Algebra Overview course framework,form_group=test_day; representation=equivalent expressions; calculator rule=local course policy
U1-SUM-V1-Q04,SPIRAL,Algebra 1,1,UNIT,Summative,Summative,V1-Q04,UNIT,U1-MG02,U1-EP-SUM-V1-SLOT04-MG02,V1,SLOT04,U1-SUM-TD-FAM04,,rewrite and justify,DOK 2–3,"Rewrite algebraic expressions into equivalent forms by using properties, structure, terms, factors, and the distributive property.",,Secure mastery evidence,constructed-response,constructed-response,secure,240,,Unit 1 Assessment Plan; Algebra Overview course framework,form_group=test_day; representation=distributive structure; calculator rule=local course policy
U1-SUM-V1-Q05,SPIRAL,Algebra 1,1,UNIT,Summative,Summative,V1-Q05,UNIT,U1-MG03,U1-EP-SUM-V1-SLOT05-MG03,V1,SLOT05,U1-SUM-TD-FAM05,,solve equation,DOK 2,Solve one-variable equations with equivalent transformations and verify and interpret solutions.,,Secure mastery evidence,selected-response,selected-response,secure,150,,Unit 1 Assessment Plan; Algebra Overview course framework,form_group=test_day; representation=one-variable equation; calculator rule=local course policy
U1-SUM-V1-Q06,SPIRAL,Algebra 1,1,UNIT,Summative,Summative,V1-Q06,UNIT,U1-MG03,U1-EP-SUM-V1-SLOT06-MG03,V1,SLOT06,U1-SUM-TD-FAM06,,model solve interpret,DOK 2–3,Solve one-variable equations with equivalent transformations and verify and interpret solutions.,,Secure mastery evidence,constructed-response,constructed-response,secure,300,,Unit 1 Assessment Plan; Algebra Overview course framework,form_group=test_day; representation=contextual equation; calculator rule=local course policy
U1-SUM-V1-Q07,SPIRAL,Algebra 1,1,UNIT,Summative,Summative,V1-Q07,UNIT,U1-MG04,U1-EP-SUM-V1-SLOT07-MG04,V1,SLOT07,U1-SUM-TD-FAM07,,solve inequality,DOK 2,"Solve one-variable inequalities, represent solution sets on number lines, and interpret boundaries and constraints.",,Secure mastery evidence,selected-response,selected-response,secure,150,,Unit 1 Assessment Plan; Algebra Overview course framework,form_group=test_day; representation=one-variable inequality; calculator rule=local course policy
U1-SUM-V1-Q08,SPIRAL,Algebra 1,1,UNIT,Summative,Summative,V1-Q08,UNIT,U1-MG04,U1-EP-SUM-V1-SLOT08-MG04,V1,SLOT08,U1-SUM-TD-FAM08,,solve graph interpret boundary,DOK 2–3,"Solve one-variable inequalities, represent solution sets on number lines, and interpret boundaries and constraints.",,Secure mastery evidence,constructed-response,constructed-response,secure,300,u1_sum_numberline_blank.png,Unit 1 Assessment Plan; Algebra Overview course framework,form_group=test_day; representation=number line / solution set; calculator rule=local course policy
U1-SUM-V1-Q09,SPIRAL,Algebra 1,1,UNIT,Summative,Summative,V1-Q09,UNIT,U1-MG01|U1-MG02,U1-EP-SUM-V1-SLOT09-MG01|U1-EP-SUM-V1-SLOT09-MG02,V1,SLOT09,U1-SUM-TD-FAM09,,critique calculation/rewrite,DOK 3,"Compute with rational numbers and evaluate numerical or algebraic expressions accurately, using order of operations and substitution while checking reasonableness.; Rewrite algebraic expressions into equivalent forms by using properties, structure, terms, factors, and the distributive property.",,Secure mastery evidence,constructed-response,constructed-response,secure,300,,Unit 1 Assessment Plan; Algebra Overview course framework,form_group=test_day; representation=error analysis; calculator rule=local course policy
U1-SUM-V1-Q10,SPIRAL,Algebra 1,1,UNIT,Summative,Summative,V1-Q10,UNIT,U1-MG03|U1-MG04,U1-EP-SUM-V1-SLOT10-MG03|U1-EP-SUM-V1-SLOT10-MG04,V1,SLOT10,U1-SUM-TD-FAM10,,construct compare equation and inequality,DOK 3,"Solve one-variable equations with equivalent transformations and verify and interpret solutions.; Solve one-variable inequalities, represent solution sets on number lines, and interpret boundaries and constraints.",,Secure mastery evidence,constructed-response,constructed-response,secure,360,,Unit 1 Assessment Plan; Algebra Overview course framework,form_group=test_day; representation=context/model constraint; calculator rule=local course policy
U1-SUM-V2-Q01,SPIRAL,Algebra 1,1,UNIT,Summative,Summative,V2-Q01,UNIT,U1-MG02,U1-EP-SUM-V2-SLOT03-MG02,V2,SLOT03,U1-SUM-TD-FAM03,,identify equivalent form,DOK 2,"Rewrite algebraic expressions into equivalent forms by using properties, structure, terms, factors, and the distributive property.",,Secure mastery evidence,selected-response,selected-response,secure,150,,Unit 1 Assessment Plan; Algebra Overview course framework,form_group=test_day; representation=equivalent expressions; calculator rule=local course policy
U1-SUM-V2-Q02,SPIRAL,Algebra 1,1,UNIT,Summative,Summative,V2-Q02,UNIT,U1-MG01,U1-EP-SUM-V2-SLOT01-MG01,V2,SLOT01,U1-SUM-TD-FAM01,,direct calculation,DOK 1–2,"Compute with rational numbers and evaluate numerical or algebraic expressions accurately, using order of operations and substitution while checking reasonableness.",,Secure mastery evidence,selected-response,selected-response,secure,150,,Unit 1 Assessment Plan; Algebra Overview course framework,form_group=test_day; representation=integer/rational computation; calculator rule=local course policy
U1-SUM-V2-Q03,SPIRAL,Algebra 1,1,UNIT,Summative,Summative,V2-Q03,UNIT,U1-MG03,U1-EP-SUM-V2-SLOT05-MG03,V2,SLOT05,U1-SUM-TD-FAM05,,solve equation,DOK 2,Solve one-variable equations with equivalent transformations and verify and interpret solutions.,,Secure mastery evidence,selected-response,selected-response,secure,150,,Unit 1 Assessment Plan; Algebra Overview course framework,form_group=test_day; representation=one-variable equation; calculator rule=local course policy
U1-SUM-V2-Q04,SPIRAL,Algebra 1,1,UNIT,Summative,Summative,V2-Q04,UNIT,U1-MG01,U1-EP-SUM-V2-SLOT02-MG01,V2,SLOT02,U1-SUM-TD-FAM02,,evaluate and explain reasonableness,DOK 2,"Compute with rational numbers and evaluate numerical or algebraic expressions accurately, using order of operations and substitution while checking reasonableness.",,Secure mastery evidence,constructed-response,constructed-response,secure,240,,Unit 1 Assessment Plan; Algebra Overview course framework,form_group=test_day; representation=substitution / order of operations; calculator rule=local course policy
U1-SUM-V2-Q05,SPIRAL,Algebra 1,1,UNIT,Summative,Summative,V2-Q05,UNIT,U1-MG04,U1-EP-SUM-V2-SLOT07-MG04,V2,SLOT07,U1-SUM-TD-FAM07,,solve inequality,DOK 2,"Solve one-variable inequalities, represent solution sets on number lines, and interpret boundaries and constraints.",,Secure mastery evidence,selected-response,selected-response,secure,150,,Unit 1 Assessment Plan; Algebra Overview course framework,form_group=test_day; representation=one-variable inequality; calculator rule=local course policy
U1-SUM-V2-Q06,SPIRAL,Algebra 1,1,UNIT,Summative,Summative,V2-Q06,UNIT,U1-MG02,U1-EP-SUM-V2-SLOT04-MG02,V2,SLOT04,U1-SUM-TD-FAM04,,rewrite and justify,DOK 2–3,"Rewrite algebraic expressions into equivalent forms by using properties, structure, terms, factors, and the distributive property.",,Secure mastery evidence,constructed-response,constructed-response,secure,240,,Unit 1 Assessment Plan; Algebra Overview course framework,form_group=test_day; representation=distributive structure; calculator rule=local course policy
U1-SUM-V2-Q07,SPIRAL,Algebra 1,1,UNIT,Summative,Summative,V2-Q07,UNIT,U1-MG03,U1-EP-SUM-V2-SLOT06-MG03,V2,SLOT06,U1-SUM-TD-FAM06,,model solve interpret,DOK 2–3,Solve one-variable equations with equivalent transformations and verify and interpret solutions.,,Secure mastery evidence,constructed-response,constructed-response,secure,330,,Unit 1 Assessment Plan; Algebra Overview course framework,form_group=test_day; representation=contextual equation; calculator rule=local course policy
U1-SUM-V2-Q08,SPIRAL,Algebra 1,1,UNIT,Summative,Summative,V2-Q08,UNIT,U1-MG01|U1-MG02,U1-EP-SUM-V2-SLOT09-MG01|U1-EP-SUM-V2-SLOT09-MG02,V2,SLOT09,U1-SUM-TD-FAM09,,critique calculation/rewrite,DOK 3,"Compute with rational numbers and evaluate numerical or algebraic expressions accurately, using order of operations and substitution while checking reasonableness.; Rewrite algebraic expressions into equivalent forms by using properties, structure, terms, factors, and the distributive property.",,Secure mastery evidence,constructed-response,constructed-response,secure,300,,Unit 1 Assessment Plan; Algebra Overview course framework,form_group=test_day; representation=error analysis; calculator rule=local course policy
U1-SUM-V2-Q09,SPIRAL,Algebra 1,1,UNIT,Summative,Summative,V2-Q09,UNIT,U1-MG04,U1-EP-SUM-V2-SLOT08-MG04,V2,SLOT08,U1-SUM-TD-FAM08,,solve graph interpret boundary,DOK 2–3,"Solve one-variable inequalities, represent solution sets on number lines, and interpret boundaries and constraints.",,Secure mastery evidence,constructed-response,constructed-response,secure,300,u1_sum_numberline_blank.png,Unit 1 Assessment Plan; Algebra Overview course framework,form_group=test_day; representation=number line / solution set; calculator rule=local course policy
U1-SUM-V2-Q10,SPIRAL,Algebra 1,1,UNIT,Summative,Summative,V2-Q10,UNIT,U1-MG03|U1-MG04,U1-EP-SUM-V2-SLOT10-MG03|U1-EP-SUM-V2-SLOT10-MG04,V2,SLOT10,U1-SUM-TD-FAM10,,construct compare equation and inequality,DOK 3,"Solve one-variable equations with equivalent transformations and verify and interpret solutions.; Solve one-variable inequalities, represent solution sets on number lines, and interpret boundaries and constraints.",,Secure mastery evidence,constructed-response,constructed-response,secure,360,,Unit 1 Assessment Plan; Algebra Overview course framework,form_group=test_day; representation=context/model constraint; calculator rule=local course policy
U1-SUM-V3-Q01,SPIRAL,Algebra 1,1,UNIT,Summative,Summative,V3-Q01,UNIT,U1-MG03,U1-EP-SUM-V3-SLOT05-MG03,V3,SLOT05,U1-SUM-TD-FAM05,,solve equation,DOK 2,Solve one-variable equations with equivalent transformations and verify and interpret solutions.,,Secure mastery evidence,selected-response,selected-response,secure,150,,Unit 1 Assessment Plan; Algebra Overview course framework,form_group=test_day; representation=one-variable equation; calculator rule=local course policy
U1-SUM-V3-Q02,SPIRAL,Algebra 1,1,UNIT,Summative,Summative,V3-Q02,UNIT,U1-MG01,U1-EP-SUM-V3-SLOT02-MG01,V3,SLOT02,U1-SUM-TD-FAM02,,evaluate and explain reasonableness,DOK 2,"Compute with rational numbers and evaluate numerical or algebraic expressions accurately, using order of operations and substitution while checking reasonableness.",,Secure mastery evidence,constructed-response,constructed-response,secure,240,,Unit 1 Assessment Plan; Algebra Overview course framework,form_group=test_day; representation=substitution / order of operations; calculator rule=local course policy
U1-SUM-V3-Q03,SPIRAL,Algebra 1,1,UNIT,Summative,Summative,V3-Q03,UNIT,U1-MG01,U1-EP-SUM-V3-SLOT01-MG01,V3,SLOT01,U1-SUM-TD-FAM01,,direct calculation,DOK 1–2,"Compute with rational numbers and evaluate numerical or algebraic expressions accurately, using order of operations and substitution while checking reasonableness.",,Secure mastery evidence,selected-response,selected-response,secure,150,,Unit 1 Assessment Plan; Algebra Overview course framework,form_group=test_day; representation=integer/rational computation; calculator rule=local course policy
U1-SUM-V3-Q04,SPIRAL,Algebra 1,1,UNIT,Summative,Summative,V3-Q04,UNIT,U1-MG04,U1-EP-SUM-V3-SLOT07-MG04,V3,SLOT07,U1-SUM-TD-FAM07,,solve inequality,DOK 2,"Solve one-variable inequalities, represent solution sets on number lines, and interpret boundaries and constraints.",,Secure mastery evidence,selected-response,selected-response,secure,150,,Unit 1 Assessment Plan; Algebra Overview course framework,form_group=test_day; representation=one-variable inequality; calculator rule=local course policy
U1-SUM-V3-Q05,SPIRAL,Algebra 1,1,UNIT,Summative,Summative,V3-Q05,UNIT,U1-MG02,U1-EP-SUM-V3-SLOT04-MG02,V3,SLOT04,U1-SUM-TD-FAM04,,rewrite and justify,DOK 2–3,"Rewrite algebraic expressions into equivalent forms by using properties, structure, terms, factors, and the distributive property.",,Secure mastery evidence,constructed-response,constructed-response,secure,240,,Unit 1 Assessment Plan; Algebra Overview course framework,form_group=test_day; representation=distributive structure; calculator rule=local course policy
U1-SUM-V3-Q06,SPIRAL,Algebra 1,1,UNIT,Summative,Summative,V3-Q06,UNIT,U1-MG02,U1-EP-SUM-V3-SLOT03-MG02,V3,SLOT03,U1-SUM-TD-FAM03,,identify equivalent form,DOK 2,"Rewrite algebraic expressions into equivalent forms by using properties, structure, terms, factors, and the distributive property.",,Secure mastery evidence,selected-response,selected-response,secure,150,,Unit 1 Assessment Plan; Algebra Overview course framework,form_group=test_day; representation=equivalent expressions; calculator rule=local course policy
U1-SUM-V3-Q07,SPIRAL,Algebra 1,1,UNIT,Summative,Summative,V3-Q07,UNIT,U1-MG04,U1-EP-SUM-V3-SLOT08-MG04,V3,SLOT08,U1-SUM-TD-FAM08,,solve graph interpret boundary,DOK 2–3,"Solve one-variable inequalities, represent solution sets on number lines, and interpret boundaries and constraints.",,Secure mastery evidence,constructed-response,constructed-response,secure,300,u1_sum_numberline_blank.png,Unit 1 Assessment Plan; Algebra Overview course framework,form_group=test_day; representation=number line / solution set; calculator rule=local course policy
U1-SUM-V3-Q08,SPIRAL,Algebra 1,1,UNIT,Summative,Summative,V3-Q08,UNIT,U1-MG03,U1-EP-SUM-V3-SLOT06-MG03,V3,SLOT06,U1-SUM-TD-FAM06,,model solve interpret,DOK 2–3,Solve one-variable equations with equivalent transformations and verify and interpret solutions.,,Secure mastery evidence,constructed-response,constructed-response,secure,300,,Unit 1 Assessment Plan; Algebra Overview course framework,form_group=test_day; representation=contextual equation; calculator rule=local course policy
U1-SUM-V3-Q09,SPIRAL,Algebra 1,1,UNIT,Summative,Summative,V3-Q09,UNIT,U1-MG03|U1-MG04,U1-EP-SUM-V3-SLOT10-MG03|U1-EP-SUM-V3-SLOT10-MG04,V3,SLOT10,U1-SUM-TD-FAM10,,construct compare equation and inequality,DOK 3,"Solve one-variable equations with equivalent transformations and verify and interpret solutions.; Solve one-variable inequalities, represent solution sets on number lines, and interpret boundaries and constraints.",,Secure mastery evidence,constructed-response,constructed-response,secure,360,,Unit 1 Assessment Plan; Algebra Overview course framework,form_group=test_day; representation=context/model constraint; calculator rule=local course policy
U1-SUM-V3-Q10,SPIRAL,Algebra 1,1,UNIT,Summative,Summative,V3-Q10,UNIT,U1-MG01|U1-MG02,U1-EP-SUM-V3-SLOT09-MG01|U1-EP-SUM-V3-SLOT09-MG02,V3,SLOT09,U1-SUM-TD-FAM09,,critique calculation/rewrite,DOK 3,"Compute with rational numbers and evaluate numerical or algebraic expressions accurately, using order of operations and substitution while checking reasonableness.; Rewrite algebraic expressions into equivalent forms by using properties, structure, terms, factors, and the distributive property.",,Secure mastery evidence,constructed-response,constructed-response,secure,300,,Unit 1 Assessment Plan; Algebra Overview course framework,form_group=test_day; representation=error analysis; calculator rule=local course policy
U1-SUM-V4-Q01,SPIRAL,Algebra 1,1,UNIT,Summative,Summative,V4-Q01,UNIT,U1-MG04,U1-EP-SUM-V4-SLOT07-MG04,V4,SLOT07,U1-SUM-TD-FAM07,,solve inequality,DOK 2,"Solve one-variable inequalities, represent solution sets on number lines, and interpret boundaries and constraints.",,Secure mastery evidence,selected-response,selected-response,secure,150,,Unit 1 Assessment Plan; Algebra Overview course framework,form_group=test_day; representation=one-variable inequality; calculator rule=local course policy
U1-SUM-V4-Q02,SPIRAL,Algebra 1,1,UNIT,Summative,Summative,V4-Q02,UNIT,U1-MG02,U1-EP-SUM-V4-SLOT03-MG02,V4,SLOT03,U1-SUM-TD-FAM03,,identify equivalent form,DOK 2,"Rewrite algebraic expressions into equivalent forms by using properties, structure, terms, factors, and the distributive property.",,Secure mastery evidence,selected-response,selected-response,secure,150,,Unit 1 Assessment Plan; Algebra Overview course framework,form_group=test_day; representation=equivalent expressions; calculator rule=local course policy
U1-SUM-V4-Q03,SPIRAL,Algebra 1,1,UNIT,Summative,Summative,V4-Q03,UNIT,U1-MG01,U1-EP-SUM-V4-SLOT02-MG01,V4,SLOT02,U1-SUM-TD-FAM02,,evaluate and explain reasonableness,DOK 2,"Compute with rational numbers and evaluate numerical or algebraic expressions accurately, using order of operations and substitution while checking reasonableness.",,Secure mastery evidence,constructed-response,constructed-response,secure,240,,Unit 1 Assessment Plan; Algebra Overview course framework,form_group=test_day; representation=substitution / order of operations; calculator rule=local course policy
U1-SUM-V4-Q04,SPIRAL,Algebra 1,1,UNIT,Summative,Summative,V4-Q04,UNIT,U1-MG03,U1-EP-SUM-V4-SLOT05-MG03,V4,SLOT05,U1-SUM-TD-FAM05,,solve equation,DOK 2,Solve one-variable equations with equivalent transformations and verify and interpret solutions.,,Secure mastery evidence,selected-response,selected-response,secure,150,,Unit 1 Assessment Plan; Algebra Overview course framework,form_group=test_day; representation=one-variable equation; calculator rule=local course policy
U1-SUM-V4-Q05,SPIRAL,Algebra 1,1,UNIT,Summative,Summative,V4-Q05,UNIT,U1-MG01,U1-EP-SUM-V4-SLOT01-MG01,V4,SLOT01,U1-SUM-TD-FAM01,,direct calculation,DOK 1–2,"Compute with rational numbers and evaluate numerical or algebraic expressions accurately, using order of operations and substitution while checking reasonableness.",,Secure mastery evidence,selected-response,selected-response,secure,150,,Unit 1 Assessment Plan; Algebra Overview course framework,form_group=test_day; representation=integer/rational computation; calculator rule=local course policy
U1-SUM-V4-Q06,SPIRAL,Algebra 1,1,UNIT,Summative,Summative,V4-Q06,UNIT,U1-MG02,U1-EP-SUM-V4-SLOT04-MG02,V4,SLOT04,U1-SUM-TD-FAM04,,rewrite and justify,DOK 2–3,"Rewrite algebraic expressions into equivalent forms by using properties, structure, terms, factors, and the distributive property.",,Secure mastery evidence,constructed-response,constructed-response,secure,240,,Unit 1 Assessment Plan; Algebra Overview course framework,form_group=test_day; representation=distributive structure; calculator rule=local course policy
U1-SUM-V4-Q07,SPIRAL,Algebra 1,1,UNIT,Summative,Summative,V4-Q07,UNIT,U1-MG01|U1-MG02,U1-EP-SUM-V4-SLOT09-MG01|U1-EP-SUM-V4-SLOT09-MG02,V4,SLOT09,U1-SUM-TD-FAM09,,critique calculation/rewrite,DOK 3,"Compute with rational numbers and evaluate numerical or algebraic expressions accurately, using order of operations and substitution while checking reasonableness.; Rewrite algebraic expressions into equivalent forms by using properties, structure, terms, factors, and the distributive property.",,Secure mastery evidence,constructed-response,constructed-response,secure,300,,Unit 1 Assessment Plan; Algebra Overview course framework,form_group=test_day; representation=error analysis; calculator rule=local course policy
U1-SUM-V4-Q08,SPIRAL,Algebra 1,1,UNIT,Summative,Summative,V4-Q08,UNIT,U1-MG03,U1-EP-SUM-V4-SLOT06-MG03,V4,SLOT06,U1-SUM-TD-FAM06,,model solve interpret,DOK 2–3,Solve one-variable equations with equivalent transformations and verify and interpret solutions.,,Secure mastery evidence,constructed-response,constructed-response,secure,300,,Unit 1 Assessment Plan; Algebra Overview course framework,form_group=test_day; representation=contextual equation; calculator rule=local course policy
U1-SUM-V4-Q09,SPIRAL,Algebra 1,1,UNIT,Summative,Summative,V4-Q09,UNIT,U1-MG04,U1-EP-SUM-V4-SLOT08-MG04,V4,SLOT08,U1-SUM-TD-FAM08,,solve graph interpret boundary,DOK 2–3,"Solve one-variable inequalities, represent solution sets on number lines, and interpret boundaries and constraints.",,Secure mastery evidence,constructed-response,constructed-response,secure,300,u1_sum_numberline_blank.png,Unit 1 Assessment Plan; Algebra Overview course framework,form_group=test_day; representation=number line / solution set; calculator rule=local course policy
U1-SUM-V4-Q10,SPIRAL,Algebra 1,1,UNIT,Summative,Summative,V4-Q10,UNIT,U1-MG03|U1-MG04,U1-EP-SUM-V4-SLOT10-MG03|U1-EP-SUM-V4-SLOT10-MG04,V4,SLOT10,U1-SUM-TD-FAM10,,construct compare equation and inequality,DOK 3,"Solve one-variable equations with equivalent transformations and verify and interpret solutions.; Solve one-variable inequalities, represent solution sets on number lines, and interpret boundaries and constraints.",,Secure mastery evidence,constructed-response,constructed-response,secure,360,,Unit 1 Assessment Plan; Algebra Overview course framework,form_group=test_day; representation=context/model constraint; calculator rule=local course policy
U1-SUM-V5-Q01,SPIRAL,Algebra 1,1,UNIT,Summative,Summative,V5-Q01,UNIT,U1-MG01,U1-EP-SUM-V5-SLOT02-MG01,V5,SLOT02,U1-SUM-MU5-FAM02,,table completion -> compare magnitudes,DOK 2,"Compute with rational numbers and evaluate numerical or algebraic expressions accurately, using order of operations and substitution while checking reasonableness.",,Secure mastery evidence,constructed-response,constructed-response,secure,240,,Unit 1 Assessment Plan; Algebra Overview course framework,form_group=makeup; representation=substitution table; calculator rule=local course policy
U1-SUM-V5-Q02,SPIRAL,Algebra 1,1,UNIT,Summative,Summative,V5-Q02,UNIT,U1-MG03,U1-EP-SUM-V5-SLOT05-MG03,V5,SLOT05,U1-SUM-MU5-FAM05,,balance description -> equation -> solve,DOK 2,Solve one-variable equations with equivalent transformations and verify and interpret solutions.,,Secure mastery evidence,selected-response,selected-response,secure,150,,Unit 1 Assessment Plan; Algebra Overview course framework,form_group=makeup; representation=verbal balance model; calculator rule=local course policy
U1-SUM-V5-Q03,SPIRAL,Algebra 1,1,UNIT,Summative,Summative,V5-Q03,UNIT,U1-MG01,U1-EP-SUM-V5-SLOT01-MG01,V5,SLOT01,U1-SUM-MU5-FAM01,,context -> signed decimal calculation -> interpreted change,DOK 1–2,"Compute with rational numbers and evaluate numerical or algebraic expressions accurately, using order of operations and substitution while checking reasonableness.",,Secure mastery evidence,selected-response,selected-response,secure,150,,Unit 1 Assessment Plan; Algebra Overview course framework,form_group=makeup; representation=contextual decimal quantities; calculator rule=local course policy
U1-SUM-V5-Q04,SPIRAL,Algebra 1,1,UNIT,Summative,Summative,V5-Q04,UNIT,U1-MG03,U1-EP-SUM-V5-SLOT06-MG03,V5,SLOT06,U1-SUM-MU5-FAM06,,context -> formulate equation -> solve -> interpret variable,DOK 2–3,Solve one-variable equations with equivalent transformations and verify and interpret solutions.,,Secure mastery evidence,constructed-response,constructed-response,secure,300,,Unit 1 Assessment Plan; Algebra Overview course framework,form_group=makeup; representation=context; calculator rule=local course policy
U1-SUM-V5-Q05,SPIRAL,Algebra 1,1,UNIT,Summative,Summative,V5-Q05,UNIT,U1-MG02,U1-EP-SUM-V5-SLOT03-MG02,V5,SLOT03,U1-SUM-MU5-FAM03,,expanded form -> identify factored equivalent,DOK 2,"Rewrite algebraic expressions into equivalent forms by using properties, structure, terms, factors, and the distributive property.",,Secure mastery evidence,selected-response,selected-response,secure,150,,Unit 1 Assessment Plan; Algebra Overview course framework,form_group=makeup; representation=factored vs expanded; calculator rule=local course policy
U1-SUM-V5-Q06,SPIRAL,Algebra 1,1,UNIT,Summative,Summative,V5-Q06,UNIT,U1-MG04,U1-EP-SUM-V5-SLOT08-MG04,V5,SLOT08,U1-SUM-MU5-FAM08,,context -> inequality -> solve -> boundary interpretation,DOK 2–3,"Solve one-variable inequalities, represent solution sets on number lines, and interpret boundaries and constraints.",,Secure mastery evidence,constructed-response,constructed-response,secure,300,,Unit 1 Assessment Plan; Algebra Overview course framework,form_group=makeup; representation=contextual constraint; calculator rule=local course policy
U1-SUM-V5-Q07,SPIRAL,Algebra 1,1,UNIT,Summative,Summative,V5-Q07,UNIT,U1-MG02,U1-EP-SUM-V5-SLOT04-MG02,V5,SLOT04,U1-SUM-MU5-FAM04,,geometric structure -> two algebraic forms -> justification,DOK 2–3,"Rewrite algebraic expressions into equivalent forms by using properties, structure, terms, factors, and the distributive property.",,Secure mastery evidence,constructed-response,constructed-response,secure,240,,Unit 1 Assessment Plan; Algebra Overview course framework,form_group=makeup; representation=verbal area model; calculator rule=local course policy
U1-SUM-V5-Q08,SPIRAL,Algebra 1,1,UNIT,Summative,Summative,V5-Q08,UNIT,U1-MG04,U1-EP-SUM-V5-SLOT07-MG04,V5,SLOT07,U1-SUM-MU5-FAM07,,number-line description -> symbolic inequality,DOK 2,"Solve one-variable inequalities, represent solution sets on number lines, and interpret boundaries and constraints.",,Secure mastery evidence,selected-response,selected-response,secure,150,,Unit 1 Assessment Plan; Algebra Overview course framework,form_group=makeup; representation=verbal number line; calculator rule=local course policy
U1-SUM-V5-Q09,SPIRAL,Algebra 1,1,UNIT,Summative,Summative,V5-Q09,UNIT,U1-MG01|U1-MG02,U1-EP-SUM-V5-SLOT09-MG01|U1-EP-SUM-V5-SLOT09-MG02,V5,SLOT09,U1-SUM-MU5-FAM09,,critique value -> reconstruct order -> evaluate,DOK 3,"Compute with rational numbers and evaluate numerical or algebraic expressions accurately, using order of operations and substitution while checking reasonableness.; Rewrite algebraic expressions into equivalent forms by using properties, structure, terms, factors, and the distributive property.",,Secure mastery evidence,constructed-response,constructed-response,secure,300,,Unit 1 Assessment Plan; Algebra Overview course framework,form_group=makeup; representation=numerical expression / explanation; calculator rule=local course policy
U1-SUM-V5-Q10,SPIRAL,Algebra 1,1,UNIT,Summative,Summative,V5-Q10,UNIT,U1-MG03|U1-MG04,U1-EP-SUM-V5-SLOT10-MG03|U1-EP-SUM-V5-SLOT10-MG04,V5,SLOT10,U1-SUM-MU5-FAM10,,two contexts -> equation vs inequality -> compare solution meanings,DOK 3,"Solve one-variable equations with equivalent transformations and verify and interpret solutions.; Solve one-variable inequalities, represent solution sets on number lines, and interpret boundaries and constraints.",,Secure mastery evidence,constructed-response,constructed-response,secure,360,,Unit 1 Assessment Plan; Algebra Overview course framework,form_group=makeup; representation=paired contexts; calculator rule=local course policy
U1-SUM-V6-Q01,SPIRAL,Algebra 1,1,UNIT,Summative,Summative,V6-Q01,UNIT,U1-MG02,U1-EP-SUM-V6-SLOT03-MG02,V6,SLOT03,U1-SUM-MU6-FAM03,,simplify target -> discriminate non-equivalent form,DOK 2,"Rewrite algebraic expressions into equivalent forms by using properties, structure, terms, factors, and the distributive property.",,Secure mastery evidence,selected-response,selected-response,secure,150,,Unit 1 Assessment Plan; Algebra Overview course framework,form_group=makeup; representation=multiple equivalent symbolic forms; calculator rule=local course policy
U1-SUM-V6-Q02,SPIRAL,Algebra 1,1,UNIT,Summative,Summative,V6-Q02,UNIT,U1-MG01,U1-EP-SUM-V6-SLOT01-MG01,V6,SLOT01,U1-SUM-MU6-FAM01,,compare mixed rational representations -> compute span,DOK 1–2,"Compute with rational numbers and evaluate numerical or algebraic expressions accurately, using order of operations and substitution while checking reasonableness.",,Secure mastery evidence,selected-response,selected-response,secure,150,,Unit 1 Assessment Plan; Algebra Overview course framework,form_group=makeup; representation=mixed fraction/decimal; calculator rule=local course policy
U1-SUM-V6-Q03,SPIRAL,Algebra 1,1,UNIT,Summative,Summative,V6-Q03,UNIT,U1-MG03,U1-EP-SUM-V6-SLOT06-MG03,V6,SLOT06,U1-SUM-MU6-FAM06,,verbal statement -> equation -> solve -> interpret,DOK 2–3,Solve one-variable equations with equivalent transformations and verify and interpret solutions.,,Secure mastery evidence,constructed-response,constructed-response,secure,300,,Unit 1 Assessment Plan; Algebra Overview course framework,form_group=makeup; representation=verbal relationship; calculator rule=local course policy
U1-SUM-V6-Q04,SPIRAL,Algebra 1,1,UNIT,Summative,Summative,V6-Q04,UNIT,U1-MG02,U1-EP-SUM-V6-SLOT04-MG02,V6,SLOT04,U1-SUM-MU6-FAM04,,recognize factor -> preserve equivalence -> combine like terms,DOK 2–3,"Rewrite algebraic expressions into equivalent forms by using properties, structure, terms, factors, and the distributive property.",,Secure mastery evidence,constructed-response,constructed-response,secure,240,,Unit 1 Assessment Plan; Algebra Overview course framework,form_group=makeup; representation=grouped/factored expression; calculator rule=local course policy
U1-SUM-V6-Q05,SPIRAL,Algebra 1,1,UNIT,Summative,Summative,V6-Q05,UNIT,U1-MG04,U1-EP-SUM-V6-SLOT07-MG04,V6,SLOT07,U1-SUM-MU6-FAM07,,critique transformation -> correct direction,DOK 2,"Solve one-variable inequalities, represent solution sets on number lines, and interpret boundaries and constraints.",,Secure mastery evidence,selected-response,selected-response,secure,150,,Unit 1 Assessment Plan; Algebra Overview course framework,form_group=makeup; representation=student claim; calculator rule=local course policy
U1-SUM-V6-Q06,SPIRAL,Algebra 1,1,UNIT,Summative,Summative,V6-Q06,UNIT,U1-MG01,U1-EP-SUM-V6-SLOT02-MG01,V6,SLOT02,U1-SUM-MU6-FAM02,,rule -> three substitutions -> pattern reasonableness,DOK 2,"Compute with rational numbers and evaluate numerical or algebraic expressions accurately, using order of operations and substitution while checking reasonableness.",,Secure mastery evidence,constructed-response,constructed-response,secure,240,,Unit 1 Assessment Plan; Algebra Overview course framework,form_group=makeup; representation=function rule / values; calculator rule=local course policy
U1-SUM-V6-Q07,SPIRAL,Algebra 1,1,UNIT,Summative,Summative,V6-Q07,UNIT,U1-MG03,U1-EP-SUM-V6-SLOT05-MG03,V6,SLOT05,U1-SUM-MU6-FAM05,,test proposed solution -> reject/accept -> solve -> verify,DOK 2,Solve one-variable equations with equivalent transformations and verify and interpret solutions.,,Secure mastery evidence,selected-response,selected-response,secure,150,,Unit 1 Assessment Plan; Algebra Overview course framework,form_group=makeup; representation=claim + equation; calculator rule=local course policy
U1-SUM-V6-Q08,SPIRAL,Algebra 1,1,UNIT,Summative,Summative,V6-Q08,UNIT,U1-MG01|U1-MG02,U1-EP-SUM-V6-SLOT09-MG01|U1-EP-SUM-V6-SLOT09-MG02,V6,SLOT09,U1-SUM-MU6-FAM09,,compare claims -> property reasoning -> numerical validation,DOK 3,"Compute with rational numbers and evaluate numerical or algebraic expressions accurately, using order of operations and substitution while checking reasonableness.; Rewrite algebraic expressions into equivalent forms by using properties, structure, terms, factors, and the distributive property.",,Secure mastery evidence,constructed-response,constructed-response,secure,300,,Unit 1 Assessment Plan; Algebra Overview course framework,form_group=makeup; representation=competing student work + substitution; calculator rule=local course policy
U1-SUM-V6-Q09,SPIRAL,Algebra 1,1,UNIT,Summative,Summative,V6-Q09,UNIT,U1-MG04,U1-EP-SUM-V6-SLOT08-MG04,V6,SLOT08,U1-SUM-MU6-FAM08,,verbal graph -> symbolic inequality -> generate examples/nonexample,DOK 2–3,"Solve one-variable inequalities, represent solution sets on number lines, and interpret boundaries and constraints.",,Secure mastery evidence,constructed-response,constructed-response,secure,300,,Unit 1 Assessment Plan; Algebra Overview course framework,form_group=makeup; representation=verbal ray description; calculator rule=local course policy
U1-SUM-V6-Q10,SPIRAL,Algebra 1,1,UNIT,Summative,Summative,V6-Q10,UNIT,U1-MG03|U1-MG04,U1-EP-SUM-V6-SLOT10-MG03|U1-EP-SUM-V6-SLOT10-MG04,V6,SLOT10,U1-SUM-MU6-FAM10,,find exact boundary with equation -> generalize to inequality -> compare,DOK 3,"Solve one-variable equations with equivalent transformations and verify and interpret solutions.; Solve one-variable inequalities, represent solution sets on number lines, and interpret boundaries and constraints.",,Secure mastery evidence,constructed-response,constructed-response,secure,360,,Unit 1 Assessment Plan; Algebra Overview course framework,form_group=makeup; representation=capacity context; calculator rule=local course policy
