bank_id,pm_family,course,unit,section,destination,destination_group,destination_slot,retrieval_stage_or_scope,mastery_goal_id,evidence_point_id,summative_version,blueprint_slot_id,question_family_id,variation_mode,task_architecture,dok,learning_target,i_can,practice_standard,item_type,answer_type,security_level,estimated_time_sec,figure_files,figure_source,graph_tool_type,source_basis,notes
U8-S1-WTC01,SPIRAL,Algebra 1,8,8.1,What's To Come,What's To Come,,INTRO,,,,,,,future-facing visual stimulus -> conjecture/check,2,"Students will determine whether a situation is best modeled by a linear, quadratic, or exponential function.","I can construct evidence from tables, graphs, and contexts to choose a linear, quadratic, or exponential model.",Connect representations; use algebraic structure precisely; model and interpret quantities; justify conclusions with mathematical evidence when the task requires it.,constructed_response,short_response,instructional,180,u8_s1_wtc.png,graph_tool,TYPE 4,assessment_plans/original/unit8_assessment_plan/unit8_assessment_plan.html|reference_library/question_structures/section_enrichment.json|reference_library/source_excerpts/section_source_excerpts.json|reference_library/reusable_tables/table_catalog.json|reference_library/reusable_figures/figure_catalog.json|sources/indexes/compact_stage_reference_map.json,
U8-S1-NOTE-EX01,SPIRAL,Algebra 1,8,8.1,Notes Example,Notes Example,Pair 1,INTRO,,,,,,,table pattern -> function family,1,"Students will determine whether a situation is best modeled by a linear, quadratic, or exponential function.","I can construct evidence from tables, graphs, and contexts to choose a linear, quadratic, or exponential model.",Connect representations; use algebraic structure precisely; model and interpret quantities; justify conclusions with mathematical evidence when the task requires it.,constructed_response,short_response,instructional,210,u8_s1_wtc.png,graph_tool,TYPE 4,assessment_plans/original/unit8_assessment_plan/unit8_assessment_plan.html|reference_library/question_structures/section_enrichment.json|reference_library/source_excerpts/section_source_excerpts.json|reference_library/reusable_tables/table_catalog.json|reference_library/reusable_figures/figure_catalog.json|sources/indexes/compact_stage_reference_map.json,
U8-S1-NOTE-YTI01,SPIRAL,Algebra 1,8,8.1,Notes You Try It,Notes You Try It,Pair 1,INTRO,,,,,,,table pattern -> function family,1,"Students will determine whether a situation is best modeled by a linear, quadratic, or exponential function.","I can construct evidence from tables, graphs, and contexts to choose a linear, quadratic, or exponential model.",Connect representations; use algebraic structure precisely; model and interpret quantities; justify conclusions with mathematical evidence when the task requires it.,constructed_response,short_response,instructional,180,,,,assessment_plans/original/unit8_assessment_plan/unit8_assessment_plan.html|reference_library/question_structures/section_enrichment.json|reference_library/source_excerpts/section_source_excerpts.json|reference_library/reusable_tables/table_catalog.json|reference_library/reusable_figures/figure_catalog.json|sources/indexes/compact_stage_reference_map.json,
U8-S1-NOTE-EX02,SPIRAL,Algebra 1,8,8.1,Notes Example,Notes Example,Pair 2,INTRO,,,,,,,table pattern -> function family,2,"Students will determine whether a situation is best modeled by a linear, quadratic, or exponential function.","I can construct evidence from tables, graphs, and contexts to choose a linear, quadratic, or exponential model.",Connect representations; use algebraic structure precisely; model and interpret quantities; justify conclusions with mathematical evidence when the task requires it.,constructed_response,short_response,instructional,210,,,,assessment_plans/original/unit8_assessment_plan/unit8_assessment_plan.html|reference_library/question_structures/section_enrichment.json|reference_library/source_excerpts/section_source_excerpts.json|reference_library/reusable_tables/table_catalog.json|reference_library/reusable_figures/figure_catalog.json|sources/indexes/compact_stage_reference_map.json,
U8-S1-NOTE-YTI02,SPIRAL,Algebra 1,8,8.1,Notes You Try It,Notes You Try It,Pair 2,INTRO,,,,,,,table pattern -> function family,2,"Students will determine whether a situation is best modeled by a linear, quadratic, or exponential function.","I can construct evidence from tables, graphs, and contexts to choose a linear, quadratic, or exponential model.",Connect representations; use algebraic structure precisely; model and interpret quantities; justify conclusions with mathematical evidence when the task requires it.,constructed_response,short_response,instructional,180,,,,assessment_plans/original/unit8_assessment_plan/unit8_assessment_plan.html|reference_library/question_structures/section_enrichment.json|reference_library/source_excerpts/section_source_excerpts.json|reference_library/reusable_tables/table_catalog.json|reference_library/reusable_figures/figure_catalog.json|sources/indexes/compact_stage_reference_map.json,
U8-S1-NOTE-EX03,SPIRAL,Algebra 1,8,8.1,Notes Example,Notes Example,Pair 3,INTRO,,,,,,,table pattern -> function family,2,"Students will determine whether a situation is best modeled by a linear, quadratic, or exponential function.","I can construct evidence from tables, graphs, and contexts to choose a linear, quadratic, or exponential model.",Connect representations; use algebraic structure precisely; model and interpret quantities; justify conclusions with mathematical evidence when the task requires it.,constructed_response,short_response,instructional,210,,,,assessment_plans/original/unit8_assessment_plan/unit8_assessment_plan.html|reference_library/question_structures/section_enrichment.json|reference_library/source_excerpts/section_source_excerpts.json|reference_library/reusable_tables/table_catalog.json|reference_library/reusable_figures/figure_catalog.json|sources/indexes/compact_stage_reference_map.json,
U8-S1-NOTE-YTI03,SPIRAL,Algebra 1,8,8.1,Notes You Try It,Notes You Try It,Pair 3,INTRO,,,,,,,table pattern -> function family,2,"Students will determine whether a situation is best modeled by a linear, quadratic, or exponential function.","I can construct evidence from tables, graphs, and contexts to choose a linear, quadratic, or exponential model.",Connect representations; use algebraic structure precisely; model and interpret quantities; justify conclusions with mathematical evidence when the task requires it.,constructed_response,short_response,instructional,180,,,,assessment_plans/original/unit8_assessment_plan/unit8_assessment_plan.html|reference_library/question_structures/section_enrichment.json|reference_library/source_excerpts/section_source_excerpts.json|reference_library/reusable_tables/table_catalog.json|reference_library/reusable_figures/figure_catalog.json|sources/indexes/compact_stage_reference_map.json,
U8-S1-NOTE-EX04,SPIRAL,Algebra 1,8,8.1,Notes Example,Notes Example,Pair 4,INTRO,,,,,,,table pattern -> function family,2,"Students will determine whether a situation is best modeled by a linear, quadratic, or exponential function.","I can construct evidence from tables, graphs, and contexts to choose a linear, quadratic, or exponential model.",Connect representations; use algebraic structure precisely; model and interpret quantities; justify conclusions with mathematical evidence when the task requires it.,constructed_response,short_response,instructional,210,,,,assessment_plans/original/unit8_assessment_plan/unit8_assessment_plan.html|reference_library/question_structures/section_enrichment.json|reference_library/source_excerpts/section_source_excerpts.json|reference_library/reusable_tables/table_catalog.json|reference_library/reusable_figures/figure_catalog.json|sources/indexes/compact_stage_reference_map.json,
U8-S1-NOTE-YTI04,SPIRAL,Algebra 1,8,8.1,Notes You Try It,Notes You Try It,Pair 4,INTRO,,,,,,,table pattern -> function family,2,"Students will determine whether a situation is best modeled by a linear, quadratic, or exponential function.","I can construct evidence from tables, graphs, and contexts to choose a linear, quadratic, or exponential model.",Connect representations; use algebraic structure precisely; model and interpret quantities; justify conclusions with mathematical evidence when the task requires it.,constructed_response,short_response,instructional,180,,,,assessment_plans/original/unit8_assessment_plan/unit8_assessment_plan.html|reference_library/question_structures/section_enrichment.json|reference_library/source_excerpts/section_source_excerpts.json|reference_library/reusable_tables/table_catalog.json|reference_library/reusable_figures/figure_catalog.json|sources/indexes/compact_stage_reference_map.json,
U8-S2-WTC01,SPIRAL,Algebra 1,8,8.2,What's To Come,What's To Come,,INTRO,,,,,,,future-facing visual stimulus -> conjecture/check,2,Students will analyze transformations across multiple function families.,"I can build transformed function rules from parent functions across linear, quadratic, exponential, and absolute value families.",Connect representations; use algebraic structure precisely; model and interpret quantities; justify conclusions with mathematical evidence when the task requires it.,constructed_response,short_response,instructional,180,u8_s2_wtc.png,graph_tool,TYPE 9,assessment_plans/original/unit8_assessment_plan/unit8_assessment_plan.html|reference_library/question_structures/section_enrichment.json|reference_library/source_excerpts/section_source_excerpts.json|reference_library/reusable_tables/table_catalog.json|reference_library/reusable_figures/figure_catalog.json|sources/indexes/compact_stage_reference_map.json,
U8-S2-NOTE-EX01,SPIRAL,Algebra 1,8,8.2,Notes Example,Notes Example,Pair 1,INTRO,,,,,,,transformation equation -> verbal transformation,1,Students will analyze transformations across multiple function families.,"I can build transformed function rules from parent functions across linear, quadratic, exponential, and absolute value families.",Connect representations; use algebraic structure precisely; model and interpret quantities; justify conclusions with mathematical evidence when the task requires it.,constructed_response,short_response,instructional,210,u8_s2_wtc.png,graph_tool,TYPE 9,assessment_plans/original/unit8_assessment_plan/unit8_assessment_plan.html|reference_library/question_structures/section_enrichment.json|reference_library/source_excerpts/section_source_excerpts.json|reference_library/reusable_tables/table_catalog.json|reference_library/reusable_figures/figure_catalog.json|sources/indexes/compact_stage_reference_map.json,
U8-S2-NOTE-YTI01,SPIRAL,Algebra 1,8,8.2,Notes You Try It,Notes You Try It,Pair 1,INTRO,,,,,,,transformation equation -> verbal transformation,1,Students will analyze transformations across multiple function families.,"I can build transformed function rules from parent functions across linear, quadratic, exponential, and absolute value families.",Connect representations; use algebraic structure precisely; model and interpret quantities; justify conclusions with mathematical evidence when the task requires it.,constructed_response,short_response,instructional,180,,,,assessment_plans/original/unit8_assessment_plan/unit8_assessment_plan.html|reference_library/question_structures/section_enrichment.json|reference_library/source_excerpts/section_source_excerpts.json|reference_library/reusable_tables/table_catalog.json|reference_library/reusable_figures/figure_catalog.json|sources/indexes/compact_stage_reference_map.json,
U8-S2-NOTE-EX02,SPIRAL,Algebra 1,8,8.2,Notes Example,Notes Example,Pair 2,INTRO,,,,,,,transformation equation -> verbal transformation,2,Students will analyze transformations across multiple function families.,"I can build transformed function rules from parent functions across linear, quadratic, exponential, and absolute value families.",Connect representations; use algebraic structure precisely; model and interpret quantities; justify conclusions with mathematical evidence when the task requires it.,constructed_response,short_response,instructional,210,,,,assessment_plans/original/unit8_assessment_plan/unit8_assessment_plan.html|reference_library/question_structures/section_enrichment.json|reference_library/source_excerpts/section_source_excerpts.json|reference_library/reusable_tables/table_catalog.json|reference_library/reusable_figures/figure_catalog.json|sources/indexes/compact_stage_reference_map.json,
U8-S2-NOTE-YTI02,SPIRAL,Algebra 1,8,8.2,Notes You Try It,Notes You Try It,Pair 2,INTRO,,,,,,,transformation equation -> verbal transformation,2,Students will analyze transformations across multiple function families.,"I can build transformed function rules from parent functions across linear, quadratic, exponential, and absolute value families.",Connect representations; use algebraic structure precisely; model and interpret quantities; justify conclusions with mathematical evidence when the task requires it.,constructed_response,short_response,instructional,180,,,,assessment_plans/original/unit8_assessment_plan/unit8_assessment_plan.html|reference_library/question_structures/section_enrichment.json|reference_library/source_excerpts/section_source_excerpts.json|reference_library/reusable_tables/table_catalog.json|reference_library/reusable_figures/figure_catalog.json|sources/indexes/compact_stage_reference_map.json,
U8-S2-NOTE-EX03,SPIRAL,Algebra 1,8,8.2,Notes Example,Notes Example,Pair 3,INTRO,,,,,,,transformation equation -> verbal transformation,2,Students will analyze transformations across multiple function families.,"I can build transformed function rules from parent functions across linear, quadratic, exponential, and absolute value families.",Connect representations; use algebraic structure precisely; model and interpret quantities; justify conclusions with mathematical evidence when the task requires it.,constructed_response,short_response,instructional,210,,,,assessment_plans/original/unit8_assessment_plan/unit8_assessment_plan.html|reference_library/question_structures/section_enrichment.json|reference_library/source_excerpts/section_source_excerpts.json|reference_library/reusable_tables/table_catalog.json|reference_library/reusable_figures/figure_catalog.json|sources/indexes/compact_stage_reference_map.json,
U8-S2-NOTE-YTI03,SPIRAL,Algebra 1,8,8.2,Notes You Try It,Notes You Try It,Pair 3,INTRO,,,,,,,transformation equation -> verbal transformation,2,Students will analyze transformations across multiple function families.,"I can build transformed function rules from parent functions across linear, quadratic, exponential, and absolute value families.",Connect representations; use algebraic structure precisely; model and interpret quantities; justify conclusions with mathematical evidence when the task requires it.,constructed_response,short_response,instructional,180,,,,assessment_plans/original/unit8_assessment_plan/unit8_assessment_plan.html|reference_library/question_structures/section_enrichment.json|reference_library/source_excerpts/section_source_excerpts.json|reference_library/reusable_tables/table_catalog.json|reference_library/reusable_figures/figure_catalog.json|sources/indexes/compact_stage_reference_map.json,
U8-S2-NOTE-EX04,SPIRAL,Algebra 1,8,8.2,Notes Example,Notes Example,Pair 4,INTRO,,,,,,,transformation equation -> verbal transformation,2,Students will analyze transformations across multiple function families.,"I can build transformed function rules from parent functions across linear, quadratic, exponential, and absolute value families.",Connect representations; use algebraic structure precisely; model and interpret quantities; justify conclusions with mathematical evidence when the task requires it.,constructed_response,short_response,instructional,210,,,,assessment_plans/original/unit8_assessment_plan/unit8_assessment_plan.html|reference_library/question_structures/section_enrichment.json|reference_library/source_excerpts/section_source_excerpts.json|reference_library/reusable_tables/table_catalog.json|reference_library/reusable_figures/figure_catalog.json|sources/indexes/compact_stage_reference_map.json,
U8-S2-NOTE-YTI04,SPIRAL,Algebra 1,8,8.2,Notes You Try It,Notes You Try It,Pair 4,INTRO,,,,,,,transformation equation -> verbal transformation,2,Students will analyze transformations across multiple function families.,"I can build transformed function rules from parent functions across linear, quadratic, exponential, and absolute value families.",Connect representations; use algebraic structure precisely; model and interpret quantities; justify conclusions with mathematical evidence when the task requires it.,constructed_response,short_response,instructional,180,,,,assessment_plans/original/unit8_assessment_plan/unit8_assessment_plan.html|reference_library/question_structures/section_enrichment.json|reference_library/source_excerpts/section_source_excerpts.json|reference_library/reusable_tables/table_catalog.json|reference_library/reusable_figures/figure_catalog.json|sources/indexes/compact_stage_reference_map.json,
U8-S3-WTC01,SPIRAL,Algebra 1,8,8.3,What's To Come,What's To Come,,INTRO,,,,,,,future-facing visual stimulus -> conjecture/check,2,Students will analyze and model situations involving absolute value functions.,"I can design an absolute value or piecewise representation for situations with distance, change in direction, or two-part behavior.",Connect representations; use algebraic structure precisely; model and interpret quantities; justify conclusions with mathematical evidence when the task requires it.,constructed_response,short_response,instructional,180,u8_s3_wtc.png,graph_tool,TYPE 1,assessment_plans/original/unit8_assessment_plan/unit8_assessment_plan.html|reference_library/question_structures/section_enrichment.json|reference_library/source_excerpts/section_source_excerpts.json|reference_library/reusable_tables/table_catalog.json|reference_library/reusable_figures/figure_catalog.json|sources/indexes/compact_stage_reference_map.json,
U8-S3-NOTE-EX01,SPIRAL,Algebra 1,8,8.3,Notes Example,Notes Example,Pair 1,INTRO,,,,,,,absolute-value rule -> vertex/output/piecewise behavior,1,Students will analyze and model situations involving absolute value functions.,"I can design an absolute value or piecewise representation for situations with distance, change in direction, or two-part behavior.",Connect representations; use algebraic structure precisely; model and interpret quantities; justify conclusions with mathematical evidence when the task requires it.,constructed_response,short_response,instructional,210,u8_s3_wtc.png,graph_tool,TYPE 1,assessment_plans/original/unit8_assessment_plan/unit8_assessment_plan.html|reference_library/question_structures/section_enrichment.json|reference_library/source_excerpts/section_source_excerpts.json|reference_library/reusable_tables/table_catalog.json|reference_library/reusable_figures/figure_catalog.json|sources/indexes/compact_stage_reference_map.json,
U8-S3-NOTE-YTI01,SPIRAL,Algebra 1,8,8.3,Notes You Try It,Notes You Try It,Pair 1,INTRO,,,,,,,absolute-value rule -> vertex/output/piecewise behavior,1,Students will analyze and model situations involving absolute value functions.,"I can design an absolute value or piecewise representation for situations with distance, change in direction, or two-part behavior.",Connect representations; use algebraic structure precisely; model and interpret quantities; justify conclusions with mathematical evidence when the task requires it.,constructed_response,short_response,instructional,180,,,,assessment_plans/original/unit8_assessment_plan/unit8_assessment_plan.html|reference_library/question_structures/section_enrichment.json|reference_library/source_excerpts/section_source_excerpts.json|reference_library/reusable_tables/table_catalog.json|reference_library/reusable_figures/figure_catalog.json|sources/indexes/compact_stage_reference_map.json,
U8-S3-NOTE-EX02,SPIRAL,Algebra 1,8,8.3,Notes Example,Notes Example,Pair 2,INTRO,,,,,,,absolute-value rule -> vertex/output/piecewise behavior,2,Students will analyze and model situations involving absolute value functions.,"I can design an absolute value or piecewise representation for situations with distance, change in direction, or two-part behavior.",Connect representations; use algebraic structure precisely; model and interpret quantities; justify conclusions with mathematical evidence when the task requires it.,constructed_response,short_response,instructional,210,,,,assessment_plans/original/unit8_assessment_plan/unit8_assessment_plan.html|reference_library/question_structures/section_enrichment.json|reference_library/source_excerpts/section_source_excerpts.json|reference_library/reusable_tables/table_catalog.json|reference_library/reusable_figures/figure_catalog.json|sources/indexes/compact_stage_reference_map.json,
U8-S3-NOTE-YTI02,SPIRAL,Algebra 1,8,8.3,Notes You Try It,Notes You Try It,Pair 2,INTRO,,,,,,,absolute-value rule -> vertex/output/piecewise behavior,2,Students will analyze and model situations involving absolute value functions.,"I can design an absolute value or piecewise representation for situations with distance, change in direction, or two-part behavior.",Connect representations; use algebraic structure precisely; model and interpret quantities; justify conclusions with mathematical evidence when the task requires it.,constructed_response,short_response,instructional,180,,,,assessment_plans/original/unit8_assessment_plan/unit8_assessment_plan.html|reference_library/question_structures/section_enrichment.json|reference_library/source_excerpts/section_source_excerpts.json|reference_library/reusable_tables/table_catalog.json|reference_library/reusable_figures/figure_catalog.json|sources/indexes/compact_stage_reference_map.json,
U8-S3-NOTE-EX03,SPIRAL,Algebra 1,8,8.3,Notes Example,Notes Example,Pair 3,INTRO,,,,,,,absolute-value rule -> vertex/output/piecewise behavior,2,Students will analyze and model situations involving absolute value functions.,"I can design an absolute value or piecewise representation for situations with distance, change in direction, or two-part behavior.",Connect representations; use algebraic structure precisely; model and interpret quantities; justify conclusions with mathematical evidence when the task requires it.,constructed_response,short_response,instructional,210,,,,assessment_plans/original/unit8_assessment_plan/unit8_assessment_plan.html|reference_library/question_structures/section_enrichment.json|reference_library/source_excerpts/section_source_excerpts.json|reference_library/reusable_tables/table_catalog.json|reference_library/reusable_figures/figure_catalog.json|sources/indexes/compact_stage_reference_map.json,
U8-S3-NOTE-YTI03,SPIRAL,Algebra 1,8,8.3,Notes You Try It,Notes You Try It,Pair 3,INTRO,,,,,,,absolute-value rule -> vertex/output/piecewise behavior,2,Students will analyze and model situations involving absolute value functions.,"I can design an absolute value or piecewise representation for situations with distance, change in direction, or two-part behavior.",Connect representations; use algebraic structure precisely; model and interpret quantities; justify conclusions with mathematical evidence when the task requires it.,constructed_response,short_response,instructional,180,,,,assessment_plans/original/unit8_assessment_plan/unit8_assessment_plan.html|reference_library/question_structures/section_enrichment.json|reference_library/source_excerpts/section_source_excerpts.json|reference_library/reusable_tables/table_catalog.json|reference_library/reusable_figures/figure_catalog.json|sources/indexes/compact_stage_reference_map.json,
U8-S3-NOTE-EX04,SPIRAL,Algebra 1,8,8.3,Notes Example,Notes Example,Pair 4,INTRO,,,,,,,absolute-value rule -> vertex/output/piecewise behavior,2,Students will analyze and model situations involving absolute value functions.,"I can design an absolute value or piecewise representation for situations with distance, change in direction, or two-part behavior.",Connect representations; use algebraic structure precisely; model and interpret quantities; justify conclusions with mathematical evidence when the task requires it.,constructed_response,short_response,instructional,210,,,,assessment_plans/original/unit8_assessment_plan/unit8_assessment_plan.html|reference_library/question_structures/section_enrichment.json|reference_library/source_excerpts/section_source_excerpts.json|reference_library/reusable_tables/table_catalog.json|reference_library/reusable_figures/figure_catalog.json|sources/indexes/compact_stage_reference_map.json,
U8-S3-NOTE-YTI04,SPIRAL,Algebra 1,8,8.3,Notes You Try It,Notes You Try It,Pair 4,INTRO,,,,,,,absolute-value rule -> vertex/output/piecewise behavior,2,Students will analyze and model situations involving absolute value functions.,"I can design an absolute value or piecewise representation for situations with distance, change in direction, or two-part behavior.",Connect representations; use algebraic structure precisely; model and interpret quantities; justify conclusions with mathematical evidence when the task requires it.,constructed_response,short_response,instructional,180,,,,assessment_plans/original/unit8_assessment_plan/unit8_assessment_plan.html|reference_library/question_structures/section_enrichment.json|reference_library/source_excerpts/section_source_excerpts.json|reference_library/reusable_tables/table_catalog.json|reference_library/reusable_figures/figure_catalog.json|sources/indexes/compact_stage_reference_map.json,
U8-S4-WTC01,SPIRAL,Algebra 1,8,8.4,What's To Come,What's To Come,,INTRO,,,,,,,future-facing visual stimulus -> conjecture/check,2,Students will create and analyze mathematical models using real-world data.,I can formulate a mathematical model from real-world data and state the assumptions used.,Connect representations; use algebraic structure precisely; model and interpret quantities; justify conclusions with mathematical evidence when the task requires it.,constructed_response,short_response,instructional,180,u8_s4_wtc.png,graph_tool,TYPE 16,assessment_plans/original/unit8_assessment_plan/unit8_assessment_plan.html|reference_library/question_structures/section_enrichment.json|reference_library/source_excerpts/section_source_excerpts.json|reference_library/reusable_tables/table_catalog.json|reference_library/reusable_figures/figure_catalog.json|sources/indexes/compact_stage_reference_map.json,
U8-S4-NOTE-EX01,SPIRAL,Algebra 1,8,8.4,Notes Example,Notes Example,Pair 1,INTRO,,,,,,,data -> model family -> equation,1,Students will create and analyze mathematical models using real-world data.,I can formulate a mathematical model from real-world data and state the assumptions used.,Connect representations; use algebraic structure precisely; model and interpret quantities; justify conclusions with mathematical evidence when the task requires it.,constructed_response,short_response,instructional,210,u8_s4_wtc.png,graph_tool,TYPE 16,assessment_plans/original/unit8_assessment_plan/unit8_assessment_plan.html|reference_library/question_structures/section_enrichment.json|reference_library/source_excerpts/section_source_excerpts.json|reference_library/reusable_tables/table_catalog.json|reference_library/reusable_figures/figure_catalog.json|sources/indexes/compact_stage_reference_map.json,
U8-S4-NOTE-YTI01,SPIRAL,Algebra 1,8,8.4,Notes You Try It,Notes You Try It,Pair 1,INTRO,,,,,,,data -> model family -> equation,1,Students will create and analyze mathematical models using real-world data.,I can formulate a mathematical model from real-world data and state the assumptions used.,Connect representations; use algebraic structure precisely; model and interpret quantities; justify conclusions with mathematical evidence when the task requires it.,constructed_response,short_response,instructional,180,,,,assessment_plans/original/unit8_assessment_plan/unit8_assessment_plan.html|reference_library/question_structures/section_enrichment.json|reference_library/source_excerpts/section_source_excerpts.json|reference_library/reusable_tables/table_catalog.json|reference_library/reusable_figures/figure_catalog.json|sources/indexes/compact_stage_reference_map.json,
U8-S4-NOTE-EX02,SPIRAL,Algebra 1,8,8.4,Notes Example,Notes Example,Pair 2,INTRO,,,,,,,data -> model family -> equation,2,Students will create and analyze mathematical models using real-world data.,I can formulate a mathematical model from real-world data and state the assumptions used.,Connect representations; use algebraic structure precisely; model and interpret quantities; justify conclusions with mathematical evidence when the task requires it.,constructed_response,short_response,instructional,210,,,,assessment_plans/original/unit8_assessment_plan/unit8_assessment_plan.html|reference_library/question_structures/section_enrichment.json|reference_library/source_excerpts/section_source_excerpts.json|reference_library/reusable_tables/table_catalog.json|reference_library/reusable_figures/figure_catalog.json|sources/indexes/compact_stage_reference_map.json,
U8-S4-NOTE-YTI02,SPIRAL,Algebra 1,8,8.4,Notes You Try It,Notes You Try It,Pair 2,INTRO,,,,,,,data -> model family -> equation,2,Students will create and analyze mathematical models using real-world data.,I can formulate a mathematical model from real-world data and state the assumptions used.,Connect representations; use algebraic structure precisely; model and interpret quantities; justify conclusions with mathematical evidence when the task requires it.,constructed_response,short_response,instructional,180,,,,assessment_plans/original/unit8_assessment_plan/unit8_assessment_plan.html|reference_library/question_structures/section_enrichment.json|reference_library/source_excerpts/section_source_excerpts.json|reference_library/reusable_tables/table_catalog.json|reference_library/reusable_figures/figure_catalog.json|sources/indexes/compact_stage_reference_map.json,
U8-S4-NOTE-EX03,SPIRAL,Algebra 1,8,8.4,Notes Example,Notes Example,Pair 3,INTRO,,,,,,,data -> model family -> equation,2,Students will create and analyze mathematical models using real-world data.,I can formulate a mathematical model from real-world data and state the assumptions used.,Connect representations; use algebraic structure precisely; model and interpret quantities; justify conclusions with mathematical evidence when the task requires it.,constructed_response,short_response,instructional,210,,,,assessment_plans/original/unit8_assessment_plan/unit8_assessment_plan.html|reference_library/question_structures/section_enrichment.json|reference_library/source_excerpts/section_source_excerpts.json|reference_library/reusable_tables/table_catalog.json|reference_library/reusable_figures/figure_catalog.json|sources/indexes/compact_stage_reference_map.json,
U8-S4-NOTE-YTI03,SPIRAL,Algebra 1,8,8.4,Notes You Try It,Notes You Try It,Pair 3,INTRO,,,,,,,data -> model family -> equation,2,Students will create and analyze mathematical models using real-world data.,I can formulate a mathematical model from real-world data and state the assumptions used.,Connect representations; use algebraic structure precisely; model and interpret quantities; justify conclusions with mathematical evidence when the task requires it.,constructed_response,short_response,instructional,180,,,,assessment_plans/original/unit8_assessment_plan/unit8_assessment_plan.html|reference_library/question_structures/section_enrichment.json|reference_library/source_excerpts/section_source_excerpts.json|reference_library/reusable_tables/table_catalog.json|reference_library/reusable_figures/figure_catalog.json|sources/indexes/compact_stage_reference_map.json,
U8-S4-NOTE-EX04,SPIRAL,Algebra 1,8,8.4,Notes Example,Notes Example,Pair 4,INTRO,,,,,,,data -> model family -> equation,2,Students will create and analyze mathematical models using real-world data.,I can formulate a mathematical model from real-world data and state the assumptions used.,Connect representations; use algebraic structure precisely; model and interpret quantities; justify conclusions with mathematical evidence when the task requires it.,constructed_response,short_response,instructional,210,,,,assessment_plans/original/unit8_assessment_plan/unit8_assessment_plan.html|reference_library/question_structures/section_enrichment.json|reference_library/source_excerpts/section_source_excerpts.json|reference_library/reusable_tables/table_catalog.json|reference_library/reusable_figures/figure_catalog.json|sources/indexes/compact_stage_reference_map.json,
U8-S4-NOTE-YTI04,SPIRAL,Algebra 1,8,8.4,Notes You Try It,Notes You Try It,Pair 4,INTRO,,,,,,,data -> model family -> equation,2,Students will create and analyze mathematical models using real-world data.,I can formulate a mathematical model from real-world data and state the assumptions used.,Connect representations; use algebraic structure precisely; model and interpret quantities; justify conclusions with mathematical evidence when the task requires it.,constructed_response,short_response,instructional,180,,,,assessment_plans/original/unit8_assessment_plan/unit8_assessment_plan.html|reference_library/question_structures/section_enrichment.json|reference_library/source_excerpts/section_source_excerpts.json|reference_library/reusable_tables/table_catalog.json|reference_library/reusable_figures/figure_catalog.json|sources/indexes/compact_stage_reference_map.json,
U8-S5-WTC01,SPIRAL,Algebra 1,8,8.5,What's To Come,What's To Come,,INTRO,,,,,,,future-facing visual stimulus -> conjecture/check,2,Students will synthesize understanding of function families and representations to solve complex problems.,"I can construct a solution pathway that connects equations, graphs, tables, and contexts across function families.",Connect representations; use algebraic structure precisely; model and interpret quantities; justify conclusions with mathematical evidence when the task requires it.,constructed_response,short_response,instructional,180,u8_s5_wtc.png,graph_tool,TYPE 4,assessment_plans/original/unit8_assessment_plan/unit8_assessment_plan.html|reference_library/question_structures/section_enrichment.json|reference_library/source_excerpts/section_source_excerpts.json|reference_library/reusable_tables/table_catalog.json|reference_library/reusable_figures/figure_catalog.json|sources/indexes/compact_stage_reference_map.json,
U8-S5-NOTE-EX01,SPIRAL,Algebra 1,8,8.5,Notes Example,Notes Example,Pair 1,INTRO,,,,,,,data -> model family -> equation,1,Students will synthesize understanding of function families and representations to solve complex problems.,"I can construct a solution pathway that connects equations, graphs, tables, and contexts across function families.",Connect representations; use algebraic structure precisely; model and interpret quantities; justify conclusions with mathematical evidence when the task requires it.,constructed_response,short_response,instructional,210,u8_s5_wtc.png,graph_tool,TYPE 4,assessment_plans/original/unit8_assessment_plan/unit8_assessment_plan.html|reference_library/question_structures/section_enrichment.json|reference_library/source_excerpts/section_source_excerpts.json|reference_library/reusable_tables/table_catalog.json|reference_library/reusable_figures/figure_catalog.json|sources/indexes/compact_stage_reference_map.json,
U8-S5-NOTE-YTI01,SPIRAL,Algebra 1,8,8.5,Notes You Try It,Notes You Try It,Pair 1,INTRO,,,,,,,data -> model family -> equation,1,Students will synthesize understanding of function families and representations to solve complex problems.,"I can construct a solution pathway that connects equations, graphs, tables, and contexts across function families.",Connect representations; use algebraic structure precisely; model and interpret quantities; justify conclusions with mathematical evidence when the task requires it.,constructed_response,short_response,instructional,180,,,,assessment_plans/original/unit8_assessment_plan/unit8_assessment_plan.html|reference_library/question_structures/section_enrichment.json|reference_library/source_excerpts/section_source_excerpts.json|reference_library/reusable_tables/table_catalog.json|reference_library/reusable_figures/figure_catalog.json|sources/indexes/compact_stage_reference_map.json,
U8-S5-NOTE-EX02,SPIRAL,Algebra 1,8,8.5,Notes Example,Notes Example,Pair 2,INTRO,,,,,,,data -> model family -> equation,2,Students will synthesize understanding of function families and representations to solve complex problems.,"I can construct a solution pathway that connects equations, graphs, tables, and contexts across function families.",Connect representations; use algebraic structure precisely; model and interpret quantities; justify conclusions with mathematical evidence when the task requires it.,constructed_response,short_response,instructional,210,,,,assessment_plans/original/unit8_assessment_plan/unit8_assessment_plan.html|reference_library/question_structures/section_enrichment.json|reference_library/source_excerpts/section_source_excerpts.json|reference_library/reusable_tables/table_catalog.json|reference_library/reusable_figures/figure_catalog.json|sources/indexes/compact_stage_reference_map.json,
U8-S5-NOTE-YTI02,SPIRAL,Algebra 1,8,8.5,Notes You Try It,Notes You Try It,Pair 2,INTRO,,,,,,,data -> model family -> equation,2,Students will synthesize understanding of function families and representations to solve complex problems.,"I can construct a solution pathway that connects equations, graphs, tables, and contexts across function families.",Connect representations; use algebraic structure precisely; model and interpret quantities; justify conclusions with mathematical evidence when the task requires it.,constructed_response,short_response,instructional,180,,,,assessment_plans/original/unit8_assessment_plan/unit8_assessment_plan.html|reference_library/question_structures/section_enrichment.json|reference_library/source_excerpts/section_source_excerpts.json|reference_library/reusable_tables/table_catalog.json|reference_library/reusable_figures/figure_catalog.json|sources/indexes/compact_stage_reference_map.json,
U8-S5-NOTE-EX03,SPIRAL,Algebra 1,8,8.5,Notes Example,Notes Example,Pair 3,INTRO,,,,,,,data -> model family -> equation,2,Students will synthesize understanding of function families and representations to solve complex problems.,"I can construct a solution pathway that connects equations, graphs, tables, and contexts across function families.",Connect representations; use algebraic structure precisely; model and interpret quantities; justify conclusions with mathematical evidence when the task requires it.,constructed_response,short_response,instructional,210,,,,assessment_plans/original/unit8_assessment_plan/unit8_assessment_plan.html|reference_library/question_structures/section_enrichment.json|reference_library/source_excerpts/section_source_excerpts.json|reference_library/reusable_tables/table_catalog.json|reference_library/reusable_figures/figure_catalog.json|sources/indexes/compact_stage_reference_map.json,
U8-S5-NOTE-YTI03,SPIRAL,Algebra 1,8,8.5,Notes You Try It,Notes You Try It,Pair 3,INTRO,,,,,,,data -> model family -> equation,2,Students will synthesize understanding of function families and representations to solve complex problems.,"I can construct a solution pathway that connects equations, graphs, tables, and contexts across function families.",Connect representations; use algebraic structure precisely; model and interpret quantities; justify conclusions with mathematical evidence when the task requires it.,constructed_response,short_response,instructional,180,,,,assessment_plans/original/unit8_assessment_plan/unit8_assessment_plan.html|reference_library/question_structures/section_enrichment.json|reference_library/source_excerpts/section_source_excerpts.json|reference_library/reusable_tables/table_catalog.json|reference_library/reusable_figures/figure_catalog.json|sources/indexes/compact_stage_reference_map.json,
U8-S5-NOTE-EX04,SPIRAL,Algebra 1,8,8.5,Notes Example,Notes Example,Pair 4,INTRO,,,,,,,data -> model family -> equation,2,Students will synthesize understanding of function families and representations to solve complex problems.,"I can construct a solution pathway that connects equations, graphs, tables, and contexts across function families.",Connect representations; use algebraic structure precisely; model and interpret quantities; justify conclusions with mathematical evidence when the task requires it.,constructed_response,short_response,instructional,210,,,,assessment_plans/original/unit8_assessment_plan/unit8_assessment_plan.html|reference_library/question_structures/section_enrichment.json|reference_library/source_excerpts/section_source_excerpts.json|reference_library/reusable_tables/table_catalog.json|reference_library/reusable_figures/figure_catalog.json|sources/indexes/compact_stage_reference_map.json,
U8-S5-NOTE-YTI04,SPIRAL,Algebra 1,8,8.5,Notes You Try It,Notes You Try It,Pair 4,INTRO,,,,,,,data -> model family -> equation,2,Students will synthesize understanding of function families and representations to solve complex problems.,"I can construct a solution pathway that connects equations, graphs, tables, and contexts across function families.",Connect representations; use algebraic structure precisely; model and interpret quantities; justify conclusions with mathematical evidence when the task requires it.,constructed_response,short_response,instructional,180,,,,assessment_plans/original/unit8_assessment_plan/unit8_assessment_plan.html|reference_library/question_structures/section_enrichment.json|reference_library/source_excerpts/section_source_excerpts.json|reference_library/reusable_tables/table_catalog.json|reference_library/reusable_figures/figure_catalog.json|sources/indexes/compact_stage_reference_map.json,
U8-S1-P1-I01,SPIRAL,Algebra 1,8,8.1,Practice Set 1,Practice Set 1,,INTRO,,,,,U8-S1-I-MODEL_SELECT-02,representation_shift,table pattern -> function family,2,"Students will determine whether a situation is best modeled by a linear, quadratic, or exponential function.","I can construct evidence from tables, graphs, and contexts to choose a linear, quadratic, or exponential model.",Connect representations; use algebraic structure precisely; model and interpret quantities; justify conclusions with mathematical evidence when the task requires it.,constructed_response,short_response,instructional,90,,,,assessment_plans/original/unit8_assessment_plan/unit8_assessment_plan.html|reference_library/question_structures/section_enrichment.json|reference_library/source_excerpts/section_source_excerpts.json|reference_library/reusable_tables/table_catalog.json|reference_library/reusable_figures/figure_catalog.json|sources/indexes/compact_stage_reference_map.json,
U8-S1-P1-I02,SPIRAL,Algebra 1,8,8.1,Practice Set 1,Practice Set 1,,INTRO,,,,,U8-S1-I-MODEL_SELECT-03,conceptual_reword,table pattern -> function family,2,"Students will determine whether a situation is best modeled by a linear, quadratic, or exponential function.","I can construct evidence from tables, graphs, and contexts to choose a linear, quadratic, or exponential model.",Connect representations; use algebraic structure precisely; model and interpret quantities; justify conclusions with mathematical evidence when the task requires it.,constructed_response,short_response,instructional,90,,,,assessment_plans/original/unit8_assessment_plan/unit8_assessment_plan.html|reference_library/question_structures/section_enrichment.json|reference_library/source_excerpts/section_source_excerpts.json|reference_library/reusable_tables/table_catalog.json|reference_library/reusable_figures/figure_catalog.json|sources/indexes/compact_stage_reference_map.json,
U8-S1-P1-I03,SPIRAL,Algebra 1,8,8.1,Practice Set 1,Practice Set 1,,INTRO,,,,,U8-S1-I-MODEL_SELECT-04,reasoning_shift,table pattern -> function family,2,"Students will determine whether a situation is best modeled by a linear, quadratic, or exponential function.","I can construct evidence from tables, graphs, and contexts to choose a linear, quadratic, or exponential model.",Connect representations; use algebraic structure precisely; model and interpret quantities; justify conclusions with mathematical evidence when the task requires it.,constructed_response,short_response,instructional,90,,,,assessment_plans/original/unit8_assessment_plan/unit8_assessment_plan.html|reference_library/question_structures/section_enrichment.json|reference_library/source_excerpts/section_source_excerpts.json|reference_library/reusable_tables/table_catalog.json|reference_library/reusable_figures/figure_catalog.json|sources/indexes/compact_stage_reference_map.json,
U8-S1-P1-I04,SPIRAL,Algebra 1,8,8.1,Practice Set 1,Practice Set 1,,INTRO,,,,,U8-S1-I-MODEL_SELECT-05,routine_procedural_numeric,table pattern -> function family,1,"Students will determine whether a situation is best modeled by a linear, quadratic, or exponential function.","I can construct evidence from tables, graphs, and contexts to choose a linear, quadratic, or exponential model.",Connect representations; use algebraic structure precisely; model and interpret quantities; justify conclusions with mathematical evidence when the task requires it.,constructed_response,short_response,instructional,90,,,,assessment_plans/original/unit8_assessment_plan/unit8_assessment_plan.html|reference_library/question_structures/section_enrichment.json|reference_library/source_excerpts/section_source_excerpts.json|reference_library/reusable_tables/table_catalog.json|reference_library/reusable_figures/figure_catalog.json|sources/indexes/compact_stage_reference_map.json,
U8-S1-P1-I05,SPIRAL,Algebra 1,8,8.1,Practice Set 1,Practice Set 1,,INTRO,,,,,U8-S1-I-MODEL_SELECT-01,representation_shift,table pattern -> function family,2,"Students will determine whether a situation is best modeled by a linear, quadratic, or exponential function.","I can construct evidence from tables, graphs, and contexts to choose a linear, quadratic, or exponential model.",Connect representations; use algebraic structure precisely; model and interpret quantities; justify conclusions with mathematical evidence when the task requires it.,constructed_response,short_response,instructional,90,,,,assessment_plans/original/unit8_assessment_plan/unit8_assessment_plan.html|reference_library/question_structures/section_enrichment.json|reference_library/source_excerpts/section_source_excerpts.json|reference_library/reusable_tables/table_catalog.json|reference_library/reusable_figures/figure_catalog.json|sources/indexes/compact_stage_reference_map.json,
U8-S1-P1-I06,SPIRAL,Algebra 1,8,8.1,Practice Set 1,Practice Set 1,,INTRO,,,,,U8-S1-I-MODEL_SELECT-02,conceptual_reword,table pattern -> function family,2,"Students will determine whether a situation is best modeled by a linear, quadratic, or exponential function.","I can construct evidence from tables, graphs, and contexts to choose a linear, quadratic, or exponential model.",Connect representations; use algebraic structure precisely; model and interpret quantities; justify conclusions with mathematical evidence when the task requires it.,constructed_response,short_response,instructional,90,,,,assessment_plans/original/unit8_assessment_plan/unit8_assessment_plan.html|reference_library/question_structures/section_enrichment.json|reference_library/source_excerpts/section_source_excerpts.json|reference_library/reusable_tables/table_catalog.json|reference_library/reusable_figures/figure_catalog.json|sources/indexes/compact_stage_reference_map.json,
U8-S1-P1-I07,SPIRAL,Algebra 1,8,8.1,Practice Set 1,Practice Set 1,,INTRO,,,,,U8-S1-I-MODEL_SELECT-03,reasoning_shift,table pattern -> function family,2,"Students will determine whether a situation is best modeled by a linear, quadratic, or exponential function.","I can construct evidence from tables, graphs, and contexts to choose a linear, quadratic, or exponential model.",Connect representations; use algebraic structure precisely; model and interpret quantities; justify conclusions with mathematical evidence when the task requires it.,constructed_response,short_response,instructional,90,,,,assessment_plans/original/unit8_assessment_plan/unit8_assessment_plan.html|reference_library/question_structures/section_enrichment.json|reference_library/source_excerpts/section_source_excerpts.json|reference_library/reusable_tables/table_catalog.json|reference_library/reusable_figures/figure_catalog.json|sources/indexes/compact_stage_reference_map.json,
U8-S1-P1-I08,SPIRAL,Algebra 1,8,8.1,Practice Set 1,Practice Set 1,,INTRO,,,,,U8-S1-I-MODEL_SELECT-04,routine_procedural_numeric,table pattern -> function family,1,"Students will determine whether a situation is best modeled by a linear, quadratic, or exponential function.","I can construct evidence from tables, graphs, and contexts to choose a linear, quadratic, or exponential model.",Connect representations; use algebraic structure precisely; model and interpret quantities; justify conclusions with mathematical evidence when the task requires it.,constructed_response,short_response,instructional,90,,,,assessment_plans/original/unit8_assessment_plan/unit8_assessment_plan.html|reference_library/question_structures/section_enrichment.json|reference_library/source_excerpts/section_source_excerpts.json|reference_library/reusable_tables/table_catalog.json|reference_library/reusable_figures/figure_catalog.json|sources/indexes/compact_stage_reference_map.json,
U8-S1-P1-R01,SPIRAL,Algebra 1,8,8.1,Practice Set 1,Practice Set 1,,REVIEW,,,,,U8-S1-R-COMPARE_FAMILIES-05,representation_shift,table pattern -> function family,2,"Students will determine whether a situation is best modeled by a linear, quadratic, or exponential function.","I can construct evidence from tables, graphs, and contexts to choose a linear, quadratic, or exponential model.",Connect representations; use algebraic structure precisely; model and interpret quantities; justify conclusions with mathematical evidence when the task requires it.,constructed_response,short_response,instructional,90,,,,assessment_plans/original/unit8_assessment_plan/unit8_assessment_plan.html|reference_library/question_structures/section_enrichment.json|reference_library/source_excerpts/section_source_excerpts.json|reference_library/reusable_tables/table_catalog.json|reference_library/reusable_figures/figure_catalog.json|sources/indexes/compact_stage_reference_map.json,
U8-S1-P1-R02,SPIRAL,Algebra 1,8,8.1,Practice Set 1,Practice Set 1,,REVIEW,,,,,U8-S1-R-COMPARE_FAMILIES-01,conceptual_reword,table pattern -> function family,2,"Students will determine whether a situation is best modeled by a linear, quadratic, or exponential function.","I can construct evidence from tables, graphs, and contexts to choose a linear, quadratic, or exponential model.",Connect representations; use algebraic structure precisely; model and interpret quantities; justify conclusions with mathematical evidence when the task requires it.,constructed_response,short_response,instructional,90,,,,assessment_plans/original/unit8_assessment_plan/unit8_assessment_plan.html|reference_library/question_structures/section_enrichment.json|reference_library/source_excerpts/section_source_excerpts.json|reference_library/reusable_tables/table_catalog.json|reference_library/reusable_figures/figure_catalog.json|sources/indexes/compact_stage_reference_map.json,
U8-S1-P1-R03,SPIRAL,Algebra 1,8,8.1,Practice Set 1,Practice Set 1,,REVIEW,,,,,U8-S1-R-COMPARE_FAMILIES-02,reasoning_shift,table pattern -> function family,2,"Students will determine whether a situation is best modeled by a linear, quadratic, or exponential function.","I can construct evidence from tables, graphs, and contexts to choose a linear, quadratic, or exponential model.",Connect representations; use algebraic structure precisely; model and interpret quantities; justify conclusions with mathematical evidence when the task requires it.,constructed_response,short_response,instructional,90,,,,assessment_plans/original/unit8_assessment_plan/unit8_assessment_plan.html|reference_library/question_structures/section_enrichment.json|reference_library/source_excerpts/section_source_excerpts.json|reference_library/reusable_tables/table_catalog.json|reference_library/reusable_figures/figure_catalog.json|sources/indexes/compact_stage_reference_map.json,
U8-S1-P1-R04,SPIRAL,Algebra 1,8,8.1,Practice Set 1,Practice Set 1,,REVIEW,,,,,U8-S1-R-COMPARE_FAMILIES-03,routine_procedural_numeric,table pattern -> function family,1,"Students will determine whether a situation is best modeled by a linear, quadratic, or exponential function.","I can construct evidence from tables, graphs, and contexts to choose a linear, quadratic, or exponential model.",Connect representations; use algebraic structure precisely; model and interpret quantities; justify conclusions with mathematical evidence when the task requires it.,constructed_response,short_response,instructional,90,,,,assessment_plans/original/unit8_assessment_plan/unit8_assessment_plan.html|reference_library/question_structures/section_enrichment.json|reference_library/source_excerpts/section_source_excerpts.json|reference_library/reusable_tables/table_catalog.json|reference_library/reusable_figures/figure_catalog.json|sources/indexes/compact_stage_reference_map.json,
U8-S1-P1-R05,SPIRAL,Algebra 1,8,8.1,Practice Set 1,Practice Set 1,,REVIEW,,,,,U8-S1-R-COMPARE_FAMILIES-04,representation_shift,table pattern -> function family,2,"Students will determine whether a situation is best modeled by a linear, quadratic, or exponential function.","I can construct evidence from tables, graphs, and contexts to choose a linear, quadratic, or exponential model.",Connect representations; use algebraic structure precisely; model and interpret quantities; justify conclusions with mathematical evidence when the task requires it.,constructed_response,short_response,instructional,90,,,,assessment_plans/original/unit8_assessment_plan/unit8_assessment_plan.html|reference_library/question_structures/section_enrichment.json|reference_library/source_excerpts/section_source_excerpts.json|reference_library/reusable_tables/table_catalog.json|reference_library/reusable_figures/figure_catalog.json|sources/indexes/compact_stage_reference_map.json,
U8-S1-P1-M01,SPIRAL,Algebra 1,8,8.1,Practice Set 1,Practice Set 1,,MASTERY,,,,,U8-S1-M-CHOOSE_QUAD_METHOD-05,conceptual_reword,equation structure -> method choice,2,"Students will determine whether a situation is best modeled by a linear, quadratic, or exponential function.","I can construct evidence from tables, graphs, and contexts to choose a linear, quadratic, or exponential model.",Connect representations; use algebraic structure precisely; model and interpret quantities; justify conclusions with mathematical evidence when the task requires it.,constructed_response,short_response,instructional,90,,,,assessment_plans/original/unit8_assessment_plan/unit8_assessment_plan.html|reference_library/question_structures/section_enrichment.json|reference_library/source_excerpts/section_source_excerpts.json|reference_library/reusable_tables/table_catalog.json|reference_library/reusable_figures/figure_catalog.json|sources/indexes/compact_stage_reference_map.json,
U8-S1-P1-M02,SPIRAL,Algebra 1,8,8.1,Practice Set 1,Practice Set 1,,MASTERY,,,,,U8-S1-M-CHOOSE_QUAD_METHOD-01,reasoning_shift,equation structure -> method choice,2,"Students will determine whether a situation is best modeled by a linear, quadratic, or exponential function.","I can construct evidence from tables, graphs, and contexts to choose a linear, quadratic, or exponential model.",Connect representations; use algebraic structure precisely; model and interpret quantities; justify conclusions with mathematical evidence when the task requires it.,constructed_response,short_response,instructional,90,,,,assessment_plans/original/unit8_assessment_plan/unit8_assessment_plan.html|reference_library/question_structures/section_enrichment.json|reference_library/source_excerpts/section_source_excerpts.json|reference_library/reusable_tables/table_catalog.json|reference_library/reusable_figures/figure_catalog.json|sources/indexes/compact_stage_reference_map.json,
U8-S1-P1-M03,SPIRAL,Algebra 1,8,8.1,Practice Set 1,Practice Set 1,,MASTERY,,,,,U8-S1-M-CHOOSE_QUAD_METHOD-02,routine_procedural_numeric,equation structure -> method choice,1,"Students will determine whether a situation is best modeled by a linear, quadratic, or exponential function.","I can construct evidence from tables, graphs, and contexts to choose a linear, quadratic, or exponential model.",Connect representations; use algebraic structure precisely; model and interpret quantities; justify conclusions with mathematical evidence when the task requires it.,constructed_response,short_response,instructional,90,,,,assessment_plans/original/unit8_assessment_plan/unit8_assessment_plan.html|reference_library/question_structures/section_enrichment.json|reference_library/source_excerpts/section_source_excerpts.json|reference_library/reusable_tables/table_catalog.json|reference_library/reusable_figures/figure_catalog.json|sources/indexes/compact_stage_reference_map.json,
U8-S1-P1-M04,SPIRAL,Algebra 1,8,8.1,Practice Set 1,Practice Set 1,,MASTERY,,,,,U8-S1-M-CHOOSE_QUAD_METHOD-03,representation_shift,equation structure -> method choice,2,"Students will determine whether a situation is best modeled by a linear, quadratic, or exponential function.","I can construct evidence from tables, graphs, and contexts to choose a linear, quadratic, or exponential model.",Connect representations; use algebraic structure precisely; model and interpret quantities; justify conclusions with mathematical evidence when the task requires it.,constructed_response,short_response,instructional,90,,,,assessment_plans/original/unit8_assessment_plan/unit8_assessment_plan.html|reference_library/question_structures/section_enrichment.json|reference_library/source_excerpts/section_source_excerpts.json|reference_library/reusable_tables/table_catalog.json|reference_library/reusable_figures/figure_catalog.json|sources/indexes/compact_stage_reference_map.json,
U8-S1-P1-M05,SPIRAL,Algebra 1,8,8.1,Practice Set 1,Practice Set 1,,MASTERY,,,,,U8-S1-M-CHOOSE_QUAD_METHOD-04,conceptual_reword,equation structure -> method choice,2,"Students will determine whether a situation is best modeled by a linear, quadratic, or exponential function.","I can construct evidence from tables, graphs, and contexts to choose a linear, quadratic, or exponential model.",Connect representations; use algebraic structure precisely; model and interpret quantities; justify conclusions with mathematical evidence when the task requires it.,constructed_response,short_response,instructional,90,,,,assessment_plans/original/unit8_assessment_plan/unit8_assessment_plan.html|reference_library/question_structures/section_enrichment.json|reference_library/source_excerpts/section_source_excerpts.json|reference_library/reusable_tables/table_catalog.json|reference_library/reusable_figures/figure_catalog.json|sources/indexes/compact_stage_reference_map.json,
U8-S1-P1-M06,SPIRAL,Algebra 1,8,8.1,Practice Set 1,Practice Set 1,,MASTERY,,,,,U8-S1-M-CHOOSE_QUAD_METHOD-05,reasoning_shift,equation structure -> method choice,2,"Students will determine whether a situation is best modeled by a linear, quadratic, or exponential function.","I can construct evidence from tables, graphs, and contexts to choose a linear, quadratic, or exponential model.",Connect representations; use algebraic structure precisely; model and interpret quantities; justify conclusions with mathematical evidence when the task requires it.,constructed_response,short_response,instructional,90,,,,assessment_plans/original/unit8_assessment_plan/unit8_assessment_plan.html|reference_library/question_structures/section_enrichment.json|reference_library/source_excerpts/section_source_excerpts.json|reference_library/reusable_tables/table_catalog.json|reference_library/reusable_figures/figure_catalog.json|sources/indexes/compact_stage_reference_map.json,
U8-S1-P1-M07,SPIRAL,Algebra 1,8,8.1,Practice Set 1,Practice Set 1,,MASTERY,,,,,U8-S1-M-CHOOSE_QUAD_METHOD-01,routine_procedural_numeric,equation structure -> method choice,1,"Students will determine whether a situation is best modeled by a linear, quadratic, or exponential function.","I can construct evidence from tables, graphs, and contexts to choose a linear, quadratic, or exponential model.",Connect representations; use algebraic structure precisely; model and interpret quantities; justify conclusions with mathematical evidence when the task requires it.,constructed_response,short_response,instructional,90,,,,assessment_plans/original/unit8_assessment_plan/unit8_assessment_plan.html|reference_library/question_structures/section_enrichment.json|reference_library/source_excerpts/section_source_excerpts.json|reference_library/reusable_tables/table_catalog.json|reference_library/reusable_figures/figure_catalog.json|sources/indexes/compact_stage_reference_map.json,
U8-S1-P2-I01,SPIRAL,Algebra 1,8,8.1,Practice Set 2,Practice Set 2,,INTRO,,,,,U8-S1-I-MODEL_SELECT-02,conceptual_reword,table pattern -> function family,2,"Students will determine whether a situation is best modeled by a linear, quadratic, or exponential function.","I can construct evidence from tables, graphs, and contexts to choose a linear, quadratic, or exponential model.",Connect representations; use algebraic structure precisely; model and interpret quantities; justify conclusions with mathematical evidence when the task requires it.,constructed_response,short_response,instructional,90,,,,assessment_plans/original/unit8_assessment_plan/unit8_assessment_plan.html|reference_library/question_structures/section_enrichment.json|reference_library/source_excerpts/section_source_excerpts.json|reference_library/reusable_tables/table_catalog.json|reference_library/reusable_figures/figure_catalog.json|sources/indexes/compact_stage_reference_map.json,
U8-S1-P2-I02,SPIRAL,Algebra 1,8,8.1,Practice Set 2,Practice Set 2,,INTRO,,,,,U8-S1-I-MODEL_SELECT-03,reasoning_shift,table pattern -> function family,2,"Students will determine whether a situation is best modeled by a linear, quadratic, or exponential function.","I can construct evidence from tables, graphs, and contexts to choose a linear, quadratic, or exponential model.",Connect representations; use algebraic structure precisely; model and interpret quantities; justify conclusions with mathematical evidence when the task requires it.,constructed_response,short_response,instructional,90,,,,assessment_plans/original/unit8_assessment_plan/unit8_assessment_plan.html|reference_library/question_structures/section_enrichment.json|reference_library/source_excerpts/section_source_excerpts.json|reference_library/reusable_tables/table_catalog.json|reference_library/reusable_figures/figure_catalog.json|sources/indexes/compact_stage_reference_map.json,
U8-S1-P2-I03,SPIRAL,Algebra 1,8,8.1,Practice Set 2,Practice Set 2,,INTRO,,,,,U8-S1-I-MODEL_SELECT-04,routine_procedural_numeric,table pattern -> function family,2,"Students will determine whether a situation is best modeled by a linear, quadratic, or exponential function.","I can construct evidence from tables, graphs, and contexts to choose a linear, quadratic, or exponential model.",Connect representations; use algebraic structure precisely; model and interpret quantities; justify conclusions with mathematical evidence when the task requires it.,constructed_response,short_response,instructional,90,,,,assessment_plans/original/unit8_assessment_plan/unit8_assessment_plan.html|reference_library/question_structures/section_enrichment.json|reference_library/source_excerpts/section_source_excerpts.json|reference_library/reusable_tables/table_catalog.json|reference_library/reusable_figures/figure_catalog.json|sources/indexes/compact_stage_reference_map.json,
U8-S1-P2-I04,SPIRAL,Algebra 1,8,8.1,Practice Set 2,Practice Set 2,,INTRO,,,,,U8-S1-I-MODEL_SELECT-05,representation_shift,table pattern -> function family,1,"Students will determine whether a situation is best modeled by a linear, quadratic, or exponential function.","I can construct evidence from tables, graphs, and contexts to choose a linear, quadratic, or exponential model.",Connect representations; use algebraic structure precisely; model and interpret quantities; justify conclusions with mathematical evidence when the task requires it.,constructed_response,short_response,instructional,90,,,,assessment_plans/original/unit8_assessment_plan/unit8_assessment_plan.html|reference_library/question_structures/section_enrichment.json|reference_library/source_excerpts/section_source_excerpts.json|reference_library/reusable_tables/table_catalog.json|reference_library/reusable_figures/figure_catalog.json|sources/indexes/compact_stage_reference_map.json,
U8-S1-P2-I05,SPIRAL,Algebra 1,8,8.1,Practice Set 2,Practice Set 2,,INTRO,,,,,U8-S1-I-MODEL_SELECT-01,conceptual_reword,table pattern -> function family,2,"Students will determine whether a situation is best modeled by a linear, quadratic, or exponential function.","I can construct evidence from tables, graphs, and contexts to choose a linear, quadratic, or exponential model.",Connect representations; use algebraic structure precisely; model and interpret quantities; justify conclusions with mathematical evidence when the task requires it.,constructed_response,short_response,instructional,90,,,,assessment_plans/original/unit8_assessment_plan/unit8_assessment_plan.html|reference_library/question_structures/section_enrichment.json|reference_library/source_excerpts/section_source_excerpts.json|reference_library/reusable_tables/table_catalog.json|reference_library/reusable_figures/figure_catalog.json|sources/indexes/compact_stage_reference_map.json,
U8-S1-P2-R01,SPIRAL,Algebra 1,8,8.1,Practice Set 2,Practice Set 2,,REVIEW,,,,,U8-S1-R-COMPARE_FAMILIES-02,reasoning_shift,table pattern -> function family,2,"Students will determine whether a situation is best modeled by a linear, quadratic, or exponential function.","I can construct evidence from tables, graphs, and contexts to choose a linear, quadratic, or exponential model.",Connect representations; use algebraic structure precisely; model and interpret quantities; justify conclusions with mathematical evidence when the task requires it.,constructed_response,short_response,instructional,90,,,,assessment_plans/original/unit8_assessment_plan/unit8_assessment_plan.html|reference_library/question_structures/section_enrichment.json|reference_library/source_excerpts/section_source_excerpts.json|reference_library/reusable_tables/table_catalog.json|reference_library/reusable_figures/figure_catalog.json|sources/indexes/compact_stage_reference_map.json,
U8-S1-P2-R02,SPIRAL,Algebra 1,8,8.1,Practice Set 2,Practice Set 2,,REVIEW,,,,,U8-S1-R-COMPARE_FAMILIES-03,routine_procedural_numeric,table pattern -> function family,2,"Students will determine whether a situation is best modeled by a linear, quadratic, or exponential function.","I can construct evidence from tables, graphs, and contexts to choose a linear, quadratic, or exponential model.",Connect representations; use algebraic structure precisely; model and interpret quantities; justify conclusions with mathematical evidence when the task requires it.,constructed_response,short_response,instructional,90,,,,assessment_plans/original/unit8_assessment_plan/unit8_assessment_plan.html|reference_library/question_structures/section_enrichment.json|reference_library/source_excerpts/section_source_excerpts.json|reference_library/reusable_tables/table_catalog.json|reference_library/reusable_figures/figure_catalog.json|sources/indexes/compact_stage_reference_map.json,
U8-S1-P2-R03,SPIRAL,Algebra 1,8,8.1,Practice Set 2,Practice Set 2,,REVIEW,,,,,U8-S1-R-COMPARE_FAMILIES-04,representation_shift,table pattern -> function family,1,"Students will determine whether a situation is best modeled by a linear, quadratic, or exponential function.","I can construct evidence from tables, graphs, and contexts to choose a linear, quadratic, or exponential model.",Connect representations; use algebraic structure precisely; model and interpret quantities; justify conclusions with mathematical evidence when the task requires it.,constructed_response,short_response,instructional,90,,,,assessment_plans/original/unit8_assessment_plan/unit8_assessment_plan.html|reference_library/question_structures/section_enrichment.json|reference_library/source_excerpts/section_source_excerpts.json|reference_library/reusable_tables/table_catalog.json|reference_library/reusable_figures/figure_catalog.json|sources/indexes/compact_stage_reference_map.json,
U8-S1-P2-R04,SPIRAL,Algebra 1,8,8.1,Practice Set 2,Practice Set 2,,REVIEW,,,,,U8-S1-R-COMPARE_FAMILIES-05,conceptual_reword,table pattern -> function family,2,"Students will determine whether a situation is best modeled by a linear, quadratic, or exponential function.","I can construct evidence from tables, graphs, and contexts to choose a linear, quadratic, or exponential model.",Connect representations; use algebraic structure precisely; model and interpret quantities; justify conclusions with mathematical evidence when the task requires it.,constructed_response,short_response,instructional,90,,,,assessment_plans/original/unit8_assessment_plan/unit8_assessment_plan.html|reference_library/question_structures/section_enrichment.json|reference_library/source_excerpts/section_source_excerpts.json|reference_library/reusable_tables/table_catalog.json|reference_library/reusable_figures/figure_catalog.json|sources/indexes/compact_stage_reference_map.json,
U8-S1-P2-R05,SPIRAL,Algebra 1,8,8.1,Practice Set 2,Practice Set 2,,REVIEW,,,,,U8-S1-R-COMPARE_FAMILIES-01,reasoning_shift,table pattern -> function family,2,"Students will determine whether a situation is best modeled by a linear, quadratic, or exponential function.","I can construct evidence from tables, graphs, and contexts to choose a linear, quadratic, or exponential model.",Connect representations; use algebraic structure precisely; model and interpret quantities; justify conclusions with mathematical evidence when the task requires it.,constructed_response,short_response,instructional,90,,,,assessment_plans/original/unit8_assessment_plan/unit8_assessment_plan.html|reference_library/question_structures/section_enrichment.json|reference_library/source_excerpts/section_source_excerpts.json|reference_library/reusable_tables/table_catalog.json|reference_library/reusable_figures/figure_catalog.json|sources/indexes/compact_stage_reference_map.json,
U8-S1-P2-M01,SPIRAL,Algebra 1,8,8.1,Practice Set 2,Practice Set 2,,MASTERY,,,,,U8-S1-M-CHOOSE_QUAD_METHOD-02,routine_procedural_numeric,equation structure -> method choice,2,"Students will determine whether a situation is best modeled by a linear, quadratic, or exponential function.","I can construct evidence from tables, graphs, and contexts to choose a linear, quadratic, or exponential model.",Connect representations; use algebraic structure precisely; model and interpret quantities; justify conclusions with mathematical evidence when the task requires it.,constructed_response,short_response,instructional,90,,,,assessment_plans/original/unit8_assessment_plan/unit8_assessment_plan.html|reference_library/question_structures/section_enrichment.json|reference_library/source_excerpts/section_source_excerpts.json|reference_library/reusable_tables/table_catalog.json|reference_library/reusable_figures/figure_catalog.json|sources/indexes/compact_stage_reference_map.json,
U8-S1-P2-M02,SPIRAL,Algebra 1,8,8.1,Practice Set 2,Practice Set 2,,MASTERY,,,,,U8-S1-M-CHOOSE_QUAD_METHOD-03,representation_shift,equation structure -> method choice,1,"Students will determine whether a situation is best modeled by a linear, quadratic, or exponential function.","I can construct evidence from tables, graphs, and contexts to choose a linear, quadratic, or exponential model.",Connect representations; use algebraic structure precisely; model and interpret quantities; justify conclusions with mathematical evidence when the task requires it.,constructed_response,short_response,instructional,90,,,,assessment_plans/original/unit8_assessment_plan/unit8_assessment_plan.html|reference_library/question_structures/section_enrichment.json|reference_library/source_excerpts/section_source_excerpts.json|reference_library/reusable_tables/table_catalog.json|reference_library/reusable_figures/figure_catalog.json|sources/indexes/compact_stage_reference_map.json,
U8-S1-P2-M03,SPIRAL,Algebra 1,8,8.1,Practice Set 2,Practice Set 2,,MASTERY,,,,,U8-S1-M-CHOOSE_QUAD_METHOD-04,conceptual_reword,equation structure -> method choice,2,"Students will determine whether a situation is best modeled by a linear, quadratic, or exponential function.","I can construct evidence from tables, graphs, and contexts to choose a linear, quadratic, or exponential model.",Connect representations; use algebraic structure precisely; model and interpret quantities; justify conclusions with mathematical evidence when the task requires it.,constructed_response,short_response,instructional,90,,,,assessment_plans/original/unit8_assessment_plan/unit8_assessment_plan.html|reference_library/question_structures/section_enrichment.json|reference_library/source_excerpts/section_source_excerpts.json|reference_library/reusable_tables/table_catalog.json|reference_library/reusable_figures/figure_catalog.json|sources/indexes/compact_stage_reference_map.json,
U8-S1-P2-M04,SPIRAL,Algebra 1,8,8.1,Practice Set 2,Practice Set 2,,MASTERY,,,,,U8-S1-M-CHOOSE_QUAD_METHOD-05,reasoning_shift,equation structure -> method choice,2,"Students will determine whether a situation is best modeled by a linear, quadratic, or exponential function.","I can construct evidence from tables, graphs, and contexts to choose a linear, quadratic, or exponential model.",Connect representations; use algebraic structure precisely; model and interpret quantities; justify conclusions with mathematical evidence when the task requires it.,constructed_response,short_response,instructional,90,,,,assessment_plans/original/unit8_assessment_plan/unit8_assessment_plan.html|reference_library/question_structures/section_enrichment.json|reference_library/source_excerpts/section_source_excerpts.json|reference_library/reusable_tables/table_catalog.json|reference_library/reusable_figures/figure_catalog.json|sources/indexes/compact_stage_reference_map.json,
U8-S1-P2-M05,SPIRAL,Algebra 1,8,8.1,Practice Set 2,Practice Set 2,,MASTERY,,,,,U8-S1-M-CHOOSE_QUAD_METHOD-01,routine_procedural_numeric,equation structure -> method choice,2,"Students will determine whether a situation is best modeled by a linear, quadratic, or exponential function.","I can construct evidence from tables, graphs, and contexts to choose a linear, quadratic, or exponential model.",Connect representations; use algebraic structure precisely; model and interpret quantities; justify conclusions with mathematical evidence when the task requires it.,constructed_response,short_response,instructional,90,,,,assessment_plans/original/unit8_assessment_plan/unit8_assessment_plan.html|reference_library/question_structures/section_enrichment.json|reference_library/source_excerpts/section_source_excerpts.json|reference_library/reusable_tables/table_catalog.json|reference_library/reusable_figures/figure_catalog.json|sources/indexes/compact_stage_reference_map.json,
U8-S1-P2-M06,SPIRAL,Algebra 1,8,8.1,Practice Set 2,Practice Set 2,,MASTERY,,,,,U8-S1-M-CHOOSE_QUAD_METHOD-02,representation_shift,equation structure -> method choice,1,"Students will determine whether a situation is best modeled by a linear, quadratic, or exponential function.","I can construct evidence from tables, graphs, and contexts to choose a linear, quadratic, or exponential model.",Connect representations; use algebraic structure precisely; model and interpret quantities; justify conclusions with mathematical evidence when the task requires it.,constructed_response,short_response,instructional,90,,,,assessment_plans/original/unit8_assessment_plan/unit8_assessment_plan.html|reference_library/question_structures/section_enrichment.json|reference_library/source_excerpts/section_source_excerpts.json|reference_library/reusable_tables/table_catalog.json|reference_library/reusable_figures/figure_catalog.json|sources/indexes/compact_stage_reference_map.json,
U8-S1-P2-M07,SPIRAL,Algebra 1,8,8.1,Practice Set 2,Practice Set 2,,MASTERY,,,,,U8-S1-M-CHOOSE_QUAD_METHOD-03,conceptual_reword,equation structure -> method choice,2,"Students will determine whether a situation is best modeled by a linear, quadratic, or exponential function.","I can construct evidence from tables, graphs, and contexts to choose a linear, quadratic, or exponential model.",Connect representations; use algebraic structure precisely; model and interpret quantities; justify conclusions with mathematical evidence when the task requires it.,constructed_response,short_response,instructional,90,,,,assessment_plans/original/unit8_assessment_plan/unit8_assessment_plan.html|reference_library/question_structures/section_enrichment.json|reference_library/source_excerpts/section_source_excerpts.json|reference_library/reusable_tables/table_catalog.json|reference_library/reusable_figures/figure_catalog.json|sources/indexes/compact_stage_reference_map.json,
U8-S1-P2-I06,SPIRAL,Algebra 1,8,8.1,Practice Set 2,Practice Set 2,,INTRO,,,,,U8-S1-I-MODEL_SELECT-04,reasoning_shift,table pattern -> function family,2,"Students will determine whether a situation is best modeled by a linear, quadratic, or exponential function.","I can construct evidence from tables, graphs, and contexts to choose a linear, quadratic, or exponential model.",Connect representations; use algebraic structure precisely; model and interpret quantities; justify conclusions with mathematical evidence when the task requires it.,constructed_response,short_response,instructional,90,,,,assessment_plans/original/unit8_assessment_plan/unit8_assessment_plan.html|reference_library/question_structures/section_enrichment.json|reference_library/source_excerpts/section_source_excerpts.json|reference_library/reusable_tables/table_catalog.json|reference_library/reusable_figures/figure_catalog.json|sources/indexes/compact_stage_reference_map.json,
U8-S1-P2-I07,SPIRAL,Algebra 1,8,8.1,Practice Set 2,Practice Set 2,,INTRO,,,,,U8-S1-I-MODEL_SELECT-05,routine_procedural_numeric,table pattern -> function family,2,"Students will determine whether a situation is best modeled by a linear, quadratic, or exponential function.","I can construct evidence from tables, graphs, and contexts to choose a linear, quadratic, or exponential model.",Connect representations; use algebraic structure precisely; model and interpret quantities; justify conclusions with mathematical evidence when the task requires it.,constructed_response,short_response,instructional,90,,,,assessment_plans/original/unit8_assessment_plan/unit8_assessment_plan.html|reference_library/question_structures/section_enrichment.json|reference_library/source_excerpts/section_source_excerpts.json|reference_library/reusable_tables/table_catalog.json|reference_library/reusable_figures/figure_catalog.json|sources/indexes/compact_stage_reference_map.json,
U8-S1-P2-I08,SPIRAL,Algebra 1,8,8.1,Practice Set 2,Practice Set 2,,INTRO,,,,,U8-S1-I-MODEL_SELECT-01,representation_shift,table pattern -> function family,1,"Students will determine whether a situation is best modeled by a linear, quadratic, or exponential function.","I can construct evidence from tables, graphs, and contexts to choose a linear, quadratic, or exponential model.",Connect representations; use algebraic structure precisely; model and interpret quantities; justify conclusions with mathematical evidence when the task requires it.,constructed_response,short_response,instructional,90,,,,assessment_plans/original/unit8_assessment_plan/unit8_assessment_plan.html|reference_library/question_structures/section_enrichment.json|reference_library/source_excerpts/section_source_excerpts.json|reference_library/reusable_tables/table_catalog.json|reference_library/reusable_figures/figure_catalog.json|sources/indexes/compact_stage_reference_map.json,
U8-S1-P3-I01,SPIRAL,Algebra 1,8,8.1,Practice Set 3,Practice Set 3,,INTRO,,,,,U8-S1-I-MODEL_SELECT-02,reasoning_shift,table pattern -> function family,2,"Students will determine whether a situation is best modeled by a linear, quadratic, or exponential function.","I can construct evidence from tables, graphs, and contexts to choose a linear, quadratic, or exponential model.",Connect representations; use algebraic structure precisely; model and interpret quantities; justify conclusions with mathematical evidence when the task requires it.,constructed_response,short_response,instructional,90,,,,assessment_plans/original/unit8_assessment_plan/unit8_assessment_plan.html|reference_library/question_structures/section_enrichment.json|reference_library/source_excerpts/section_source_excerpts.json|reference_library/reusable_tables/table_catalog.json|reference_library/reusable_figures/figure_catalog.json|sources/indexes/compact_stage_reference_map.json,
U8-S1-P3-I02,SPIRAL,Algebra 1,8,8.1,Practice Set 3,Practice Set 3,,INTRO,,,,,U8-S1-I-MODEL_SELECT-03,routine_procedural_numeric,table pattern -> function family,2,"Students will determine whether a situation is best modeled by a linear, quadratic, or exponential function.","I can construct evidence from tables, graphs, and contexts to choose a linear, quadratic, or exponential model.",Connect representations; use algebraic structure precisely; model and interpret quantities; justify conclusions with mathematical evidence when the task requires it.,constructed_response,short_response,instructional,90,,,,assessment_plans/original/unit8_assessment_plan/unit8_assessment_plan.html|reference_library/question_structures/section_enrichment.json|reference_library/source_excerpts/section_source_excerpts.json|reference_library/reusable_tables/table_catalog.json|reference_library/reusable_figures/figure_catalog.json|sources/indexes/compact_stage_reference_map.json,
U8-S1-P3-R01,SPIRAL,Algebra 1,8,8.1,Practice Set 3,Practice Set 3,,REVIEW,,,,,U8-S1-R-COMPARE_FAMILIES-04,representation_shift,table pattern -> function family,2,"Students will determine whether a situation is best modeled by a linear, quadratic, or exponential function.","I can construct evidence from tables, graphs, and contexts to choose a linear, quadratic, or exponential model.",Connect representations; use algebraic structure precisely; model and interpret quantities; justify conclusions with mathematical evidence when the task requires it.,constructed_response,short_response,instructional,90,,,,assessment_plans/original/unit8_assessment_plan/unit8_assessment_plan.html|reference_library/question_structures/section_enrichment.json|reference_library/source_excerpts/section_source_excerpts.json|reference_library/reusable_tables/table_catalog.json|reference_library/reusable_figures/figure_catalog.json|sources/indexes/compact_stage_reference_map.json,
U8-S1-P3-R02,SPIRAL,Algebra 1,8,8.1,Practice Set 3,Practice Set 3,,REVIEW,,,,,U8-S1-R-COMPARE_FAMILIES-05,conceptual_reword,table pattern -> function family,1,"Students will determine whether a situation is best modeled by a linear, quadratic, or exponential function.","I can construct evidence from tables, graphs, and contexts to choose a linear, quadratic, or exponential model.",Connect representations; use algebraic structure precisely; model and interpret quantities; justify conclusions with mathematical evidence when the task requires it.,constructed_response,short_response,instructional,90,,,,assessment_plans/original/unit8_assessment_plan/unit8_assessment_plan.html|reference_library/question_structures/section_enrichment.json|reference_library/source_excerpts/section_source_excerpts.json|reference_library/reusable_tables/table_catalog.json|reference_library/reusable_figures/figure_catalog.json|sources/indexes/compact_stage_reference_map.json,
U8-S1-P3-R03,SPIRAL,Algebra 1,8,8.1,Practice Set 3,Practice Set 3,,REVIEW,,,,,U8-S1-R-COMPARE_FAMILIES-01,reasoning_shift,table pattern -> function family,2,"Students will determine whether a situation is best modeled by a linear, quadratic, or exponential function.","I can construct evidence from tables, graphs, and contexts to choose a linear, quadratic, or exponential model.",Connect representations; use algebraic structure precisely; model and interpret quantities; justify conclusions with mathematical evidence when the task requires it.,constructed_response,short_response,instructional,90,,,,assessment_plans/original/unit8_assessment_plan/unit8_assessment_plan.html|reference_library/question_structures/section_enrichment.json|reference_library/source_excerpts/section_source_excerpts.json|reference_library/reusable_tables/table_catalog.json|reference_library/reusable_figures/figure_catalog.json|sources/indexes/compact_stage_reference_map.json,
U8-S1-P3-R04,SPIRAL,Algebra 1,8,8.1,Practice Set 3,Practice Set 3,,REVIEW,,,,,U8-S1-R-COMPARE_FAMILIES-02,routine_procedural_numeric,table pattern -> function family,2,"Students will determine whether a situation is best modeled by a linear, quadratic, or exponential function.","I can construct evidence from tables, graphs, and contexts to choose a linear, quadratic, or exponential model.",Connect representations; use algebraic structure precisely; model and interpret quantities; justify conclusions with mathematical evidence when the task requires it.,constructed_response,short_response,instructional,90,,,,assessment_plans/original/unit8_assessment_plan/unit8_assessment_plan.html|reference_library/question_structures/section_enrichment.json|reference_library/source_excerpts/section_source_excerpts.json|reference_library/reusable_tables/table_catalog.json|reference_library/reusable_figures/figure_catalog.json|sources/indexes/compact_stage_reference_map.json,
U8-S1-P3-R05,SPIRAL,Algebra 1,8,8.1,Practice Set 3,Practice Set 3,,REVIEW,,,,,U8-S1-R-COMPARE_FAMILIES-03,representation_shift,table pattern -> function family,2,"Students will determine whether a situation is best modeled by a linear, quadratic, or exponential function.","I can construct evidence from tables, graphs, and contexts to choose a linear, quadratic, or exponential model.",Connect representations; use algebraic structure precisely; model and interpret quantities; justify conclusions with mathematical evidence when the task requires it.,constructed_response,short_response,instructional,90,,,,assessment_plans/original/unit8_assessment_plan/unit8_assessment_plan.html|reference_library/question_structures/section_enrichment.json|reference_library/source_excerpts/section_source_excerpts.json|reference_library/reusable_tables/table_catalog.json|reference_library/reusable_figures/figure_catalog.json|sources/indexes/compact_stage_reference_map.json,
U8-S1-P3-M01,SPIRAL,Algebra 1,8,8.1,Practice Set 3,Practice Set 3,,MASTERY,,,,,U8-S1-M-CHOOSE_QUAD_METHOD-04,conceptual_reword,equation structure -> method choice,1,"Students will determine whether a situation is best modeled by a linear, quadratic, or exponential function.","I can construct evidence from tables, graphs, and contexts to choose a linear, quadratic, or exponential model.",Connect representations; use algebraic structure precisely; model and interpret quantities; justify conclusions with mathematical evidence when the task requires it.,constructed_response,short_response,instructional,90,,,,assessment_plans/original/unit8_assessment_plan/unit8_assessment_plan.html|reference_library/question_structures/section_enrichment.json|reference_library/source_excerpts/section_source_excerpts.json|reference_library/reusable_tables/table_catalog.json|reference_library/reusable_figures/figure_catalog.json|sources/indexes/compact_stage_reference_map.json,
U8-S1-P3-M02,SPIRAL,Algebra 1,8,8.1,Practice Set 3,Practice Set 3,,MASTERY,,,,,U8-S1-M-CHOOSE_QUAD_METHOD-05,reasoning_shift,equation structure -> method choice,2,"Students will determine whether a situation is best modeled by a linear, quadratic, or exponential function.","I can construct evidence from tables, graphs, and contexts to choose a linear, quadratic, or exponential model.",Connect representations; use algebraic structure precisely; model and interpret quantities; justify conclusions with mathematical evidence when the task requires it.,constructed_response,short_response,instructional,90,,,,assessment_plans/original/unit8_assessment_plan/unit8_assessment_plan.html|reference_library/question_structures/section_enrichment.json|reference_library/source_excerpts/section_source_excerpts.json|reference_library/reusable_tables/table_catalog.json|reference_library/reusable_figures/figure_catalog.json|sources/indexes/compact_stage_reference_map.json,
U8-S1-P3-M03,SPIRAL,Algebra 1,8,8.1,Practice Set 3,Practice Set 3,,MASTERY,,,,,U8-S1-M-CHOOSE_QUAD_METHOD-01,routine_procedural_numeric,equation structure -> method choice,2,"Students will determine whether a situation is best modeled by a linear, quadratic, or exponential function.","I can construct evidence from tables, graphs, and contexts to choose a linear, quadratic, or exponential model.",Connect representations; use algebraic structure precisely; model and interpret quantities; justify conclusions with mathematical evidence when the task requires it.,constructed_response,short_response,instructional,90,,,,assessment_plans/original/unit8_assessment_plan/unit8_assessment_plan.html|reference_library/question_structures/section_enrichment.json|reference_library/source_excerpts/section_source_excerpts.json|reference_library/reusable_tables/table_catalog.json|reference_library/reusable_figures/figure_catalog.json|sources/indexes/compact_stage_reference_map.json,
U8-S1-P3-M04,SPIRAL,Algebra 1,8,8.1,Practice Set 3,Practice Set 3,,MASTERY,,,,,U8-S1-M-CHOOSE_QUAD_METHOD-02,representation_shift,equation structure -> method choice,2,"Students will determine whether a situation is best modeled by a linear, quadratic, or exponential function.","I can construct evidence from tables, graphs, and contexts to choose a linear, quadratic, or exponential model.",Connect representations; use algebraic structure precisely; model and interpret quantities; justify conclusions with mathematical evidence when the task requires it.,constructed_response,short_response,instructional,90,,,,assessment_plans/original/unit8_assessment_plan/unit8_assessment_plan.html|reference_library/question_structures/section_enrichment.json|reference_library/source_excerpts/section_source_excerpts.json|reference_library/reusable_tables/table_catalog.json|reference_library/reusable_figures/figure_catalog.json|sources/indexes/compact_stage_reference_map.json,
U8-S1-P3-M05,SPIRAL,Algebra 1,8,8.1,Practice Set 3,Practice Set 3,,MASTERY,,,,,U8-S1-M-CHOOSE_QUAD_METHOD-03,conceptual_reword,equation structure -> method choice,1,"Students will determine whether a situation is best modeled by a linear, quadratic, or exponential function.","I can construct evidence from tables, graphs, and contexts to choose a linear, quadratic, or exponential model.",Connect representations; use algebraic structure precisely; model and interpret quantities; justify conclusions with mathematical evidence when the task requires it.,constructed_response,short_response,instructional,90,,,,assessment_plans/original/unit8_assessment_plan/unit8_assessment_plan.html|reference_library/question_structures/section_enrichment.json|reference_library/source_excerpts/section_source_excerpts.json|reference_library/reusable_tables/table_catalog.json|reference_library/reusable_figures/figure_catalog.json|sources/indexes/compact_stage_reference_map.json,
U8-S1-P3-M06,SPIRAL,Algebra 1,8,8.1,Practice Set 3,Practice Set 3,,MASTERY,,,,,U8-S1-M-CHOOSE_QUAD_METHOD-04,reasoning_shift,equation structure -> method choice,2,"Students will determine whether a situation is best modeled by a linear, quadratic, or exponential function.","I can construct evidence from tables, graphs, and contexts to choose a linear, quadratic, or exponential model.",Connect representations; use algebraic structure precisely; model and interpret quantities; justify conclusions with mathematical evidence when the task requires it.,constructed_response,short_response,instructional,90,,,,assessment_plans/original/unit8_assessment_plan/unit8_assessment_plan.html|reference_library/question_structures/section_enrichment.json|reference_library/source_excerpts/section_source_excerpts.json|reference_library/reusable_tables/table_catalog.json|reference_library/reusable_figures/figure_catalog.json|sources/indexes/compact_stage_reference_map.json,
U8-S1-P3-M07,SPIRAL,Algebra 1,8,8.1,Practice Set 3,Practice Set 3,,MASTERY,,,,,U8-S1-M-CHOOSE_QUAD_METHOD-05,routine_procedural_numeric,equation structure -> method choice,2,"Students will determine whether a situation is best modeled by a linear, quadratic, or exponential function.","I can construct evidence from tables, graphs, and contexts to choose a linear, quadratic, or exponential model.",Connect representations; use algebraic structure precisely; model and interpret quantities; justify conclusions with mathematical evidence when the task requires it.,constructed_response,short_response,instructional,90,,,,assessment_plans/original/unit8_assessment_plan/unit8_assessment_plan.html|reference_library/question_structures/section_enrichment.json|reference_library/source_excerpts/section_source_excerpts.json|reference_library/reusable_tables/table_catalog.json|reference_library/reusable_figures/figure_catalog.json|sources/indexes/compact_stage_reference_map.json,
U8-S1-P3-I03,SPIRAL,Algebra 1,8,8.1,Practice Set 3,Practice Set 3,,INTRO,,,,,U8-S1-I-MODEL_SELECT-01,representation_shift,table pattern -> function family,2,"Students will determine whether a situation is best modeled by a linear, quadratic, or exponential function.","I can construct evidence from tables, graphs, and contexts to choose a linear, quadratic, or exponential model.",Connect representations; use algebraic structure precisely; model and interpret quantities; justify conclusions with mathematical evidence when the task requires it.,constructed_response,short_response,instructional,90,,,,assessment_plans/original/unit8_assessment_plan/unit8_assessment_plan.html|reference_library/question_structures/section_enrichment.json|reference_library/source_excerpts/section_source_excerpts.json|reference_library/reusable_tables/table_catalog.json|reference_library/reusable_figures/figure_catalog.json|sources/indexes/compact_stage_reference_map.json,
U8-S1-P3-I04,SPIRAL,Algebra 1,8,8.1,Practice Set 3,Practice Set 3,,INTRO,,,,,U8-S1-I-MODEL_SELECT-02,conceptual_reword,table pattern -> function family,1,"Students will determine whether a situation is best modeled by a linear, quadratic, or exponential function.","I can construct evidence from tables, graphs, and contexts to choose a linear, quadratic, or exponential model.",Connect representations; use algebraic structure precisely; model and interpret quantities; justify conclusions with mathematical evidence when the task requires it.,constructed_response,short_response,instructional,90,,,,assessment_plans/original/unit8_assessment_plan/unit8_assessment_plan.html|reference_library/question_structures/section_enrichment.json|reference_library/source_excerpts/section_source_excerpts.json|reference_library/reusable_tables/table_catalog.json|reference_library/reusable_figures/figure_catalog.json|sources/indexes/compact_stage_reference_map.json,
U8-S1-P3-I05,SPIRAL,Algebra 1,8,8.1,Practice Set 3,Practice Set 3,,INTRO,,,,,U8-S1-I-MODEL_SELECT-03,reasoning_shift,table pattern -> function family,2,"Students will determine whether a situation is best modeled by a linear, quadratic, or exponential function.","I can construct evidence from tables, graphs, and contexts to choose a linear, quadratic, or exponential model.",Connect representations; use algebraic structure precisely; model and interpret quantities; justify conclusions with mathematical evidence when the task requires it.,constructed_response,short_response,instructional,90,,,,assessment_plans/original/unit8_assessment_plan/unit8_assessment_plan.html|reference_library/question_structures/section_enrichment.json|reference_library/source_excerpts/section_source_excerpts.json|reference_library/reusable_tables/table_catalog.json|reference_library/reusable_figures/figure_catalog.json|sources/indexes/compact_stage_reference_map.json,
U8-S1-P3-I06,SPIRAL,Algebra 1,8,8.1,Practice Set 3,Practice Set 3,,INTRO,,,,,U8-S1-I-MODEL_SELECT-04,routine_procedural_numeric,table pattern -> function family,2,"Students will determine whether a situation is best modeled by a linear, quadratic, or exponential function.","I can construct evidence from tables, graphs, and contexts to choose a linear, quadratic, or exponential model.",Connect representations; use algebraic structure precisely; model and interpret quantities; justify conclusions with mathematical evidence when the task requires it.,constructed_response,short_response,instructional,90,,,,assessment_plans/original/unit8_assessment_plan/unit8_assessment_plan.html|reference_library/question_structures/section_enrichment.json|reference_library/source_excerpts/section_source_excerpts.json|reference_library/reusable_tables/table_catalog.json|reference_library/reusable_figures/figure_catalog.json|sources/indexes/compact_stage_reference_map.json,
U8-S1-P3-I07,SPIRAL,Algebra 1,8,8.1,Practice Set 3,Practice Set 3,,INTRO,,,,,U8-S1-I-MODEL_SELECT-05,representation_shift,table pattern -> function family,2,"Students will determine whether a situation is best modeled by a linear, quadratic, or exponential function.","I can construct evidence from tables, graphs, and contexts to choose a linear, quadratic, or exponential model.",Connect representations; use algebraic structure precisely; model and interpret quantities; justify conclusions with mathematical evidence when the task requires it.,constructed_response,short_response,instructional,90,,,,assessment_plans/original/unit8_assessment_plan/unit8_assessment_plan.html|reference_library/question_structures/section_enrichment.json|reference_library/source_excerpts/section_source_excerpts.json|reference_library/reusable_tables/table_catalog.json|reference_library/reusable_figures/figure_catalog.json|sources/indexes/compact_stage_reference_map.json,
U8-S1-P3-I08,SPIRAL,Algebra 1,8,8.1,Practice Set 3,Practice Set 3,,INTRO,,,,,U8-S1-I-MODEL_SELECT-01,conceptual_reword,table pattern -> function family,1,"Students will determine whether a situation is best modeled by a linear, quadratic, or exponential function.","I can construct evidence from tables, graphs, and contexts to choose a linear, quadratic, or exponential model.",Connect representations; use algebraic structure precisely; model and interpret quantities; justify conclusions with mathematical evidence when the task requires it.,constructed_response,short_response,instructional,90,,,,assessment_plans/original/unit8_assessment_plan/unit8_assessment_plan.html|reference_library/question_structures/section_enrichment.json|reference_library/source_excerpts/section_source_excerpts.json|reference_library/reusable_tables/table_catalog.json|reference_library/reusable_figures/figure_catalog.json|sources/indexes/compact_stage_reference_map.json,
U8-S1-PX-R01,SPIRAL,Algebra 1,8,8.1,Extra Practice,Extra Practice,,REVIEW,,,,,U8-S1-R-COMPARE_FAMILIES-02,routine_procedural_numeric,table pattern -> function family,2,"Students will determine whether a situation is best modeled by a linear, quadratic, or exponential function.","I can construct evidence from tables, graphs, and contexts to choose a linear, quadratic, or exponential model.",Connect representations; use algebraic structure precisely; model and interpret quantities; justify conclusions with mathematical evidence when the task requires it.,constructed_response,short_response,instructional,90,,,,assessment_plans/original/unit8_assessment_plan/unit8_assessment_plan.html|reference_library/question_structures/section_enrichment.json|reference_library/source_excerpts/section_source_excerpts.json|reference_library/reusable_tables/table_catalog.json|reference_library/reusable_figures/figure_catalog.json|sources/indexes/compact_stage_reference_map.json,
U8-S1-PX-R02,SPIRAL,Algebra 1,8,8.1,Extra Practice,Extra Practice,,REVIEW,,,,,U8-S1-R-COMPARE_FAMILIES-03,representation_shift,table pattern -> function family,2,"Students will determine whether a situation is best modeled by a linear, quadratic, or exponential function.","I can construct evidence from tables, graphs, and contexts to choose a linear, quadratic, or exponential model.",Connect representations; use algebraic structure precisely; model and interpret quantities; justify conclusions with mathematical evidence when the task requires it.,constructed_response,short_response,instructional,90,,,,assessment_plans/original/unit8_assessment_plan/unit8_assessment_plan.html|reference_library/question_structures/section_enrichment.json|reference_library/source_excerpts/section_source_excerpts.json|reference_library/reusable_tables/table_catalog.json|reference_library/reusable_figures/figure_catalog.json|sources/indexes/compact_stage_reference_map.json,
U8-S1-PX-R03,SPIRAL,Algebra 1,8,8.1,Extra Practice,Extra Practice,,REVIEW,,,,,U8-S1-R-COMPARE_FAMILIES-04,conceptual_reword,table pattern -> function family,2,"Students will determine whether a situation is best modeled by a linear, quadratic, or exponential function.","I can construct evidence from tables, graphs, and contexts to choose a linear, quadratic, or exponential model.",Connect representations; use algebraic structure precisely; model and interpret quantities; justify conclusions with mathematical evidence when the task requires it.,constructed_response,short_response,instructional,90,,,,assessment_plans/original/unit8_assessment_plan/unit8_assessment_plan.html|reference_library/question_structures/section_enrichment.json|reference_library/source_excerpts/section_source_excerpts.json|reference_library/reusable_tables/table_catalog.json|reference_library/reusable_figures/figure_catalog.json|sources/indexes/compact_stage_reference_map.json,
U8-S1-PX-R04,SPIRAL,Algebra 1,8,8.1,Extra Practice,Extra Practice,,REVIEW,,,,,U8-S1-R-COMPARE_FAMILIES-05,reasoning_shift,table pattern -> function family,1,"Students will determine whether a situation is best modeled by a linear, quadratic, or exponential function.","I can construct evidence from tables, graphs, and contexts to choose a linear, quadratic, or exponential model.",Connect representations; use algebraic structure precisely; model and interpret quantities; justify conclusions with mathematical evidence when the task requires it.,constructed_response,short_response,instructional,90,,,,assessment_plans/original/unit8_assessment_plan/unit8_assessment_plan.html|reference_library/question_structures/section_enrichment.json|reference_library/source_excerpts/section_source_excerpts.json|reference_library/reusable_tables/table_catalog.json|reference_library/reusable_figures/figure_catalog.json|sources/indexes/compact_stage_reference_map.json,
U8-S1-PX-M01,SPIRAL,Algebra 1,8,8.1,Extra Practice,Extra Practice,,MASTERY,,,,,U8-S1-M-CHOOSE_QUAD_METHOD-01,routine_procedural_numeric,equation structure -> method choice,2,"Students will determine whether a situation is best modeled by a linear, quadratic, or exponential function.","I can construct evidence from tables, graphs, and contexts to choose a linear, quadratic, or exponential model.",Connect representations; use algebraic structure precisely; model and interpret quantities; justify conclusions with mathematical evidence when the task requires it.,constructed_response,short_response,instructional,90,,,,assessment_plans/original/unit8_assessment_plan/unit8_assessment_plan.html|reference_library/question_structures/section_enrichment.json|reference_library/source_excerpts/section_source_excerpts.json|reference_library/reusable_tables/table_catalog.json|reference_library/reusable_figures/figure_catalog.json|sources/indexes/compact_stage_reference_map.json,
U8-S1-PX-M02,SPIRAL,Algebra 1,8,8.1,Extra Practice,Extra Practice,,MASTERY,,,,,U8-S1-M-CHOOSE_QUAD_METHOD-02,representation_shift,equation structure -> method choice,2,"Students will determine whether a situation is best modeled by a linear, quadratic, or exponential function.","I can construct evidence from tables, graphs, and contexts to choose a linear, quadratic, or exponential model.",Connect representations; use algebraic structure precisely; model and interpret quantities; justify conclusions with mathematical evidence when the task requires it.,constructed_response,short_response,instructional,90,,,,assessment_plans/original/unit8_assessment_plan/unit8_assessment_plan.html|reference_library/question_structures/section_enrichment.json|reference_library/source_excerpts/section_source_excerpts.json|reference_library/reusable_tables/table_catalog.json|reference_library/reusable_figures/figure_catalog.json|sources/indexes/compact_stage_reference_map.json,
U8-S1-PX-M03,SPIRAL,Algebra 1,8,8.1,Extra Practice,Extra Practice,,MASTERY,,,,,U8-S1-M-CHOOSE_QUAD_METHOD-03,conceptual_reword,equation structure -> method choice,2,"Students will determine whether a situation is best modeled by a linear, quadratic, or exponential function.","I can construct evidence from tables, graphs, and contexts to choose a linear, quadratic, or exponential model.",Connect representations; use algebraic structure precisely; model and interpret quantities; justify conclusions with mathematical evidence when the task requires it.,constructed_response,short_response,instructional,90,,,,assessment_plans/original/unit8_assessment_plan/unit8_assessment_plan.html|reference_library/question_structures/section_enrichment.json|reference_library/source_excerpts/section_source_excerpts.json|reference_library/reusable_tables/table_catalog.json|reference_library/reusable_figures/figure_catalog.json|sources/indexes/compact_stage_reference_map.json,
U8-S1-PX-M04,SPIRAL,Algebra 1,8,8.1,Extra Practice,Extra Practice,,MASTERY,,,,,U8-S1-M-CHOOSE_QUAD_METHOD-04,reasoning_shift,equation structure -> method choice,1,"Students will determine whether a situation is best modeled by a linear, quadratic, or exponential function.","I can construct evidence from tables, graphs, and contexts to choose a linear, quadratic, or exponential model.",Connect representations; use algebraic structure precisely; model and interpret quantities; justify conclusions with mathematical evidence when the task requires it.,constructed_response,short_response,instructional,90,,,,assessment_plans/original/unit8_assessment_plan/unit8_assessment_plan.html|reference_library/question_structures/section_enrichment.json|reference_library/source_excerpts/section_source_excerpts.json|reference_library/reusable_tables/table_catalog.json|reference_library/reusable_figures/figure_catalog.json|sources/indexes/compact_stage_reference_map.json,
U8-S1-PX-M05,SPIRAL,Algebra 1,8,8.1,Extra Practice,Extra Practice,,MASTERY,,,,,U8-S1-M-CHOOSE_QUAD_METHOD-05,routine_procedural_numeric,equation structure -> method choice,2,"Students will determine whether a situation is best modeled by a linear, quadratic, or exponential function.","I can construct evidence from tables, graphs, and contexts to choose a linear, quadratic, or exponential model.",Connect representations; use algebraic structure precisely; model and interpret quantities; justify conclusions with mathematical evidence when the task requires it.,constructed_response,short_response,instructional,90,,,,assessment_plans/original/unit8_assessment_plan/unit8_assessment_plan.html|reference_library/question_structures/section_enrichment.json|reference_library/source_excerpts/section_source_excerpts.json|reference_library/reusable_tables/table_catalog.json|reference_library/reusable_figures/figure_catalog.json|sources/indexes/compact_stage_reference_map.json,
U8-S1-PX-M06,SPIRAL,Algebra 1,8,8.1,Extra Practice,Extra Practice,,MASTERY,,,,,U8-S1-M-CHOOSE_QUAD_METHOD-01,representation_shift,equation structure -> method choice,2,"Students will determine whether a situation is best modeled by a linear, quadratic, or exponential function.","I can construct evidence from tables, graphs, and contexts to choose a linear, quadratic, or exponential model.",Connect representations; use algebraic structure precisely; model and interpret quantities; justify conclusions with mathematical evidence when the task requires it.,constructed_response,short_response,instructional,90,,,,assessment_plans/original/unit8_assessment_plan/unit8_assessment_plan.html|reference_library/question_structures/section_enrichment.json|reference_library/source_excerpts/section_source_excerpts.json|reference_library/reusable_tables/table_catalog.json|reference_library/reusable_figures/figure_catalog.json|sources/indexes/compact_stage_reference_map.json,
U8-S1-PX-M07,SPIRAL,Algebra 1,8,8.1,Extra Practice,Extra Practice,,MASTERY,,,,,U8-S1-M-CHOOSE_QUAD_METHOD-02,conceptual_reword,equation structure -> method choice,2,"Students will determine whether a situation is best modeled by a linear, quadratic, or exponential function.","I can construct evidence from tables, graphs, and contexts to choose a linear, quadratic, or exponential model.",Connect representations; use algebraic structure precisely; model and interpret quantities; justify conclusions with mathematical evidence when the task requires it.,constructed_response,short_response,instructional,90,,,,assessment_plans/original/unit8_assessment_plan/unit8_assessment_plan.html|reference_library/question_structures/section_enrichment.json|reference_library/source_excerpts/section_source_excerpts.json|reference_library/reusable_tables/table_catalog.json|reference_library/reusable_figures/figure_catalog.json|sources/indexes/compact_stage_reference_map.json,
U8-S1-PX-I01,SPIRAL,Algebra 1,8,8.1,Extra Practice,Extra Practice,,INTRO,,,,,U8-S1-I-MODEL_SELECT-03,reasoning_shift,table pattern -> function family,1,"Students will determine whether a situation is best modeled by a linear, quadratic, or exponential function.","I can construct evidence from tables, graphs, and contexts to choose a linear, quadratic, or exponential model.",Connect representations; use algebraic structure precisely; model and interpret quantities; justify conclusions with mathematical evidence when the task requires it.,constructed_response,short_response,instructional,90,,,,assessment_plans/original/unit8_assessment_plan/unit8_assessment_plan.html|reference_library/question_structures/section_enrichment.json|reference_library/source_excerpts/section_source_excerpts.json|reference_library/reusable_tables/table_catalog.json|reference_library/reusable_figures/figure_catalog.json|sources/indexes/compact_stage_reference_map.json,
U8-S1-PX-I02,SPIRAL,Algebra 1,8,8.1,Extra Practice,Extra Practice,,INTRO,,,,,U8-S1-I-MODEL_SELECT-04,routine_procedural_numeric,table pattern -> function family,2,"Students will determine whether a situation is best modeled by a linear, quadratic, or exponential function.","I can construct evidence from tables, graphs, and contexts to choose a linear, quadratic, or exponential model.",Connect representations; use algebraic structure precisely; model and interpret quantities; justify conclusions with mathematical evidence when the task requires it.,constructed_response,short_response,instructional,90,,,,assessment_plans/original/unit8_assessment_plan/unit8_assessment_plan.html|reference_library/question_structures/section_enrichment.json|reference_library/source_excerpts/section_source_excerpts.json|reference_library/reusable_tables/table_catalog.json|reference_library/reusable_figures/figure_catalog.json|sources/indexes/compact_stage_reference_map.json,
U8-S1-PX-I03,SPIRAL,Algebra 1,8,8.1,Extra Practice,Extra Practice,,INTRO,,,,,U8-S1-I-MODEL_SELECT-05,representation_shift,table pattern -> function family,2,"Students will determine whether a situation is best modeled by a linear, quadratic, or exponential function.","I can construct evidence from tables, graphs, and contexts to choose a linear, quadratic, or exponential model.",Connect representations; use algebraic structure precisely; model and interpret quantities; justify conclusions with mathematical evidence when the task requires it.,constructed_response,short_response,instructional,90,,,,assessment_plans/original/unit8_assessment_plan/unit8_assessment_plan.html|reference_library/question_structures/section_enrichment.json|reference_library/source_excerpts/section_source_excerpts.json|reference_library/reusable_tables/table_catalog.json|reference_library/reusable_figures/figure_catalog.json|sources/indexes/compact_stage_reference_map.json,
U8-S1-PX-I04,SPIRAL,Algebra 1,8,8.1,Extra Practice,Extra Practice,,INTRO,,,,,U8-S1-I-MODEL_SELECT-01,conceptual_reword,table pattern -> function family,2,"Students will determine whether a situation is best modeled by a linear, quadratic, or exponential function.","I can construct evidence from tables, graphs, and contexts to choose a linear, quadratic, or exponential model.",Connect representations; use algebraic structure precisely; model and interpret quantities; justify conclusions with mathematical evidence when the task requires it.,constructed_response,short_response,instructional,90,,,,assessment_plans/original/unit8_assessment_plan/unit8_assessment_plan.html|reference_library/question_structures/section_enrichment.json|reference_library/source_excerpts/section_source_excerpts.json|reference_library/reusable_tables/table_catalog.json|reference_library/reusable_figures/figure_catalog.json|sources/indexes/compact_stage_reference_map.json,
U8-S1-PX-I05,SPIRAL,Algebra 1,8,8.1,Extra Practice,Extra Practice,,INTRO,,,,,U8-S1-I-MODEL_SELECT-02,reasoning_shift,table pattern -> function family,1,"Students will determine whether a situation is best modeled by a linear, quadratic, or exponential function.","I can construct evidence from tables, graphs, and contexts to choose a linear, quadratic, or exponential model.",Connect representations; use algebraic structure precisely; model and interpret quantities; justify conclusions with mathematical evidence when the task requires it.,constructed_response,short_response,instructional,90,,,,assessment_plans/original/unit8_assessment_plan/unit8_assessment_plan.html|reference_library/question_structures/section_enrichment.json|reference_library/source_excerpts/section_source_excerpts.json|reference_library/reusable_tables/table_catalog.json|reference_library/reusable_figures/figure_catalog.json|sources/indexes/compact_stage_reference_map.json,
U8-S1-PX-I06,SPIRAL,Algebra 1,8,8.1,Extra Practice,Extra Practice,,INTRO,,,,,U8-S1-I-MODEL_SELECT-03,routine_procedural_numeric,table pattern -> function family,2,"Students will determine whether a situation is best modeled by a linear, quadratic, or exponential function.","I can construct evidence from tables, graphs, and contexts to choose a linear, quadratic, or exponential model.",Connect representations; use algebraic structure precisely; model and interpret quantities; justify conclusions with mathematical evidence when the task requires it.,constructed_response,short_response,instructional,90,,,,assessment_plans/original/unit8_assessment_plan/unit8_assessment_plan.html|reference_library/question_structures/section_enrichment.json|reference_library/source_excerpts/section_source_excerpts.json|reference_library/reusable_tables/table_catalog.json|reference_library/reusable_figures/figure_catalog.json|sources/indexes/compact_stage_reference_map.json,
U8-S1-PX-I07,SPIRAL,Algebra 1,8,8.1,Extra Practice,Extra Practice,,INTRO,,,,,U8-S1-I-MODEL_SELECT-04,representation_shift,table pattern -> function family,2,"Students will determine whether a situation is best modeled by a linear, quadratic, or exponential function.","I can construct evidence from tables, graphs, and contexts to choose a linear, quadratic, or exponential model.",Connect representations; use algebraic structure precisely; model and interpret quantities; justify conclusions with mathematical evidence when the task requires it.,constructed_response,short_response,instructional,90,,,,assessment_plans/original/unit8_assessment_plan/unit8_assessment_plan.html|reference_library/question_structures/section_enrichment.json|reference_library/source_excerpts/section_source_excerpts.json|reference_library/reusable_tables/table_catalog.json|reference_library/reusable_figures/figure_catalog.json|sources/indexes/compact_stage_reference_map.json,
U8-S1-PX-I08,SPIRAL,Algebra 1,8,8.1,Extra Practice,Extra Practice,,INTRO,,,,,U8-S1-I-MODEL_SELECT-05,conceptual_reword,table pattern -> function family,2,"Students will determine whether a situation is best modeled by a linear, quadratic, or exponential function.","I can construct evidence from tables, graphs, and contexts to choose a linear, quadratic, or exponential model.",Connect representations; use algebraic structure precisely; model and interpret quantities; justify conclusions with mathematical evidence when the task requires it.,constructed_response,short_response,instructional,90,,,,assessment_plans/original/unit8_assessment_plan/unit8_assessment_plan.html|reference_library/question_structures/section_enrichment.json|reference_library/source_excerpts/section_source_excerpts.json|reference_library/reusable_tables/table_catalog.json|reference_library/reusable_figures/figure_catalog.json|sources/indexes/compact_stage_reference_map.json,
U8-S1-PX-R05,SPIRAL,Algebra 1,8,8.1,Extra Practice,Extra Practice,,REVIEW,,,,,U8-S1-R-COMPARE_FAMILIES-01,reasoning_shift,table pattern -> function family,1,"Students will determine whether a situation is best modeled by a linear, quadratic, or exponential function.","I can construct evidence from tables, graphs, and contexts to choose a linear, quadratic, or exponential model.",Connect representations; use algebraic structure precisely; model and interpret quantities; justify conclusions with mathematical evidence when the task requires it.,constructed_response,short_response,instructional,90,,,,assessment_plans/original/unit8_assessment_plan/unit8_assessment_plan.html|reference_library/question_structures/section_enrichment.json|reference_library/source_excerpts/section_source_excerpts.json|reference_library/reusable_tables/table_catalog.json|reference_library/reusable_figures/figure_catalog.json|sources/indexes/compact_stage_reference_map.json,
U8-S2-P1-I01,SPIRAL,Algebra 1,8,8.2,Practice Set 1,Practice Set 1,,INTRO,,,,,U8-S2-I-TRANSFORM_MULTI-02,representation_shift,transformation equation -> verbal transformation,2,Students will analyze transformations across multiple function families.,"I can build transformed function rules from parent functions across linear, quadratic, exponential, and absolute value families.",Connect representations; use algebraic structure precisely; model and interpret quantities; justify conclusions with mathematical evidence when the task requires it.,constructed_response,short_response,instructional,90,,,,assessment_plans/original/unit8_assessment_plan/unit8_assessment_plan.html|reference_library/question_structures/section_enrichment.json|reference_library/source_excerpts/section_source_excerpts.json|reference_library/reusable_tables/table_catalog.json|reference_library/reusable_figures/figure_catalog.json|sources/indexes/compact_stage_reference_map.json,
U8-S2-P1-I02,SPIRAL,Algebra 1,8,8.2,Practice Set 1,Practice Set 1,,INTRO,,,,,U8-S2-I-TRANSFORM_MULTI-03,conceptual_reword,transformation equation -> verbal transformation,2,Students will analyze transformations across multiple function families.,"I can build transformed function rules from parent functions across linear, quadratic, exponential, and absolute value families.",Connect representations; use algebraic structure precisely; model and interpret quantities; justify conclusions with mathematical evidence when the task requires it.,constructed_response,short_response,instructional,90,,,,assessment_plans/original/unit8_assessment_plan/unit8_assessment_plan.html|reference_library/question_structures/section_enrichment.json|reference_library/source_excerpts/section_source_excerpts.json|reference_library/reusable_tables/table_catalog.json|reference_library/reusable_figures/figure_catalog.json|sources/indexes/compact_stage_reference_map.json,
U8-S2-P1-I03,SPIRAL,Algebra 1,8,8.2,Practice Set 1,Practice Set 1,,INTRO,,,,,U8-S2-I-TRANSFORM_MULTI-04,reasoning_shift,transformation equation -> verbal transformation,2,Students will analyze transformations across multiple function families.,"I can build transformed function rules from parent functions across linear, quadratic, exponential, and absolute value families.",Connect representations; use algebraic structure precisely; model and interpret quantities; justify conclusions with mathematical evidence when the task requires it.,constructed_response,short_response,instructional,90,,,,assessment_plans/original/unit8_assessment_plan/unit8_assessment_plan.html|reference_library/question_structures/section_enrichment.json|reference_library/source_excerpts/section_source_excerpts.json|reference_library/reusable_tables/table_catalog.json|reference_library/reusable_figures/figure_catalog.json|sources/indexes/compact_stage_reference_map.json,
U8-S2-P1-I04,SPIRAL,Algebra 1,8,8.2,Practice Set 1,Practice Set 1,,INTRO,,,,,U8-S2-I-TRANSFORM_MULTI-05,routine_procedural_numeric,transformation equation -> verbal transformation,1,Students will analyze transformations across multiple function families.,"I can build transformed function rules from parent functions across linear, quadratic, exponential, and absolute value families.",Connect representations; use algebraic structure precisely; model and interpret quantities; justify conclusions with mathematical evidence when the task requires it.,constructed_response,short_response,instructional,90,,,,assessment_plans/original/unit8_assessment_plan/unit8_assessment_plan.html|reference_library/question_structures/section_enrichment.json|reference_library/source_excerpts/section_source_excerpts.json|reference_library/reusable_tables/table_catalog.json|reference_library/reusable_figures/figure_catalog.json|sources/indexes/compact_stage_reference_map.json,
U8-S2-P1-I05,SPIRAL,Algebra 1,8,8.2,Practice Set 1,Practice Set 1,,INTRO,,,,,U8-S2-I-TRANSFORM_MULTI-01,representation_shift,transformation equation -> verbal transformation,2,Students will analyze transformations across multiple function families.,"I can build transformed function rules from parent functions across linear, quadratic, exponential, and absolute value families.",Connect representations; use algebraic structure precisely; model and interpret quantities; justify conclusions with mathematical evidence when the task requires it.,constructed_response,short_response,instructional,90,,,,assessment_plans/original/unit8_assessment_plan/unit8_assessment_plan.html|reference_library/question_structures/section_enrichment.json|reference_library/source_excerpts/section_source_excerpts.json|reference_library/reusable_tables/table_catalog.json|reference_library/reusable_figures/figure_catalog.json|sources/indexes/compact_stage_reference_map.json,
U8-S2-P1-I06,SPIRAL,Algebra 1,8,8.2,Practice Set 1,Practice Set 1,,INTRO,,,,,U8-S2-I-TRANSFORM_MULTI-02,conceptual_reword,transformation equation -> verbal transformation,2,Students will analyze transformations across multiple function families.,"I can build transformed function rules from parent functions across linear, quadratic, exponential, and absolute value families.",Connect representations; use algebraic structure precisely; model and interpret quantities; justify conclusions with mathematical evidence when the task requires it.,constructed_response,short_response,instructional,90,,,,assessment_plans/original/unit8_assessment_plan/unit8_assessment_plan.html|reference_library/question_structures/section_enrichment.json|reference_library/source_excerpts/section_source_excerpts.json|reference_library/reusable_tables/table_catalog.json|reference_library/reusable_figures/figure_catalog.json|sources/indexes/compact_stage_reference_map.json,
U8-S2-P1-I07,SPIRAL,Algebra 1,8,8.2,Practice Set 1,Practice Set 1,,INTRO,,,,,U8-S2-I-TRANSFORM_MULTI-03,reasoning_shift,transformation equation -> verbal transformation,2,Students will analyze transformations across multiple function families.,"I can build transformed function rules from parent functions across linear, quadratic, exponential, and absolute value families.",Connect representations; use algebraic structure precisely; model and interpret quantities; justify conclusions with mathematical evidence when the task requires it.,constructed_response,short_response,instructional,90,,,,assessment_plans/original/unit8_assessment_plan/unit8_assessment_plan.html|reference_library/question_structures/section_enrichment.json|reference_library/source_excerpts/section_source_excerpts.json|reference_library/reusable_tables/table_catalog.json|reference_library/reusable_figures/figure_catalog.json|sources/indexes/compact_stage_reference_map.json,
U8-S2-P1-I08,SPIRAL,Algebra 1,8,8.2,Practice Set 1,Practice Set 1,,INTRO,,,,,U8-S2-I-TRANSFORM_MULTI-04,routine_procedural_numeric,transformation equation -> verbal transformation,1,Students will analyze transformations across multiple function families.,"I can build transformed function rules from parent functions across linear, quadratic, exponential, and absolute value families.",Connect representations; use algebraic structure precisely; model and interpret quantities; justify conclusions with mathematical evidence when the task requires it.,constructed_response,short_response,instructional,90,,,,assessment_plans/original/unit8_assessment_plan/unit8_assessment_plan.html|reference_library/question_structures/section_enrichment.json|reference_library/source_excerpts/section_source_excerpts.json|reference_library/reusable_tables/table_catalog.json|reference_library/reusable_figures/figure_catalog.json|sources/indexes/compact_stage_reference_map.json,
U8-S2-P1-R01,SPIRAL,Algebra 1,8,8.2,Practice Set 1,Practice Set 1,,REVIEW,,,,,U8-S2-R-EXP_GRAPH-05,representation_shift,exponential equation -> graph features,2,Students will analyze transformations across multiple function families.,"I can build transformed function rules from parent functions across linear, quadratic, exponential, and absolute value families.",Connect representations; use algebraic structure precisely; model and interpret quantities; justify conclusions with mathematical evidence when the task requires it.,constructed_response,short_response,instructional,90,,,,assessment_plans/original/unit8_assessment_plan/unit8_assessment_plan.html|reference_library/question_structures/section_enrichment.json|reference_library/source_excerpts/section_source_excerpts.json|reference_library/reusable_tables/table_catalog.json|reference_library/reusable_figures/figure_catalog.json|sources/indexes/compact_stage_reference_map.json,
U8-S2-P1-R02,SPIRAL,Algebra 1,8,8.2,Practice Set 1,Practice Set 1,,REVIEW,,,,,U8-S2-R-EXP_GRAPH-01,conceptual_reword,exponential equation -> graph features,2,Students will analyze transformations across multiple function families.,"I can build transformed function rules from parent functions across linear, quadratic, exponential, and absolute value families.",Connect representations; use algebraic structure precisely; model and interpret quantities; justify conclusions with mathematical evidence when the task requires it.,constructed_response,short_response,instructional,90,,,,assessment_plans/original/unit8_assessment_plan/unit8_assessment_plan.html|reference_library/question_structures/section_enrichment.json|reference_library/source_excerpts/section_source_excerpts.json|reference_library/reusable_tables/table_catalog.json|reference_library/reusable_figures/figure_catalog.json|sources/indexes/compact_stage_reference_map.json,
U8-S2-P1-R03,SPIRAL,Algebra 1,8,8.2,Practice Set 1,Practice Set 1,,REVIEW,,,,,U8-S2-R-EXP_GRAPH-02,reasoning_shift,exponential equation -> graph features,2,Students will analyze transformations across multiple function families.,"I can build transformed function rules from parent functions across linear, quadratic, exponential, and absolute value families.",Connect representations; use algebraic structure precisely; model and interpret quantities; justify conclusions with mathematical evidence when the task requires it.,constructed_response,short_response,instructional,90,,,,assessment_plans/original/unit8_assessment_plan/unit8_assessment_plan.html|reference_library/question_structures/section_enrichment.json|reference_library/source_excerpts/section_source_excerpts.json|reference_library/reusable_tables/table_catalog.json|reference_library/reusable_figures/figure_catalog.json|sources/indexes/compact_stage_reference_map.json,
U8-S2-P1-R04,SPIRAL,Algebra 1,8,8.2,Practice Set 1,Practice Set 1,,REVIEW,,,,,U8-S2-R-EXP_GRAPH-03,routine_procedural_numeric,exponential equation -> graph features,1,Students will analyze transformations across multiple function families.,"I can build transformed function rules from parent functions across linear, quadratic, exponential, and absolute value families.",Connect representations; use algebraic structure precisely; model and interpret quantities; justify conclusions with mathematical evidence when the task requires it.,constructed_response,short_response,instructional,90,,,,assessment_plans/original/unit8_assessment_plan/unit8_assessment_plan.html|reference_library/question_structures/section_enrichment.json|reference_library/source_excerpts/section_source_excerpts.json|reference_library/reusable_tables/table_catalog.json|reference_library/reusable_figures/figure_catalog.json|sources/indexes/compact_stage_reference_map.json,
U8-S2-P1-R05,SPIRAL,Algebra 1,8,8.2,Practice Set 1,Practice Set 1,,REVIEW,,,,,U8-S2-R-EXP_GRAPH-04,representation_shift,exponential equation -> graph features,2,Students will analyze transformations across multiple function families.,"I can build transformed function rules from parent functions across linear, quadratic, exponential, and absolute value families.",Connect representations; use algebraic structure precisely; model and interpret quantities; justify conclusions with mathematical evidence when the task requires it.,constructed_response,short_response,instructional,90,,,,assessment_plans/original/unit8_assessment_plan/unit8_assessment_plan.html|reference_library/question_structures/section_enrichment.json|reference_library/source_excerpts/section_source_excerpts.json|reference_library/reusable_tables/table_catalog.json|reference_library/reusable_figures/figure_catalog.json|sources/indexes/compact_stage_reference_map.json,
U8-S2-P1-M01,SPIRAL,Algebra 1,8,8.2,Practice Set 1,Practice Set 1,,MASTERY,,,,,U8-S2-M-COMPLETE_SQUARE-05,conceptual_reword,standard quadratic -> complete square -> solutions,2,Students will analyze transformations across multiple function families.,"I can build transformed function rules from parent functions across linear, quadratic, exponential, and absolute value families.",Connect representations; use algebraic structure precisely; model and interpret quantities; justify conclusions with mathematical evidence when the task requires it.,constructed_response,short_response,instructional,90,,,,assessment_plans/original/unit8_assessment_plan/unit8_assessment_plan.html|reference_library/question_structures/section_enrichment.json|reference_library/source_excerpts/section_source_excerpts.json|reference_library/reusable_tables/table_catalog.json|reference_library/reusable_figures/figure_catalog.json|sources/indexes/compact_stage_reference_map.json,
U8-S2-P1-M02,SPIRAL,Algebra 1,8,8.2,Practice Set 1,Practice Set 1,,MASTERY,,,,,U8-S2-M-COMPLETE_SQUARE-01,reasoning_shift,standard quadratic -> complete square -> solutions,2,Students will analyze transformations across multiple function families.,"I can build transformed function rules from parent functions across linear, quadratic, exponential, and absolute value families.",Connect representations; use algebraic structure precisely; model and interpret quantities; justify conclusions with mathematical evidence when the task requires it.,constructed_response,short_response,instructional,90,,,,assessment_plans/original/unit8_assessment_plan/unit8_assessment_plan.html|reference_library/question_structures/section_enrichment.json|reference_library/source_excerpts/section_source_excerpts.json|reference_library/reusable_tables/table_catalog.json|reference_library/reusable_figures/figure_catalog.json|sources/indexes/compact_stage_reference_map.json,
U8-S2-P1-M03,SPIRAL,Algebra 1,8,8.2,Practice Set 1,Practice Set 1,,MASTERY,,,,,U8-S2-M-COMPLETE_SQUARE-02,routine_procedural_numeric,standard quadratic -> complete square -> solutions,1,Students will analyze transformations across multiple function families.,"I can build transformed function rules from parent functions across linear, quadratic, exponential, and absolute value families.",Connect representations; use algebraic structure precisely; model and interpret quantities; justify conclusions with mathematical evidence when the task requires it.,constructed_response,short_response,instructional,90,,,,assessment_plans/original/unit8_assessment_plan/unit8_assessment_plan.html|reference_library/question_structures/section_enrichment.json|reference_library/source_excerpts/section_source_excerpts.json|reference_library/reusable_tables/table_catalog.json|reference_library/reusable_figures/figure_catalog.json|sources/indexes/compact_stage_reference_map.json,
U8-S2-P1-M04,SPIRAL,Algebra 1,8,8.2,Practice Set 1,Practice Set 1,,MASTERY,,,,,U8-S2-M-COMPLETE_SQUARE-03,representation_shift,standard quadratic -> complete square -> solutions,2,Students will analyze transformations across multiple function families.,"I can build transformed function rules from parent functions across linear, quadratic, exponential, and absolute value families.",Connect representations; use algebraic structure precisely; model and interpret quantities; justify conclusions with mathematical evidence when the task requires it.,constructed_response,short_response,instructional,90,,,,assessment_plans/original/unit8_assessment_plan/unit8_assessment_plan.html|reference_library/question_structures/section_enrichment.json|reference_library/source_excerpts/section_source_excerpts.json|reference_library/reusable_tables/table_catalog.json|reference_library/reusable_figures/figure_catalog.json|sources/indexes/compact_stage_reference_map.json,
U8-S2-P1-M05,SPIRAL,Algebra 1,8,8.2,Practice Set 1,Practice Set 1,,MASTERY,,,,,U8-S2-M-COMPLETE_SQUARE-04,conceptual_reword,standard quadratic -> complete square -> solutions,2,Students will analyze transformations across multiple function families.,"I can build transformed function rules from parent functions across linear, quadratic, exponential, and absolute value families.",Connect representations; use algebraic structure precisely; model and interpret quantities; justify conclusions with mathematical evidence when the task requires it.,constructed_response,short_response,instructional,90,,,,assessment_plans/original/unit8_assessment_plan/unit8_assessment_plan.html|reference_library/question_structures/section_enrichment.json|reference_library/source_excerpts/section_source_excerpts.json|reference_library/reusable_tables/table_catalog.json|reference_library/reusable_figures/figure_catalog.json|sources/indexes/compact_stage_reference_map.json,
U8-S2-P1-M06,SPIRAL,Algebra 1,8,8.2,Practice Set 1,Practice Set 1,,MASTERY,,,,,U8-S2-M-COMPLETE_SQUARE-05,reasoning_shift,standard quadratic -> complete square -> solutions,2,Students will analyze transformations across multiple function families.,"I can build transformed function rules from parent functions across linear, quadratic, exponential, and absolute value families.",Connect representations; use algebraic structure precisely; model and interpret quantities; justify conclusions with mathematical evidence when the task requires it.,constructed_response,short_response,instructional,90,,,,assessment_plans/original/unit8_assessment_plan/unit8_assessment_plan.html|reference_library/question_structures/section_enrichment.json|reference_library/source_excerpts/section_source_excerpts.json|reference_library/reusable_tables/table_catalog.json|reference_library/reusable_figures/figure_catalog.json|sources/indexes/compact_stage_reference_map.json,
U8-S2-P1-M07,SPIRAL,Algebra 1,8,8.2,Practice Set 1,Practice Set 1,,MASTERY,,,,,U8-S2-M-COMPLETE_SQUARE-01,routine_procedural_numeric,standard quadratic -> complete square -> solutions,1,Students will analyze transformations across multiple function families.,"I can build transformed function rules from parent functions across linear, quadratic, exponential, and absolute value families.",Connect representations; use algebraic structure precisely; model and interpret quantities; justify conclusions with mathematical evidence when the task requires it.,constructed_response,short_response,instructional,90,,,,assessment_plans/original/unit8_assessment_plan/unit8_assessment_plan.html|reference_library/question_structures/section_enrichment.json|reference_library/source_excerpts/section_source_excerpts.json|reference_library/reusable_tables/table_catalog.json|reference_library/reusable_figures/figure_catalog.json|sources/indexes/compact_stage_reference_map.json,
U8-S2-P2-I01,SPIRAL,Algebra 1,8,8.2,Practice Set 2,Practice Set 2,,INTRO,,,,,U8-S2-I-TRANSFORM_MULTI-02,conceptual_reword,transformation equation -> verbal transformation,2,Students will analyze transformations across multiple function families.,"I can build transformed function rules from parent functions across linear, quadratic, exponential, and absolute value families.",Connect representations; use algebraic structure precisely; model and interpret quantities; justify conclusions with mathematical evidence when the task requires it.,constructed_response,short_response,instructional,90,,,,assessment_plans/original/unit8_assessment_plan/unit8_assessment_plan.html|reference_library/question_structures/section_enrichment.json|reference_library/source_excerpts/section_source_excerpts.json|reference_library/reusable_tables/table_catalog.json|reference_library/reusable_figures/figure_catalog.json|sources/indexes/compact_stage_reference_map.json,
U8-S2-P2-I02,SPIRAL,Algebra 1,8,8.2,Practice Set 2,Practice Set 2,,INTRO,,,,,U8-S2-I-TRANSFORM_MULTI-03,reasoning_shift,transformation equation -> verbal transformation,2,Students will analyze transformations across multiple function families.,"I can build transformed function rules from parent functions across linear, quadratic, exponential, and absolute value families.",Connect representations; use algebraic structure precisely; model and interpret quantities; justify conclusions with mathematical evidence when the task requires it.,constructed_response,short_response,instructional,90,,,,assessment_plans/original/unit8_assessment_plan/unit8_assessment_plan.html|reference_library/question_structures/section_enrichment.json|reference_library/source_excerpts/section_source_excerpts.json|reference_library/reusable_tables/table_catalog.json|reference_library/reusable_figures/figure_catalog.json|sources/indexes/compact_stage_reference_map.json,
U8-S2-P2-I03,SPIRAL,Algebra 1,8,8.2,Practice Set 2,Practice Set 2,,INTRO,,,,,U8-S2-I-TRANSFORM_MULTI-04,routine_procedural_numeric,transformation equation -> verbal transformation,2,Students will analyze transformations across multiple function families.,"I can build transformed function rules from parent functions across linear, quadratic, exponential, and absolute value families.",Connect representations; use algebraic structure precisely; model and interpret quantities; justify conclusions with mathematical evidence when the task requires it.,constructed_response,short_response,instructional,90,,,,assessment_plans/original/unit8_assessment_plan/unit8_assessment_plan.html|reference_library/question_structures/section_enrichment.json|reference_library/source_excerpts/section_source_excerpts.json|reference_library/reusable_tables/table_catalog.json|reference_library/reusable_figures/figure_catalog.json|sources/indexes/compact_stage_reference_map.json,
U8-S2-P2-I04,SPIRAL,Algebra 1,8,8.2,Practice Set 2,Practice Set 2,,INTRO,,,,,U8-S2-I-TRANSFORM_MULTI-05,representation_shift,transformation equation -> verbal transformation,1,Students will analyze transformations across multiple function families.,"I can build transformed function rules from parent functions across linear, quadratic, exponential, and absolute value families.",Connect representations; use algebraic structure precisely; model and interpret quantities; justify conclusions with mathematical evidence when the task requires it.,constructed_response,short_response,instructional,90,,,,assessment_plans/original/unit8_assessment_plan/unit8_assessment_plan.html|reference_library/question_structures/section_enrichment.json|reference_library/source_excerpts/section_source_excerpts.json|reference_library/reusable_tables/table_catalog.json|reference_library/reusable_figures/figure_catalog.json|sources/indexes/compact_stage_reference_map.json,
U8-S2-P2-I05,SPIRAL,Algebra 1,8,8.2,Practice Set 2,Practice Set 2,,INTRO,,,,,U8-S2-I-TRANSFORM_MULTI-01,conceptual_reword,transformation equation -> verbal transformation,2,Students will analyze transformations across multiple function families.,"I can build transformed function rules from parent functions across linear, quadratic, exponential, and absolute value families.",Connect representations; use algebraic structure precisely; model and interpret quantities; justify conclusions with mathematical evidence when the task requires it.,constructed_response,short_response,instructional,90,,,,assessment_plans/original/unit8_assessment_plan/unit8_assessment_plan.html|reference_library/question_structures/section_enrichment.json|reference_library/source_excerpts/section_source_excerpts.json|reference_library/reusable_tables/table_catalog.json|reference_library/reusable_figures/figure_catalog.json|sources/indexes/compact_stage_reference_map.json,
U8-S2-P2-R01,SPIRAL,Algebra 1,8,8.2,Practice Set 2,Practice Set 2,,REVIEW,,,,,U8-S2-R-EXP_GRAPH-02,reasoning_shift,exponential equation -> graph features,2,Students will analyze transformations across multiple function families.,"I can build transformed function rules from parent functions across linear, quadratic, exponential, and absolute value families.",Connect representations; use algebraic structure precisely; model and interpret quantities; justify conclusions with mathematical evidence when the task requires it.,constructed_response,short_response,instructional,90,,,,assessment_plans/original/unit8_assessment_plan/unit8_assessment_plan.html|reference_library/question_structures/section_enrichment.json|reference_library/source_excerpts/section_source_excerpts.json|reference_library/reusable_tables/table_catalog.json|reference_library/reusable_figures/figure_catalog.json|sources/indexes/compact_stage_reference_map.json,
U8-S2-P2-R02,SPIRAL,Algebra 1,8,8.2,Practice Set 2,Practice Set 2,,REVIEW,,,,,U8-S2-R-EXP_GRAPH-03,routine_procedural_numeric,exponential equation -> graph features,2,Students will analyze transformations across multiple function families.,"I can build transformed function rules from parent functions across linear, quadratic, exponential, and absolute value families.",Connect representations; use algebraic structure precisely; model and interpret quantities; justify conclusions with mathematical evidence when the task requires it.,constructed_response,short_response,instructional,90,,,,assessment_plans/original/unit8_assessment_plan/unit8_assessment_plan.html|reference_library/question_structures/section_enrichment.json|reference_library/source_excerpts/section_source_excerpts.json|reference_library/reusable_tables/table_catalog.json|reference_library/reusable_figures/figure_catalog.json|sources/indexes/compact_stage_reference_map.json,
U8-S2-P2-R03,SPIRAL,Algebra 1,8,8.2,Practice Set 2,Practice Set 2,,REVIEW,,,,,U8-S2-R-EXP_GRAPH-04,representation_shift,exponential equation -> graph features,1,Students will analyze transformations across multiple function families.,"I can build transformed function rules from parent functions across linear, quadratic, exponential, and absolute value families.",Connect representations; use algebraic structure precisely; model and interpret quantities; justify conclusions with mathematical evidence when the task requires it.,constructed_response,short_response,instructional,90,,,,assessment_plans/original/unit8_assessment_plan/unit8_assessment_plan.html|reference_library/question_structures/section_enrichment.json|reference_library/source_excerpts/section_source_excerpts.json|reference_library/reusable_tables/table_catalog.json|reference_library/reusable_figures/figure_catalog.json|sources/indexes/compact_stage_reference_map.json,
U8-S2-P2-R04,SPIRAL,Algebra 1,8,8.2,Practice Set 2,Practice Set 2,,REVIEW,,,,,U8-S2-R-EXP_GRAPH-05,conceptual_reword,exponential equation -> graph features,2,Students will analyze transformations across multiple function families.,"I can build transformed function rules from parent functions across linear, quadratic, exponential, and absolute value families.",Connect representations; use algebraic structure precisely; model and interpret quantities; justify conclusions with mathematical evidence when the task requires it.,constructed_response,short_response,instructional,90,,,,assessment_plans/original/unit8_assessment_plan/unit8_assessment_plan.html|reference_library/question_structures/section_enrichment.json|reference_library/source_excerpts/section_source_excerpts.json|reference_library/reusable_tables/table_catalog.json|reference_library/reusable_figures/figure_catalog.json|sources/indexes/compact_stage_reference_map.json,
U8-S2-P2-R05,SPIRAL,Algebra 1,8,8.2,Practice Set 2,Practice Set 2,,REVIEW,,,,,U8-S2-R-EXP_GRAPH-01,reasoning_shift,exponential equation -> graph features,2,Students will analyze transformations across multiple function families.,"I can build transformed function rules from parent functions across linear, quadratic, exponential, and absolute value families.",Connect representations; use algebraic structure precisely; model and interpret quantities; justify conclusions with mathematical evidence when the task requires it.,constructed_response,short_response,instructional,90,,,,assessment_plans/original/unit8_assessment_plan/unit8_assessment_plan.html|reference_library/question_structures/section_enrichment.json|reference_library/source_excerpts/section_source_excerpts.json|reference_library/reusable_tables/table_catalog.json|reference_library/reusable_figures/figure_catalog.json|sources/indexes/compact_stage_reference_map.json,
U8-S2-P2-M01,SPIRAL,Algebra 1,8,8.2,Practice Set 2,Practice Set 2,,MASTERY,,,,,U8-S2-M-COMPLETE_SQUARE-02,routine_procedural_numeric,standard quadratic -> complete square -> solutions,2,Students will analyze transformations across multiple function families.,"I can build transformed function rules from parent functions across linear, quadratic, exponential, and absolute value families.",Connect representations; use algebraic structure precisely; model and interpret quantities; justify conclusions with mathematical evidence when the task requires it.,constructed_response,short_response,instructional,90,,,,assessment_plans/original/unit8_assessment_plan/unit8_assessment_plan.html|reference_library/question_structures/section_enrichment.json|reference_library/source_excerpts/section_source_excerpts.json|reference_library/reusable_tables/table_catalog.json|reference_library/reusable_figures/figure_catalog.json|sources/indexes/compact_stage_reference_map.json,
U8-S2-P2-M02,SPIRAL,Algebra 1,8,8.2,Practice Set 2,Practice Set 2,,MASTERY,,,,,U8-S2-M-COMPLETE_SQUARE-03,representation_shift,standard quadratic -> complete square -> solutions,1,Students will analyze transformations across multiple function families.,"I can build transformed function rules from parent functions across linear, quadratic, exponential, and absolute value families.",Connect representations; use algebraic structure precisely; model and interpret quantities; justify conclusions with mathematical evidence when the task requires it.,constructed_response,short_response,instructional,90,,,,assessment_plans/original/unit8_assessment_plan/unit8_assessment_plan.html|reference_library/question_structures/section_enrichment.json|reference_library/source_excerpts/section_source_excerpts.json|reference_library/reusable_tables/table_catalog.json|reference_library/reusable_figures/figure_catalog.json|sources/indexes/compact_stage_reference_map.json,
U8-S2-P2-M03,SPIRAL,Algebra 1,8,8.2,Practice Set 2,Practice Set 2,,MASTERY,,,,,U8-S2-M-COMPLETE_SQUARE-04,conceptual_reword,standard quadratic -> complete square -> solutions,2,Students will analyze transformations across multiple function families.,"I can build transformed function rules from parent functions across linear, quadratic, exponential, and absolute value families.",Connect representations; use algebraic structure precisely; model and interpret quantities; justify conclusions with mathematical evidence when the task requires it.,constructed_response,short_response,instructional,90,,,,assessment_plans/original/unit8_assessment_plan/unit8_assessment_plan.html|reference_library/question_structures/section_enrichment.json|reference_library/source_excerpts/section_source_excerpts.json|reference_library/reusable_tables/table_catalog.json|reference_library/reusable_figures/figure_catalog.json|sources/indexes/compact_stage_reference_map.json,
U8-S2-P2-M04,SPIRAL,Algebra 1,8,8.2,Practice Set 2,Practice Set 2,,MASTERY,,,,,U8-S2-M-COMPLETE_SQUARE-05,reasoning_shift,standard quadratic -> complete square -> solutions,2,Students will analyze transformations across multiple function families.,"I can build transformed function rules from parent functions across linear, quadratic, exponential, and absolute value families.",Connect representations; use algebraic structure precisely; model and interpret quantities; justify conclusions with mathematical evidence when the task requires it.,constructed_response,short_response,instructional,90,,,,assessment_plans/original/unit8_assessment_plan/unit8_assessment_plan.html|reference_library/question_structures/section_enrichment.json|reference_library/source_excerpts/section_source_excerpts.json|reference_library/reusable_tables/table_catalog.json|reference_library/reusable_figures/figure_catalog.json|sources/indexes/compact_stage_reference_map.json,
U8-S2-P2-M05,SPIRAL,Algebra 1,8,8.2,Practice Set 2,Practice Set 2,,MASTERY,,,,,U8-S2-M-COMPLETE_SQUARE-01,routine_procedural_numeric,standard quadratic -> complete square -> solutions,2,Students will analyze transformations across multiple function families.,"I can build transformed function rules from parent functions across linear, quadratic, exponential, and absolute value families.",Connect representations; use algebraic structure precisely; model and interpret quantities; justify conclusions with mathematical evidence when the task requires it.,constructed_response,short_response,instructional,90,,,,assessment_plans/original/unit8_assessment_plan/unit8_assessment_plan.html|reference_library/question_structures/section_enrichment.json|reference_library/source_excerpts/section_source_excerpts.json|reference_library/reusable_tables/table_catalog.json|reference_library/reusable_figures/figure_catalog.json|sources/indexes/compact_stage_reference_map.json,
U8-S2-P2-M06,SPIRAL,Algebra 1,8,8.2,Practice Set 2,Practice Set 2,,MASTERY,,,,,U8-S2-M-COMPLETE_SQUARE-02,representation_shift,standard quadratic -> complete square -> solutions,1,Students will analyze transformations across multiple function families.,"I can build transformed function rules from parent functions across linear, quadratic, exponential, and absolute value families.",Connect representations; use algebraic structure precisely; model and interpret quantities; justify conclusions with mathematical evidence when the task requires it.,constructed_response,short_response,instructional,90,,,,assessment_plans/original/unit8_assessment_plan/unit8_assessment_plan.html|reference_library/question_structures/section_enrichment.json|reference_library/source_excerpts/section_source_excerpts.json|reference_library/reusable_tables/table_catalog.json|reference_library/reusable_figures/figure_catalog.json|sources/indexes/compact_stage_reference_map.json,
U8-S2-P2-M07,SPIRAL,Algebra 1,8,8.2,Practice Set 2,Practice Set 2,,MASTERY,,,,,U8-S2-M-COMPLETE_SQUARE-03,conceptual_reword,standard quadratic -> complete square -> solutions,2,Students will analyze transformations across multiple function families.,"I can build transformed function rules from parent functions across linear, quadratic, exponential, and absolute value families.",Connect representations; use algebraic structure precisely; model and interpret quantities; justify conclusions with mathematical evidence when the task requires it.,constructed_response,short_response,instructional,90,,,,assessment_plans/original/unit8_assessment_plan/unit8_assessment_plan.html|reference_library/question_structures/section_enrichment.json|reference_library/source_excerpts/section_source_excerpts.json|reference_library/reusable_tables/table_catalog.json|reference_library/reusable_figures/figure_catalog.json|sources/indexes/compact_stage_reference_map.json,
U8-S2-P2-I06,SPIRAL,Algebra 1,8,8.2,Practice Set 2,Practice Set 2,,INTRO,,,,,U8-S2-I-TRANSFORM_MULTI-04,reasoning_shift,transformation equation -> verbal transformation,2,Students will analyze transformations across multiple function families.,"I can build transformed function rules from parent functions across linear, quadratic, exponential, and absolute value families.",Connect representations; use algebraic structure precisely; model and interpret quantities; justify conclusions with mathematical evidence when the task requires it.,constructed_response,short_response,instructional,90,,,,assessment_plans/original/unit8_assessment_plan/unit8_assessment_plan.html|reference_library/question_structures/section_enrichment.json|reference_library/source_excerpts/section_source_excerpts.json|reference_library/reusable_tables/table_catalog.json|reference_library/reusable_figures/figure_catalog.json|sources/indexes/compact_stage_reference_map.json,
U8-S2-P2-I07,SPIRAL,Algebra 1,8,8.2,Practice Set 2,Practice Set 2,,INTRO,,,,,U8-S2-I-TRANSFORM_MULTI-05,routine_procedural_numeric,transformation equation -> verbal transformation,2,Students will analyze transformations across multiple function families.,"I can build transformed function rules from parent functions across linear, quadratic, exponential, and absolute value families.",Connect representations; use algebraic structure precisely; model and interpret quantities; justify conclusions with mathematical evidence when the task requires it.,constructed_response,short_response,instructional,90,,,,assessment_plans/original/unit8_assessment_plan/unit8_assessment_plan.html|reference_library/question_structures/section_enrichment.json|reference_library/source_excerpts/section_source_excerpts.json|reference_library/reusable_tables/table_catalog.json|reference_library/reusable_figures/figure_catalog.json|sources/indexes/compact_stage_reference_map.json,
U8-S2-P2-I08,SPIRAL,Algebra 1,8,8.2,Practice Set 2,Practice Set 2,,INTRO,,,,,U8-S2-I-TRANSFORM_MULTI-01,representation_shift,transformation equation -> verbal transformation,1,Students will analyze transformations across multiple function families.,"I can build transformed function rules from parent functions across linear, quadratic, exponential, and absolute value families.",Connect representations; use algebraic structure precisely; model and interpret quantities; justify conclusions with mathematical evidence when the task requires it.,constructed_response,short_response,instructional,90,,,,assessment_plans/original/unit8_assessment_plan/unit8_assessment_plan.html|reference_library/question_structures/section_enrichment.json|reference_library/source_excerpts/section_source_excerpts.json|reference_library/reusable_tables/table_catalog.json|reference_library/reusable_figures/figure_catalog.json|sources/indexes/compact_stage_reference_map.json,
U8-S2-P3-I01,SPIRAL,Algebra 1,8,8.2,Practice Set 3,Practice Set 3,,INTRO,,,,,U8-S2-I-TRANSFORM_MULTI-02,reasoning_shift,transformation equation -> verbal transformation,2,Students will analyze transformations across multiple function families.,"I can build transformed function rules from parent functions across linear, quadratic, exponential, and absolute value families.",Connect representations; use algebraic structure precisely; model and interpret quantities; justify conclusions with mathematical evidence when the task requires it.,constructed_response,short_response,instructional,90,,,,assessment_plans/original/unit8_assessment_plan/unit8_assessment_plan.html|reference_library/question_structures/section_enrichment.json|reference_library/source_excerpts/section_source_excerpts.json|reference_library/reusable_tables/table_catalog.json|reference_library/reusable_figures/figure_catalog.json|sources/indexes/compact_stage_reference_map.json,
U8-S2-P3-I02,SPIRAL,Algebra 1,8,8.2,Practice Set 3,Practice Set 3,,INTRO,,,,,U8-S2-I-TRANSFORM_MULTI-03,routine_procedural_numeric,transformation equation -> verbal transformation,2,Students will analyze transformations across multiple function families.,"I can build transformed function rules from parent functions across linear, quadratic, exponential, and absolute value families.",Connect representations; use algebraic structure precisely; model and interpret quantities; justify conclusions with mathematical evidence when the task requires it.,constructed_response,short_response,instructional,90,,,,assessment_plans/original/unit8_assessment_plan/unit8_assessment_plan.html|reference_library/question_structures/section_enrichment.json|reference_library/source_excerpts/section_source_excerpts.json|reference_library/reusable_tables/table_catalog.json|reference_library/reusable_figures/figure_catalog.json|sources/indexes/compact_stage_reference_map.json,
U8-S2-P3-R01,SPIRAL,Algebra 1,8,8.2,Practice Set 3,Practice Set 3,,REVIEW,,,,,U8-S2-R-EXP_GRAPH-04,representation_shift,exponential equation -> graph features,2,Students will analyze transformations across multiple function families.,"I can build transformed function rules from parent functions across linear, quadratic, exponential, and absolute value families.",Connect representations; use algebraic structure precisely; model and interpret quantities; justify conclusions with mathematical evidence when the task requires it.,constructed_response,short_response,instructional,90,,,,assessment_plans/original/unit8_assessment_plan/unit8_assessment_plan.html|reference_library/question_structures/section_enrichment.json|reference_library/source_excerpts/section_source_excerpts.json|reference_library/reusable_tables/table_catalog.json|reference_library/reusable_figures/figure_catalog.json|sources/indexes/compact_stage_reference_map.json,
U8-S2-P3-R02,SPIRAL,Algebra 1,8,8.2,Practice Set 3,Practice Set 3,,REVIEW,,,,,U8-S2-R-EXP_GRAPH-05,conceptual_reword,exponential equation -> graph features,1,Students will analyze transformations across multiple function families.,"I can build transformed function rules from parent functions across linear, quadratic, exponential, and absolute value families.",Connect representations; use algebraic structure precisely; model and interpret quantities; justify conclusions with mathematical evidence when the task requires it.,constructed_response,short_response,instructional,90,,,,assessment_plans/original/unit8_assessment_plan/unit8_assessment_plan.html|reference_library/question_structures/section_enrichment.json|reference_library/source_excerpts/section_source_excerpts.json|reference_library/reusable_tables/table_catalog.json|reference_library/reusable_figures/figure_catalog.json|sources/indexes/compact_stage_reference_map.json,
U8-S2-P3-R03,SPIRAL,Algebra 1,8,8.2,Practice Set 3,Practice Set 3,,REVIEW,,,,,U8-S2-R-EXP_GRAPH-01,reasoning_shift,exponential equation -> graph features,2,Students will analyze transformations across multiple function families.,"I can build transformed function rules from parent functions across linear, quadratic, exponential, and absolute value families.",Connect representations; use algebraic structure precisely; model and interpret quantities; justify conclusions with mathematical evidence when the task requires it.,constructed_response,short_response,instructional,90,,,,assessment_plans/original/unit8_assessment_plan/unit8_assessment_plan.html|reference_library/question_structures/section_enrichment.json|reference_library/source_excerpts/section_source_excerpts.json|reference_library/reusable_tables/table_catalog.json|reference_library/reusable_figures/figure_catalog.json|sources/indexes/compact_stage_reference_map.json,
U8-S2-P3-R04,SPIRAL,Algebra 1,8,8.2,Practice Set 3,Practice Set 3,,REVIEW,,,,,U8-S2-R-EXP_GRAPH-02,routine_procedural_numeric,exponential equation -> graph features,2,Students will analyze transformations across multiple function families.,"I can build transformed function rules from parent functions across linear, quadratic, exponential, and absolute value families.",Connect representations; use algebraic structure precisely; model and interpret quantities; justify conclusions with mathematical evidence when the task requires it.,constructed_response,short_response,instructional,90,,,,assessment_plans/original/unit8_assessment_plan/unit8_assessment_plan.html|reference_library/question_structures/section_enrichment.json|reference_library/source_excerpts/section_source_excerpts.json|reference_library/reusable_tables/table_catalog.json|reference_library/reusable_figures/figure_catalog.json|sources/indexes/compact_stage_reference_map.json,
U8-S2-P3-R05,SPIRAL,Algebra 1,8,8.2,Practice Set 3,Practice Set 3,,REVIEW,,,,,U8-S2-R-EXP_GRAPH-03,representation_shift,exponential equation -> graph features,2,Students will analyze transformations across multiple function families.,"I can build transformed function rules from parent functions across linear, quadratic, exponential, and absolute value families.",Connect representations; use algebraic structure precisely; model and interpret quantities; justify conclusions with mathematical evidence when the task requires it.,constructed_response,short_response,instructional,90,,,,assessment_plans/original/unit8_assessment_plan/unit8_assessment_plan.html|reference_library/question_structures/section_enrichment.json|reference_library/source_excerpts/section_source_excerpts.json|reference_library/reusable_tables/table_catalog.json|reference_library/reusable_figures/figure_catalog.json|sources/indexes/compact_stage_reference_map.json,
U8-S2-P3-M01,SPIRAL,Algebra 1,8,8.2,Practice Set 3,Practice Set 3,,MASTERY,,,,,U8-S2-M-COMPLETE_SQUARE-04,conceptual_reword,standard quadratic -> complete square -> solutions,1,Students will analyze transformations across multiple function families.,"I can build transformed function rules from parent functions across linear, quadratic, exponential, and absolute value families.",Connect representations; use algebraic structure precisely; model and interpret quantities; justify conclusions with mathematical evidence when the task requires it.,constructed_response,short_response,instructional,90,,,,assessment_plans/original/unit8_assessment_plan/unit8_assessment_plan.html|reference_library/question_structures/section_enrichment.json|reference_library/source_excerpts/section_source_excerpts.json|reference_library/reusable_tables/table_catalog.json|reference_library/reusable_figures/figure_catalog.json|sources/indexes/compact_stage_reference_map.json,
U8-S2-P3-M02,SPIRAL,Algebra 1,8,8.2,Practice Set 3,Practice Set 3,,MASTERY,,,,,U8-S2-M-COMPLETE_SQUARE-05,reasoning_shift,standard quadratic -> complete square -> solutions,2,Students will analyze transformations across multiple function families.,"I can build transformed function rules from parent functions across linear, quadratic, exponential, and absolute value families.",Connect representations; use algebraic structure precisely; model and interpret quantities; justify conclusions with mathematical evidence when the task requires it.,constructed_response,short_response,instructional,90,,,,assessment_plans/original/unit8_assessment_plan/unit8_assessment_plan.html|reference_library/question_structures/section_enrichment.json|reference_library/source_excerpts/section_source_excerpts.json|reference_library/reusable_tables/table_catalog.json|reference_library/reusable_figures/figure_catalog.json|sources/indexes/compact_stage_reference_map.json,
U8-S2-P3-M03,SPIRAL,Algebra 1,8,8.2,Practice Set 3,Practice Set 3,,MASTERY,,,,,U8-S2-M-COMPLETE_SQUARE-01,routine_procedural_numeric,standard quadratic -> complete square -> solutions,2,Students will analyze transformations across multiple function families.,"I can build transformed function rules from parent functions across linear, quadratic, exponential, and absolute value families.",Connect representations; use algebraic structure precisely; model and interpret quantities; justify conclusions with mathematical evidence when the task requires it.,constructed_response,short_response,instructional,90,,,,assessment_plans/original/unit8_assessment_plan/unit8_assessment_plan.html|reference_library/question_structures/section_enrichment.json|reference_library/source_excerpts/section_source_excerpts.json|reference_library/reusable_tables/table_catalog.json|reference_library/reusable_figures/figure_catalog.json|sources/indexes/compact_stage_reference_map.json,
U8-S2-P3-M04,SPIRAL,Algebra 1,8,8.2,Practice Set 3,Practice Set 3,,MASTERY,,,,,U8-S2-M-COMPLETE_SQUARE-02,representation_shift,standard quadratic -> complete square -> solutions,2,Students will analyze transformations across multiple function families.,"I can build transformed function rules from parent functions across linear, quadratic, exponential, and absolute value families.",Connect representations; use algebraic structure precisely; model and interpret quantities; justify conclusions with mathematical evidence when the task requires it.,constructed_response,short_response,instructional,90,,,,assessment_plans/original/unit8_assessment_plan/unit8_assessment_plan.html|reference_library/question_structures/section_enrichment.json|reference_library/source_excerpts/section_source_excerpts.json|reference_library/reusable_tables/table_catalog.json|reference_library/reusable_figures/figure_catalog.json|sources/indexes/compact_stage_reference_map.json,
U8-S2-P3-M05,SPIRAL,Algebra 1,8,8.2,Practice Set 3,Practice Set 3,,MASTERY,,,,,U8-S2-M-COMPLETE_SQUARE-03,conceptual_reword,standard quadratic -> complete square -> solutions,1,Students will analyze transformations across multiple function families.,"I can build transformed function rules from parent functions across linear, quadratic, exponential, and absolute value families.",Connect representations; use algebraic structure precisely; model and interpret quantities; justify conclusions with mathematical evidence when the task requires it.,constructed_response,short_response,instructional,90,,,,assessment_plans/original/unit8_assessment_plan/unit8_assessment_plan.html|reference_library/question_structures/section_enrichment.json|reference_library/source_excerpts/section_source_excerpts.json|reference_library/reusable_tables/table_catalog.json|reference_library/reusable_figures/figure_catalog.json|sources/indexes/compact_stage_reference_map.json,
U8-S2-P3-M06,SPIRAL,Algebra 1,8,8.2,Practice Set 3,Practice Set 3,,MASTERY,,,,,U8-S2-M-COMPLETE_SQUARE-04,reasoning_shift,standard quadratic -> complete square -> solutions,2,Students will analyze transformations across multiple function families.,"I can build transformed function rules from parent functions across linear, quadratic, exponential, and absolute value families.",Connect representations; use algebraic structure precisely; model and interpret quantities; justify conclusions with mathematical evidence when the task requires it.,constructed_response,short_response,instructional,90,,,,assessment_plans/original/unit8_assessment_plan/unit8_assessment_plan.html|reference_library/question_structures/section_enrichment.json|reference_library/source_excerpts/section_source_excerpts.json|reference_library/reusable_tables/table_catalog.json|reference_library/reusable_figures/figure_catalog.json|sources/indexes/compact_stage_reference_map.json,
U8-S2-P3-M07,SPIRAL,Algebra 1,8,8.2,Practice Set 3,Practice Set 3,,MASTERY,,,,,U8-S2-M-COMPLETE_SQUARE-05,routine_procedural_numeric,standard quadratic -> complete square -> solutions,2,Students will analyze transformations across multiple function families.,"I can build transformed function rules from parent functions across linear, quadratic, exponential, and absolute value families.",Connect representations; use algebraic structure precisely; model and interpret quantities; justify conclusions with mathematical evidence when the task requires it.,constructed_response,short_response,instructional,90,,,,assessment_plans/original/unit8_assessment_plan/unit8_assessment_plan.html|reference_library/question_structures/section_enrichment.json|reference_library/source_excerpts/section_source_excerpts.json|reference_library/reusable_tables/table_catalog.json|reference_library/reusable_figures/figure_catalog.json|sources/indexes/compact_stage_reference_map.json,
U8-S2-P3-I03,SPIRAL,Algebra 1,8,8.2,Practice Set 3,Practice Set 3,,INTRO,,,,,U8-S2-I-TRANSFORM_MULTI-01,representation_shift,transformation equation -> verbal transformation,2,Students will analyze transformations across multiple function families.,"I can build transformed function rules from parent functions across linear, quadratic, exponential, and absolute value families.",Connect representations; use algebraic structure precisely; model and interpret quantities; justify conclusions with mathematical evidence when the task requires it.,constructed_response,short_response,instructional,90,,,,assessment_plans/original/unit8_assessment_plan/unit8_assessment_plan.html|reference_library/question_structures/section_enrichment.json|reference_library/source_excerpts/section_source_excerpts.json|reference_library/reusable_tables/table_catalog.json|reference_library/reusable_figures/figure_catalog.json|sources/indexes/compact_stage_reference_map.json,
U8-S2-P3-I04,SPIRAL,Algebra 1,8,8.2,Practice Set 3,Practice Set 3,,INTRO,,,,,U8-S2-I-TRANSFORM_MULTI-02,conceptual_reword,transformation equation -> verbal transformation,1,Students will analyze transformations across multiple function families.,"I can build transformed function rules from parent functions across linear, quadratic, exponential, and absolute value families.",Connect representations; use algebraic structure precisely; model and interpret quantities; justify conclusions with mathematical evidence when the task requires it.,constructed_response,short_response,instructional,90,,,,assessment_plans/original/unit8_assessment_plan/unit8_assessment_plan.html|reference_library/question_structures/section_enrichment.json|reference_library/source_excerpts/section_source_excerpts.json|reference_library/reusable_tables/table_catalog.json|reference_library/reusable_figures/figure_catalog.json|sources/indexes/compact_stage_reference_map.json,
U8-S2-P3-I05,SPIRAL,Algebra 1,8,8.2,Practice Set 3,Practice Set 3,,INTRO,,,,,U8-S2-I-TRANSFORM_MULTI-03,reasoning_shift,transformation equation -> verbal transformation,2,Students will analyze transformations across multiple function families.,"I can build transformed function rules from parent functions across linear, quadratic, exponential, and absolute value families.",Connect representations; use algebraic structure precisely; model and interpret quantities; justify conclusions with mathematical evidence when the task requires it.,constructed_response,short_response,instructional,90,,,,assessment_plans/original/unit8_assessment_plan/unit8_assessment_plan.html|reference_library/question_structures/section_enrichment.json|reference_library/source_excerpts/section_source_excerpts.json|reference_library/reusable_tables/table_catalog.json|reference_library/reusable_figures/figure_catalog.json|sources/indexes/compact_stage_reference_map.json,
U8-S2-P3-I06,SPIRAL,Algebra 1,8,8.2,Practice Set 3,Practice Set 3,,INTRO,,,,,U8-S2-I-TRANSFORM_MULTI-04,routine_procedural_numeric,transformation equation -> verbal transformation,2,Students will analyze transformations across multiple function families.,"I can build transformed function rules from parent functions across linear, quadratic, exponential, and absolute value families.",Connect representations; use algebraic structure precisely; model and interpret quantities; justify conclusions with mathematical evidence when the task requires it.,constructed_response,short_response,instructional,90,,,,assessment_plans/original/unit8_assessment_plan/unit8_assessment_plan.html|reference_library/question_structures/section_enrichment.json|reference_library/source_excerpts/section_source_excerpts.json|reference_library/reusable_tables/table_catalog.json|reference_library/reusable_figures/figure_catalog.json|sources/indexes/compact_stage_reference_map.json,
U8-S2-P3-I07,SPIRAL,Algebra 1,8,8.2,Practice Set 3,Practice Set 3,,INTRO,,,,,U8-S2-I-TRANSFORM_MULTI-05,representation_shift,transformation equation -> verbal transformation,2,Students will analyze transformations across multiple function families.,"I can build transformed function rules from parent functions across linear, quadratic, exponential, and absolute value families.",Connect representations; use algebraic structure precisely; model and interpret quantities; justify conclusions with mathematical evidence when the task requires it.,constructed_response,short_response,instructional,90,,,,assessment_plans/original/unit8_assessment_plan/unit8_assessment_plan.html|reference_library/question_structures/section_enrichment.json|reference_library/source_excerpts/section_source_excerpts.json|reference_library/reusable_tables/table_catalog.json|reference_library/reusable_figures/figure_catalog.json|sources/indexes/compact_stage_reference_map.json,
U8-S2-P3-I08,SPIRAL,Algebra 1,8,8.2,Practice Set 3,Practice Set 3,,INTRO,,,,,U8-S2-I-TRANSFORM_MULTI-01,conceptual_reword,transformation equation -> verbal transformation,1,Students will analyze transformations across multiple function families.,"I can build transformed function rules from parent functions across linear, quadratic, exponential, and absolute value families.",Connect representations; use algebraic structure precisely; model and interpret quantities; justify conclusions with mathematical evidence when the task requires it.,constructed_response,short_response,instructional,90,,,,assessment_plans/original/unit8_assessment_plan/unit8_assessment_plan.html|reference_library/question_structures/section_enrichment.json|reference_library/source_excerpts/section_source_excerpts.json|reference_library/reusable_tables/table_catalog.json|reference_library/reusable_figures/figure_catalog.json|sources/indexes/compact_stage_reference_map.json,
U8-S2-PX-R01,SPIRAL,Algebra 1,8,8.2,Extra Practice,Extra Practice,,REVIEW,,,,,U8-S2-R-EXP_GRAPH-02,routine_procedural_numeric,exponential equation -> graph features,2,Students will analyze transformations across multiple function families.,"I can build transformed function rules from parent functions across linear, quadratic, exponential, and absolute value families.",Connect representations; use algebraic structure precisely; model and interpret quantities; justify conclusions with mathematical evidence when the task requires it.,constructed_response,short_response,instructional,90,,,,assessment_plans/original/unit8_assessment_plan/unit8_assessment_plan.html|reference_library/question_structures/section_enrichment.json|reference_library/source_excerpts/section_source_excerpts.json|reference_library/reusable_tables/table_catalog.json|reference_library/reusable_figures/figure_catalog.json|sources/indexes/compact_stage_reference_map.json,
U8-S2-PX-R02,SPIRAL,Algebra 1,8,8.2,Extra Practice,Extra Practice,,REVIEW,,,,,U8-S2-R-EXP_GRAPH-03,representation_shift,exponential equation -> graph features,2,Students will analyze transformations across multiple function families.,"I can build transformed function rules from parent functions across linear, quadratic, exponential, and absolute value families.",Connect representations; use algebraic structure precisely; model and interpret quantities; justify conclusions with mathematical evidence when the task requires it.,constructed_response,short_response,instructional,90,,,,assessment_plans/original/unit8_assessment_plan/unit8_assessment_plan.html|reference_library/question_structures/section_enrichment.json|reference_library/source_excerpts/section_source_excerpts.json|reference_library/reusable_tables/table_catalog.json|reference_library/reusable_figures/figure_catalog.json|sources/indexes/compact_stage_reference_map.json,
U8-S2-PX-R03,SPIRAL,Algebra 1,8,8.2,Extra Practice,Extra Practice,,REVIEW,,,,,U8-S2-R-EXP_GRAPH-04,conceptual_reword,exponential equation -> graph features,2,Students will analyze transformations across multiple function families.,"I can build transformed function rules from parent functions across linear, quadratic, exponential, and absolute value families.",Connect representations; use algebraic structure precisely; model and interpret quantities; justify conclusions with mathematical evidence when the task requires it.,constructed_response,short_response,instructional,90,,,,assessment_plans/original/unit8_assessment_plan/unit8_assessment_plan.html|reference_library/question_structures/section_enrichment.json|reference_library/source_excerpts/section_source_excerpts.json|reference_library/reusable_tables/table_catalog.json|reference_library/reusable_figures/figure_catalog.json|sources/indexes/compact_stage_reference_map.json,
U8-S2-PX-R04,SPIRAL,Algebra 1,8,8.2,Extra Practice,Extra Practice,,REVIEW,,,,,U8-S2-R-EXP_GRAPH-05,reasoning_shift,exponential equation -> graph features,1,Students will analyze transformations across multiple function families.,"I can build transformed function rules from parent functions across linear, quadratic, exponential, and absolute value families.",Connect representations; use algebraic structure precisely; model and interpret quantities; justify conclusions with mathematical evidence when the task requires it.,constructed_response,short_response,instructional,90,,,,assessment_plans/original/unit8_assessment_plan/unit8_assessment_plan.html|reference_library/question_structures/section_enrichment.json|reference_library/source_excerpts/section_source_excerpts.json|reference_library/reusable_tables/table_catalog.json|reference_library/reusable_figures/figure_catalog.json|sources/indexes/compact_stage_reference_map.json,
U8-S2-PX-M01,SPIRAL,Algebra 1,8,8.2,Extra Practice,Extra Practice,,MASTERY,,,,,U8-S2-M-COMPLETE_SQUARE-01,routine_procedural_numeric,standard quadratic -> complete square -> solutions,2,Students will analyze transformations across multiple function families.,"I can build transformed function rules from parent functions across linear, quadratic, exponential, and absolute value families.",Connect representations; use algebraic structure precisely; model and interpret quantities; justify conclusions with mathematical evidence when the task requires it.,constructed_response,short_response,instructional,90,,,,assessment_plans/original/unit8_assessment_plan/unit8_assessment_plan.html|reference_library/question_structures/section_enrichment.json|reference_library/source_excerpts/section_source_excerpts.json|reference_library/reusable_tables/table_catalog.json|reference_library/reusable_figures/figure_catalog.json|sources/indexes/compact_stage_reference_map.json,
U8-S2-PX-M02,SPIRAL,Algebra 1,8,8.2,Extra Practice,Extra Practice,,MASTERY,,,,,U8-S2-M-COMPLETE_SQUARE-02,representation_shift,standard quadratic -> complete square -> solutions,2,Students will analyze transformations across multiple function families.,"I can build transformed function rules from parent functions across linear, quadratic, exponential, and absolute value families.",Connect representations; use algebraic structure precisely; model and interpret quantities; justify conclusions with mathematical evidence when the task requires it.,constructed_response,short_response,instructional,90,,,,assessment_plans/original/unit8_assessment_plan/unit8_assessment_plan.html|reference_library/question_structures/section_enrichment.json|reference_library/source_excerpts/section_source_excerpts.json|reference_library/reusable_tables/table_catalog.json|reference_library/reusable_figures/figure_catalog.json|sources/indexes/compact_stage_reference_map.json,
U8-S2-PX-M03,SPIRAL,Algebra 1,8,8.2,Extra Practice,Extra Practice,,MASTERY,,,,,U8-S2-M-COMPLETE_SQUARE-03,conceptual_reword,standard quadratic -> complete square -> solutions,2,Students will analyze transformations across multiple function families.,"I can build transformed function rules from parent functions across linear, quadratic, exponential, and absolute value families.",Connect representations; use algebraic structure precisely; model and interpret quantities; justify conclusions with mathematical evidence when the task requires it.,constructed_response,short_response,instructional,90,,,,assessment_plans/original/unit8_assessment_plan/unit8_assessment_plan.html|reference_library/question_structures/section_enrichment.json|reference_library/source_excerpts/section_source_excerpts.json|reference_library/reusable_tables/table_catalog.json|reference_library/reusable_figures/figure_catalog.json|sources/indexes/compact_stage_reference_map.json,
U8-S2-PX-M04,SPIRAL,Algebra 1,8,8.2,Extra Practice,Extra Practice,,MASTERY,,,,,U8-S2-M-COMPLETE_SQUARE-04,reasoning_shift,standard quadratic -> complete square -> solutions,1,Students will analyze transformations across multiple function families.,"I can build transformed function rules from parent functions across linear, quadratic, exponential, and absolute value families.",Connect representations; use algebraic structure precisely; model and interpret quantities; justify conclusions with mathematical evidence when the task requires it.,constructed_response,short_response,instructional,90,,,,assessment_plans/original/unit8_assessment_plan/unit8_assessment_plan.html|reference_library/question_structures/section_enrichment.json|reference_library/source_excerpts/section_source_excerpts.json|reference_library/reusable_tables/table_catalog.json|reference_library/reusable_figures/figure_catalog.json|sources/indexes/compact_stage_reference_map.json,
U8-S2-PX-M05,SPIRAL,Algebra 1,8,8.2,Extra Practice,Extra Practice,,MASTERY,,,,,U8-S2-M-COMPLETE_SQUARE-05,routine_procedural_numeric,standard quadratic -> complete square -> solutions,2,Students will analyze transformations across multiple function families.,"I can build transformed function rules from parent functions across linear, quadratic, exponential, and absolute value families.",Connect representations; use algebraic structure precisely; model and interpret quantities; justify conclusions with mathematical evidence when the task requires it.,constructed_response,short_response,instructional,90,,,,assessment_plans/original/unit8_assessment_plan/unit8_assessment_plan.html|reference_library/question_structures/section_enrichment.json|reference_library/source_excerpts/section_source_excerpts.json|reference_library/reusable_tables/table_catalog.json|reference_library/reusable_figures/figure_catalog.json|sources/indexes/compact_stage_reference_map.json,
U8-S2-PX-M06,SPIRAL,Algebra 1,8,8.2,Extra Practice,Extra Practice,,MASTERY,,,,,U8-S2-M-COMPLETE_SQUARE-01,representation_shift,standard quadratic -> complete square -> solutions,2,Students will analyze transformations across multiple function families.,"I can build transformed function rules from parent functions across linear, quadratic, exponential, and absolute value families.",Connect representations; use algebraic structure precisely; model and interpret quantities; justify conclusions with mathematical evidence when the task requires it.,constructed_response,short_response,instructional,90,,,,assessment_plans/original/unit8_assessment_plan/unit8_assessment_plan.html|reference_library/question_structures/section_enrichment.json|reference_library/source_excerpts/section_source_excerpts.json|reference_library/reusable_tables/table_catalog.json|reference_library/reusable_figures/figure_catalog.json|sources/indexes/compact_stage_reference_map.json,
U8-S2-PX-M07,SPIRAL,Algebra 1,8,8.2,Extra Practice,Extra Practice,,MASTERY,,,,,U8-S2-M-COMPLETE_SQUARE-02,conceptual_reword,standard quadratic -> complete square -> solutions,2,Students will analyze transformations across multiple function families.,"I can build transformed function rules from parent functions across linear, quadratic, exponential, and absolute value families.",Connect representations; use algebraic structure precisely; model and interpret quantities; justify conclusions with mathematical evidence when the task requires it.,constructed_response,short_response,instructional,90,,,,assessment_plans/original/unit8_assessment_plan/unit8_assessment_plan.html|reference_library/question_structures/section_enrichment.json|reference_library/source_excerpts/section_source_excerpts.json|reference_library/reusable_tables/table_catalog.json|reference_library/reusable_figures/figure_catalog.json|sources/indexes/compact_stage_reference_map.json,
U8-S2-PX-I01,SPIRAL,Algebra 1,8,8.2,Extra Practice,Extra Practice,,INTRO,,,,,U8-S2-I-TRANSFORM_MULTI-03,reasoning_shift,transformation equation -> verbal transformation,1,Students will analyze transformations across multiple function families.,"I can build transformed function rules from parent functions across linear, quadratic, exponential, and absolute value families.",Connect representations; use algebraic structure precisely; model and interpret quantities; justify conclusions with mathematical evidence when the task requires it.,constructed_response,short_response,instructional,90,,,,assessment_plans/original/unit8_assessment_plan/unit8_assessment_plan.html|reference_library/question_structures/section_enrichment.json|reference_library/source_excerpts/section_source_excerpts.json|reference_library/reusable_tables/table_catalog.json|reference_library/reusable_figures/figure_catalog.json|sources/indexes/compact_stage_reference_map.json,
U8-S2-PX-I02,SPIRAL,Algebra 1,8,8.2,Extra Practice,Extra Practice,,INTRO,,,,,U8-S2-I-TRANSFORM_MULTI-04,routine_procedural_numeric,transformation equation -> verbal transformation,2,Students will analyze transformations across multiple function families.,"I can build transformed function rules from parent functions across linear, quadratic, exponential, and absolute value families.",Connect representations; use algebraic structure precisely; model and interpret quantities; justify conclusions with mathematical evidence when the task requires it.,constructed_response,short_response,instructional,90,,,,assessment_plans/original/unit8_assessment_plan/unit8_assessment_plan.html|reference_library/question_structures/section_enrichment.json|reference_library/source_excerpts/section_source_excerpts.json|reference_library/reusable_tables/table_catalog.json|reference_library/reusable_figures/figure_catalog.json|sources/indexes/compact_stage_reference_map.json,
U8-S2-PX-I03,SPIRAL,Algebra 1,8,8.2,Extra Practice,Extra Practice,,INTRO,,,,,U8-S2-I-TRANSFORM_MULTI-05,representation_shift,transformation equation -> verbal transformation,2,Students will analyze transformations across multiple function families.,"I can build transformed function rules from parent functions across linear, quadratic, exponential, and absolute value families.",Connect representations; use algebraic structure precisely; model and interpret quantities; justify conclusions with mathematical evidence when the task requires it.,constructed_response,short_response,instructional,90,,,,assessment_plans/original/unit8_assessment_plan/unit8_assessment_plan.html|reference_library/question_structures/section_enrichment.json|reference_library/source_excerpts/section_source_excerpts.json|reference_library/reusable_tables/table_catalog.json|reference_library/reusable_figures/figure_catalog.json|sources/indexes/compact_stage_reference_map.json,
U8-S2-PX-I04,SPIRAL,Algebra 1,8,8.2,Extra Practice,Extra Practice,,INTRO,,,,,U8-S2-I-TRANSFORM_MULTI-01,conceptual_reword,transformation equation -> verbal transformation,2,Students will analyze transformations across multiple function families.,"I can build transformed function rules from parent functions across linear, quadratic, exponential, and absolute value families.",Connect representations; use algebraic structure precisely; model and interpret quantities; justify conclusions with mathematical evidence when the task requires it.,constructed_response,short_response,instructional,90,,,,assessment_plans/original/unit8_assessment_plan/unit8_assessment_plan.html|reference_library/question_structures/section_enrichment.json|reference_library/source_excerpts/section_source_excerpts.json|reference_library/reusable_tables/table_catalog.json|reference_library/reusable_figures/figure_catalog.json|sources/indexes/compact_stage_reference_map.json,
U8-S2-PX-I05,SPIRAL,Algebra 1,8,8.2,Extra Practice,Extra Practice,,INTRO,,,,,U8-S2-I-TRANSFORM_MULTI-02,reasoning_shift,transformation equation -> verbal transformation,1,Students will analyze transformations across multiple function families.,"I can build transformed function rules from parent functions across linear, quadratic, exponential, and absolute value families.",Connect representations; use algebraic structure precisely; model and interpret quantities; justify conclusions with mathematical evidence when the task requires it.,constructed_response,short_response,instructional,90,,,,assessment_plans/original/unit8_assessment_plan/unit8_assessment_plan.html|reference_library/question_structures/section_enrichment.json|reference_library/source_excerpts/section_source_excerpts.json|reference_library/reusable_tables/table_catalog.json|reference_library/reusable_figures/figure_catalog.json|sources/indexes/compact_stage_reference_map.json,
U8-S2-PX-I06,SPIRAL,Algebra 1,8,8.2,Extra Practice,Extra Practice,,INTRO,,,,,U8-S2-I-TRANSFORM_MULTI-03,routine_procedural_numeric,transformation equation -> verbal transformation,2,Students will analyze transformations across multiple function families.,"I can build transformed function rules from parent functions across linear, quadratic, exponential, and absolute value families.",Connect representations; use algebraic structure precisely; model and interpret quantities; justify conclusions with mathematical evidence when the task requires it.,constructed_response,short_response,instructional,90,,,,assessment_plans/original/unit8_assessment_plan/unit8_assessment_plan.html|reference_library/question_structures/section_enrichment.json|reference_library/source_excerpts/section_source_excerpts.json|reference_library/reusable_tables/table_catalog.json|reference_library/reusable_figures/figure_catalog.json|sources/indexes/compact_stage_reference_map.json,
U8-S2-PX-I07,SPIRAL,Algebra 1,8,8.2,Extra Practice,Extra Practice,,INTRO,,,,,U8-S2-I-TRANSFORM_MULTI-04,representation_shift,transformation equation -> verbal transformation,2,Students will analyze transformations across multiple function families.,"I can build transformed function rules from parent functions across linear, quadratic, exponential, and absolute value families.",Connect representations; use algebraic structure precisely; model and interpret quantities; justify conclusions with mathematical evidence when the task requires it.,constructed_response,short_response,instructional,90,,,,assessment_plans/original/unit8_assessment_plan/unit8_assessment_plan.html|reference_library/question_structures/section_enrichment.json|reference_library/source_excerpts/section_source_excerpts.json|reference_library/reusable_tables/table_catalog.json|reference_library/reusable_figures/figure_catalog.json|sources/indexes/compact_stage_reference_map.json,
U8-S2-PX-I08,SPIRAL,Algebra 1,8,8.2,Extra Practice,Extra Practice,,INTRO,,,,,U8-S2-I-TRANSFORM_MULTI-05,conceptual_reword,transformation equation -> verbal transformation,2,Students will analyze transformations across multiple function families.,"I can build transformed function rules from parent functions across linear, quadratic, exponential, and absolute value families.",Connect representations; use algebraic structure precisely; model and interpret quantities; justify conclusions with mathematical evidence when the task requires it.,constructed_response,short_response,instructional,90,,,,assessment_plans/original/unit8_assessment_plan/unit8_assessment_plan.html|reference_library/question_structures/section_enrichment.json|reference_library/source_excerpts/section_source_excerpts.json|reference_library/reusable_tables/table_catalog.json|reference_library/reusable_figures/figure_catalog.json|sources/indexes/compact_stage_reference_map.json,
U8-S2-PX-R05,SPIRAL,Algebra 1,8,8.2,Extra Practice,Extra Practice,,REVIEW,,,,,U8-S2-R-EXP_GRAPH-01,reasoning_shift,exponential equation -> graph features,1,Students will analyze transformations across multiple function families.,"I can build transformed function rules from parent functions across linear, quadratic, exponential, and absolute value families.",Connect representations; use algebraic structure precisely; model and interpret quantities; justify conclusions with mathematical evidence when the task requires it.,constructed_response,short_response,instructional,90,,,,assessment_plans/original/unit8_assessment_plan/unit8_assessment_plan.html|reference_library/question_structures/section_enrichment.json|reference_library/source_excerpts/section_source_excerpts.json|reference_library/reusable_tables/table_catalog.json|reference_library/reusable_figures/figure_catalog.json|sources/indexes/compact_stage_reference_map.json,
U8-S3-P1-I01,SPIRAL,Algebra 1,8,8.3,Practice Set 1,Practice Set 1,,INTRO,,,,,U8-S3-I-ABS_PIECEWISE-02,representation_shift,absolute-value rule -> vertex/output/piecewise behavior,2,Students will analyze and model situations involving absolute value functions.,"I can design an absolute value or piecewise representation for situations with distance, change in direction, or two-part behavior.",Connect representations; use algebraic structure precisely; model and interpret quantities; justify conclusions with mathematical evidence when the task requires it.,constructed_response,short_response,instructional,90,,,,assessment_plans/original/unit8_assessment_plan/unit8_assessment_plan.html|reference_library/question_structures/section_enrichment.json|reference_library/source_excerpts/section_source_excerpts.json|reference_library/reusable_tables/table_catalog.json|reference_library/reusable_figures/figure_catalog.json|sources/indexes/compact_stage_reference_map.json,
U8-S3-P1-I02,SPIRAL,Algebra 1,8,8.3,Practice Set 1,Practice Set 1,,INTRO,,,,,U8-S3-I-ABS_PIECEWISE-03,conceptual_reword,absolute-value rule -> vertex/output/piecewise behavior,2,Students will analyze and model situations involving absolute value functions.,"I can design an absolute value or piecewise representation for situations with distance, change in direction, or two-part behavior.",Connect representations; use algebraic structure precisely; model and interpret quantities; justify conclusions with mathematical evidence when the task requires it.,constructed_response,short_response,instructional,90,,,,assessment_plans/original/unit8_assessment_plan/unit8_assessment_plan.html|reference_library/question_structures/section_enrichment.json|reference_library/source_excerpts/section_source_excerpts.json|reference_library/reusable_tables/table_catalog.json|reference_library/reusable_figures/figure_catalog.json|sources/indexes/compact_stage_reference_map.json,
U8-S3-P1-I03,SPIRAL,Algebra 1,8,8.3,Practice Set 1,Practice Set 1,,INTRO,,,,,U8-S3-I-ABS_PIECEWISE-04,reasoning_shift,absolute-value rule -> vertex/output/piecewise behavior,2,Students will analyze and model situations involving absolute value functions.,"I can design an absolute value or piecewise representation for situations with distance, change in direction, or two-part behavior.",Connect representations; use algebraic structure precisely; model and interpret quantities; justify conclusions with mathematical evidence when the task requires it.,constructed_response,short_response,instructional,90,,,,assessment_plans/original/unit8_assessment_plan/unit8_assessment_plan.html|reference_library/question_structures/section_enrichment.json|reference_library/source_excerpts/section_source_excerpts.json|reference_library/reusable_tables/table_catalog.json|reference_library/reusable_figures/figure_catalog.json|sources/indexes/compact_stage_reference_map.json,
U8-S3-P1-I04,SPIRAL,Algebra 1,8,8.3,Practice Set 1,Practice Set 1,,INTRO,,,,,U8-S3-I-ABS_PIECEWISE-05,routine_procedural_numeric,absolute-value rule -> vertex/output/piecewise behavior,1,Students will analyze and model situations involving absolute value functions.,"I can design an absolute value or piecewise representation for situations with distance, change in direction, or two-part behavior.",Connect representations; use algebraic structure precisely; model and interpret quantities; justify conclusions with mathematical evidence when the task requires it.,constructed_response,short_response,instructional,90,,,,assessment_plans/original/unit8_assessment_plan/unit8_assessment_plan.html|reference_library/question_structures/section_enrichment.json|reference_library/source_excerpts/section_source_excerpts.json|reference_library/reusable_tables/table_catalog.json|reference_library/reusable_figures/figure_catalog.json|sources/indexes/compact_stage_reference_map.json,
U8-S3-P1-I05,SPIRAL,Algebra 1,8,8.3,Practice Set 1,Practice Set 1,,INTRO,,,,,U8-S3-I-ABS_PIECEWISE-01,representation_shift,absolute-value rule -> vertex/output/piecewise behavior,2,Students will analyze and model situations involving absolute value functions.,"I can design an absolute value or piecewise representation for situations with distance, change in direction, or two-part behavior.",Connect representations; use algebraic structure precisely; model and interpret quantities; justify conclusions with mathematical evidence when the task requires it.,constructed_response,short_response,instructional,90,,,,assessment_plans/original/unit8_assessment_plan/unit8_assessment_plan.html|reference_library/question_structures/section_enrichment.json|reference_library/source_excerpts/section_source_excerpts.json|reference_library/reusable_tables/table_catalog.json|reference_library/reusable_figures/figure_catalog.json|sources/indexes/compact_stage_reference_map.json,
U8-S3-P1-I06,SPIRAL,Algebra 1,8,8.3,Practice Set 1,Practice Set 1,,INTRO,,,,,U8-S3-I-ABS_PIECEWISE-02,conceptual_reword,absolute-value rule -> vertex/output/piecewise behavior,2,Students will analyze and model situations involving absolute value functions.,"I can design an absolute value or piecewise representation for situations with distance, change in direction, or two-part behavior.",Connect representations; use algebraic structure precisely; model and interpret quantities; justify conclusions with mathematical evidence when the task requires it.,constructed_response,short_response,instructional,90,,,,assessment_plans/original/unit8_assessment_plan/unit8_assessment_plan.html|reference_library/question_structures/section_enrichment.json|reference_library/source_excerpts/section_source_excerpts.json|reference_library/reusable_tables/table_catalog.json|reference_library/reusable_figures/figure_catalog.json|sources/indexes/compact_stage_reference_map.json,
U8-S3-P1-I07,SPIRAL,Algebra 1,8,8.3,Practice Set 1,Practice Set 1,,INTRO,,,,,U8-S3-I-ABS_PIECEWISE-03,reasoning_shift,absolute-value rule -> vertex/output/piecewise behavior,2,Students will analyze and model situations involving absolute value functions.,"I can design an absolute value or piecewise representation for situations with distance, change in direction, or two-part behavior.",Connect representations; use algebraic structure precisely; model and interpret quantities; justify conclusions with mathematical evidence when the task requires it.,constructed_response,short_response,instructional,90,,,,assessment_plans/original/unit8_assessment_plan/unit8_assessment_plan.html|reference_library/question_structures/section_enrichment.json|reference_library/source_excerpts/section_source_excerpts.json|reference_library/reusable_tables/table_catalog.json|reference_library/reusable_figures/figure_catalog.json|sources/indexes/compact_stage_reference_map.json,
U8-S3-P1-I08,SPIRAL,Algebra 1,8,8.3,Practice Set 1,Practice Set 1,,INTRO,,,,,U8-S3-I-ABS_PIECEWISE-04,routine_procedural_numeric,absolute-value rule -> vertex/output/piecewise behavior,1,Students will analyze and model situations involving absolute value functions.,"I can design an absolute value or piecewise representation for situations with distance, change in direction, or two-part behavior.",Connect representations; use algebraic structure precisely; model and interpret quantities; justify conclusions with mathematical evidence when the task requires it.,constructed_response,short_response,instructional,90,,,,assessment_plans/original/unit8_assessment_plan/unit8_assessment_plan.html|reference_library/question_structures/section_enrichment.json|reference_library/source_excerpts/section_source_excerpts.json|reference_library/reusable_tables/table_catalog.json|reference_library/reusable_figures/figure_catalog.json|sources/indexes/compact_stage_reference_map.json,
U8-S3-P1-R01,SPIRAL,Algebra 1,8,8.3,Practice Set 1,Practice Set 1,,REVIEW,,,,,U8-S3-R-EXP_RECOGNIZE-05,representation_shift,table pattern -> function family,2,Students will analyze and model situations involving absolute value functions.,"I can design an absolute value or piecewise representation for situations with distance, change in direction, or two-part behavior.",Connect representations; use algebraic structure precisely; model and interpret quantities; justify conclusions with mathematical evidence when the task requires it.,constructed_response,short_response,instructional,90,,,,assessment_plans/original/unit8_assessment_plan/unit8_assessment_plan.html|reference_library/question_structures/section_enrichment.json|reference_library/source_excerpts/section_source_excerpts.json|reference_library/reusable_tables/table_catalog.json|reference_library/reusable_figures/figure_catalog.json|sources/indexes/compact_stage_reference_map.json,
U8-S3-P1-R02,SPIRAL,Algebra 1,8,8.3,Practice Set 1,Practice Set 1,,REVIEW,,,,,U8-S3-R-EXP_RECOGNIZE-01,conceptual_reword,table pattern -> function family,2,Students will analyze and model situations involving absolute value functions.,"I can design an absolute value or piecewise representation for situations with distance, change in direction, or two-part behavior.",Connect representations; use algebraic structure precisely; model and interpret quantities; justify conclusions with mathematical evidence when the task requires it.,constructed_response,short_response,instructional,90,,,,assessment_plans/original/unit8_assessment_plan/unit8_assessment_plan.html|reference_library/question_structures/section_enrichment.json|reference_library/source_excerpts/section_source_excerpts.json|reference_library/reusable_tables/table_catalog.json|reference_library/reusable_figures/figure_catalog.json|sources/indexes/compact_stage_reference_map.json,
U8-S3-P1-R03,SPIRAL,Algebra 1,8,8.3,Practice Set 1,Practice Set 1,,REVIEW,,,,,U8-S3-R-EXP_RECOGNIZE-02,reasoning_shift,table pattern -> function family,2,Students will analyze and model situations involving absolute value functions.,"I can design an absolute value or piecewise representation for situations with distance, change in direction, or two-part behavior.",Connect representations; use algebraic structure precisely; model and interpret quantities; justify conclusions with mathematical evidence when the task requires it.,constructed_response,short_response,instructional,90,,,,assessment_plans/original/unit8_assessment_plan/unit8_assessment_plan.html|reference_library/question_structures/section_enrichment.json|reference_library/source_excerpts/section_source_excerpts.json|reference_library/reusable_tables/table_catalog.json|reference_library/reusable_figures/figure_catalog.json|sources/indexes/compact_stage_reference_map.json,
U8-S3-P1-R04,SPIRAL,Algebra 1,8,8.3,Practice Set 1,Practice Set 1,,REVIEW,,,,,U8-S3-R-EXP_RECOGNIZE-03,routine_procedural_numeric,table pattern -> function family,1,Students will analyze and model situations involving absolute value functions.,"I can design an absolute value or piecewise representation for situations with distance, change in direction, or two-part behavior.",Connect representations; use algebraic structure precisely; model and interpret quantities; justify conclusions with mathematical evidence when the task requires it.,constructed_response,short_response,instructional,90,,,,assessment_plans/original/unit8_assessment_plan/unit8_assessment_plan.html|reference_library/question_structures/section_enrichment.json|reference_library/source_excerpts/section_source_excerpts.json|reference_library/reusable_tables/table_catalog.json|reference_library/reusable_figures/figure_catalog.json|sources/indexes/compact_stage_reference_map.json,
U8-S3-P1-R05,SPIRAL,Algebra 1,8,8.3,Practice Set 1,Practice Set 1,,REVIEW,,,,,U8-S3-R-EXP_RECOGNIZE-04,representation_shift,table pattern -> function family,2,Students will analyze and model situations involving absolute value functions.,"I can design an absolute value or piecewise representation for situations with distance, change in direction, or two-part behavior.",Connect representations; use algebraic structure precisely; model and interpret quantities; justify conclusions with mathematical evidence when the task requires it.,constructed_response,short_response,instructional,90,,,,assessment_plans/original/unit8_assessment_plan/unit8_assessment_plan.html|reference_library/question_structures/section_enrichment.json|reference_library/source_excerpts/section_source_excerpts.json|reference_library/reusable_tables/table_catalog.json|reference_library/reusable_figures/figure_catalog.json|sources/indexes/compact_stage_reference_map.json,
U8-S3-P1-M01,SPIRAL,Algebra 1,8,8.3,Practice Set 1,Practice Set 1,,MASTERY,,,,,U8-S3-M-SOLVE_FACTORED-05,conceptual_reword,factored quadratic equation -> zero product solutions,2,Students will analyze and model situations involving absolute value functions.,"I can design an absolute value or piecewise representation for situations with distance, change in direction, or two-part behavior.",Connect representations; use algebraic structure precisely; model and interpret quantities; justify conclusions with mathematical evidence when the task requires it.,constructed_response,short_response,instructional,90,,,,assessment_plans/original/unit8_assessment_plan/unit8_assessment_plan.html|reference_library/question_structures/section_enrichment.json|reference_library/source_excerpts/section_source_excerpts.json|reference_library/reusable_tables/table_catalog.json|reference_library/reusable_figures/figure_catalog.json|sources/indexes/compact_stage_reference_map.json,
U8-S3-P1-M02,SPIRAL,Algebra 1,8,8.3,Practice Set 1,Practice Set 1,,MASTERY,,,,,U8-S3-M-SOLVE_FACTORED-01,reasoning_shift,factored quadratic equation -> zero product solutions,2,Students will analyze and model situations involving absolute value functions.,"I can design an absolute value or piecewise representation for situations with distance, change in direction, or two-part behavior.",Connect representations; use algebraic structure precisely; model and interpret quantities; justify conclusions with mathematical evidence when the task requires it.,constructed_response,short_response,instructional,90,,,,assessment_plans/original/unit8_assessment_plan/unit8_assessment_plan.html|reference_library/question_structures/section_enrichment.json|reference_library/source_excerpts/section_source_excerpts.json|reference_library/reusable_tables/table_catalog.json|reference_library/reusable_figures/figure_catalog.json|sources/indexes/compact_stage_reference_map.json,
U8-S3-P1-M03,SPIRAL,Algebra 1,8,8.3,Practice Set 1,Practice Set 1,,MASTERY,,,,,U8-S3-M-SOLVE_FACTORED-02,routine_procedural_numeric,factored quadratic equation -> zero product solutions,1,Students will analyze and model situations involving absolute value functions.,"I can design an absolute value or piecewise representation for situations with distance, change in direction, or two-part behavior.",Connect representations; use algebraic structure precisely; model and interpret quantities; justify conclusions with mathematical evidence when the task requires it.,constructed_response,short_response,instructional,90,,,,assessment_plans/original/unit8_assessment_plan/unit8_assessment_plan.html|reference_library/question_structures/section_enrichment.json|reference_library/source_excerpts/section_source_excerpts.json|reference_library/reusable_tables/table_catalog.json|reference_library/reusable_figures/figure_catalog.json|sources/indexes/compact_stage_reference_map.json,
U8-S3-P1-M04,SPIRAL,Algebra 1,8,8.3,Practice Set 1,Practice Set 1,,MASTERY,,,,,U8-S3-M-SOLVE_FACTORED-03,representation_shift,factored quadratic equation -> zero product solutions,2,Students will analyze and model situations involving absolute value functions.,"I can design an absolute value or piecewise representation for situations with distance, change in direction, or two-part behavior.",Connect representations; use algebraic structure precisely; model and interpret quantities; justify conclusions with mathematical evidence when the task requires it.,constructed_response,short_response,instructional,90,,,,assessment_plans/original/unit8_assessment_plan/unit8_assessment_plan.html|reference_library/question_structures/section_enrichment.json|reference_library/source_excerpts/section_source_excerpts.json|reference_library/reusable_tables/table_catalog.json|reference_library/reusable_figures/figure_catalog.json|sources/indexes/compact_stage_reference_map.json,
U8-S3-P1-M05,SPIRAL,Algebra 1,8,8.3,Practice Set 1,Practice Set 1,,MASTERY,,,,,U8-S3-M-SOLVE_FACTORED-04,conceptual_reword,factored quadratic equation -> zero product solutions,2,Students will analyze and model situations involving absolute value functions.,"I can design an absolute value or piecewise representation for situations with distance, change in direction, or two-part behavior.",Connect representations; use algebraic structure precisely; model and interpret quantities; justify conclusions with mathematical evidence when the task requires it.,constructed_response,short_response,instructional,90,,,,assessment_plans/original/unit8_assessment_plan/unit8_assessment_plan.html|reference_library/question_structures/section_enrichment.json|reference_library/source_excerpts/section_source_excerpts.json|reference_library/reusable_tables/table_catalog.json|reference_library/reusable_figures/figure_catalog.json|sources/indexes/compact_stage_reference_map.json,
U8-S3-P1-M06,SPIRAL,Algebra 1,8,8.3,Practice Set 1,Practice Set 1,,MASTERY,,,,,U8-S3-M-SOLVE_FACTORED-05,reasoning_shift,factored quadratic equation -> zero product solutions,2,Students will analyze and model situations involving absolute value functions.,"I can design an absolute value or piecewise representation for situations with distance, change in direction, or two-part behavior.",Connect representations; use algebraic structure precisely; model and interpret quantities; justify conclusions with mathematical evidence when the task requires it.,constructed_response,short_response,instructional,90,,,,assessment_plans/original/unit8_assessment_plan/unit8_assessment_plan.html|reference_library/question_structures/section_enrichment.json|reference_library/source_excerpts/section_source_excerpts.json|reference_library/reusable_tables/table_catalog.json|reference_library/reusable_figures/figure_catalog.json|sources/indexes/compact_stage_reference_map.json,
U8-S3-P1-M07,SPIRAL,Algebra 1,8,8.3,Practice Set 1,Practice Set 1,,MASTERY,,,,,U8-S3-M-SOLVE_FACTORED-01,routine_procedural_numeric,factored quadratic equation -> zero product solutions,1,Students will analyze and model situations involving absolute value functions.,"I can design an absolute value or piecewise representation for situations with distance, change in direction, or two-part behavior.",Connect representations; use algebraic structure precisely; model and interpret quantities; justify conclusions with mathematical evidence when the task requires it.,constructed_response,short_response,instructional,90,,,,assessment_plans/original/unit8_assessment_plan/unit8_assessment_plan.html|reference_library/question_structures/section_enrichment.json|reference_library/source_excerpts/section_source_excerpts.json|reference_library/reusable_tables/table_catalog.json|reference_library/reusable_figures/figure_catalog.json|sources/indexes/compact_stage_reference_map.json,
U8-S3-P2-I01,SPIRAL,Algebra 1,8,8.3,Practice Set 2,Practice Set 2,,INTRO,,,,,U8-S3-I-ABS_PIECEWISE-02,conceptual_reword,absolute-value rule -> vertex/output/piecewise behavior,2,Students will analyze and model situations involving absolute value functions.,"I can design an absolute value or piecewise representation for situations with distance, change in direction, or two-part behavior.",Connect representations; use algebraic structure precisely; model and interpret quantities; justify conclusions with mathematical evidence when the task requires it.,constructed_response,short_response,instructional,90,,,,assessment_plans/original/unit8_assessment_plan/unit8_assessment_plan.html|reference_library/question_structures/section_enrichment.json|reference_library/source_excerpts/section_source_excerpts.json|reference_library/reusable_tables/table_catalog.json|reference_library/reusable_figures/figure_catalog.json|sources/indexes/compact_stage_reference_map.json,
U8-S3-P2-I02,SPIRAL,Algebra 1,8,8.3,Practice Set 2,Practice Set 2,,INTRO,,,,,U8-S3-I-ABS_PIECEWISE-03,reasoning_shift,absolute-value rule -> vertex/output/piecewise behavior,2,Students will analyze and model situations involving absolute value functions.,"I can design an absolute value or piecewise representation for situations with distance, change in direction, or two-part behavior.",Connect representations; use algebraic structure precisely; model and interpret quantities; justify conclusions with mathematical evidence when the task requires it.,constructed_response,short_response,instructional,90,,,,assessment_plans/original/unit8_assessment_plan/unit8_assessment_plan.html|reference_library/question_structures/section_enrichment.json|reference_library/source_excerpts/section_source_excerpts.json|reference_library/reusable_tables/table_catalog.json|reference_library/reusable_figures/figure_catalog.json|sources/indexes/compact_stage_reference_map.json,
U8-S3-P2-I03,SPIRAL,Algebra 1,8,8.3,Practice Set 2,Practice Set 2,,INTRO,,,,,U8-S3-I-ABS_PIECEWISE-04,routine_procedural_numeric,absolute-value rule -> vertex/output/piecewise behavior,2,Students will analyze and model situations involving absolute value functions.,"I can design an absolute value or piecewise representation for situations with distance, change in direction, or two-part behavior.",Connect representations; use algebraic structure precisely; model and interpret quantities; justify conclusions with mathematical evidence when the task requires it.,constructed_response,short_response,instructional,90,,,,assessment_plans/original/unit8_assessment_plan/unit8_assessment_plan.html|reference_library/question_structures/section_enrichment.json|reference_library/source_excerpts/section_source_excerpts.json|reference_library/reusable_tables/table_catalog.json|reference_library/reusable_figures/figure_catalog.json|sources/indexes/compact_stage_reference_map.json,
U8-S3-P2-I04,SPIRAL,Algebra 1,8,8.3,Practice Set 2,Practice Set 2,,INTRO,,,,,U8-S3-I-ABS_PIECEWISE-05,representation_shift,absolute-value rule -> vertex/output/piecewise behavior,1,Students will analyze and model situations involving absolute value functions.,"I can design an absolute value or piecewise representation for situations with distance, change in direction, or two-part behavior.",Connect representations; use algebraic structure precisely; model and interpret quantities; justify conclusions with mathematical evidence when the task requires it.,constructed_response,short_response,instructional,90,,,,assessment_plans/original/unit8_assessment_plan/unit8_assessment_plan.html|reference_library/question_structures/section_enrichment.json|reference_library/source_excerpts/section_source_excerpts.json|reference_library/reusable_tables/table_catalog.json|reference_library/reusable_figures/figure_catalog.json|sources/indexes/compact_stage_reference_map.json,
U8-S3-P2-I05,SPIRAL,Algebra 1,8,8.3,Practice Set 2,Practice Set 2,,INTRO,,,,,U8-S3-I-ABS_PIECEWISE-01,conceptual_reword,absolute-value rule -> vertex/output/piecewise behavior,2,Students will analyze and model situations involving absolute value functions.,"I can design an absolute value or piecewise representation for situations with distance, change in direction, or two-part behavior.",Connect representations; use algebraic structure precisely; model and interpret quantities; justify conclusions with mathematical evidence when the task requires it.,constructed_response,short_response,instructional,90,,,,assessment_plans/original/unit8_assessment_plan/unit8_assessment_plan.html|reference_library/question_structures/section_enrichment.json|reference_library/source_excerpts/section_source_excerpts.json|reference_library/reusable_tables/table_catalog.json|reference_library/reusable_figures/figure_catalog.json|sources/indexes/compact_stage_reference_map.json,
U8-S3-P2-R01,SPIRAL,Algebra 1,8,8.3,Practice Set 2,Practice Set 2,,REVIEW,,,,,U8-S3-R-EXP_RECOGNIZE-02,reasoning_shift,table pattern -> function family,2,Students will analyze and model situations involving absolute value functions.,"I can design an absolute value or piecewise representation for situations with distance, change in direction, or two-part behavior.",Connect representations; use algebraic structure precisely; model and interpret quantities; justify conclusions with mathematical evidence when the task requires it.,constructed_response,short_response,instructional,90,,,,assessment_plans/original/unit8_assessment_plan/unit8_assessment_plan.html|reference_library/question_structures/section_enrichment.json|reference_library/source_excerpts/section_source_excerpts.json|reference_library/reusable_tables/table_catalog.json|reference_library/reusable_figures/figure_catalog.json|sources/indexes/compact_stage_reference_map.json,
U8-S3-P2-R02,SPIRAL,Algebra 1,8,8.3,Practice Set 2,Practice Set 2,,REVIEW,,,,,U8-S3-R-EXP_RECOGNIZE-03,routine_procedural_numeric,table pattern -> function family,2,Students will analyze and model situations involving absolute value functions.,"I can design an absolute value or piecewise representation for situations with distance, change in direction, or two-part behavior.",Connect representations; use algebraic structure precisely; model and interpret quantities; justify conclusions with mathematical evidence when the task requires it.,constructed_response,short_response,instructional,90,,,,assessment_plans/original/unit8_assessment_plan/unit8_assessment_plan.html|reference_library/question_structures/section_enrichment.json|reference_library/source_excerpts/section_source_excerpts.json|reference_library/reusable_tables/table_catalog.json|reference_library/reusable_figures/figure_catalog.json|sources/indexes/compact_stage_reference_map.json,
U8-S3-P2-R03,SPIRAL,Algebra 1,8,8.3,Practice Set 2,Practice Set 2,,REVIEW,,,,,U8-S3-R-EXP_RECOGNIZE-04,representation_shift,table pattern -> function family,1,Students will analyze and model situations involving absolute value functions.,"I can design an absolute value or piecewise representation for situations with distance, change in direction, or two-part behavior.",Connect representations; use algebraic structure precisely; model and interpret quantities; justify conclusions with mathematical evidence when the task requires it.,constructed_response,short_response,instructional,90,,,,assessment_plans/original/unit8_assessment_plan/unit8_assessment_plan.html|reference_library/question_structures/section_enrichment.json|reference_library/source_excerpts/section_source_excerpts.json|reference_library/reusable_tables/table_catalog.json|reference_library/reusable_figures/figure_catalog.json|sources/indexes/compact_stage_reference_map.json,
U8-S3-P2-R04,SPIRAL,Algebra 1,8,8.3,Practice Set 2,Practice Set 2,,REVIEW,,,,,U8-S3-R-EXP_RECOGNIZE-05,conceptual_reword,table pattern -> function family,2,Students will analyze and model situations involving absolute value functions.,"I can design an absolute value or piecewise representation for situations with distance, change in direction, or two-part behavior.",Connect representations; use algebraic structure precisely; model and interpret quantities; justify conclusions with mathematical evidence when the task requires it.,constructed_response,short_response,instructional,90,,,,assessment_plans/original/unit8_assessment_plan/unit8_assessment_plan.html|reference_library/question_structures/section_enrichment.json|reference_library/source_excerpts/section_source_excerpts.json|reference_library/reusable_tables/table_catalog.json|reference_library/reusable_figures/figure_catalog.json|sources/indexes/compact_stage_reference_map.json,
U8-S3-P2-R05,SPIRAL,Algebra 1,8,8.3,Practice Set 2,Practice Set 2,,REVIEW,,,,,U8-S3-R-EXP_RECOGNIZE-01,reasoning_shift,table pattern -> function family,2,Students will analyze and model situations involving absolute value functions.,"I can design an absolute value or piecewise representation for situations with distance, change in direction, or two-part behavior.",Connect representations; use algebraic structure precisely; model and interpret quantities; justify conclusions with mathematical evidence when the task requires it.,constructed_response,short_response,instructional,90,,,,assessment_plans/original/unit8_assessment_plan/unit8_assessment_plan.html|reference_library/question_structures/section_enrichment.json|reference_library/source_excerpts/section_source_excerpts.json|reference_library/reusable_tables/table_catalog.json|reference_library/reusable_figures/figure_catalog.json|sources/indexes/compact_stage_reference_map.json,
U8-S3-P2-M01,SPIRAL,Algebra 1,8,8.3,Practice Set 2,Practice Set 2,,MASTERY,,,,,U8-S3-M-SOLVE_FACTORED-02,routine_procedural_numeric,factored quadratic equation -> zero product solutions,2,Students will analyze and model situations involving absolute value functions.,"I can design an absolute value or piecewise representation for situations with distance, change in direction, or two-part behavior.",Connect representations; use algebraic structure precisely; model and interpret quantities; justify conclusions with mathematical evidence when the task requires it.,constructed_response,short_response,instructional,90,,,,assessment_plans/original/unit8_assessment_plan/unit8_assessment_plan.html|reference_library/question_structures/section_enrichment.json|reference_library/source_excerpts/section_source_excerpts.json|reference_library/reusable_tables/table_catalog.json|reference_library/reusable_figures/figure_catalog.json|sources/indexes/compact_stage_reference_map.json,
U8-S3-P2-M02,SPIRAL,Algebra 1,8,8.3,Practice Set 2,Practice Set 2,,MASTERY,,,,,U8-S3-M-SOLVE_FACTORED-03,representation_shift,factored quadratic equation -> zero product solutions,1,Students will analyze and model situations involving absolute value functions.,"I can design an absolute value or piecewise representation for situations with distance, change in direction, or two-part behavior.",Connect representations; use algebraic structure precisely; model and interpret quantities; justify conclusions with mathematical evidence when the task requires it.,constructed_response,short_response,instructional,90,,,,assessment_plans/original/unit8_assessment_plan/unit8_assessment_plan.html|reference_library/question_structures/section_enrichment.json|reference_library/source_excerpts/section_source_excerpts.json|reference_library/reusable_tables/table_catalog.json|reference_library/reusable_figures/figure_catalog.json|sources/indexes/compact_stage_reference_map.json,
U8-S3-P2-M03,SPIRAL,Algebra 1,8,8.3,Practice Set 2,Practice Set 2,,MASTERY,,,,,U8-S3-M-SOLVE_FACTORED-04,conceptual_reword,factored quadratic equation -> zero product solutions,2,Students will analyze and model situations involving absolute value functions.,"I can design an absolute value or piecewise representation for situations with distance, change in direction, or two-part behavior.",Connect representations; use algebraic structure precisely; model and interpret quantities; justify conclusions with mathematical evidence when the task requires it.,constructed_response,short_response,instructional,90,,,,assessment_plans/original/unit8_assessment_plan/unit8_assessment_plan.html|reference_library/question_structures/section_enrichment.json|reference_library/source_excerpts/section_source_excerpts.json|reference_library/reusable_tables/table_catalog.json|reference_library/reusable_figures/figure_catalog.json|sources/indexes/compact_stage_reference_map.json,
U8-S3-P2-M04,SPIRAL,Algebra 1,8,8.3,Practice Set 2,Practice Set 2,,MASTERY,,,,,U8-S3-M-SOLVE_FACTORED-05,reasoning_shift,factored quadratic equation -> zero product solutions,2,Students will analyze and model situations involving absolute value functions.,"I can design an absolute value or piecewise representation for situations with distance, change in direction, or two-part behavior.",Connect representations; use algebraic structure precisely; model and interpret quantities; justify conclusions with mathematical evidence when the task requires it.,constructed_response,short_response,instructional,90,,,,assessment_plans/original/unit8_assessment_plan/unit8_assessment_plan.html|reference_library/question_structures/section_enrichment.json|reference_library/source_excerpts/section_source_excerpts.json|reference_library/reusable_tables/table_catalog.json|reference_library/reusable_figures/figure_catalog.json|sources/indexes/compact_stage_reference_map.json,
U8-S3-P2-M05,SPIRAL,Algebra 1,8,8.3,Practice Set 2,Practice Set 2,,MASTERY,,,,,U8-S3-M-SOLVE_FACTORED-01,routine_procedural_numeric,factored quadratic equation -> zero product solutions,2,Students will analyze and model situations involving absolute value functions.,"I can design an absolute value or piecewise representation for situations with distance, change in direction, or two-part behavior.",Connect representations; use algebraic structure precisely; model and interpret quantities; justify conclusions with mathematical evidence when the task requires it.,constructed_response,short_response,instructional,90,,,,assessment_plans/original/unit8_assessment_plan/unit8_assessment_plan.html|reference_library/question_structures/section_enrichment.json|reference_library/source_excerpts/section_source_excerpts.json|reference_library/reusable_tables/table_catalog.json|reference_library/reusable_figures/figure_catalog.json|sources/indexes/compact_stage_reference_map.json,
U8-S3-P2-M06,SPIRAL,Algebra 1,8,8.3,Practice Set 2,Practice Set 2,,MASTERY,,,,,U8-S3-M-SOLVE_FACTORED-02,representation_shift,factored quadratic equation -> zero product solutions,1,Students will analyze and model situations involving absolute value functions.,"I can design an absolute value or piecewise representation for situations with distance, change in direction, or two-part behavior.",Connect representations; use algebraic structure precisely; model and interpret quantities; justify conclusions with mathematical evidence when the task requires it.,constructed_response,short_response,instructional,90,,,,assessment_plans/original/unit8_assessment_plan/unit8_assessment_plan.html|reference_library/question_structures/section_enrichment.json|reference_library/source_excerpts/section_source_excerpts.json|reference_library/reusable_tables/table_catalog.json|reference_library/reusable_figures/figure_catalog.json|sources/indexes/compact_stage_reference_map.json,
U8-S3-P2-M07,SPIRAL,Algebra 1,8,8.3,Practice Set 2,Practice Set 2,,MASTERY,,,,,U8-S3-M-SOLVE_FACTORED-03,conceptual_reword,factored quadratic equation -> zero product solutions,2,Students will analyze and model situations involving absolute value functions.,"I can design an absolute value or piecewise representation for situations with distance, change in direction, or two-part behavior.",Connect representations; use algebraic structure precisely; model and interpret quantities; justify conclusions with mathematical evidence when the task requires it.,constructed_response,short_response,instructional,90,,,,assessment_plans/original/unit8_assessment_plan/unit8_assessment_plan.html|reference_library/question_structures/section_enrichment.json|reference_library/source_excerpts/section_source_excerpts.json|reference_library/reusable_tables/table_catalog.json|reference_library/reusable_figures/figure_catalog.json|sources/indexes/compact_stage_reference_map.json,
U8-S3-P2-I06,SPIRAL,Algebra 1,8,8.3,Practice Set 2,Practice Set 2,,INTRO,,,,,U8-S3-I-ABS_PIECEWISE-04,reasoning_shift,absolute-value rule -> vertex/output/piecewise behavior,2,Students will analyze and model situations involving absolute value functions.,"I can design an absolute value or piecewise representation for situations with distance, change in direction, or two-part behavior.",Connect representations; use algebraic structure precisely; model and interpret quantities; justify conclusions with mathematical evidence when the task requires it.,constructed_response,short_response,instructional,90,,,,assessment_plans/original/unit8_assessment_plan/unit8_assessment_plan.html|reference_library/question_structures/section_enrichment.json|reference_library/source_excerpts/section_source_excerpts.json|reference_library/reusable_tables/table_catalog.json|reference_library/reusable_figures/figure_catalog.json|sources/indexes/compact_stage_reference_map.json,
U8-S3-P2-I07,SPIRAL,Algebra 1,8,8.3,Practice Set 2,Practice Set 2,,INTRO,,,,,U8-S3-I-ABS_PIECEWISE-05,routine_procedural_numeric,absolute-value rule -> vertex/output/piecewise behavior,2,Students will analyze and model situations involving absolute value functions.,"I can design an absolute value or piecewise representation for situations with distance, change in direction, or two-part behavior.",Connect representations; use algebraic structure precisely; model and interpret quantities; justify conclusions with mathematical evidence when the task requires it.,constructed_response,short_response,instructional,90,,,,assessment_plans/original/unit8_assessment_plan/unit8_assessment_plan.html|reference_library/question_structures/section_enrichment.json|reference_library/source_excerpts/section_source_excerpts.json|reference_library/reusable_tables/table_catalog.json|reference_library/reusable_figures/figure_catalog.json|sources/indexes/compact_stage_reference_map.json,
U8-S3-P2-I08,SPIRAL,Algebra 1,8,8.3,Practice Set 2,Practice Set 2,,INTRO,,,,,U8-S3-I-ABS_PIECEWISE-01,representation_shift,absolute-value rule -> vertex/output/piecewise behavior,1,Students will analyze and model situations involving absolute value functions.,"I can design an absolute value or piecewise representation for situations with distance, change in direction, or two-part behavior.",Connect representations; use algebraic structure precisely; model and interpret quantities; justify conclusions with mathematical evidence when the task requires it.,constructed_response,short_response,instructional,90,,,,assessment_plans/original/unit8_assessment_plan/unit8_assessment_plan.html|reference_library/question_structures/section_enrichment.json|reference_library/source_excerpts/section_source_excerpts.json|reference_library/reusable_tables/table_catalog.json|reference_library/reusable_figures/figure_catalog.json|sources/indexes/compact_stage_reference_map.json,
U8-S3-P3-I01,SPIRAL,Algebra 1,8,8.3,Practice Set 3,Practice Set 3,,INTRO,,,,,U8-S3-I-ABS_PIECEWISE-02,reasoning_shift,absolute-value rule -> vertex/output/piecewise behavior,2,Students will analyze and model situations involving absolute value functions.,"I can design an absolute value or piecewise representation for situations with distance, change in direction, or two-part behavior.",Connect representations; use algebraic structure precisely; model and interpret quantities; justify conclusions with mathematical evidence when the task requires it.,constructed_response,short_response,instructional,90,,,,assessment_plans/original/unit8_assessment_plan/unit8_assessment_plan.html|reference_library/question_structures/section_enrichment.json|reference_library/source_excerpts/section_source_excerpts.json|reference_library/reusable_tables/table_catalog.json|reference_library/reusable_figures/figure_catalog.json|sources/indexes/compact_stage_reference_map.json,
U8-S3-P3-I02,SPIRAL,Algebra 1,8,8.3,Practice Set 3,Practice Set 3,,INTRO,,,,,U8-S3-I-ABS_PIECEWISE-03,routine_procedural_numeric,absolute-value rule -> vertex/output/piecewise behavior,2,Students will analyze and model situations involving absolute value functions.,"I can design an absolute value or piecewise representation for situations with distance, change in direction, or two-part behavior.",Connect representations; use algebraic structure precisely; model and interpret quantities; justify conclusions with mathematical evidence when the task requires it.,constructed_response,short_response,instructional,90,,,,assessment_plans/original/unit8_assessment_plan/unit8_assessment_plan.html|reference_library/question_structures/section_enrichment.json|reference_library/source_excerpts/section_source_excerpts.json|reference_library/reusable_tables/table_catalog.json|reference_library/reusable_figures/figure_catalog.json|sources/indexes/compact_stage_reference_map.json,
U8-S3-P3-R01,SPIRAL,Algebra 1,8,8.3,Practice Set 3,Practice Set 3,,REVIEW,,,,,U8-S3-R-EXP_RECOGNIZE-04,representation_shift,table pattern -> function family,2,Students will analyze and model situations involving absolute value functions.,"I can design an absolute value or piecewise representation for situations with distance, change in direction, or two-part behavior.",Connect representations; use algebraic structure precisely; model and interpret quantities; justify conclusions with mathematical evidence when the task requires it.,constructed_response,short_response,instructional,90,,,,assessment_plans/original/unit8_assessment_plan/unit8_assessment_plan.html|reference_library/question_structures/section_enrichment.json|reference_library/source_excerpts/section_source_excerpts.json|reference_library/reusable_tables/table_catalog.json|reference_library/reusable_figures/figure_catalog.json|sources/indexes/compact_stage_reference_map.json,
U8-S3-P3-R02,SPIRAL,Algebra 1,8,8.3,Practice Set 3,Practice Set 3,,REVIEW,,,,,U8-S3-R-EXP_RECOGNIZE-05,conceptual_reword,table pattern -> function family,1,Students will analyze and model situations involving absolute value functions.,"I can design an absolute value or piecewise representation for situations with distance, change in direction, or two-part behavior.",Connect representations; use algebraic structure precisely; model and interpret quantities; justify conclusions with mathematical evidence when the task requires it.,constructed_response,short_response,instructional,90,,,,assessment_plans/original/unit8_assessment_plan/unit8_assessment_plan.html|reference_library/question_structures/section_enrichment.json|reference_library/source_excerpts/section_source_excerpts.json|reference_library/reusable_tables/table_catalog.json|reference_library/reusable_figures/figure_catalog.json|sources/indexes/compact_stage_reference_map.json,
U8-S3-P3-R03,SPIRAL,Algebra 1,8,8.3,Practice Set 3,Practice Set 3,,REVIEW,,,,,U8-S3-R-EXP_RECOGNIZE-01,reasoning_shift,table pattern -> function family,2,Students will analyze and model situations involving absolute value functions.,"I can design an absolute value or piecewise representation for situations with distance, change in direction, or two-part behavior.",Connect representations; use algebraic structure precisely; model and interpret quantities; justify conclusions with mathematical evidence when the task requires it.,constructed_response,short_response,instructional,90,,,,assessment_plans/original/unit8_assessment_plan/unit8_assessment_plan.html|reference_library/question_structures/section_enrichment.json|reference_library/source_excerpts/section_source_excerpts.json|reference_library/reusable_tables/table_catalog.json|reference_library/reusable_figures/figure_catalog.json|sources/indexes/compact_stage_reference_map.json,
U8-S3-P3-R04,SPIRAL,Algebra 1,8,8.3,Practice Set 3,Practice Set 3,,REVIEW,,,,,U8-S3-R-EXP_RECOGNIZE-02,routine_procedural_numeric,table pattern -> function family,2,Students will analyze and model situations involving absolute value functions.,"I can design an absolute value or piecewise representation for situations with distance, change in direction, or two-part behavior.",Connect representations; use algebraic structure precisely; model and interpret quantities; justify conclusions with mathematical evidence when the task requires it.,constructed_response,short_response,instructional,90,,,,assessment_plans/original/unit8_assessment_plan/unit8_assessment_plan.html|reference_library/question_structures/section_enrichment.json|reference_library/source_excerpts/section_source_excerpts.json|reference_library/reusable_tables/table_catalog.json|reference_library/reusable_figures/figure_catalog.json|sources/indexes/compact_stage_reference_map.json,
U8-S3-P3-R05,SPIRAL,Algebra 1,8,8.3,Practice Set 3,Practice Set 3,,REVIEW,,,,,U8-S3-R-EXP_RECOGNIZE-03,representation_shift,table pattern -> function family,2,Students will analyze and model situations involving absolute value functions.,"I can design an absolute value or piecewise representation for situations with distance, change in direction, or two-part behavior.",Connect representations; use algebraic structure precisely; model and interpret quantities; justify conclusions with mathematical evidence when the task requires it.,constructed_response,short_response,instructional,90,,,,assessment_plans/original/unit8_assessment_plan/unit8_assessment_plan.html|reference_library/question_structures/section_enrichment.json|reference_library/source_excerpts/section_source_excerpts.json|reference_library/reusable_tables/table_catalog.json|reference_library/reusable_figures/figure_catalog.json|sources/indexes/compact_stage_reference_map.json,
U8-S3-P3-M01,SPIRAL,Algebra 1,8,8.3,Practice Set 3,Practice Set 3,,MASTERY,,,,,U8-S3-M-SOLVE_FACTORED-04,conceptual_reword,factored quadratic equation -> zero product solutions,1,Students will analyze and model situations involving absolute value functions.,"I can design an absolute value or piecewise representation for situations with distance, change in direction, or two-part behavior.",Connect representations; use algebraic structure precisely; model and interpret quantities; justify conclusions with mathematical evidence when the task requires it.,constructed_response,short_response,instructional,90,,,,assessment_plans/original/unit8_assessment_plan/unit8_assessment_plan.html|reference_library/question_structures/section_enrichment.json|reference_library/source_excerpts/section_source_excerpts.json|reference_library/reusable_tables/table_catalog.json|reference_library/reusable_figures/figure_catalog.json|sources/indexes/compact_stage_reference_map.json,
U8-S3-P3-M02,SPIRAL,Algebra 1,8,8.3,Practice Set 3,Practice Set 3,,MASTERY,,,,,U8-S3-M-SOLVE_FACTORED-05,reasoning_shift,factored quadratic equation -> zero product solutions,2,Students will analyze and model situations involving absolute value functions.,"I can design an absolute value or piecewise representation for situations with distance, change in direction, or two-part behavior.",Connect representations; use algebraic structure precisely; model and interpret quantities; justify conclusions with mathematical evidence when the task requires it.,constructed_response,short_response,instructional,90,,,,assessment_plans/original/unit8_assessment_plan/unit8_assessment_plan.html|reference_library/question_structures/section_enrichment.json|reference_library/source_excerpts/section_source_excerpts.json|reference_library/reusable_tables/table_catalog.json|reference_library/reusable_figures/figure_catalog.json|sources/indexes/compact_stage_reference_map.json,
U8-S3-P3-M03,SPIRAL,Algebra 1,8,8.3,Practice Set 3,Practice Set 3,,MASTERY,,,,,U8-S3-M-SOLVE_FACTORED-01,routine_procedural_numeric,factored quadratic equation -> zero product solutions,2,Students will analyze and model situations involving absolute value functions.,"I can design an absolute value or piecewise representation for situations with distance, change in direction, or two-part behavior.",Connect representations; use algebraic structure precisely; model and interpret quantities; justify conclusions with mathematical evidence when the task requires it.,constructed_response,short_response,instructional,90,,,,assessment_plans/original/unit8_assessment_plan/unit8_assessment_plan.html|reference_library/question_structures/section_enrichment.json|reference_library/source_excerpts/section_source_excerpts.json|reference_library/reusable_tables/table_catalog.json|reference_library/reusable_figures/figure_catalog.json|sources/indexes/compact_stage_reference_map.json,
U8-S3-P3-M04,SPIRAL,Algebra 1,8,8.3,Practice Set 3,Practice Set 3,,MASTERY,,,,,U8-S3-M-SOLVE_FACTORED-02,representation_shift,factored quadratic equation -> zero product solutions,2,Students will analyze and model situations involving absolute value functions.,"I can design an absolute value or piecewise representation for situations with distance, change in direction, or two-part behavior.",Connect representations; use algebraic structure precisely; model and interpret quantities; justify conclusions with mathematical evidence when the task requires it.,constructed_response,short_response,instructional,90,,,,assessment_plans/original/unit8_assessment_plan/unit8_assessment_plan.html|reference_library/question_structures/section_enrichment.json|reference_library/source_excerpts/section_source_excerpts.json|reference_library/reusable_tables/table_catalog.json|reference_library/reusable_figures/figure_catalog.json|sources/indexes/compact_stage_reference_map.json,
U8-S3-P3-M05,SPIRAL,Algebra 1,8,8.3,Practice Set 3,Practice Set 3,,MASTERY,,,,,U8-S3-M-SOLVE_FACTORED-03,conceptual_reword,factored quadratic equation -> zero product solutions,1,Students will analyze and model situations involving absolute value functions.,"I can design an absolute value or piecewise representation for situations with distance, change in direction, or two-part behavior.",Connect representations; use algebraic structure precisely; model and interpret quantities; justify conclusions with mathematical evidence when the task requires it.,constructed_response,short_response,instructional,90,,,,assessment_plans/original/unit8_assessment_plan/unit8_assessment_plan.html|reference_library/question_structures/section_enrichment.json|reference_library/source_excerpts/section_source_excerpts.json|reference_library/reusable_tables/table_catalog.json|reference_library/reusable_figures/figure_catalog.json|sources/indexes/compact_stage_reference_map.json,
U8-S3-P3-M06,SPIRAL,Algebra 1,8,8.3,Practice Set 3,Practice Set 3,,MASTERY,,,,,U8-S3-M-SOLVE_FACTORED-04,reasoning_shift,factored quadratic equation -> zero product solutions,2,Students will analyze and model situations involving absolute value functions.,"I can design an absolute value or piecewise representation for situations with distance, change in direction, or two-part behavior.",Connect representations; use algebraic structure precisely; model and interpret quantities; justify conclusions with mathematical evidence when the task requires it.,constructed_response,short_response,instructional,90,,,,assessment_plans/original/unit8_assessment_plan/unit8_assessment_plan.html|reference_library/question_structures/section_enrichment.json|reference_library/source_excerpts/section_source_excerpts.json|reference_library/reusable_tables/table_catalog.json|reference_library/reusable_figures/figure_catalog.json|sources/indexes/compact_stage_reference_map.json,
U8-S3-P3-M07,SPIRAL,Algebra 1,8,8.3,Practice Set 3,Practice Set 3,,MASTERY,,,,,U8-S3-M-SOLVE_FACTORED-05,routine_procedural_numeric,factored quadratic equation -> zero product solutions,2,Students will analyze and model situations involving absolute value functions.,"I can design an absolute value or piecewise representation for situations with distance, change in direction, or two-part behavior.",Connect representations; use algebraic structure precisely; model and interpret quantities; justify conclusions with mathematical evidence when the task requires it.,constructed_response,short_response,instructional,90,,,,assessment_plans/original/unit8_assessment_plan/unit8_assessment_plan.html|reference_library/question_structures/section_enrichment.json|reference_library/source_excerpts/section_source_excerpts.json|reference_library/reusable_tables/table_catalog.json|reference_library/reusable_figures/figure_catalog.json|sources/indexes/compact_stage_reference_map.json,
U8-S3-P3-I03,SPIRAL,Algebra 1,8,8.3,Practice Set 3,Practice Set 3,,INTRO,,,,,U8-S3-I-ABS_PIECEWISE-01,representation_shift,absolute-value rule -> vertex/output/piecewise behavior,2,Students will analyze and model situations involving absolute value functions.,"I can design an absolute value or piecewise representation for situations with distance, change in direction, or two-part behavior.",Connect representations; use algebraic structure precisely; model and interpret quantities; justify conclusions with mathematical evidence when the task requires it.,constructed_response,short_response,instructional,90,,,,assessment_plans/original/unit8_assessment_plan/unit8_assessment_plan.html|reference_library/question_structures/section_enrichment.json|reference_library/source_excerpts/section_source_excerpts.json|reference_library/reusable_tables/table_catalog.json|reference_library/reusable_figures/figure_catalog.json|sources/indexes/compact_stage_reference_map.json,
U8-S3-P3-I04,SPIRAL,Algebra 1,8,8.3,Practice Set 3,Practice Set 3,,INTRO,,,,,U8-S3-I-ABS_PIECEWISE-02,conceptual_reword,absolute-value rule -> vertex/output/piecewise behavior,1,Students will analyze and model situations involving absolute value functions.,"I can design an absolute value or piecewise representation for situations with distance, change in direction, or two-part behavior.",Connect representations; use algebraic structure precisely; model and interpret quantities; justify conclusions with mathematical evidence when the task requires it.,constructed_response,short_response,instructional,90,,,,assessment_plans/original/unit8_assessment_plan/unit8_assessment_plan.html|reference_library/question_structures/section_enrichment.json|reference_library/source_excerpts/section_source_excerpts.json|reference_library/reusable_tables/table_catalog.json|reference_library/reusable_figures/figure_catalog.json|sources/indexes/compact_stage_reference_map.json,
U8-S3-P3-I05,SPIRAL,Algebra 1,8,8.3,Practice Set 3,Practice Set 3,,INTRO,,,,,U8-S3-I-ABS_PIECEWISE-03,reasoning_shift,absolute-value rule -> vertex/output/piecewise behavior,2,Students will analyze and model situations involving absolute value functions.,"I can design an absolute value or piecewise representation for situations with distance, change in direction, or two-part behavior.",Connect representations; use algebraic structure precisely; model and interpret quantities; justify conclusions with mathematical evidence when the task requires it.,constructed_response,short_response,instructional,90,,,,assessment_plans/original/unit8_assessment_plan/unit8_assessment_plan.html|reference_library/question_structures/section_enrichment.json|reference_library/source_excerpts/section_source_excerpts.json|reference_library/reusable_tables/table_catalog.json|reference_library/reusable_figures/figure_catalog.json|sources/indexes/compact_stage_reference_map.json,
U8-S3-P3-I06,SPIRAL,Algebra 1,8,8.3,Practice Set 3,Practice Set 3,,INTRO,,,,,U8-S3-I-ABS_PIECEWISE-04,routine_procedural_numeric,absolute-value rule -> vertex/output/piecewise behavior,2,Students will analyze and model situations involving absolute value functions.,"I can design an absolute value or piecewise representation for situations with distance, change in direction, or two-part behavior.",Connect representations; use algebraic structure precisely; model and interpret quantities; justify conclusions with mathematical evidence when the task requires it.,constructed_response,short_response,instructional,90,,,,assessment_plans/original/unit8_assessment_plan/unit8_assessment_plan.html|reference_library/question_structures/section_enrichment.json|reference_library/source_excerpts/section_source_excerpts.json|reference_library/reusable_tables/table_catalog.json|reference_library/reusable_figures/figure_catalog.json|sources/indexes/compact_stage_reference_map.json,
U8-S3-P3-I07,SPIRAL,Algebra 1,8,8.3,Practice Set 3,Practice Set 3,,INTRO,,,,,U8-S3-I-ABS_PIECEWISE-05,representation_shift,absolute-value rule -> vertex/output/piecewise behavior,2,Students will analyze and model situations involving absolute value functions.,"I can design an absolute value or piecewise representation for situations with distance, change in direction, or two-part behavior.",Connect representations; use algebraic structure precisely; model and interpret quantities; justify conclusions with mathematical evidence when the task requires it.,constructed_response,short_response,instructional,90,,,,assessment_plans/original/unit8_assessment_plan/unit8_assessment_plan.html|reference_library/question_structures/section_enrichment.json|reference_library/source_excerpts/section_source_excerpts.json|reference_library/reusable_tables/table_catalog.json|reference_library/reusable_figures/figure_catalog.json|sources/indexes/compact_stage_reference_map.json,
U8-S3-P3-I08,SPIRAL,Algebra 1,8,8.3,Practice Set 3,Practice Set 3,,INTRO,,,,,U8-S3-I-ABS_PIECEWISE-01,conceptual_reword,absolute-value rule -> vertex/output/piecewise behavior,1,Students will analyze and model situations involving absolute value functions.,"I can design an absolute value or piecewise representation for situations with distance, change in direction, or two-part behavior.",Connect representations; use algebraic structure precisely; model and interpret quantities; justify conclusions with mathematical evidence when the task requires it.,constructed_response,short_response,instructional,90,,,,assessment_plans/original/unit8_assessment_plan/unit8_assessment_plan.html|reference_library/question_structures/section_enrichment.json|reference_library/source_excerpts/section_source_excerpts.json|reference_library/reusable_tables/table_catalog.json|reference_library/reusable_figures/figure_catalog.json|sources/indexes/compact_stage_reference_map.json,
U8-S3-PX-R01,SPIRAL,Algebra 1,8,8.3,Extra Practice,Extra Practice,,REVIEW,,,,,U8-S3-R-EXP_RECOGNIZE-02,routine_procedural_numeric,table pattern -> function family,2,Students will analyze and model situations involving absolute value functions.,"I can design an absolute value or piecewise representation for situations with distance, change in direction, or two-part behavior.",Connect representations; use algebraic structure precisely; model and interpret quantities; justify conclusions with mathematical evidence when the task requires it.,constructed_response,short_response,instructional,90,,,,assessment_plans/original/unit8_assessment_plan/unit8_assessment_plan.html|reference_library/question_structures/section_enrichment.json|reference_library/source_excerpts/section_source_excerpts.json|reference_library/reusable_tables/table_catalog.json|reference_library/reusable_figures/figure_catalog.json|sources/indexes/compact_stage_reference_map.json,
U8-S3-PX-R02,SPIRAL,Algebra 1,8,8.3,Extra Practice,Extra Practice,,REVIEW,,,,,U8-S3-R-EXP_RECOGNIZE-03,representation_shift,table pattern -> function family,2,Students will analyze and model situations involving absolute value functions.,"I can design an absolute value or piecewise representation for situations with distance, change in direction, or two-part behavior.",Connect representations; use algebraic structure precisely; model and interpret quantities; justify conclusions with mathematical evidence when the task requires it.,constructed_response,short_response,instructional,90,,,,assessment_plans/original/unit8_assessment_plan/unit8_assessment_plan.html|reference_library/question_structures/section_enrichment.json|reference_library/source_excerpts/section_source_excerpts.json|reference_library/reusable_tables/table_catalog.json|reference_library/reusable_figures/figure_catalog.json|sources/indexes/compact_stage_reference_map.json,
U8-S3-PX-R03,SPIRAL,Algebra 1,8,8.3,Extra Practice,Extra Practice,,REVIEW,,,,,U8-S3-R-EXP_RECOGNIZE-04,conceptual_reword,table pattern -> function family,2,Students will analyze and model situations involving absolute value functions.,"I can design an absolute value or piecewise representation for situations with distance, change in direction, or two-part behavior.",Connect representations; use algebraic structure precisely; model and interpret quantities; justify conclusions with mathematical evidence when the task requires it.,constructed_response,short_response,instructional,90,,,,assessment_plans/original/unit8_assessment_plan/unit8_assessment_plan.html|reference_library/question_structures/section_enrichment.json|reference_library/source_excerpts/section_source_excerpts.json|reference_library/reusable_tables/table_catalog.json|reference_library/reusable_figures/figure_catalog.json|sources/indexes/compact_stage_reference_map.json,
U8-S3-PX-R04,SPIRAL,Algebra 1,8,8.3,Extra Practice,Extra Practice,,REVIEW,,,,,U8-S3-R-EXP_RECOGNIZE-05,reasoning_shift,table pattern -> function family,1,Students will analyze and model situations involving absolute value functions.,"I can design an absolute value or piecewise representation for situations with distance, change in direction, or two-part behavior.",Connect representations; use algebraic structure precisely; model and interpret quantities; justify conclusions with mathematical evidence when the task requires it.,constructed_response,short_response,instructional,90,,,,assessment_plans/original/unit8_assessment_plan/unit8_assessment_plan.html|reference_library/question_structures/section_enrichment.json|reference_library/source_excerpts/section_source_excerpts.json|reference_library/reusable_tables/table_catalog.json|reference_library/reusable_figures/figure_catalog.json|sources/indexes/compact_stage_reference_map.json,
U8-S3-PX-M01,SPIRAL,Algebra 1,8,8.3,Extra Practice,Extra Practice,,MASTERY,,,,,U8-S3-M-SOLVE_FACTORED-01,routine_procedural_numeric,factored quadratic equation -> zero product solutions,2,Students will analyze and model situations involving absolute value functions.,"I can design an absolute value or piecewise representation for situations with distance, change in direction, or two-part behavior.",Connect representations; use algebraic structure precisely; model and interpret quantities; justify conclusions with mathematical evidence when the task requires it.,constructed_response,short_response,instructional,90,,,,assessment_plans/original/unit8_assessment_plan/unit8_assessment_plan.html|reference_library/question_structures/section_enrichment.json|reference_library/source_excerpts/section_source_excerpts.json|reference_library/reusable_tables/table_catalog.json|reference_library/reusable_figures/figure_catalog.json|sources/indexes/compact_stage_reference_map.json,
U8-S3-PX-M02,SPIRAL,Algebra 1,8,8.3,Extra Practice,Extra Practice,,MASTERY,,,,,U8-S3-M-SOLVE_FACTORED-02,representation_shift,factored quadratic equation -> zero product solutions,2,Students will analyze and model situations involving absolute value functions.,"I can design an absolute value or piecewise representation for situations with distance, change in direction, or two-part behavior.",Connect representations; use algebraic structure precisely; model and interpret quantities; justify conclusions with mathematical evidence when the task requires it.,constructed_response,short_response,instructional,90,,,,assessment_plans/original/unit8_assessment_plan/unit8_assessment_plan.html|reference_library/question_structures/section_enrichment.json|reference_library/source_excerpts/section_source_excerpts.json|reference_library/reusable_tables/table_catalog.json|reference_library/reusable_figures/figure_catalog.json|sources/indexes/compact_stage_reference_map.json,
U8-S3-PX-M03,SPIRAL,Algebra 1,8,8.3,Extra Practice,Extra Practice,,MASTERY,,,,,U8-S3-M-SOLVE_FACTORED-03,conceptual_reword,factored quadratic equation -> zero product solutions,2,Students will analyze and model situations involving absolute value functions.,"I can design an absolute value or piecewise representation for situations with distance, change in direction, or two-part behavior.",Connect representations; use algebraic structure precisely; model and interpret quantities; justify conclusions with mathematical evidence when the task requires it.,constructed_response,short_response,instructional,90,,,,assessment_plans/original/unit8_assessment_plan/unit8_assessment_plan.html|reference_library/question_structures/section_enrichment.json|reference_library/source_excerpts/section_source_excerpts.json|reference_library/reusable_tables/table_catalog.json|reference_library/reusable_figures/figure_catalog.json|sources/indexes/compact_stage_reference_map.json,
U8-S3-PX-M04,SPIRAL,Algebra 1,8,8.3,Extra Practice,Extra Practice,,MASTERY,,,,,U8-S3-M-SOLVE_FACTORED-04,reasoning_shift,factored quadratic equation -> zero product solutions,1,Students will analyze and model situations involving absolute value functions.,"I can design an absolute value or piecewise representation for situations with distance, change in direction, or two-part behavior.",Connect representations; use algebraic structure precisely; model and interpret quantities; justify conclusions with mathematical evidence when the task requires it.,constructed_response,short_response,instructional,90,,,,assessment_plans/original/unit8_assessment_plan/unit8_assessment_plan.html|reference_library/question_structures/section_enrichment.json|reference_library/source_excerpts/section_source_excerpts.json|reference_library/reusable_tables/table_catalog.json|reference_library/reusable_figures/figure_catalog.json|sources/indexes/compact_stage_reference_map.json,
U8-S3-PX-M05,SPIRAL,Algebra 1,8,8.3,Extra Practice,Extra Practice,,MASTERY,,,,,U8-S3-M-SOLVE_FACTORED-05,routine_procedural_numeric,factored quadratic equation -> zero product solutions,2,Students will analyze and model situations involving absolute value functions.,"I can design an absolute value or piecewise representation for situations with distance, change in direction, or two-part behavior.",Connect representations; use algebraic structure precisely; model and interpret quantities; justify conclusions with mathematical evidence when the task requires it.,constructed_response,short_response,instructional,90,,,,assessment_plans/original/unit8_assessment_plan/unit8_assessment_plan.html|reference_library/question_structures/section_enrichment.json|reference_library/source_excerpts/section_source_excerpts.json|reference_library/reusable_tables/table_catalog.json|reference_library/reusable_figures/figure_catalog.json|sources/indexes/compact_stage_reference_map.json,
U8-S3-PX-M06,SPIRAL,Algebra 1,8,8.3,Extra Practice,Extra Practice,,MASTERY,,,,,U8-S3-M-SOLVE_FACTORED-01,representation_shift,factored quadratic equation -> zero product solutions,2,Students will analyze and model situations involving absolute value functions.,"I can design an absolute value or piecewise representation for situations with distance, change in direction, or two-part behavior.",Connect representations; use algebraic structure precisely; model and interpret quantities; justify conclusions with mathematical evidence when the task requires it.,constructed_response,short_response,instructional,90,,,,assessment_plans/original/unit8_assessment_plan/unit8_assessment_plan.html|reference_library/question_structures/section_enrichment.json|reference_library/source_excerpts/section_source_excerpts.json|reference_library/reusable_tables/table_catalog.json|reference_library/reusable_figures/figure_catalog.json|sources/indexes/compact_stage_reference_map.json,
U8-S3-PX-M07,SPIRAL,Algebra 1,8,8.3,Extra Practice,Extra Practice,,MASTERY,,,,,U8-S3-M-SOLVE_FACTORED-02,conceptual_reword,factored quadratic equation -> zero product solutions,2,Students will analyze and model situations involving absolute value functions.,"I can design an absolute value or piecewise representation for situations with distance, change in direction, or two-part behavior.",Connect representations; use algebraic structure precisely; model and interpret quantities; justify conclusions with mathematical evidence when the task requires it.,constructed_response,short_response,instructional,90,,,,assessment_plans/original/unit8_assessment_plan/unit8_assessment_plan.html|reference_library/question_structures/section_enrichment.json|reference_library/source_excerpts/section_source_excerpts.json|reference_library/reusable_tables/table_catalog.json|reference_library/reusable_figures/figure_catalog.json|sources/indexes/compact_stage_reference_map.json,
U8-S3-PX-I01,SPIRAL,Algebra 1,8,8.3,Extra Practice,Extra Practice,,INTRO,,,,,U8-S3-I-ABS_PIECEWISE-03,reasoning_shift,absolute-value rule -> vertex/output/piecewise behavior,1,Students will analyze and model situations involving absolute value functions.,"I can design an absolute value or piecewise representation for situations with distance, change in direction, or two-part behavior.",Connect representations; use algebraic structure precisely; model and interpret quantities; justify conclusions with mathematical evidence when the task requires it.,constructed_response,short_response,instructional,90,,,,assessment_plans/original/unit8_assessment_plan/unit8_assessment_plan.html|reference_library/question_structures/section_enrichment.json|reference_library/source_excerpts/section_source_excerpts.json|reference_library/reusable_tables/table_catalog.json|reference_library/reusable_figures/figure_catalog.json|sources/indexes/compact_stage_reference_map.json,
U8-S3-PX-I02,SPIRAL,Algebra 1,8,8.3,Extra Practice,Extra Practice,,INTRO,,,,,U8-S3-I-ABS_PIECEWISE-04,routine_procedural_numeric,absolute-value rule -> vertex/output/piecewise behavior,2,Students will analyze and model situations involving absolute value functions.,"I can design an absolute value or piecewise representation for situations with distance, change in direction, or two-part behavior.",Connect representations; use algebraic structure precisely; model and interpret quantities; justify conclusions with mathematical evidence when the task requires it.,constructed_response,short_response,instructional,90,,,,assessment_plans/original/unit8_assessment_plan/unit8_assessment_plan.html|reference_library/question_structures/section_enrichment.json|reference_library/source_excerpts/section_source_excerpts.json|reference_library/reusable_tables/table_catalog.json|reference_library/reusable_figures/figure_catalog.json|sources/indexes/compact_stage_reference_map.json,
U8-S3-PX-I03,SPIRAL,Algebra 1,8,8.3,Extra Practice,Extra Practice,,INTRO,,,,,U8-S3-I-ABS_PIECEWISE-05,representation_shift,absolute-value rule -> vertex/output/piecewise behavior,2,Students will analyze and model situations involving absolute value functions.,"I can design an absolute value or piecewise representation for situations with distance, change in direction, or two-part behavior.",Connect representations; use algebraic structure precisely; model and interpret quantities; justify conclusions with mathematical evidence when the task requires it.,constructed_response,short_response,instructional,90,,,,assessment_plans/original/unit8_assessment_plan/unit8_assessment_plan.html|reference_library/question_structures/section_enrichment.json|reference_library/source_excerpts/section_source_excerpts.json|reference_library/reusable_tables/table_catalog.json|reference_library/reusable_figures/figure_catalog.json|sources/indexes/compact_stage_reference_map.json,
U8-S3-PX-I04,SPIRAL,Algebra 1,8,8.3,Extra Practice,Extra Practice,,INTRO,,,,,U8-S3-I-ABS_PIECEWISE-01,conceptual_reword,absolute-value rule -> vertex/output/piecewise behavior,2,Students will analyze and model situations involving absolute value functions.,"I can design an absolute value or piecewise representation for situations with distance, change in direction, or two-part behavior.",Connect representations; use algebraic structure precisely; model and interpret quantities; justify conclusions with mathematical evidence when the task requires it.,constructed_response,short_response,instructional,90,,,,assessment_plans/original/unit8_assessment_plan/unit8_assessment_plan.html|reference_library/question_structures/section_enrichment.json|reference_library/source_excerpts/section_source_excerpts.json|reference_library/reusable_tables/table_catalog.json|reference_library/reusable_figures/figure_catalog.json|sources/indexes/compact_stage_reference_map.json,
U8-S3-PX-I05,SPIRAL,Algebra 1,8,8.3,Extra Practice,Extra Practice,,INTRO,,,,,U8-S3-I-ABS_PIECEWISE-02,reasoning_shift,absolute-value rule -> vertex/output/piecewise behavior,1,Students will analyze and model situations involving absolute value functions.,"I can design an absolute value or piecewise representation for situations with distance, change in direction, or two-part behavior.",Connect representations; use algebraic structure precisely; model and interpret quantities; justify conclusions with mathematical evidence when the task requires it.,constructed_response,short_response,instructional,90,,,,assessment_plans/original/unit8_assessment_plan/unit8_assessment_plan.html|reference_library/question_structures/section_enrichment.json|reference_library/source_excerpts/section_source_excerpts.json|reference_library/reusable_tables/table_catalog.json|reference_library/reusable_figures/figure_catalog.json|sources/indexes/compact_stage_reference_map.json,
U8-S3-PX-I06,SPIRAL,Algebra 1,8,8.3,Extra Practice,Extra Practice,,INTRO,,,,,U8-S3-I-ABS_PIECEWISE-03,routine_procedural_numeric,absolute-value rule -> vertex/output/piecewise behavior,2,Students will analyze and model situations involving absolute value functions.,"I can design an absolute value or piecewise representation for situations with distance, change in direction, or two-part behavior.",Connect representations; use algebraic structure precisely; model and interpret quantities; justify conclusions with mathematical evidence when the task requires it.,constructed_response,short_response,instructional,90,,,,assessment_plans/original/unit8_assessment_plan/unit8_assessment_plan.html|reference_library/question_structures/section_enrichment.json|reference_library/source_excerpts/section_source_excerpts.json|reference_library/reusable_tables/table_catalog.json|reference_library/reusable_figures/figure_catalog.json|sources/indexes/compact_stage_reference_map.json,
U8-S3-PX-I07,SPIRAL,Algebra 1,8,8.3,Extra Practice,Extra Practice,,INTRO,,,,,U8-S3-I-ABS_PIECEWISE-04,representation_shift,absolute-value rule -> vertex/output/piecewise behavior,2,Students will analyze and model situations involving absolute value functions.,"I can design an absolute value or piecewise representation for situations with distance, change in direction, or two-part behavior.",Connect representations; use algebraic structure precisely; model and interpret quantities; justify conclusions with mathematical evidence when the task requires it.,constructed_response,short_response,instructional,90,,,,assessment_plans/original/unit8_assessment_plan/unit8_assessment_plan.html|reference_library/question_structures/section_enrichment.json|reference_library/source_excerpts/section_source_excerpts.json|reference_library/reusable_tables/table_catalog.json|reference_library/reusable_figures/figure_catalog.json|sources/indexes/compact_stage_reference_map.json,
U8-S3-PX-I08,SPIRAL,Algebra 1,8,8.3,Extra Practice,Extra Practice,,INTRO,,,,,U8-S3-I-ABS_PIECEWISE-05,conceptual_reword,absolute-value rule -> vertex/output/piecewise behavior,2,Students will analyze and model situations involving absolute value functions.,"I can design an absolute value or piecewise representation for situations with distance, change in direction, or two-part behavior.",Connect representations; use algebraic structure precisely; model and interpret quantities; justify conclusions with mathematical evidence when the task requires it.,constructed_response,short_response,instructional,90,,,,assessment_plans/original/unit8_assessment_plan/unit8_assessment_plan.html|reference_library/question_structures/section_enrichment.json|reference_library/source_excerpts/section_source_excerpts.json|reference_library/reusable_tables/table_catalog.json|reference_library/reusable_figures/figure_catalog.json|sources/indexes/compact_stage_reference_map.json,
U8-S3-PX-R05,SPIRAL,Algebra 1,8,8.3,Extra Practice,Extra Practice,,REVIEW,,,,,U8-S3-R-EXP_RECOGNIZE-01,reasoning_shift,table pattern -> function family,1,Students will analyze and model situations involving absolute value functions.,"I can design an absolute value or piecewise representation for situations with distance, change in direction, or two-part behavior.",Connect representations; use algebraic structure precisely; model and interpret quantities; justify conclusions with mathematical evidence when the task requires it.,constructed_response,short_response,instructional,90,,,,assessment_plans/original/unit8_assessment_plan/unit8_assessment_plan.html|reference_library/question_structures/section_enrichment.json|reference_library/source_excerpts/section_source_excerpts.json|reference_library/reusable_tables/table_catalog.json|reference_library/reusable_figures/figure_catalog.json|sources/indexes/compact_stage_reference_map.json,
U8-S4-P1-I01,SPIRAL,Algebra 1,8,8.4,Practice Set 1,Practice Set 1,,INTRO,,,,,U8-S4-I-MODEL_DATA-02,representation_shift,data -> model family -> equation,2,Students will create and analyze mathematical models using real-world data.,I can formulate a mathematical model from real-world data and state the assumptions used.,Connect representations; use algebraic structure precisely; model and interpret quantities; justify conclusions with mathematical evidence when the task requires it.,constructed_response,short_response,instructional,90,,,,assessment_plans/original/unit8_assessment_plan/unit8_assessment_plan.html|reference_library/question_structures/section_enrichment.json|reference_library/source_excerpts/section_source_excerpts.json|reference_library/reusable_tables/table_catalog.json|reference_library/reusable_figures/figure_catalog.json|sources/indexes/compact_stage_reference_map.json,
U8-S4-P1-I02,SPIRAL,Algebra 1,8,8.4,Practice Set 1,Practice Set 1,,INTRO,,,,,U8-S4-I-MODEL_DATA-03,conceptual_reword,data -> model family -> equation,2,Students will create and analyze mathematical models using real-world data.,I can formulate a mathematical model from real-world data and state the assumptions used.,Connect representations; use algebraic structure precisely; model and interpret quantities; justify conclusions with mathematical evidence when the task requires it.,constructed_response,short_response,instructional,90,,,,assessment_plans/original/unit8_assessment_plan/unit8_assessment_plan.html|reference_library/question_structures/section_enrichment.json|reference_library/source_excerpts/section_source_excerpts.json|reference_library/reusable_tables/table_catalog.json|reference_library/reusable_figures/figure_catalog.json|sources/indexes/compact_stage_reference_map.json,
U8-S4-P1-I03,SPIRAL,Algebra 1,8,8.4,Practice Set 1,Practice Set 1,,INTRO,,,,,U8-S4-I-MODEL_DATA-04,reasoning_shift,data -> model family -> equation,2,Students will create and analyze mathematical models using real-world data.,I can formulate a mathematical model from real-world data and state the assumptions used.,Connect representations; use algebraic structure precisely; model and interpret quantities; justify conclusions with mathematical evidence when the task requires it.,constructed_response,short_response,instructional,90,,,,assessment_plans/original/unit8_assessment_plan/unit8_assessment_plan.html|reference_library/question_structures/section_enrichment.json|reference_library/source_excerpts/section_source_excerpts.json|reference_library/reusable_tables/table_catalog.json|reference_library/reusable_figures/figure_catalog.json|sources/indexes/compact_stage_reference_map.json,
U8-S4-P1-I04,SPIRAL,Algebra 1,8,8.4,Practice Set 1,Practice Set 1,,INTRO,,,,,U8-S4-I-MODEL_DATA-05,routine_procedural_numeric,data -> model family -> equation,1,Students will create and analyze mathematical models using real-world data.,I can formulate a mathematical model from real-world data and state the assumptions used.,Connect representations; use algebraic structure precisely; model and interpret quantities; justify conclusions with mathematical evidence when the task requires it.,constructed_response,short_response,instructional,90,,,,assessment_plans/original/unit8_assessment_plan/unit8_assessment_plan.html|reference_library/question_structures/section_enrichment.json|reference_library/source_excerpts/section_source_excerpts.json|reference_library/reusable_tables/table_catalog.json|reference_library/reusable_figures/figure_catalog.json|sources/indexes/compact_stage_reference_map.json,
U8-S4-P1-I05,SPIRAL,Algebra 1,8,8.4,Practice Set 1,Practice Set 1,,INTRO,,,,,U8-S4-I-MODEL_DATA-01,representation_shift,data -> model family -> equation,2,Students will create and analyze mathematical models using real-world data.,I can formulate a mathematical model from real-world data and state the assumptions used.,Connect representations; use algebraic structure precisely; model and interpret quantities; justify conclusions with mathematical evidence when the task requires it.,constructed_response,short_response,instructional,90,,,,assessment_plans/original/unit8_assessment_plan/unit8_assessment_plan.html|reference_library/question_structures/section_enrichment.json|reference_library/source_excerpts/section_source_excerpts.json|reference_library/reusable_tables/table_catalog.json|reference_library/reusable_figures/figure_catalog.json|sources/indexes/compact_stage_reference_map.json,
U8-S4-P1-I06,SPIRAL,Algebra 1,8,8.4,Practice Set 1,Practice Set 1,,INTRO,,,,,U8-S4-I-MODEL_DATA-02,conceptual_reword,data -> model family -> equation,2,Students will create and analyze mathematical models using real-world data.,I can formulate a mathematical model from real-world data and state the assumptions used.,Connect representations; use algebraic structure precisely; model and interpret quantities; justify conclusions with mathematical evidence when the task requires it.,constructed_response,short_response,instructional,90,,,,assessment_plans/original/unit8_assessment_plan/unit8_assessment_plan.html|reference_library/question_structures/section_enrichment.json|reference_library/source_excerpts/section_source_excerpts.json|reference_library/reusable_tables/table_catalog.json|reference_library/reusable_figures/figure_catalog.json|sources/indexes/compact_stage_reference_map.json,
U8-S4-P1-I07,SPIRAL,Algebra 1,8,8.4,Practice Set 1,Practice Set 1,,INTRO,,,,,U8-S4-I-MODEL_DATA-03,reasoning_shift,data -> model family -> equation,2,Students will create and analyze mathematical models using real-world data.,I can formulate a mathematical model from real-world data and state the assumptions used.,Connect representations; use algebraic structure precisely; model and interpret quantities; justify conclusions with mathematical evidence when the task requires it.,constructed_response,short_response,instructional,90,,,,assessment_plans/original/unit8_assessment_plan/unit8_assessment_plan.html|reference_library/question_structures/section_enrichment.json|reference_library/source_excerpts/section_source_excerpts.json|reference_library/reusable_tables/table_catalog.json|reference_library/reusable_figures/figure_catalog.json|sources/indexes/compact_stage_reference_map.json,
U8-S4-P1-I08,SPIRAL,Algebra 1,8,8.4,Practice Set 1,Practice Set 1,,INTRO,,,,,U8-S4-I-MODEL_DATA-04,routine_procedural_numeric,data -> model family -> equation,1,Students will create and analyze mathematical models using real-world data.,I can formulate a mathematical model from real-world data and state the assumptions used.,Connect representations; use algebraic structure precisely; model and interpret quantities; justify conclusions with mathematical evidence when the task requires it.,constructed_response,short_response,instructional,90,,,,assessment_plans/original/unit8_assessment_plan/unit8_assessment_plan.html|reference_library/question_structures/section_enrichment.json|reference_library/source_excerpts/section_source_excerpts.json|reference_library/reusable_tables/table_catalog.json|reference_library/reusable_figures/figure_catalog.json|sources/indexes/compact_stage_reference_map.json,
U8-S4-P1-R01,SPIRAL,Algebra 1,8,8.4,Practice Set 1,Practice Set 1,,REVIEW,,,,,U8-S4-R-EXP_MODEL-05,representation_shift,exponential model -> parameter interpretation/prediction,2,Students will create and analyze mathematical models using real-world data.,I can formulate a mathematical model from real-world data and state the assumptions used.,Connect representations; use algebraic structure precisely; model and interpret quantities; justify conclusions with mathematical evidence when the task requires it.,constructed_response,short_response,instructional,90,,,,assessment_plans/original/unit8_assessment_plan/unit8_assessment_plan.html|reference_library/question_structures/section_enrichment.json|reference_library/source_excerpts/section_source_excerpts.json|reference_library/reusable_tables/table_catalog.json|reference_library/reusable_figures/figure_catalog.json|sources/indexes/compact_stage_reference_map.json,
U8-S4-P1-R02,SPIRAL,Algebra 1,8,8.4,Practice Set 1,Practice Set 1,,REVIEW,,,,,U8-S4-R-EXP_MODEL-01,conceptual_reword,exponential model -> parameter interpretation/prediction,2,Students will create and analyze mathematical models using real-world data.,I can formulate a mathematical model from real-world data and state the assumptions used.,Connect representations; use algebraic structure precisely; model and interpret quantities; justify conclusions with mathematical evidence when the task requires it.,constructed_response,short_response,instructional,90,,,,assessment_plans/original/unit8_assessment_plan/unit8_assessment_plan.html|reference_library/question_structures/section_enrichment.json|reference_library/source_excerpts/section_source_excerpts.json|reference_library/reusable_tables/table_catalog.json|reference_library/reusable_figures/figure_catalog.json|sources/indexes/compact_stage_reference_map.json,
U8-S4-P1-R03,SPIRAL,Algebra 1,8,8.4,Practice Set 1,Practice Set 1,,REVIEW,,,,,U8-S4-R-EXP_MODEL-02,reasoning_shift,exponential model -> parameter interpretation/prediction,2,Students will create and analyze mathematical models using real-world data.,I can formulate a mathematical model from real-world data and state the assumptions used.,Connect representations; use algebraic structure precisely; model and interpret quantities; justify conclusions with mathematical evidence when the task requires it.,constructed_response,short_response,instructional,90,,,,assessment_plans/original/unit8_assessment_plan/unit8_assessment_plan.html|reference_library/question_structures/section_enrichment.json|reference_library/source_excerpts/section_source_excerpts.json|reference_library/reusable_tables/table_catalog.json|reference_library/reusable_figures/figure_catalog.json|sources/indexes/compact_stage_reference_map.json,
U8-S4-P1-R04,SPIRAL,Algebra 1,8,8.4,Practice Set 1,Practice Set 1,,REVIEW,,,,,U8-S4-R-EXP_MODEL-03,routine_procedural_numeric,exponential model -> parameter interpretation/prediction,1,Students will create and analyze mathematical models using real-world data.,I can formulate a mathematical model from real-world data and state the assumptions used.,Connect representations; use algebraic structure precisely; model and interpret quantities; justify conclusions with mathematical evidence when the task requires it.,constructed_response,short_response,instructional,90,,,,assessment_plans/original/unit8_assessment_plan/unit8_assessment_plan.html|reference_library/question_structures/section_enrichment.json|reference_library/source_excerpts/section_source_excerpts.json|reference_library/reusable_tables/table_catalog.json|reference_library/reusable_figures/figure_catalog.json|sources/indexes/compact_stage_reference_map.json,
U8-S4-P1-R05,SPIRAL,Algebra 1,8,8.4,Practice Set 1,Practice Set 1,,REVIEW,,,,,U8-S4-R-EXP_MODEL-04,representation_shift,exponential model -> parameter interpretation/prediction,2,Students will create and analyze mathematical models using real-world data.,I can formulate a mathematical model from real-world data and state the assumptions used.,Connect representations; use algebraic structure precisely; model and interpret quantities; justify conclusions with mathematical evidence when the task requires it.,constructed_response,short_response,instructional,90,,,,assessment_plans/original/unit8_assessment_plan/unit8_assessment_plan.html|reference_library/question_structures/section_enrichment.json|reference_library/source_excerpts/section_source_excerpts.json|reference_library/reusable_tables/table_catalog.json|reference_library/reusable_figures/figure_catalog.json|sources/indexes/compact_stage_reference_map.json,
U8-S4-P1-M01,SPIRAL,Algebra 1,8,8.4,Practice Set 1,Practice Set 1,,MASTERY,,,,,U8-S4-M-QUAD_MODEL-05,conceptual_reword,vertex-form model -> maximum and prediction,2,Students will create and analyze mathematical models using real-world data.,I can formulate a mathematical model from real-world data and state the assumptions used.,Connect representations; use algebraic structure precisely; model and interpret quantities; justify conclusions with mathematical evidence when the task requires it.,constructed_response,short_response,instructional,90,,,,assessment_plans/original/unit8_assessment_plan/unit8_assessment_plan.html|reference_library/question_structures/section_enrichment.json|reference_library/source_excerpts/section_source_excerpts.json|reference_library/reusable_tables/table_catalog.json|reference_library/reusable_figures/figure_catalog.json|sources/indexes/compact_stage_reference_map.json,
U8-S4-P1-M02,SPIRAL,Algebra 1,8,8.4,Practice Set 1,Practice Set 1,,MASTERY,,,,,U8-S4-M-QUAD_MODEL-01,reasoning_shift,vertex-form model -> maximum and prediction,2,Students will create and analyze mathematical models using real-world data.,I can formulate a mathematical model from real-world data and state the assumptions used.,Connect representations; use algebraic structure precisely; model and interpret quantities; justify conclusions with mathematical evidence when the task requires it.,constructed_response,short_response,instructional,90,,,,assessment_plans/original/unit8_assessment_plan/unit8_assessment_plan.html|reference_library/question_structures/section_enrichment.json|reference_library/source_excerpts/section_source_excerpts.json|reference_library/reusable_tables/table_catalog.json|reference_library/reusable_figures/figure_catalog.json|sources/indexes/compact_stage_reference_map.json,
U8-S4-P1-M03,SPIRAL,Algebra 1,8,8.4,Practice Set 1,Practice Set 1,,MASTERY,,,,,U8-S4-M-QUAD_MODEL-02,routine_procedural_numeric,vertex-form model -> maximum and prediction,1,Students will create and analyze mathematical models using real-world data.,I can formulate a mathematical model from real-world data and state the assumptions used.,Connect representations; use algebraic structure precisely; model and interpret quantities; justify conclusions with mathematical evidence when the task requires it.,constructed_response,short_response,instructional,90,,,,assessment_plans/original/unit8_assessment_plan/unit8_assessment_plan.html|reference_library/question_structures/section_enrichment.json|reference_library/source_excerpts/section_source_excerpts.json|reference_library/reusable_tables/table_catalog.json|reference_library/reusable_figures/figure_catalog.json|sources/indexes/compact_stage_reference_map.json,
U8-S4-P1-M04,SPIRAL,Algebra 1,8,8.4,Practice Set 1,Practice Set 1,,MASTERY,,,,,U8-S4-M-QUAD_MODEL-03,representation_shift,vertex-form model -> maximum and prediction,2,Students will create and analyze mathematical models using real-world data.,I can formulate a mathematical model from real-world data and state the assumptions used.,Connect representations; use algebraic structure precisely; model and interpret quantities; justify conclusions with mathematical evidence when the task requires it.,constructed_response,short_response,instructional,90,,,,assessment_plans/original/unit8_assessment_plan/unit8_assessment_plan.html|reference_library/question_structures/section_enrichment.json|reference_library/source_excerpts/section_source_excerpts.json|reference_library/reusable_tables/table_catalog.json|reference_library/reusable_figures/figure_catalog.json|sources/indexes/compact_stage_reference_map.json,
U8-S4-P1-M05,SPIRAL,Algebra 1,8,8.4,Practice Set 1,Practice Set 1,,MASTERY,,,,,U8-S4-M-QUAD_MODEL-04,conceptual_reword,vertex-form model -> maximum and prediction,2,Students will create and analyze mathematical models using real-world data.,I can formulate a mathematical model from real-world data and state the assumptions used.,Connect representations; use algebraic structure precisely; model and interpret quantities; justify conclusions with mathematical evidence when the task requires it.,constructed_response,short_response,instructional,90,,,,assessment_plans/original/unit8_assessment_plan/unit8_assessment_plan.html|reference_library/question_structures/section_enrichment.json|reference_library/source_excerpts/section_source_excerpts.json|reference_library/reusable_tables/table_catalog.json|reference_library/reusable_figures/figure_catalog.json|sources/indexes/compact_stage_reference_map.json,
U8-S4-P1-M06,SPIRAL,Algebra 1,8,8.4,Practice Set 1,Practice Set 1,,MASTERY,,,,,U8-S4-M-QUAD_MODEL-05,reasoning_shift,vertex-form model -> maximum and prediction,2,Students will create and analyze mathematical models using real-world data.,I can formulate a mathematical model from real-world data and state the assumptions used.,Connect representations; use algebraic structure precisely; model and interpret quantities; justify conclusions with mathematical evidence when the task requires it.,constructed_response,short_response,instructional,90,,,,assessment_plans/original/unit8_assessment_plan/unit8_assessment_plan.html|reference_library/question_structures/section_enrichment.json|reference_library/source_excerpts/section_source_excerpts.json|reference_library/reusable_tables/table_catalog.json|reference_library/reusable_figures/figure_catalog.json|sources/indexes/compact_stage_reference_map.json,
U8-S4-P1-M07,SPIRAL,Algebra 1,8,8.4,Practice Set 1,Practice Set 1,,MASTERY,,,,,U8-S4-M-QUAD_MODEL-01,routine_procedural_numeric,vertex-form model -> maximum and prediction,1,Students will create and analyze mathematical models using real-world data.,I can formulate a mathematical model from real-world data and state the assumptions used.,Connect representations; use algebraic structure precisely; model and interpret quantities; justify conclusions with mathematical evidence when the task requires it.,constructed_response,short_response,instructional,90,,,,assessment_plans/original/unit8_assessment_plan/unit8_assessment_plan.html|reference_library/question_structures/section_enrichment.json|reference_library/source_excerpts/section_source_excerpts.json|reference_library/reusable_tables/table_catalog.json|reference_library/reusable_figures/figure_catalog.json|sources/indexes/compact_stage_reference_map.json,
U8-S4-P2-I01,SPIRAL,Algebra 1,8,8.4,Practice Set 2,Practice Set 2,,INTRO,,,,,U8-S4-I-MODEL_DATA-02,conceptual_reword,data -> model family -> equation,2,Students will create and analyze mathematical models using real-world data.,I can formulate a mathematical model from real-world data and state the assumptions used.,Connect representations; use algebraic structure precisely; model and interpret quantities; justify conclusions with mathematical evidence when the task requires it.,constructed_response,short_response,instructional,90,,,,assessment_plans/original/unit8_assessment_plan/unit8_assessment_plan.html|reference_library/question_structures/section_enrichment.json|reference_library/source_excerpts/section_source_excerpts.json|reference_library/reusable_tables/table_catalog.json|reference_library/reusable_figures/figure_catalog.json|sources/indexes/compact_stage_reference_map.json,
U8-S4-P2-I02,SPIRAL,Algebra 1,8,8.4,Practice Set 2,Practice Set 2,,INTRO,,,,,U8-S4-I-MODEL_DATA-03,reasoning_shift,data -> model family -> equation,2,Students will create and analyze mathematical models using real-world data.,I can formulate a mathematical model from real-world data and state the assumptions used.,Connect representations; use algebraic structure precisely; model and interpret quantities; justify conclusions with mathematical evidence when the task requires it.,constructed_response,short_response,instructional,90,,,,assessment_plans/original/unit8_assessment_plan/unit8_assessment_plan.html|reference_library/question_structures/section_enrichment.json|reference_library/source_excerpts/section_source_excerpts.json|reference_library/reusable_tables/table_catalog.json|reference_library/reusable_figures/figure_catalog.json|sources/indexes/compact_stage_reference_map.json,
U8-S4-P2-I03,SPIRAL,Algebra 1,8,8.4,Practice Set 2,Practice Set 2,,INTRO,,,,,U8-S4-I-MODEL_DATA-04,routine_procedural_numeric,data -> model family -> equation,2,Students will create and analyze mathematical models using real-world data.,I can formulate a mathematical model from real-world data and state the assumptions used.,Connect representations; use algebraic structure precisely; model and interpret quantities; justify conclusions with mathematical evidence when the task requires it.,constructed_response,short_response,instructional,90,,,,assessment_plans/original/unit8_assessment_plan/unit8_assessment_plan.html|reference_library/question_structures/section_enrichment.json|reference_library/source_excerpts/section_source_excerpts.json|reference_library/reusable_tables/table_catalog.json|reference_library/reusable_figures/figure_catalog.json|sources/indexes/compact_stage_reference_map.json,
U8-S4-P2-I04,SPIRAL,Algebra 1,8,8.4,Practice Set 2,Practice Set 2,,INTRO,,,,,U8-S4-I-MODEL_DATA-05,representation_shift,data -> model family -> equation,1,Students will create and analyze mathematical models using real-world data.,I can formulate a mathematical model from real-world data and state the assumptions used.,Connect representations; use algebraic structure precisely; model and interpret quantities; justify conclusions with mathematical evidence when the task requires it.,constructed_response,short_response,instructional,90,,,,assessment_plans/original/unit8_assessment_plan/unit8_assessment_plan.html|reference_library/question_structures/section_enrichment.json|reference_library/source_excerpts/section_source_excerpts.json|reference_library/reusable_tables/table_catalog.json|reference_library/reusable_figures/figure_catalog.json|sources/indexes/compact_stage_reference_map.json,
U8-S4-P2-I05,SPIRAL,Algebra 1,8,8.4,Practice Set 2,Practice Set 2,,INTRO,,,,,U8-S4-I-MODEL_DATA-01,conceptual_reword,data -> model family -> equation,2,Students will create and analyze mathematical models using real-world data.,I can formulate a mathematical model from real-world data and state the assumptions used.,Connect representations; use algebraic structure precisely; model and interpret quantities; justify conclusions with mathematical evidence when the task requires it.,constructed_response,short_response,instructional,90,,,,assessment_plans/original/unit8_assessment_plan/unit8_assessment_plan.html|reference_library/question_structures/section_enrichment.json|reference_library/source_excerpts/section_source_excerpts.json|reference_library/reusable_tables/table_catalog.json|reference_library/reusable_figures/figure_catalog.json|sources/indexes/compact_stage_reference_map.json,
U8-S4-P2-R01,SPIRAL,Algebra 1,8,8.4,Practice Set 2,Practice Set 2,,REVIEW,,,,,U8-S4-R-EXP_MODEL-02,reasoning_shift,exponential model -> parameter interpretation/prediction,2,Students will create and analyze mathematical models using real-world data.,I can formulate a mathematical model from real-world data and state the assumptions used.,Connect representations; use algebraic structure precisely; model and interpret quantities; justify conclusions with mathematical evidence when the task requires it.,constructed_response,short_response,instructional,90,,,,assessment_plans/original/unit8_assessment_plan/unit8_assessment_plan.html|reference_library/question_structures/section_enrichment.json|reference_library/source_excerpts/section_source_excerpts.json|reference_library/reusable_tables/table_catalog.json|reference_library/reusable_figures/figure_catalog.json|sources/indexes/compact_stage_reference_map.json,
U8-S4-P2-R02,SPIRAL,Algebra 1,8,8.4,Practice Set 2,Practice Set 2,,REVIEW,,,,,U8-S4-R-EXP_MODEL-03,routine_procedural_numeric,exponential model -> parameter interpretation/prediction,2,Students will create and analyze mathematical models using real-world data.,I can formulate a mathematical model from real-world data and state the assumptions used.,Connect representations; use algebraic structure precisely; model and interpret quantities; justify conclusions with mathematical evidence when the task requires it.,constructed_response,short_response,instructional,90,,,,assessment_plans/original/unit8_assessment_plan/unit8_assessment_plan.html|reference_library/question_structures/section_enrichment.json|reference_library/source_excerpts/section_source_excerpts.json|reference_library/reusable_tables/table_catalog.json|reference_library/reusable_figures/figure_catalog.json|sources/indexes/compact_stage_reference_map.json,
U8-S4-P2-R03,SPIRAL,Algebra 1,8,8.4,Practice Set 2,Practice Set 2,,REVIEW,,,,,U8-S4-R-EXP_MODEL-04,representation_shift,exponential model -> parameter interpretation/prediction,1,Students will create and analyze mathematical models using real-world data.,I can formulate a mathematical model from real-world data and state the assumptions used.,Connect representations; use algebraic structure precisely; model and interpret quantities; justify conclusions with mathematical evidence when the task requires it.,constructed_response,short_response,instructional,90,,,,assessment_plans/original/unit8_assessment_plan/unit8_assessment_plan.html|reference_library/question_structures/section_enrichment.json|reference_library/source_excerpts/section_source_excerpts.json|reference_library/reusable_tables/table_catalog.json|reference_library/reusable_figures/figure_catalog.json|sources/indexes/compact_stage_reference_map.json,
U8-S4-P2-R04,SPIRAL,Algebra 1,8,8.4,Practice Set 2,Practice Set 2,,REVIEW,,,,,U8-S4-R-EXP_MODEL-05,conceptual_reword,exponential model -> parameter interpretation/prediction,2,Students will create and analyze mathematical models using real-world data.,I can formulate a mathematical model from real-world data and state the assumptions used.,Connect representations; use algebraic structure precisely; model and interpret quantities; justify conclusions with mathematical evidence when the task requires it.,constructed_response,short_response,instructional,90,,,,assessment_plans/original/unit8_assessment_plan/unit8_assessment_plan.html|reference_library/question_structures/section_enrichment.json|reference_library/source_excerpts/section_source_excerpts.json|reference_library/reusable_tables/table_catalog.json|reference_library/reusable_figures/figure_catalog.json|sources/indexes/compact_stage_reference_map.json,
U8-S4-P2-R05,SPIRAL,Algebra 1,8,8.4,Practice Set 2,Practice Set 2,,REVIEW,,,,,U8-S4-R-EXP_MODEL-01,reasoning_shift,exponential model -> parameter interpretation/prediction,2,Students will create and analyze mathematical models using real-world data.,I can formulate a mathematical model from real-world data and state the assumptions used.,Connect representations; use algebraic structure precisely; model and interpret quantities; justify conclusions with mathematical evidence when the task requires it.,constructed_response,short_response,instructional,90,,,,assessment_plans/original/unit8_assessment_plan/unit8_assessment_plan.html|reference_library/question_structures/section_enrichment.json|reference_library/source_excerpts/section_source_excerpts.json|reference_library/reusable_tables/table_catalog.json|reference_library/reusable_figures/figure_catalog.json|sources/indexes/compact_stage_reference_map.json,
U8-S4-P2-M01,SPIRAL,Algebra 1,8,8.4,Practice Set 2,Practice Set 2,,MASTERY,,,,,U8-S4-M-QUAD_MODEL-02,routine_procedural_numeric,vertex-form model -> maximum and prediction,2,Students will create and analyze mathematical models using real-world data.,I can formulate a mathematical model from real-world data and state the assumptions used.,Connect representations; use algebraic structure precisely; model and interpret quantities; justify conclusions with mathematical evidence when the task requires it.,constructed_response,short_response,instructional,90,,,,assessment_plans/original/unit8_assessment_plan/unit8_assessment_plan.html|reference_library/question_structures/section_enrichment.json|reference_library/source_excerpts/section_source_excerpts.json|reference_library/reusable_tables/table_catalog.json|reference_library/reusable_figures/figure_catalog.json|sources/indexes/compact_stage_reference_map.json,
U8-S4-P2-M02,SPIRAL,Algebra 1,8,8.4,Practice Set 2,Practice Set 2,,MASTERY,,,,,U8-S4-M-QUAD_MODEL-03,representation_shift,vertex-form model -> maximum and prediction,1,Students will create and analyze mathematical models using real-world data.,I can formulate a mathematical model from real-world data and state the assumptions used.,Connect representations; use algebraic structure precisely; model and interpret quantities; justify conclusions with mathematical evidence when the task requires it.,constructed_response,short_response,instructional,90,,,,assessment_plans/original/unit8_assessment_plan/unit8_assessment_plan.html|reference_library/question_structures/section_enrichment.json|reference_library/source_excerpts/section_source_excerpts.json|reference_library/reusable_tables/table_catalog.json|reference_library/reusable_figures/figure_catalog.json|sources/indexes/compact_stage_reference_map.json,
U8-S4-P2-M03,SPIRAL,Algebra 1,8,8.4,Practice Set 2,Practice Set 2,,MASTERY,,,,,U8-S4-M-QUAD_MODEL-04,conceptual_reword,vertex-form model -> maximum and prediction,2,Students will create and analyze mathematical models using real-world data.,I can formulate a mathematical model from real-world data and state the assumptions used.,Connect representations; use algebraic structure precisely; model and interpret quantities; justify conclusions with mathematical evidence when the task requires it.,constructed_response,short_response,instructional,90,,,,assessment_plans/original/unit8_assessment_plan/unit8_assessment_plan.html|reference_library/question_structures/section_enrichment.json|reference_library/source_excerpts/section_source_excerpts.json|reference_library/reusable_tables/table_catalog.json|reference_library/reusable_figures/figure_catalog.json|sources/indexes/compact_stage_reference_map.json,
U8-S4-P2-M04,SPIRAL,Algebra 1,8,8.4,Practice Set 2,Practice Set 2,,MASTERY,,,,,U8-S4-M-QUAD_MODEL-05,reasoning_shift,vertex-form model -> maximum and prediction,2,Students will create and analyze mathematical models using real-world data.,I can formulate a mathematical model from real-world data and state the assumptions used.,Connect representations; use algebraic structure precisely; model and interpret quantities; justify conclusions with mathematical evidence when the task requires it.,constructed_response,short_response,instructional,90,,,,assessment_plans/original/unit8_assessment_plan/unit8_assessment_plan.html|reference_library/question_structures/section_enrichment.json|reference_library/source_excerpts/section_source_excerpts.json|reference_library/reusable_tables/table_catalog.json|reference_library/reusable_figures/figure_catalog.json|sources/indexes/compact_stage_reference_map.json,
U8-S4-P2-M05,SPIRAL,Algebra 1,8,8.4,Practice Set 2,Practice Set 2,,MASTERY,,,,,U8-S4-M-QUAD_MODEL-01,routine_procedural_numeric,vertex-form model -> maximum and prediction,2,Students will create and analyze mathematical models using real-world data.,I can formulate a mathematical model from real-world data and state the assumptions used.,Connect representations; use algebraic structure precisely; model and interpret quantities; justify conclusions with mathematical evidence when the task requires it.,constructed_response,short_response,instructional,90,,,,assessment_plans/original/unit8_assessment_plan/unit8_assessment_plan.html|reference_library/question_structures/section_enrichment.json|reference_library/source_excerpts/section_source_excerpts.json|reference_library/reusable_tables/table_catalog.json|reference_library/reusable_figures/figure_catalog.json|sources/indexes/compact_stage_reference_map.json,
U8-S4-P2-M06,SPIRAL,Algebra 1,8,8.4,Practice Set 2,Practice Set 2,,MASTERY,,,,,U8-S4-M-QUAD_MODEL-02,representation_shift,vertex-form model -> maximum and prediction,1,Students will create and analyze mathematical models using real-world data.,I can formulate a mathematical model from real-world data and state the assumptions used.,Connect representations; use algebraic structure precisely; model and interpret quantities; justify conclusions with mathematical evidence when the task requires it.,constructed_response,short_response,instructional,90,,,,assessment_plans/original/unit8_assessment_plan/unit8_assessment_plan.html|reference_library/question_structures/section_enrichment.json|reference_library/source_excerpts/section_source_excerpts.json|reference_library/reusable_tables/table_catalog.json|reference_library/reusable_figures/figure_catalog.json|sources/indexes/compact_stage_reference_map.json,
U8-S4-P2-M07,SPIRAL,Algebra 1,8,8.4,Practice Set 2,Practice Set 2,,MASTERY,,,,,U8-S4-M-QUAD_MODEL-03,conceptual_reword,vertex-form model -> maximum and prediction,2,Students will create and analyze mathematical models using real-world data.,I can formulate a mathematical model from real-world data and state the assumptions used.,Connect representations; use algebraic structure precisely; model and interpret quantities; justify conclusions with mathematical evidence when the task requires it.,constructed_response,short_response,instructional,90,,,,assessment_plans/original/unit8_assessment_plan/unit8_assessment_plan.html|reference_library/question_structures/section_enrichment.json|reference_library/source_excerpts/section_source_excerpts.json|reference_library/reusable_tables/table_catalog.json|reference_library/reusable_figures/figure_catalog.json|sources/indexes/compact_stage_reference_map.json,
U8-S4-P2-I06,SPIRAL,Algebra 1,8,8.4,Practice Set 2,Practice Set 2,,INTRO,,,,,U8-S4-I-MODEL_DATA-04,reasoning_shift,data -> model family -> equation,2,Students will create and analyze mathematical models using real-world data.,I can formulate a mathematical model from real-world data and state the assumptions used.,Connect representations; use algebraic structure precisely; model and interpret quantities; justify conclusions with mathematical evidence when the task requires it.,constructed_response,short_response,instructional,90,,,,assessment_plans/original/unit8_assessment_plan/unit8_assessment_plan.html|reference_library/question_structures/section_enrichment.json|reference_library/source_excerpts/section_source_excerpts.json|reference_library/reusable_tables/table_catalog.json|reference_library/reusable_figures/figure_catalog.json|sources/indexes/compact_stage_reference_map.json,
U8-S4-P2-I07,SPIRAL,Algebra 1,8,8.4,Practice Set 2,Practice Set 2,,INTRO,,,,,U8-S4-I-MODEL_DATA-05,routine_procedural_numeric,data -> model family -> equation,2,Students will create and analyze mathematical models using real-world data.,I can formulate a mathematical model from real-world data and state the assumptions used.,Connect representations; use algebraic structure precisely; model and interpret quantities; justify conclusions with mathematical evidence when the task requires it.,constructed_response,short_response,instructional,90,,,,assessment_plans/original/unit8_assessment_plan/unit8_assessment_plan.html|reference_library/question_structures/section_enrichment.json|reference_library/source_excerpts/section_source_excerpts.json|reference_library/reusable_tables/table_catalog.json|reference_library/reusable_figures/figure_catalog.json|sources/indexes/compact_stage_reference_map.json,
U8-S4-P2-I08,SPIRAL,Algebra 1,8,8.4,Practice Set 2,Practice Set 2,,INTRO,,,,,U8-S4-I-MODEL_DATA-01,representation_shift,data -> model family -> equation,1,Students will create and analyze mathematical models using real-world data.,I can formulate a mathematical model from real-world data and state the assumptions used.,Connect representations; use algebraic structure precisely; model and interpret quantities; justify conclusions with mathematical evidence when the task requires it.,constructed_response,short_response,instructional,90,,,,assessment_plans/original/unit8_assessment_plan/unit8_assessment_plan.html|reference_library/question_structures/section_enrichment.json|reference_library/source_excerpts/section_source_excerpts.json|reference_library/reusable_tables/table_catalog.json|reference_library/reusable_figures/figure_catalog.json|sources/indexes/compact_stage_reference_map.json,
U8-S4-P3-I01,SPIRAL,Algebra 1,8,8.4,Practice Set 3,Practice Set 3,,INTRO,,,,,U8-S4-I-MODEL_DATA-02,reasoning_shift,data -> model family -> equation,2,Students will create and analyze mathematical models using real-world data.,I can formulate a mathematical model from real-world data and state the assumptions used.,Connect representations; use algebraic structure precisely; model and interpret quantities; justify conclusions with mathematical evidence when the task requires it.,constructed_response,short_response,instructional,90,,,,assessment_plans/original/unit8_assessment_plan/unit8_assessment_plan.html|reference_library/question_structures/section_enrichment.json|reference_library/source_excerpts/section_source_excerpts.json|reference_library/reusable_tables/table_catalog.json|reference_library/reusable_figures/figure_catalog.json|sources/indexes/compact_stage_reference_map.json,
U8-S4-P3-I02,SPIRAL,Algebra 1,8,8.4,Practice Set 3,Practice Set 3,,INTRO,,,,,U8-S4-I-MODEL_DATA-03,routine_procedural_numeric,data -> model family -> equation,2,Students will create and analyze mathematical models using real-world data.,I can formulate a mathematical model from real-world data and state the assumptions used.,Connect representations; use algebraic structure precisely; model and interpret quantities; justify conclusions with mathematical evidence when the task requires it.,constructed_response,short_response,instructional,90,,,,assessment_plans/original/unit8_assessment_plan/unit8_assessment_plan.html|reference_library/question_structures/section_enrichment.json|reference_library/source_excerpts/section_source_excerpts.json|reference_library/reusable_tables/table_catalog.json|reference_library/reusable_figures/figure_catalog.json|sources/indexes/compact_stage_reference_map.json,
U8-S4-P3-R01,SPIRAL,Algebra 1,8,8.4,Practice Set 3,Practice Set 3,,REVIEW,,,,,U8-S4-R-EXP_MODEL-04,representation_shift,exponential model -> parameter interpretation/prediction,2,Students will create and analyze mathematical models using real-world data.,I can formulate a mathematical model from real-world data and state the assumptions used.,Connect representations; use algebraic structure precisely; model and interpret quantities; justify conclusions with mathematical evidence when the task requires it.,constructed_response,short_response,instructional,90,,,,assessment_plans/original/unit8_assessment_plan/unit8_assessment_plan.html|reference_library/question_structures/section_enrichment.json|reference_library/source_excerpts/section_source_excerpts.json|reference_library/reusable_tables/table_catalog.json|reference_library/reusable_figures/figure_catalog.json|sources/indexes/compact_stage_reference_map.json,
U8-S4-P3-R02,SPIRAL,Algebra 1,8,8.4,Practice Set 3,Practice Set 3,,REVIEW,,,,,U8-S4-R-EXP_MODEL-05,conceptual_reword,exponential model -> parameter interpretation/prediction,1,Students will create and analyze mathematical models using real-world data.,I can formulate a mathematical model from real-world data and state the assumptions used.,Connect representations; use algebraic structure precisely; model and interpret quantities; justify conclusions with mathematical evidence when the task requires it.,constructed_response,short_response,instructional,90,,,,assessment_plans/original/unit8_assessment_plan/unit8_assessment_plan.html|reference_library/question_structures/section_enrichment.json|reference_library/source_excerpts/section_source_excerpts.json|reference_library/reusable_tables/table_catalog.json|reference_library/reusable_figures/figure_catalog.json|sources/indexes/compact_stage_reference_map.json,
U8-S4-P3-R03,SPIRAL,Algebra 1,8,8.4,Practice Set 3,Practice Set 3,,REVIEW,,,,,U8-S4-R-EXP_MODEL-01,reasoning_shift,exponential model -> parameter interpretation/prediction,2,Students will create and analyze mathematical models using real-world data.,I can formulate a mathematical model from real-world data and state the assumptions used.,Connect representations; use algebraic structure precisely; model and interpret quantities; justify conclusions with mathematical evidence when the task requires it.,constructed_response,short_response,instructional,90,,,,assessment_plans/original/unit8_assessment_plan/unit8_assessment_plan.html|reference_library/question_structures/section_enrichment.json|reference_library/source_excerpts/section_source_excerpts.json|reference_library/reusable_tables/table_catalog.json|reference_library/reusable_figures/figure_catalog.json|sources/indexes/compact_stage_reference_map.json,
U8-S4-P3-R04,SPIRAL,Algebra 1,8,8.4,Practice Set 3,Practice Set 3,,REVIEW,,,,,U8-S4-R-EXP_MODEL-02,routine_procedural_numeric,exponential model -> parameter interpretation/prediction,2,Students will create and analyze mathematical models using real-world data.,I can formulate a mathematical model from real-world data and state the assumptions used.,Connect representations; use algebraic structure precisely; model and interpret quantities; justify conclusions with mathematical evidence when the task requires it.,constructed_response,short_response,instructional,90,,,,assessment_plans/original/unit8_assessment_plan/unit8_assessment_plan.html|reference_library/question_structures/section_enrichment.json|reference_library/source_excerpts/section_source_excerpts.json|reference_library/reusable_tables/table_catalog.json|reference_library/reusable_figures/figure_catalog.json|sources/indexes/compact_stage_reference_map.json,
U8-S4-P3-R05,SPIRAL,Algebra 1,8,8.4,Practice Set 3,Practice Set 3,,REVIEW,,,,,U8-S4-R-EXP_MODEL-03,representation_shift,exponential model -> parameter interpretation/prediction,2,Students will create and analyze mathematical models using real-world data.,I can formulate a mathematical model from real-world data and state the assumptions used.,Connect representations; use algebraic structure precisely; model and interpret quantities; justify conclusions with mathematical evidence when the task requires it.,constructed_response,short_response,instructional,90,,,,assessment_plans/original/unit8_assessment_plan/unit8_assessment_plan.html|reference_library/question_structures/section_enrichment.json|reference_library/source_excerpts/section_source_excerpts.json|reference_library/reusable_tables/table_catalog.json|reference_library/reusable_figures/figure_catalog.json|sources/indexes/compact_stage_reference_map.json,
U8-S4-P3-M01,SPIRAL,Algebra 1,8,8.4,Practice Set 3,Practice Set 3,,MASTERY,,,,,U8-S4-M-QUAD_MODEL-04,conceptual_reword,vertex-form model -> maximum and prediction,1,Students will create and analyze mathematical models using real-world data.,I can formulate a mathematical model from real-world data and state the assumptions used.,Connect representations; use algebraic structure precisely; model and interpret quantities; justify conclusions with mathematical evidence when the task requires it.,constructed_response,short_response,instructional,90,,,,assessment_plans/original/unit8_assessment_plan/unit8_assessment_plan.html|reference_library/question_structures/section_enrichment.json|reference_library/source_excerpts/section_source_excerpts.json|reference_library/reusable_tables/table_catalog.json|reference_library/reusable_figures/figure_catalog.json|sources/indexes/compact_stage_reference_map.json,
U8-S4-P3-M02,SPIRAL,Algebra 1,8,8.4,Practice Set 3,Practice Set 3,,MASTERY,,,,,U8-S4-M-QUAD_MODEL-05,reasoning_shift,vertex-form model -> maximum and prediction,2,Students will create and analyze mathematical models using real-world data.,I can formulate a mathematical model from real-world data and state the assumptions used.,Connect representations; use algebraic structure precisely; model and interpret quantities; justify conclusions with mathematical evidence when the task requires it.,constructed_response,short_response,instructional,90,,,,assessment_plans/original/unit8_assessment_plan/unit8_assessment_plan.html|reference_library/question_structures/section_enrichment.json|reference_library/source_excerpts/section_source_excerpts.json|reference_library/reusable_tables/table_catalog.json|reference_library/reusable_figures/figure_catalog.json|sources/indexes/compact_stage_reference_map.json,
U8-S4-P3-M03,SPIRAL,Algebra 1,8,8.4,Practice Set 3,Practice Set 3,,MASTERY,,,,,U8-S4-M-QUAD_MODEL-01,routine_procedural_numeric,vertex-form model -> maximum and prediction,2,Students will create and analyze mathematical models using real-world data.,I can formulate a mathematical model from real-world data and state the assumptions used.,Connect representations; use algebraic structure precisely; model and interpret quantities; justify conclusions with mathematical evidence when the task requires it.,constructed_response,short_response,instructional,90,,,,assessment_plans/original/unit8_assessment_plan/unit8_assessment_plan.html|reference_library/question_structures/section_enrichment.json|reference_library/source_excerpts/section_source_excerpts.json|reference_library/reusable_tables/table_catalog.json|reference_library/reusable_figures/figure_catalog.json|sources/indexes/compact_stage_reference_map.json,
U8-S4-P3-M04,SPIRAL,Algebra 1,8,8.4,Practice Set 3,Practice Set 3,,MASTERY,,,,,U8-S4-M-QUAD_MODEL-02,representation_shift,vertex-form model -> maximum and prediction,2,Students will create and analyze mathematical models using real-world data.,I can formulate a mathematical model from real-world data and state the assumptions used.,Connect representations; use algebraic structure precisely; model and interpret quantities; justify conclusions with mathematical evidence when the task requires it.,constructed_response,short_response,instructional,90,,,,assessment_plans/original/unit8_assessment_plan/unit8_assessment_plan.html|reference_library/question_structures/section_enrichment.json|reference_library/source_excerpts/section_source_excerpts.json|reference_library/reusable_tables/table_catalog.json|reference_library/reusable_figures/figure_catalog.json|sources/indexes/compact_stage_reference_map.json,
U8-S4-P3-M05,SPIRAL,Algebra 1,8,8.4,Practice Set 3,Practice Set 3,,MASTERY,,,,,U8-S4-M-QUAD_MODEL-03,conceptual_reword,vertex-form model -> maximum and prediction,1,Students will create and analyze mathematical models using real-world data.,I can formulate a mathematical model from real-world data and state the assumptions used.,Connect representations; use algebraic structure precisely; model and interpret quantities; justify conclusions with mathematical evidence when the task requires it.,constructed_response,short_response,instructional,90,,,,assessment_plans/original/unit8_assessment_plan/unit8_assessment_plan.html|reference_library/question_structures/section_enrichment.json|reference_library/source_excerpts/section_source_excerpts.json|reference_library/reusable_tables/table_catalog.json|reference_library/reusable_figures/figure_catalog.json|sources/indexes/compact_stage_reference_map.json,
U8-S4-P3-M06,SPIRAL,Algebra 1,8,8.4,Practice Set 3,Practice Set 3,,MASTERY,,,,,U8-S4-M-QUAD_MODEL-04,reasoning_shift,vertex-form model -> maximum and prediction,2,Students will create and analyze mathematical models using real-world data.,I can formulate a mathematical model from real-world data and state the assumptions used.,Connect representations; use algebraic structure precisely; model and interpret quantities; justify conclusions with mathematical evidence when the task requires it.,constructed_response,short_response,instructional,90,,,,assessment_plans/original/unit8_assessment_plan/unit8_assessment_plan.html|reference_library/question_structures/section_enrichment.json|reference_library/source_excerpts/section_source_excerpts.json|reference_library/reusable_tables/table_catalog.json|reference_library/reusable_figures/figure_catalog.json|sources/indexes/compact_stage_reference_map.json,
U8-S4-P3-M07,SPIRAL,Algebra 1,8,8.4,Practice Set 3,Practice Set 3,,MASTERY,,,,,U8-S4-M-QUAD_MODEL-05,routine_procedural_numeric,vertex-form model -> maximum and prediction,2,Students will create and analyze mathematical models using real-world data.,I can formulate a mathematical model from real-world data and state the assumptions used.,Connect representations; use algebraic structure precisely; model and interpret quantities; justify conclusions with mathematical evidence when the task requires it.,constructed_response,short_response,instructional,90,,,,assessment_plans/original/unit8_assessment_plan/unit8_assessment_plan.html|reference_library/question_structures/section_enrichment.json|reference_library/source_excerpts/section_source_excerpts.json|reference_library/reusable_tables/table_catalog.json|reference_library/reusable_figures/figure_catalog.json|sources/indexes/compact_stage_reference_map.json,
U8-S4-P3-I03,SPIRAL,Algebra 1,8,8.4,Practice Set 3,Practice Set 3,,INTRO,,,,,U8-S4-I-MODEL_DATA-01,representation_shift,data -> model family -> equation,2,Students will create and analyze mathematical models using real-world data.,I can formulate a mathematical model from real-world data and state the assumptions used.,Connect representations; use algebraic structure precisely; model and interpret quantities; justify conclusions with mathematical evidence when the task requires it.,constructed_response,short_response,instructional,90,,,,assessment_plans/original/unit8_assessment_plan/unit8_assessment_plan.html|reference_library/question_structures/section_enrichment.json|reference_library/source_excerpts/section_source_excerpts.json|reference_library/reusable_tables/table_catalog.json|reference_library/reusable_figures/figure_catalog.json|sources/indexes/compact_stage_reference_map.json,
U8-S4-P3-I04,SPIRAL,Algebra 1,8,8.4,Practice Set 3,Practice Set 3,,INTRO,,,,,U8-S4-I-MODEL_DATA-02,conceptual_reword,data -> model family -> equation,1,Students will create and analyze mathematical models using real-world data.,I can formulate a mathematical model from real-world data and state the assumptions used.,Connect representations; use algebraic structure precisely; model and interpret quantities; justify conclusions with mathematical evidence when the task requires it.,constructed_response,short_response,instructional,90,,,,assessment_plans/original/unit8_assessment_plan/unit8_assessment_plan.html|reference_library/question_structures/section_enrichment.json|reference_library/source_excerpts/section_source_excerpts.json|reference_library/reusable_tables/table_catalog.json|reference_library/reusable_figures/figure_catalog.json|sources/indexes/compact_stage_reference_map.json,
U8-S4-P3-I05,SPIRAL,Algebra 1,8,8.4,Practice Set 3,Practice Set 3,,INTRO,,,,,U8-S4-I-MODEL_DATA-03,reasoning_shift,data -> model family -> equation,2,Students will create and analyze mathematical models using real-world data.,I can formulate a mathematical model from real-world data and state the assumptions used.,Connect representations; use algebraic structure precisely; model and interpret quantities; justify conclusions with mathematical evidence when the task requires it.,constructed_response,short_response,instructional,90,,,,assessment_plans/original/unit8_assessment_plan/unit8_assessment_plan.html|reference_library/question_structures/section_enrichment.json|reference_library/source_excerpts/section_source_excerpts.json|reference_library/reusable_tables/table_catalog.json|reference_library/reusable_figures/figure_catalog.json|sources/indexes/compact_stage_reference_map.json,
U8-S4-P3-I06,SPIRAL,Algebra 1,8,8.4,Practice Set 3,Practice Set 3,,INTRO,,,,,U8-S4-I-MODEL_DATA-04,routine_procedural_numeric,data -> model family -> equation,2,Students will create and analyze mathematical models using real-world data.,I can formulate a mathematical model from real-world data and state the assumptions used.,Connect representations; use algebraic structure precisely; model and interpret quantities; justify conclusions with mathematical evidence when the task requires it.,constructed_response,short_response,instructional,90,,,,assessment_plans/original/unit8_assessment_plan/unit8_assessment_plan.html|reference_library/question_structures/section_enrichment.json|reference_library/source_excerpts/section_source_excerpts.json|reference_library/reusable_tables/table_catalog.json|reference_library/reusable_figures/figure_catalog.json|sources/indexes/compact_stage_reference_map.json,
U8-S4-P3-I07,SPIRAL,Algebra 1,8,8.4,Practice Set 3,Practice Set 3,,INTRO,,,,,U8-S4-I-MODEL_DATA-05,representation_shift,data -> model family -> equation,2,Students will create and analyze mathematical models using real-world data.,I can formulate a mathematical model from real-world data and state the assumptions used.,Connect representations; use algebraic structure precisely; model and interpret quantities; justify conclusions with mathematical evidence when the task requires it.,constructed_response,short_response,instructional,90,,,,assessment_plans/original/unit8_assessment_plan/unit8_assessment_plan.html|reference_library/question_structures/section_enrichment.json|reference_library/source_excerpts/section_source_excerpts.json|reference_library/reusable_tables/table_catalog.json|reference_library/reusable_figures/figure_catalog.json|sources/indexes/compact_stage_reference_map.json,
U8-S4-P3-I08,SPIRAL,Algebra 1,8,8.4,Practice Set 3,Practice Set 3,,INTRO,,,,,U8-S4-I-MODEL_DATA-01,conceptual_reword,data -> model family -> equation,1,Students will create and analyze mathematical models using real-world data.,I can formulate a mathematical model from real-world data and state the assumptions used.,Connect representations; use algebraic structure precisely; model and interpret quantities; justify conclusions with mathematical evidence when the task requires it.,constructed_response,short_response,instructional,90,,,,assessment_plans/original/unit8_assessment_plan/unit8_assessment_plan.html|reference_library/question_structures/section_enrichment.json|reference_library/source_excerpts/section_source_excerpts.json|reference_library/reusable_tables/table_catalog.json|reference_library/reusable_figures/figure_catalog.json|sources/indexes/compact_stage_reference_map.json,
U8-S4-PX-R01,SPIRAL,Algebra 1,8,8.4,Extra Practice,Extra Practice,,REVIEW,,,,,U8-S4-R-EXP_MODEL-02,routine_procedural_numeric,exponential model -> parameter interpretation/prediction,2,Students will create and analyze mathematical models using real-world data.,I can formulate a mathematical model from real-world data and state the assumptions used.,Connect representations; use algebraic structure precisely; model and interpret quantities; justify conclusions with mathematical evidence when the task requires it.,constructed_response,short_response,instructional,90,,,,assessment_plans/original/unit8_assessment_plan/unit8_assessment_plan.html|reference_library/question_structures/section_enrichment.json|reference_library/source_excerpts/section_source_excerpts.json|reference_library/reusable_tables/table_catalog.json|reference_library/reusable_figures/figure_catalog.json|sources/indexes/compact_stage_reference_map.json,
U8-S4-PX-R02,SPIRAL,Algebra 1,8,8.4,Extra Practice,Extra Practice,,REVIEW,,,,,U8-S4-R-EXP_MODEL-03,representation_shift,exponential model -> parameter interpretation/prediction,2,Students will create and analyze mathematical models using real-world data.,I can formulate a mathematical model from real-world data and state the assumptions used.,Connect representations; use algebraic structure precisely; model and interpret quantities; justify conclusions with mathematical evidence when the task requires it.,constructed_response,short_response,instructional,90,,,,assessment_plans/original/unit8_assessment_plan/unit8_assessment_plan.html|reference_library/question_structures/section_enrichment.json|reference_library/source_excerpts/section_source_excerpts.json|reference_library/reusable_tables/table_catalog.json|reference_library/reusable_figures/figure_catalog.json|sources/indexes/compact_stage_reference_map.json,
U8-S4-PX-R03,SPIRAL,Algebra 1,8,8.4,Extra Practice,Extra Practice,,REVIEW,,,,,U8-S4-R-EXP_MODEL-04,conceptual_reword,exponential model -> parameter interpretation/prediction,2,Students will create and analyze mathematical models using real-world data.,I can formulate a mathematical model from real-world data and state the assumptions used.,Connect representations; use algebraic structure precisely; model and interpret quantities; justify conclusions with mathematical evidence when the task requires it.,constructed_response,short_response,instructional,90,,,,assessment_plans/original/unit8_assessment_plan/unit8_assessment_plan.html|reference_library/question_structures/section_enrichment.json|reference_library/source_excerpts/section_source_excerpts.json|reference_library/reusable_tables/table_catalog.json|reference_library/reusable_figures/figure_catalog.json|sources/indexes/compact_stage_reference_map.json,
U8-S4-PX-R04,SPIRAL,Algebra 1,8,8.4,Extra Practice,Extra Practice,,REVIEW,,,,,U8-S4-R-EXP_MODEL-05,reasoning_shift,exponential model -> parameter interpretation/prediction,1,Students will create and analyze mathematical models using real-world data.,I can formulate a mathematical model from real-world data and state the assumptions used.,Connect representations; use algebraic structure precisely; model and interpret quantities; justify conclusions with mathematical evidence when the task requires it.,constructed_response,short_response,instructional,90,,,,assessment_plans/original/unit8_assessment_plan/unit8_assessment_plan.html|reference_library/question_structures/section_enrichment.json|reference_library/source_excerpts/section_source_excerpts.json|reference_library/reusable_tables/table_catalog.json|reference_library/reusable_figures/figure_catalog.json|sources/indexes/compact_stage_reference_map.json,
U8-S4-PX-M01,SPIRAL,Algebra 1,8,8.4,Extra Practice,Extra Practice,,MASTERY,,,,,U8-S4-M-QUAD_MODEL-01,routine_procedural_numeric,vertex-form model -> maximum and prediction,2,Students will create and analyze mathematical models using real-world data.,I can formulate a mathematical model from real-world data and state the assumptions used.,Connect representations; use algebraic structure precisely; model and interpret quantities; justify conclusions with mathematical evidence when the task requires it.,constructed_response,short_response,instructional,90,,,,assessment_plans/original/unit8_assessment_plan/unit8_assessment_plan.html|reference_library/question_structures/section_enrichment.json|reference_library/source_excerpts/section_source_excerpts.json|reference_library/reusable_tables/table_catalog.json|reference_library/reusable_figures/figure_catalog.json|sources/indexes/compact_stage_reference_map.json,
U8-S4-PX-M02,SPIRAL,Algebra 1,8,8.4,Extra Practice,Extra Practice,,MASTERY,,,,,U8-S4-M-QUAD_MODEL-02,representation_shift,vertex-form model -> maximum and prediction,2,Students will create and analyze mathematical models using real-world data.,I can formulate a mathematical model from real-world data and state the assumptions used.,Connect representations; use algebraic structure precisely; model and interpret quantities; justify conclusions with mathematical evidence when the task requires it.,constructed_response,short_response,instructional,90,,,,assessment_plans/original/unit8_assessment_plan/unit8_assessment_plan.html|reference_library/question_structures/section_enrichment.json|reference_library/source_excerpts/section_source_excerpts.json|reference_library/reusable_tables/table_catalog.json|reference_library/reusable_figures/figure_catalog.json|sources/indexes/compact_stage_reference_map.json,
U8-S4-PX-M03,SPIRAL,Algebra 1,8,8.4,Extra Practice,Extra Practice,,MASTERY,,,,,U8-S4-M-QUAD_MODEL-03,conceptual_reword,vertex-form model -> maximum and prediction,2,Students will create and analyze mathematical models using real-world data.,I can formulate a mathematical model from real-world data and state the assumptions used.,Connect representations; use algebraic structure precisely; model and interpret quantities; justify conclusions with mathematical evidence when the task requires it.,constructed_response,short_response,instructional,90,,,,assessment_plans/original/unit8_assessment_plan/unit8_assessment_plan.html|reference_library/question_structures/section_enrichment.json|reference_library/source_excerpts/section_source_excerpts.json|reference_library/reusable_tables/table_catalog.json|reference_library/reusable_figures/figure_catalog.json|sources/indexes/compact_stage_reference_map.json,
U8-S4-PX-M04,SPIRAL,Algebra 1,8,8.4,Extra Practice,Extra Practice,,MASTERY,,,,,U8-S4-M-QUAD_MODEL-04,reasoning_shift,vertex-form model -> maximum and prediction,1,Students will create and analyze mathematical models using real-world data.,I can formulate a mathematical model from real-world data and state the assumptions used.,Connect representations; use algebraic structure precisely; model and interpret quantities; justify conclusions with mathematical evidence when the task requires it.,constructed_response,short_response,instructional,90,,,,assessment_plans/original/unit8_assessment_plan/unit8_assessment_plan.html|reference_library/question_structures/section_enrichment.json|reference_library/source_excerpts/section_source_excerpts.json|reference_library/reusable_tables/table_catalog.json|reference_library/reusable_figures/figure_catalog.json|sources/indexes/compact_stage_reference_map.json,
U8-S4-PX-M05,SPIRAL,Algebra 1,8,8.4,Extra Practice,Extra Practice,,MASTERY,,,,,U8-S4-M-QUAD_MODEL-05,routine_procedural_numeric,vertex-form model -> maximum and prediction,2,Students will create and analyze mathematical models using real-world data.,I can formulate a mathematical model from real-world data and state the assumptions used.,Connect representations; use algebraic structure precisely; model and interpret quantities; justify conclusions with mathematical evidence when the task requires it.,constructed_response,short_response,instructional,90,,,,assessment_plans/original/unit8_assessment_plan/unit8_assessment_plan.html|reference_library/question_structures/section_enrichment.json|reference_library/source_excerpts/section_source_excerpts.json|reference_library/reusable_tables/table_catalog.json|reference_library/reusable_figures/figure_catalog.json|sources/indexes/compact_stage_reference_map.json,
U8-S4-PX-M06,SPIRAL,Algebra 1,8,8.4,Extra Practice,Extra Practice,,MASTERY,,,,,U8-S4-M-QUAD_MODEL-01,representation_shift,vertex-form model -> maximum and prediction,2,Students will create and analyze mathematical models using real-world data.,I can formulate a mathematical model from real-world data and state the assumptions used.,Connect representations; use algebraic structure precisely; model and interpret quantities; justify conclusions with mathematical evidence when the task requires it.,constructed_response,short_response,instructional,90,,,,assessment_plans/original/unit8_assessment_plan/unit8_assessment_plan.html|reference_library/question_structures/section_enrichment.json|reference_library/source_excerpts/section_source_excerpts.json|reference_library/reusable_tables/table_catalog.json|reference_library/reusable_figures/figure_catalog.json|sources/indexes/compact_stage_reference_map.json,
U8-S4-PX-M07,SPIRAL,Algebra 1,8,8.4,Extra Practice,Extra Practice,,MASTERY,,,,,U8-S4-M-QUAD_MODEL-02,conceptual_reword,vertex-form model -> maximum and prediction,2,Students will create and analyze mathematical models using real-world data.,I can formulate a mathematical model from real-world data and state the assumptions used.,Connect representations; use algebraic structure precisely; model and interpret quantities; justify conclusions with mathematical evidence when the task requires it.,constructed_response,short_response,instructional,90,,,,assessment_plans/original/unit8_assessment_plan/unit8_assessment_plan.html|reference_library/question_structures/section_enrichment.json|reference_library/source_excerpts/section_source_excerpts.json|reference_library/reusable_tables/table_catalog.json|reference_library/reusable_figures/figure_catalog.json|sources/indexes/compact_stage_reference_map.json,
U8-S4-PX-I01,SPIRAL,Algebra 1,8,8.4,Extra Practice,Extra Practice,,INTRO,,,,,U8-S4-I-MODEL_DATA-03,reasoning_shift,data -> model family -> equation,1,Students will create and analyze mathematical models using real-world data.,I can formulate a mathematical model from real-world data and state the assumptions used.,Connect representations; use algebraic structure precisely; model and interpret quantities; justify conclusions with mathematical evidence when the task requires it.,constructed_response,short_response,instructional,90,,,,assessment_plans/original/unit8_assessment_plan/unit8_assessment_plan.html|reference_library/question_structures/section_enrichment.json|reference_library/source_excerpts/section_source_excerpts.json|reference_library/reusable_tables/table_catalog.json|reference_library/reusable_figures/figure_catalog.json|sources/indexes/compact_stage_reference_map.json,
U8-S4-PX-I02,SPIRAL,Algebra 1,8,8.4,Extra Practice,Extra Practice,,INTRO,,,,,U8-S4-I-MODEL_DATA-04,routine_procedural_numeric,data -> model family -> equation,2,Students will create and analyze mathematical models using real-world data.,I can formulate a mathematical model from real-world data and state the assumptions used.,Connect representations; use algebraic structure precisely; model and interpret quantities; justify conclusions with mathematical evidence when the task requires it.,constructed_response,short_response,instructional,90,,,,assessment_plans/original/unit8_assessment_plan/unit8_assessment_plan.html|reference_library/question_structures/section_enrichment.json|reference_library/source_excerpts/section_source_excerpts.json|reference_library/reusable_tables/table_catalog.json|reference_library/reusable_figures/figure_catalog.json|sources/indexes/compact_stage_reference_map.json,
U8-S4-PX-I03,SPIRAL,Algebra 1,8,8.4,Extra Practice,Extra Practice,,INTRO,,,,,U8-S4-I-MODEL_DATA-05,representation_shift,data -> model family -> equation,2,Students will create and analyze mathematical models using real-world data.,I can formulate a mathematical model from real-world data and state the assumptions used.,Connect representations; use algebraic structure precisely; model and interpret quantities; justify conclusions with mathematical evidence when the task requires it.,constructed_response,short_response,instructional,90,,,,assessment_plans/original/unit8_assessment_plan/unit8_assessment_plan.html|reference_library/question_structures/section_enrichment.json|reference_library/source_excerpts/section_source_excerpts.json|reference_library/reusable_tables/table_catalog.json|reference_library/reusable_figures/figure_catalog.json|sources/indexes/compact_stage_reference_map.json,
U8-S4-PX-I04,SPIRAL,Algebra 1,8,8.4,Extra Practice,Extra Practice,,INTRO,,,,,U8-S4-I-MODEL_DATA-01,conceptual_reword,data -> model family -> equation,2,Students will create and analyze mathematical models using real-world data.,I can formulate a mathematical model from real-world data and state the assumptions used.,Connect representations; use algebraic structure precisely; model and interpret quantities; justify conclusions with mathematical evidence when the task requires it.,constructed_response,short_response,instructional,90,,,,assessment_plans/original/unit8_assessment_plan/unit8_assessment_plan.html|reference_library/question_structures/section_enrichment.json|reference_library/source_excerpts/section_source_excerpts.json|reference_library/reusable_tables/table_catalog.json|reference_library/reusable_figures/figure_catalog.json|sources/indexes/compact_stage_reference_map.json,
U8-S4-PX-I05,SPIRAL,Algebra 1,8,8.4,Extra Practice,Extra Practice,,INTRO,,,,,U8-S4-I-MODEL_DATA-02,reasoning_shift,data -> model family -> equation,1,Students will create and analyze mathematical models using real-world data.,I can formulate a mathematical model from real-world data and state the assumptions used.,Connect representations; use algebraic structure precisely; model and interpret quantities; justify conclusions with mathematical evidence when the task requires it.,constructed_response,short_response,instructional,90,,,,assessment_plans/original/unit8_assessment_plan/unit8_assessment_plan.html|reference_library/question_structures/section_enrichment.json|reference_library/source_excerpts/section_source_excerpts.json|reference_library/reusable_tables/table_catalog.json|reference_library/reusable_figures/figure_catalog.json|sources/indexes/compact_stage_reference_map.json,
U8-S4-PX-I06,SPIRAL,Algebra 1,8,8.4,Extra Practice,Extra Practice,,INTRO,,,,,U8-S4-I-MODEL_DATA-03,routine_procedural_numeric,data -> model family -> equation,2,Students will create and analyze mathematical models using real-world data.,I can formulate a mathematical model from real-world data and state the assumptions used.,Connect representations; use algebraic structure precisely; model and interpret quantities; justify conclusions with mathematical evidence when the task requires it.,constructed_response,short_response,instructional,90,,,,assessment_plans/original/unit8_assessment_plan/unit8_assessment_plan.html|reference_library/question_structures/section_enrichment.json|reference_library/source_excerpts/section_source_excerpts.json|reference_library/reusable_tables/table_catalog.json|reference_library/reusable_figures/figure_catalog.json|sources/indexes/compact_stage_reference_map.json,
U8-S4-PX-I07,SPIRAL,Algebra 1,8,8.4,Extra Practice,Extra Practice,,INTRO,,,,,U8-S4-I-MODEL_DATA-04,representation_shift,data -> model family -> equation,2,Students will create and analyze mathematical models using real-world data.,I can formulate a mathematical model from real-world data and state the assumptions used.,Connect representations; use algebraic structure precisely; model and interpret quantities; justify conclusions with mathematical evidence when the task requires it.,constructed_response,short_response,instructional,90,,,,assessment_plans/original/unit8_assessment_plan/unit8_assessment_plan.html|reference_library/question_structures/section_enrichment.json|reference_library/source_excerpts/section_source_excerpts.json|reference_library/reusable_tables/table_catalog.json|reference_library/reusable_figures/figure_catalog.json|sources/indexes/compact_stage_reference_map.json,
U8-S4-PX-I08,SPIRAL,Algebra 1,8,8.4,Extra Practice,Extra Practice,,INTRO,,,,,U8-S4-I-MODEL_DATA-05,conceptual_reword,data -> model family -> equation,2,Students will create and analyze mathematical models using real-world data.,I can formulate a mathematical model from real-world data and state the assumptions used.,Connect representations; use algebraic structure precisely; model and interpret quantities; justify conclusions with mathematical evidence when the task requires it.,constructed_response,short_response,instructional,90,,,,assessment_plans/original/unit8_assessment_plan/unit8_assessment_plan.html|reference_library/question_structures/section_enrichment.json|reference_library/source_excerpts/section_source_excerpts.json|reference_library/reusable_tables/table_catalog.json|reference_library/reusable_figures/figure_catalog.json|sources/indexes/compact_stage_reference_map.json,
U8-S4-PX-R05,SPIRAL,Algebra 1,8,8.4,Extra Practice,Extra Practice,,REVIEW,,,,,U8-S4-R-EXP_MODEL-01,reasoning_shift,exponential model -> parameter interpretation/prediction,1,Students will create and analyze mathematical models using real-world data.,I can formulate a mathematical model from real-world data and state the assumptions used.,Connect representations; use algebraic structure precisely; model and interpret quantities; justify conclusions with mathematical evidence when the task requires it.,constructed_response,short_response,instructional,90,,,,assessment_plans/original/unit8_assessment_plan/unit8_assessment_plan.html|reference_library/question_structures/section_enrichment.json|reference_library/source_excerpts/section_source_excerpts.json|reference_library/reusable_tables/table_catalog.json|reference_library/reusable_figures/figure_catalog.json|sources/indexes/compact_stage_reference_map.json,
U8-S5-P1-I01,SPIRAL,Algebra 1,8,8.5,Practice Set 1,Practice Set 1,,INTRO,,,,,U8-S5-I-SYNTHESIS-02,representation_shift,data -> model family -> equation,2,Students will synthesize understanding of function families and representations to solve complex problems.,"I can construct a solution pathway that connects equations, graphs, tables, and contexts across function families.",Connect representations; use algebraic structure precisely; model and interpret quantities; justify conclusions with mathematical evidence when the task requires it.,constructed_response,short_response,instructional,90,,,,assessment_plans/original/unit8_assessment_plan/unit8_assessment_plan.html|reference_library/question_structures/section_enrichment.json|reference_library/source_excerpts/section_source_excerpts.json|reference_library/reusable_tables/table_catalog.json|reference_library/reusable_figures/figure_catalog.json|sources/indexes/compact_stage_reference_map.json,
U8-S5-P1-I02,SPIRAL,Algebra 1,8,8.5,Practice Set 1,Practice Set 1,,INTRO,,,,,U8-S5-I-SYNTHESIS-03,conceptual_reword,data -> model family -> equation,2,Students will synthesize understanding of function families and representations to solve complex problems.,"I can construct a solution pathway that connects equations, graphs, tables, and contexts across function families.",Connect representations; use algebraic structure precisely; model and interpret quantities; justify conclusions with mathematical evidence when the task requires it.,constructed_response,short_response,instructional,90,,,,assessment_plans/original/unit8_assessment_plan/unit8_assessment_plan.html|reference_library/question_structures/section_enrichment.json|reference_library/source_excerpts/section_source_excerpts.json|reference_library/reusable_tables/table_catalog.json|reference_library/reusable_figures/figure_catalog.json|sources/indexes/compact_stage_reference_map.json,
U8-S5-P1-I03,SPIRAL,Algebra 1,8,8.5,Practice Set 1,Practice Set 1,,INTRO,,,,,U8-S5-I-SYNTHESIS-04,reasoning_shift,data -> model family -> equation,2,Students will synthesize understanding of function families and representations to solve complex problems.,"I can construct a solution pathway that connects equations, graphs, tables, and contexts across function families.",Connect representations; use algebraic structure precisely; model and interpret quantities; justify conclusions with mathematical evidence when the task requires it.,constructed_response,short_response,instructional,90,,,,assessment_plans/original/unit8_assessment_plan/unit8_assessment_plan.html|reference_library/question_structures/section_enrichment.json|reference_library/source_excerpts/section_source_excerpts.json|reference_library/reusable_tables/table_catalog.json|reference_library/reusable_figures/figure_catalog.json|sources/indexes/compact_stage_reference_map.json,
U8-S5-P1-I04,SPIRAL,Algebra 1,8,8.5,Practice Set 1,Practice Set 1,,INTRO,,,,,U8-S5-I-SYNTHESIS-05,routine_procedural_numeric,data -> model family -> equation,1,Students will synthesize understanding of function families and representations to solve complex problems.,"I can construct a solution pathway that connects equations, graphs, tables, and contexts across function families.",Connect representations; use algebraic structure precisely; model and interpret quantities; justify conclusions with mathematical evidence when the task requires it.,constructed_response,short_response,instructional,90,,,,assessment_plans/original/unit8_assessment_plan/unit8_assessment_plan.html|reference_library/question_structures/section_enrichment.json|reference_library/source_excerpts/section_source_excerpts.json|reference_library/reusable_tables/table_catalog.json|reference_library/reusable_figures/figure_catalog.json|sources/indexes/compact_stage_reference_map.json,
U8-S5-P1-I05,SPIRAL,Algebra 1,8,8.5,Practice Set 1,Practice Set 1,,INTRO,,,,,U8-S5-I-SYNTHESIS-01,representation_shift,data -> model family -> equation,2,Students will synthesize understanding of function families and representations to solve complex problems.,"I can construct a solution pathway that connects equations, graphs, tables, and contexts across function families.",Connect representations; use algebraic structure precisely; model and interpret quantities; justify conclusions with mathematical evidence when the task requires it.,constructed_response,short_response,instructional,90,,,,assessment_plans/original/unit8_assessment_plan/unit8_assessment_plan.html|reference_library/question_structures/section_enrichment.json|reference_library/source_excerpts/section_source_excerpts.json|reference_library/reusable_tables/table_catalog.json|reference_library/reusable_figures/figure_catalog.json|sources/indexes/compact_stage_reference_map.json,
U8-S5-P1-I06,SPIRAL,Algebra 1,8,8.5,Practice Set 1,Practice Set 1,,INTRO,,,,,U8-S5-I-SYNTHESIS-02,conceptual_reword,data -> model family -> equation,2,Students will synthesize understanding of function families and representations to solve complex problems.,"I can construct a solution pathway that connects equations, graphs, tables, and contexts across function families.",Connect representations; use algebraic structure precisely; model and interpret quantities; justify conclusions with mathematical evidence when the task requires it.,constructed_response,short_response,instructional,90,,,,assessment_plans/original/unit8_assessment_plan/unit8_assessment_plan.html|reference_library/question_structures/section_enrichment.json|reference_library/source_excerpts/section_source_excerpts.json|reference_library/reusable_tables/table_catalog.json|reference_library/reusable_figures/figure_catalog.json|sources/indexes/compact_stage_reference_map.json,
U8-S5-P1-I07,SPIRAL,Algebra 1,8,8.5,Practice Set 1,Practice Set 1,,INTRO,,,,,U8-S5-I-SYNTHESIS-03,reasoning_shift,data -> model family -> equation,2,Students will synthesize understanding of function families and representations to solve complex problems.,"I can construct a solution pathway that connects equations, graphs, tables, and contexts across function families.",Connect representations; use algebraic structure precisely; model and interpret quantities; justify conclusions with mathematical evidence when the task requires it.,constructed_response,short_response,instructional,90,,,,assessment_plans/original/unit8_assessment_plan/unit8_assessment_plan.html|reference_library/question_structures/section_enrichment.json|reference_library/source_excerpts/section_source_excerpts.json|reference_library/reusable_tables/table_catalog.json|reference_library/reusable_figures/figure_catalog.json|sources/indexes/compact_stage_reference_map.json,
U8-S5-P1-I08,SPIRAL,Algebra 1,8,8.5,Practice Set 1,Practice Set 1,,INTRO,,,,,U8-S5-I-SYNTHESIS-04,routine_procedural_numeric,data -> model family -> equation,1,Students will synthesize understanding of function families and representations to solve complex problems.,"I can construct a solution pathway that connects equations, graphs, tables, and contexts across function families.",Connect representations; use algebraic structure precisely; model and interpret quantities; justify conclusions with mathematical evidence when the task requires it.,constructed_response,short_response,instructional,90,,,,assessment_plans/original/unit8_assessment_plan/unit8_assessment_plan.html|reference_library/question_structures/section_enrichment.json|reference_library/source_excerpts/section_source_excerpts.json|reference_library/reusable_tables/table_catalog.json|reference_library/reusable_figures/figure_catalog.json|sources/indexes/compact_stage_reference_map.json,
U8-S5-P1-R01,SPIRAL,Algebra 1,8,8.5,Practice Set 1,Practice Set 1,,REVIEW,,,,,U8-S5-R-EXP_EQUATION-05,representation_shift,initial value + factor -> exponential equation/prediction,2,Students will synthesize understanding of function families and representations to solve complex problems.,"I can construct a solution pathway that connects equations, graphs, tables, and contexts across function families.",Connect representations; use algebraic structure precisely; model and interpret quantities; justify conclusions with mathematical evidence when the task requires it.,constructed_response,short_response,instructional,90,,,,assessment_plans/original/unit8_assessment_plan/unit8_assessment_plan.html|reference_library/question_structures/section_enrichment.json|reference_library/source_excerpts/section_source_excerpts.json|reference_library/reusable_tables/table_catalog.json|reference_library/reusable_figures/figure_catalog.json|sources/indexes/compact_stage_reference_map.json,
U8-S5-P1-R02,SPIRAL,Algebra 1,8,8.5,Practice Set 1,Practice Set 1,,REVIEW,,,,,U8-S5-R-EXP_EQUATION-01,conceptual_reword,initial value + factor -> exponential equation/prediction,2,Students will synthesize understanding of function families and representations to solve complex problems.,"I can construct a solution pathway that connects equations, graphs, tables, and contexts across function families.",Connect representations; use algebraic structure precisely; model and interpret quantities; justify conclusions with mathematical evidence when the task requires it.,constructed_response,short_response,instructional,90,,,,assessment_plans/original/unit8_assessment_plan/unit8_assessment_plan.html|reference_library/question_structures/section_enrichment.json|reference_library/source_excerpts/section_source_excerpts.json|reference_library/reusable_tables/table_catalog.json|reference_library/reusable_figures/figure_catalog.json|sources/indexes/compact_stage_reference_map.json,
U8-S5-P1-R03,SPIRAL,Algebra 1,8,8.5,Practice Set 1,Practice Set 1,,REVIEW,,,,,U8-S5-R-EXP_EQUATION-02,reasoning_shift,initial value + factor -> exponential equation/prediction,2,Students will synthesize understanding of function families and representations to solve complex problems.,"I can construct a solution pathway that connects equations, graphs, tables, and contexts across function families.",Connect representations; use algebraic structure precisely; model and interpret quantities; justify conclusions with mathematical evidence when the task requires it.,constructed_response,short_response,instructional,90,,,,assessment_plans/original/unit8_assessment_plan/unit8_assessment_plan.html|reference_library/question_structures/section_enrichment.json|reference_library/source_excerpts/section_source_excerpts.json|reference_library/reusable_tables/table_catalog.json|reference_library/reusable_figures/figure_catalog.json|sources/indexes/compact_stage_reference_map.json,
U8-S5-P1-R04,SPIRAL,Algebra 1,8,8.5,Practice Set 1,Practice Set 1,,REVIEW,,,,,U8-S5-R-EXP_EQUATION-03,routine_procedural_numeric,initial value + factor -> exponential equation/prediction,1,Students will synthesize understanding of function families and representations to solve complex problems.,"I can construct a solution pathway that connects equations, graphs, tables, and contexts across function families.",Connect representations; use algebraic structure precisely; model and interpret quantities; justify conclusions with mathematical evidence when the task requires it.,constructed_response,short_response,instructional,90,,,,assessment_plans/original/unit8_assessment_plan/unit8_assessment_plan.html|reference_library/question_structures/section_enrichment.json|reference_library/source_excerpts/section_source_excerpts.json|reference_library/reusable_tables/table_catalog.json|reference_library/reusable_figures/figure_catalog.json|sources/indexes/compact_stage_reference_map.json,
U8-S5-P1-R05,SPIRAL,Algebra 1,8,8.5,Practice Set 1,Practice Set 1,,REVIEW,,,,,U8-S5-R-EXP_EQUATION-04,representation_shift,initial value + factor -> exponential equation/prediction,2,Students will synthesize understanding of function families and representations to solve complex problems.,"I can construct a solution pathway that connects equations, graphs, tables, and contexts across function families.",Connect representations; use algebraic structure precisely; model and interpret quantities; justify conclusions with mathematical evidence when the task requires it.,constructed_response,short_response,instructional,90,,,,assessment_plans/original/unit8_assessment_plan/unit8_assessment_plan.html|reference_library/question_structures/section_enrichment.json|reference_library/source_excerpts/section_source_excerpts.json|reference_library/reusable_tables/table_catalog.json|reference_library/reusable_figures/figure_catalog.json|sources/indexes/compact_stage_reference_map.json,
U8-S5-P1-M01,SPIRAL,Algebra 1,8,8.5,Practice Set 1,Practice Set 1,,MASTERY,,,,,U8-S5-M-QUAD_FORMULA-05,conceptual_reword,quadratic coefficients -> discriminant -> solution type,2,Students will synthesize understanding of function families and representations to solve complex problems.,"I can construct a solution pathway that connects equations, graphs, tables, and contexts across function families.",Connect representations; use algebraic structure precisely; model and interpret quantities; justify conclusions with mathematical evidence when the task requires it.,constructed_response,short_response,instructional,90,,,,assessment_plans/original/unit8_assessment_plan/unit8_assessment_plan.html|reference_library/question_structures/section_enrichment.json|reference_library/source_excerpts/section_source_excerpts.json|reference_library/reusable_tables/table_catalog.json|reference_library/reusable_figures/figure_catalog.json|sources/indexes/compact_stage_reference_map.json,
U8-S5-P1-M02,SPIRAL,Algebra 1,8,8.5,Practice Set 1,Practice Set 1,,MASTERY,,,,,U8-S5-M-QUAD_FORMULA-01,reasoning_shift,quadratic coefficients -> discriminant -> solution type,2,Students will synthesize understanding of function families and representations to solve complex problems.,"I can construct a solution pathway that connects equations, graphs, tables, and contexts across function families.",Connect representations; use algebraic structure precisely; model and interpret quantities; justify conclusions with mathematical evidence when the task requires it.,constructed_response,short_response,instructional,90,,,,assessment_plans/original/unit8_assessment_plan/unit8_assessment_plan.html|reference_library/question_structures/section_enrichment.json|reference_library/source_excerpts/section_source_excerpts.json|reference_library/reusable_tables/table_catalog.json|reference_library/reusable_figures/figure_catalog.json|sources/indexes/compact_stage_reference_map.json,
U8-S5-P1-M03,SPIRAL,Algebra 1,8,8.5,Practice Set 1,Practice Set 1,,MASTERY,,,,,U8-S5-M-QUAD_FORMULA-02,routine_procedural_numeric,quadratic coefficients -> discriminant -> solution type,1,Students will synthesize understanding of function families and representations to solve complex problems.,"I can construct a solution pathway that connects equations, graphs, tables, and contexts across function families.",Connect representations; use algebraic structure precisely; model and interpret quantities; justify conclusions with mathematical evidence when the task requires it.,constructed_response,short_response,instructional,90,,,,assessment_plans/original/unit8_assessment_plan/unit8_assessment_plan.html|reference_library/question_structures/section_enrichment.json|reference_library/source_excerpts/section_source_excerpts.json|reference_library/reusable_tables/table_catalog.json|reference_library/reusable_figures/figure_catalog.json|sources/indexes/compact_stage_reference_map.json,
U8-S5-P1-M04,SPIRAL,Algebra 1,8,8.5,Practice Set 1,Practice Set 1,,MASTERY,,,,,U8-S5-M-QUAD_FORMULA-03,representation_shift,quadratic coefficients -> discriminant -> solution type,2,Students will synthesize understanding of function families and representations to solve complex problems.,"I can construct a solution pathway that connects equations, graphs, tables, and contexts across function families.",Connect representations; use algebraic structure precisely; model and interpret quantities; justify conclusions with mathematical evidence when the task requires it.,constructed_response,short_response,instructional,90,,,,assessment_plans/original/unit8_assessment_plan/unit8_assessment_plan.html|reference_library/question_structures/section_enrichment.json|reference_library/source_excerpts/section_source_excerpts.json|reference_library/reusable_tables/table_catalog.json|reference_library/reusable_figures/figure_catalog.json|sources/indexes/compact_stage_reference_map.json,
U8-S5-P1-M05,SPIRAL,Algebra 1,8,8.5,Practice Set 1,Practice Set 1,,MASTERY,,,,,U8-S5-M-QUAD_FORMULA-04,conceptual_reword,quadratic coefficients -> discriminant -> solution type,2,Students will synthesize understanding of function families and representations to solve complex problems.,"I can construct a solution pathway that connects equations, graphs, tables, and contexts across function families.",Connect representations; use algebraic structure precisely; model and interpret quantities; justify conclusions with mathematical evidence when the task requires it.,constructed_response,short_response,instructional,90,,,,assessment_plans/original/unit8_assessment_plan/unit8_assessment_plan.html|reference_library/question_structures/section_enrichment.json|reference_library/source_excerpts/section_source_excerpts.json|reference_library/reusable_tables/table_catalog.json|reference_library/reusable_figures/figure_catalog.json|sources/indexes/compact_stage_reference_map.json,
U8-S5-P1-M06,SPIRAL,Algebra 1,8,8.5,Practice Set 1,Practice Set 1,,MASTERY,,,,,U8-S5-M-QUAD_FORMULA-05,reasoning_shift,quadratic coefficients -> discriminant -> solution type,2,Students will synthesize understanding of function families and representations to solve complex problems.,"I can construct a solution pathway that connects equations, graphs, tables, and contexts across function families.",Connect representations; use algebraic structure precisely; model and interpret quantities; justify conclusions with mathematical evidence when the task requires it.,constructed_response,short_response,instructional,90,,,,assessment_plans/original/unit8_assessment_plan/unit8_assessment_plan.html|reference_library/question_structures/section_enrichment.json|reference_library/source_excerpts/section_source_excerpts.json|reference_library/reusable_tables/table_catalog.json|reference_library/reusable_figures/figure_catalog.json|sources/indexes/compact_stage_reference_map.json,
U8-S5-P1-M07,SPIRAL,Algebra 1,8,8.5,Practice Set 1,Practice Set 1,,MASTERY,,,,,U8-S5-M-QUAD_FORMULA-01,routine_procedural_numeric,quadratic coefficients -> discriminant -> solution type,1,Students will synthesize understanding of function families and representations to solve complex problems.,"I can construct a solution pathway that connects equations, graphs, tables, and contexts across function families.",Connect representations; use algebraic structure precisely; model and interpret quantities; justify conclusions with mathematical evidence when the task requires it.,constructed_response,short_response,instructional,90,,,,assessment_plans/original/unit8_assessment_plan/unit8_assessment_plan.html|reference_library/question_structures/section_enrichment.json|reference_library/source_excerpts/section_source_excerpts.json|reference_library/reusable_tables/table_catalog.json|reference_library/reusable_figures/figure_catalog.json|sources/indexes/compact_stage_reference_map.json,
U8-S5-P2-I01,SPIRAL,Algebra 1,8,8.5,Practice Set 2,Practice Set 2,,INTRO,,,,,U8-S5-I-SYNTHESIS-02,conceptual_reword,data -> model family -> equation,2,Students will synthesize understanding of function families and representations to solve complex problems.,"I can construct a solution pathway that connects equations, graphs, tables, and contexts across function families.",Connect representations; use algebraic structure precisely; model and interpret quantities; justify conclusions with mathematical evidence when the task requires it.,constructed_response,short_response,instructional,90,,,,assessment_plans/original/unit8_assessment_plan/unit8_assessment_plan.html|reference_library/question_structures/section_enrichment.json|reference_library/source_excerpts/section_source_excerpts.json|reference_library/reusable_tables/table_catalog.json|reference_library/reusable_figures/figure_catalog.json|sources/indexes/compact_stage_reference_map.json,
U8-S5-P2-I02,SPIRAL,Algebra 1,8,8.5,Practice Set 2,Practice Set 2,,INTRO,,,,,U8-S5-I-SYNTHESIS-03,reasoning_shift,data -> model family -> equation,2,Students will synthesize understanding of function families and representations to solve complex problems.,"I can construct a solution pathway that connects equations, graphs, tables, and contexts across function families.",Connect representations; use algebraic structure precisely; model and interpret quantities; justify conclusions with mathematical evidence when the task requires it.,constructed_response,short_response,instructional,90,,,,assessment_plans/original/unit8_assessment_plan/unit8_assessment_plan.html|reference_library/question_structures/section_enrichment.json|reference_library/source_excerpts/section_source_excerpts.json|reference_library/reusable_tables/table_catalog.json|reference_library/reusable_figures/figure_catalog.json|sources/indexes/compact_stage_reference_map.json,
U8-S5-P2-I03,SPIRAL,Algebra 1,8,8.5,Practice Set 2,Practice Set 2,,INTRO,,,,,U8-S5-I-SYNTHESIS-04,routine_procedural_numeric,data -> model family -> equation,2,Students will synthesize understanding of function families and representations to solve complex problems.,"I can construct a solution pathway that connects equations, graphs, tables, and contexts across function families.",Connect representations; use algebraic structure precisely; model and interpret quantities; justify conclusions with mathematical evidence when the task requires it.,constructed_response,short_response,instructional,90,,,,assessment_plans/original/unit8_assessment_plan/unit8_assessment_plan.html|reference_library/question_structures/section_enrichment.json|reference_library/source_excerpts/section_source_excerpts.json|reference_library/reusable_tables/table_catalog.json|reference_library/reusable_figures/figure_catalog.json|sources/indexes/compact_stage_reference_map.json,
U8-S5-P2-I04,SPIRAL,Algebra 1,8,8.5,Practice Set 2,Practice Set 2,,INTRO,,,,,U8-S5-I-SYNTHESIS-05,representation_shift,data -> model family -> equation,1,Students will synthesize understanding of function families and representations to solve complex problems.,"I can construct a solution pathway that connects equations, graphs, tables, and contexts across function families.",Connect representations; use algebraic structure precisely; model and interpret quantities; justify conclusions with mathematical evidence when the task requires it.,constructed_response,short_response,instructional,90,,,,assessment_plans/original/unit8_assessment_plan/unit8_assessment_plan.html|reference_library/question_structures/section_enrichment.json|reference_library/source_excerpts/section_source_excerpts.json|reference_library/reusable_tables/table_catalog.json|reference_library/reusable_figures/figure_catalog.json|sources/indexes/compact_stage_reference_map.json,
U8-S5-P2-I05,SPIRAL,Algebra 1,8,8.5,Practice Set 2,Practice Set 2,,INTRO,,,,,U8-S5-I-SYNTHESIS-01,conceptual_reword,data -> model family -> equation,2,Students will synthesize understanding of function families and representations to solve complex problems.,"I can construct a solution pathway that connects equations, graphs, tables, and contexts across function families.",Connect representations; use algebraic structure precisely; model and interpret quantities; justify conclusions with mathematical evidence when the task requires it.,constructed_response,short_response,instructional,90,,,,assessment_plans/original/unit8_assessment_plan/unit8_assessment_plan.html|reference_library/question_structures/section_enrichment.json|reference_library/source_excerpts/section_source_excerpts.json|reference_library/reusable_tables/table_catalog.json|reference_library/reusable_figures/figure_catalog.json|sources/indexes/compact_stage_reference_map.json,
U8-S5-P2-R01,SPIRAL,Algebra 1,8,8.5,Practice Set 2,Practice Set 2,,REVIEW,,,,,U8-S5-R-EXP_EQUATION-02,reasoning_shift,initial value + factor -> exponential equation/prediction,2,Students will synthesize understanding of function families and representations to solve complex problems.,"I can construct a solution pathway that connects equations, graphs, tables, and contexts across function families.",Connect representations; use algebraic structure precisely; model and interpret quantities; justify conclusions with mathematical evidence when the task requires it.,constructed_response,short_response,instructional,90,,,,assessment_plans/original/unit8_assessment_plan/unit8_assessment_plan.html|reference_library/question_structures/section_enrichment.json|reference_library/source_excerpts/section_source_excerpts.json|reference_library/reusable_tables/table_catalog.json|reference_library/reusable_figures/figure_catalog.json|sources/indexes/compact_stage_reference_map.json,
U8-S5-P2-R02,SPIRAL,Algebra 1,8,8.5,Practice Set 2,Practice Set 2,,REVIEW,,,,,U8-S5-R-EXP_EQUATION-03,routine_procedural_numeric,initial value + factor -> exponential equation/prediction,2,Students will synthesize understanding of function families and representations to solve complex problems.,"I can construct a solution pathway that connects equations, graphs, tables, and contexts across function families.",Connect representations; use algebraic structure precisely; model and interpret quantities; justify conclusions with mathematical evidence when the task requires it.,constructed_response,short_response,instructional,90,,,,assessment_plans/original/unit8_assessment_plan/unit8_assessment_plan.html|reference_library/question_structures/section_enrichment.json|reference_library/source_excerpts/section_source_excerpts.json|reference_library/reusable_tables/table_catalog.json|reference_library/reusable_figures/figure_catalog.json|sources/indexes/compact_stage_reference_map.json,
U8-S5-P2-R03,SPIRAL,Algebra 1,8,8.5,Practice Set 2,Practice Set 2,,REVIEW,,,,,U8-S5-R-EXP_EQUATION-04,representation_shift,initial value + factor -> exponential equation/prediction,1,Students will synthesize understanding of function families and representations to solve complex problems.,"I can construct a solution pathway that connects equations, graphs, tables, and contexts across function families.",Connect representations; use algebraic structure precisely; model and interpret quantities; justify conclusions with mathematical evidence when the task requires it.,constructed_response,short_response,instructional,90,,,,assessment_plans/original/unit8_assessment_plan/unit8_assessment_plan.html|reference_library/question_structures/section_enrichment.json|reference_library/source_excerpts/section_source_excerpts.json|reference_library/reusable_tables/table_catalog.json|reference_library/reusable_figures/figure_catalog.json|sources/indexes/compact_stage_reference_map.json,
U8-S5-P2-R04,SPIRAL,Algebra 1,8,8.5,Practice Set 2,Practice Set 2,,REVIEW,,,,,U8-S5-R-EXP_EQUATION-05,conceptual_reword,initial value + factor -> exponential equation/prediction,2,Students will synthesize understanding of function families and representations to solve complex problems.,"I can construct a solution pathway that connects equations, graphs, tables, and contexts across function families.",Connect representations; use algebraic structure precisely; model and interpret quantities; justify conclusions with mathematical evidence when the task requires it.,constructed_response,short_response,instructional,90,,,,assessment_plans/original/unit8_assessment_plan/unit8_assessment_plan.html|reference_library/question_structures/section_enrichment.json|reference_library/source_excerpts/section_source_excerpts.json|reference_library/reusable_tables/table_catalog.json|reference_library/reusable_figures/figure_catalog.json|sources/indexes/compact_stage_reference_map.json,
U8-S5-P2-R05,SPIRAL,Algebra 1,8,8.5,Practice Set 2,Practice Set 2,,REVIEW,,,,,U8-S5-R-EXP_EQUATION-01,reasoning_shift,initial value + factor -> exponential equation/prediction,2,Students will synthesize understanding of function families and representations to solve complex problems.,"I can construct a solution pathway that connects equations, graphs, tables, and contexts across function families.",Connect representations; use algebraic structure precisely; model and interpret quantities; justify conclusions with mathematical evidence when the task requires it.,constructed_response,short_response,instructional,90,,,,assessment_plans/original/unit8_assessment_plan/unit8_assessment_plan.html|reference_library/question_structures/section_enrichment.json|reference_library/source_excerpts/section_source_excerpts.json|reference_library/reusable_tables/table_catalog.json|reference_library/reusable_figures/figure_catalog.json|sources/indexes/compact_stage_reference_map.json,
U8-S5-P2-M01,SPIRAL,Algebra 1,8,8.5,Practice Set 2,Practice Set 2,,MASTERY,,,,,U8-S5-M-QUAD_FORMULA-02,routine_procedural_numeric,quadratic coefficients -> discriminant -> solution type,2,Students will synthesize understanding of function families and representations to solve complex problems.,"I can construct a solution pathway that connects equations, graphs, tables, and contexts across function families.",Connect representations; use algebraic structure precisely; model and interpret quantities; justify conclusions with mathematical evidence when the task requires it.,constructed_response,short_response,instructional,90,,,,assessment_plans/original/unit8_assessment_plan/unit8_assessment_plan.html|reference_library/question_structures/section_enrichment.json|reference_library/source_excerpts/section_source_excerpts.json|reference_library/reusable_tables/table_catalog.json|reference_library/reusable_figures/figure_catalog.json|sources/indexes/compact_stage_reference_map.json,
U8-S5-P2-M02,SPIRAL,Algebra 1,8,8.5,Practice Set 2,Practice Set 2,,MASTERY,,,,,U8-S5-M-QUAD_FORMULA-03,representation_shift,quadratic coefficients -> discriminant -> solution type,1,Students will synthesize understanding of function families and representations to solve complex problems.,"I can construct a solution pathway that connects equations, graphs, tables, and contexts across function families.",Connect representations; use algebraic structure precisely; model and interpret quantities; justify conclusions with mathematical evidence when the task requires it.,constructed_response,short_response,instructional,90,,,,assessment_plans/original/unit8_assessment_plan/unit8_assessment_plan.html|reference_library/question_structures/section_enrichment.json|reference_library/source_excerpts/section_source_excerpts.json|reference_library/reusable_tables/table_catalog.json|reference_library/reusable_figures/figure_catalog.json|sources/indexes/compact_stage_reference_map.json,
U8-S5-P2-M03,SPIRAL,Algebra 1,8,8.5,Practice Set 2,Practice Set 2,,MASTERY,,,,,U8-S5-M-QUAD_FORMULA-04,conceptual_reword,quadratic coefficients -> discriminant -> solution type,2,Students will synthesize understanding of function families and representations to solve complex problems.,"I can construct a solution pathway that connects equations, graphs, tables, and contexts across function families.",Connect representations; use algebraic structure precisely; model and interpret quantities; justify conclusions with mathematical evidence when the task requires it.,constructed_response,short_response,instructional,90,,,,assessment_plans/original/unit8_assessment_plan/unit8_assessment_plan.html|reference_library/question_structures/section_enrichment.json|reference_library/source_excerpts/section_source_excerpts.json|reference_library/reusable_tables/table_catalog.json|reference_library/reusable_figures/figure_catalog.json|sources/indexes/compact_stage_reference_map.json,
U8-S5-P2-M04,SPIRAL,Algebra 1,8,8.5,Practice Set 2,Practice Set 2,,MASTERY,,,,,U8-S5-M-QUAD_FORMULA-05,reasoning_shift,quadratic coefficients -> discriminant -> solution type,2,Students will synthesize understanding of function families and representations to solve complex problems.,"I can construct a solution pathway that connects equations, graphs, tables, and contexts across function families.",Connect representations; use algebraic structure precisely; model and interpret quantities; justify conclusions with mathematical evidence when the task requires it.,constructed_response,short_response,instructional,90,,,,assessment_plans/original/unit8_assessment_plan/unit8_assessment_plan.html|reference_library/question_structures/section_enrichment.json|reference_library/source_excerpts/section_source_excerpts.json|reference_library/reusable_tables/table_catalog.json|reference_library/reusable_figures/figure_catalog.json|sources/indexes/compact_stage_reference_map.json,
U8-S5-P2-M05,SPIRAL,Algebra 1,8,8.5,Practice Set 2,Practice Set 2,,MASTERY,,,,,U8-S5-M-QUAD_FORMULA-01,routine_procedural_numeric,quadratic coefficients -> discriminant -> solution type,2,Students will synthesize understanding of function families and representations to solve complex problems.,"I can construct a solution pathway that connects equations, graphs, tables, and contexts across function families.",Connect representations; use algebraic structure precisely; model and interpret quantities; justify conclusions with mathematical evidence when the task requires it.,constructed_response,short_response,instructional,90,,,,assessment_plans/original/unit8_assessment_plan/unit8_assessment_plan.html|reference_library/question_structures/section_enrichment.json|reference_library/source_excerpts/section_source_excerpts.json|reference_library/reusable_tables/table_catalog.json|reference_library/reusable_figures/figure_catalog.json|sources/indexes/compact_stage_reference_map.json,
U8-S5-P2-M06,SPIRAL,Algebra 1,8,8.5,Practice Set 2,Practice Set 2,,MASTERY,,,,,U8-S5-M-QUAD_FORMULA-02,representation_shift,quadratic coefficients -> discriminant -> solution type,1,Students will synthesize understanding of function families and representations to solve complex problems.,"I can construct a solution pathway that connects equations, graphs, tables, and contexts across function families.",Connect representations; use algebraic structure precisely; model and interpret quantities; justify conclusions with mathematical evidence when the task requires it.,constructed_response,short_response,instructional,90,,,,assessment_plans/original/unit8_assessment_plan/unit8_assessment_plan.html|reference_library/question_structures/section_enrichment.json|reference_library/source_excerpts/section_source_excerpts.json|reference_library/reusable_tables/table_catalog.json|reference_library/reusable_figures/figure_catalog.json|sources/indexes/compact_stage_reference_map.json,
U8-S5-P2-M07,SPIRAL,Algebra 1,8,8.5,Practice Set 2,Practice Set 2,,MASTERY,,,,,U8-S5-M-QUAD_FORMULA-03,conceptual_reword,quadratic coefficients -> discriminant -> solution type,2,Students will synthesize understanding of function families and representations to solve complex problems.,"I can construct a solution pathway that connects equations, graphs, tables, and contexts across function families.",Connect representations; use algebraic structure precisely; model and interpret quantities; justify conclusions with mathematical evidence when the task requires it.,constructed_response,short_response,instructional,90,,,,assessment_plans/original/unit8_assessment_plan/unit8_assessment_plan.html|reference_library/question_structures/section_enrichment.json|reference_library/source_excerpts/section_source_excerpts.json|reference_library/reusable_tables/table_catalog.json|reference_library/reusable_figures/figure_catalog.json|sources/indexes/compact_stage_reference_map.json,
U8-S5-P2-I06,SPIRAL,Algebra 1,8,8.5,Practice Set 2,Practice Set 2,,INTRO,,,,,U8-S5-I-SYNTHESIS-04,reasoning_shift,data -> model family -> equation,2,Students will synthesize understanding of function families and representations to solve complex problems.,"I can construct a solution pathway that connects equations, graphs, tables, and contexts across function families.",Connect representations; use algebraic structure precisely; model and interpret quantities; justify conclusions with mathematical evidence when the task requires it.,constructed_response,short_response,instructional,90,,,,assessment_plans/original/unit8_assessment_plan/unit8_assessment_plan.html|reference_library/question_structures/section_enrichment.json|reference_library/source_excerpts/section_source_excerpts.json|reference_library/reusable_tables/table_catalog.json|reference_library/reusable_figures/figure_catalog.json|sources/indexes/compact_stage_reference_map.json,
U8-S5-P2-I07,SPIRAL,Algebra 1,8,8.5,Practice Set 2,Practice Set 2,,INTRO,,,,,U8-S5-I-SYNTHESIS-05,routine_procedural_numeric,data -> model family -> equation,2,Students will synthesize understanding of function families and representations to solve complex problems.,"I can construct a solution pathway that connects equations, graphs, tables, and contexts across function families.",Connect representations; use algebraic structure precisely; model and interpret quantities; justify conclusions with mathematical evidence when the task requires it.,constructed_response,short_response,instructional,90,,,,assessment_plans/original/unit8_assessment_plan/unit8_assessment_plan.html|reference_library/question_structures/section_enrichment.json|reference_library/source_excerpts/section_source_excerpts.json|reference_library/reusable_tables/table_catalog.json|reference_library/reusable_figures/figure_catalog.json|sources/indexes/compact_stage_reference_map.json,
U8-S5-P2-I08,SPIRAL,Algebra 1,8,8.5,Practice Set 2,Practice Set 2,,INTRO,,,,,U8-S5-I-SYNTHESIS-01,representation_shift,data -> model family -> equation,1,Students will synthesize understanding of function families and representations to solve complex problems.,"I can construct a solution pathway that connects equations, graphs, tables, and contexts across function families.",Connect representations; use algebraic structure precisely; model and interpret quantities; justify conclusions with mathematical evidence when the task requires it.,constructed_response,short_response,instructional,90,,,,assessment_plans/original/unit8_assessment_plan/unit8_assessment_plan.html|reference_library/question_structures/section_enrichment.json|reference_library/source_excerpts/section_source_excerpts.json|reference_library/reusable_tables/table_catalog.json|reference_library/reusable_figures/figure_catalog.json|sources/indexes/compact_stage_reference_map.json,
U8-S5-P3-I01,SPIRAL,Algebra 1,8,8.5,Practice Set 3,Practice Set 3,,INTRO,,,,,U8-S5-I-SYNTHESIS-02,reasoning_shift,data -> model family -> equation,2,Students will synthesize understanding of function families and representations to solve complex problems.,"I can construct a solution pathway that connects equations, graphs, tables, and contexts across function families.",Connect representations; use algebraic structure precisely; model and interpret quantities; justify conclusions with mathematical evidence when the task requires it.,constructed_response,short_response,instructional,90,,,,assessment_plans/original/unit8_assessment_plan/unit8_assessment_plan.html|reference_library/question_structures/section_enrichment.json|reference_library/source_excerpts/section_source_excerpts.json|reference_library/reusable_tables/table_catalog.json|reference_library/reusable_figures/figure_catalog.json|sources/indexes/compact_stage_reference_map.json,
U8-S5-P3-I02,SPIRAL,Algebra 1,8,8.5,Practice Set 3,Practice Set 3,,INTRO,,,,,U8-S5-I-SYNTHESIS-03,routine_procedural_numeric,data -> model family -> equation,2,Students will synthesize understanding of function families and representations to solve complex problems.,"I can construct a solution pathway that connects equations, graphs, tables, and contexts across function families.",Connect representations; use algebraic structure precisely; model and interpret quantities; justify conclusions with mathematical evidence when the task requires it.,constructed_response,short_response,instructional,90,,,,assessment_plans/original/unit8_assessment_plan/unit8_assessment_plan.html|reference_library/question_structures/section_enrichment.json|reference_library/source_excerpts/section_source_excerpts.json|reference_library/reusable_tables/table_catalog.json|reference_library/reusable_figures/figure_catalog.json|sources/indexes/compact_stage_reference_map.json,
U8-S5-P3-R01,SPIRAL,Algebra 1,8,8.5,Practice Set 3,Practice Set 3,,REVIEW,,,,,U8-S5-R-EXP_EQUATION-04,representation_shift,initial value + factor -> exponential equation/prediction,2,Students will synthesize understanding of function families and representations to solve complex problems.,"I can construct a solution pathway that connects equations, graphs, tables, and contexts across function families.",Connect representations; use algebraic structure precisely; model and interpret quantities; justify conclusions with mathematical evidence when the task requires it.,constructed_response,short_response,instructional,90,,,,assessment_plans/original/unit8_assessment_plan/unit8_assessment_plan.html|reference_library/question_structures/section_enrichment.json|reference_library/source_excerpts/section_source_excerpts.json|reference_library/reusable_tables/table_catalog.json|reference_library/reusable_figures/figure_catalog.json|sources/indexes/compact_stage_reference_map.json,
U8-S5-P3-R02,SPIRAL,Algebra 1,8,8.5,Practice Set 3,Practice Set 3,,REVIEW,,,,,U8-S5-R-EXP_EQUATION-05,conceptual_reword,initial value + factor -> exponential equation/prediction,1,Students will synthesize understanding of function families and representations to solve complex problems.,"I can construct a solution pathway that connects equations, graphs, tables, and contexts across function families.",Connect representations; use algebraic structure precisely; model and interpret quantities; justify conclusions with mathematical evidence when the task requires it.,constructed_response,short_response,instructional,90,,,,assessment_plans/original/unit8_assessment_plan/unit8_assessment_plan.html|reference_library/question_structures/section_enrichment.json|reference_library/source_excerpts/section_source_excerpts.json|reference_library/reusable_tables/table_catalog.json|reference_library/reusable_figures/figure_catalog.json|sources/indexes/compact_stage_reference_map.json,
U8-S5-P3-R03,SPIRAL,Algebra 1,8,8.5,Practice Set 3,Practice Set 3,,REVIEW,,,,,U8-S5-R-EXP_EQUATION-01,reasoning_shift,initial value + factor -> exponential equation/prediction,2,Students will synthesize understanding of function families and representations to solve complex problems.,"I can construct a solution pathway that connects equations, graphs, tables, and contexts across function families.",Connect representations; use algebraic structure precisely; model and interpret quantities; justify conclusions with mathematical evidence when the task requires it.,constructed_response,short_response,instructional,90,,,,assessment_plans/original/unit8_assessment_plan/unit8_assessment_plan.html|reference_library/question_structures/section_enrichment.json|reference_library/source_excerpts/section_source_excerpts.json|reference_library/reusable_tables/table_catalog.json|reference_library/reusable_figures/figure_catalog.json|sources/indexes/compact_stage_reference_map.json,
U8-S5-P3-R04,SPIRAL,Algebra 1,8,8.5,Practice Set 3,Practice Set 3,,REVIEW,,,,,U8-S5-R-EXP_EQUATION-02,routine_procedural_numeric,initial value + factor -> exponential equation/prediction,2,Students will synthesize understanding of function families and representations to solve complex problems.,"I can construct a solution pathway that connects equations, graphs, tables, and contexts across function families.",Connect representations; use algebraic structure precisely; model and interpret quantities; justify conclusions with mathematical evidence when the task requires it.,constructed_response,short_response,instructional,90,,,,assessment_plans/original/unit8_assessment_plan/unit8_assessment_plan.html|reference_library/question_structures/section_enrichment.json|reference_library/source_excerpts/section_source_excerpts.json|reference_library/reusable_tables/table_catalog.json|reference_library/reusable_figures/figure_catalog.json|sources/indexes/compact_stage_reference_map.json,
U8-S5-P3-R05,SPIRAL,Algebra 1,8,8.5,Practice Set 3,Practice Set 3,,REVIEW,,,,,U8-S5-R-EXP_EQUATION-03,representation_shift,initial value + factor -> exponential equation/prediction,2,Students will synthesize understanding of function families and representations to solve complex problems.,"I can construct a solution pathway that connects equations, graphs, tables, and contexts across function families.",Connect representations; use algebraic structure precisely; model and interpret quantities; justify conclusions with mathematical evidence when the task requires it.,constructed_response,short_response,instructional,90,,,,assessment_plans/original/unit8_assessment_plan/unit8_assessment_plan.html|reference_library/question_structures/section_enrichment.json|reference_library/source_excerpts/section_source_excerpts.json|reference_library/reusable_tables/table_catalog.json|reference_library/reusable_figures/figure_catalog.json|sources/indexes/compact_stage_reference_map.json,
U8-S5-P3-M01,SPIRAL,Algebra 1,8,8.5,Practice Set 3,Practice Set 3,,MASTERY,,,,,U8-S5-M-QUAD_FORMULA-04,conceptual_reword,quadratic coefficients -> discriminant -> solution type,1,Students will synthesize understanding of function families and representations to solve complex problems.,"I can construct a solution pathway that connects equations, graphs, tables, and contexts across function families.",Connect representations; use algebraic structure precisely; model and interpret quantities; justify conclusions with mathematical evidence when the task requires it.,constructed_response,short_response,instructional,90,,,,assessment_plans/original/unit8_assessment_plan/unit8_assessment_plan.html|reference_library/question_structures/section_enrichment.json|reference_library/source_excerpts/section_source_excerpts.json|reference_library/reusable_tables/table_catalog.json|reference_library/reusable_figures/figure_catalog.json|sources/indexes/compact_stage_reference_map.json,
U8-S5-P3-M02,SPIRAL,Algebra 1,8,8.5,Practice Set 3,Practice Set 3,,MASTERY,,,,,U8-S5-M-QUAD_FORMULA-05,reasoning_shift,quadratic coefficients -> discriminant -> solution type,2,Students will synthesize understanding of function families and representations to solve complex problems.,"I can construct a solution pathway that connects equations, graphs, tables, and contexts across function families.",Connect representations; use algebraic structure precisely; model and interpret quantities; justify conclusions with mathematical evidence when the task requires it.,constructed_response,short_response,instructional,90,,,,assessment_plans/original/unit8_assessment_plan/unit8_assessment_plan.html|reference_library/question_structures/section_enrichment.json|reference_library/source_excerpts/section_source_excerpts.json|reference_library/reusable_tables/table_catalog.json|reference_library/reusable_figures/figure_catalog.json|sources/indexes/compact_stage_reference_map.json,
U8-S5-P3-M03,SPIRAL,Algebra 1,8,8.5,Practice Set 3,Practice Set 3,,MASTERY,,,,,U8-S5-M-QUAD_FORMULA-01,routine_procedural_numeric,quadratic coefficients -> discriminant -> solution type,2,Students will synthesize understanding of function families and representations to solve complex problems.,"I can construct a solution pathway that connects equations, graphs, tables, and contexts across function families.",Connect representations; use algebraic structure precisely; model and interpret quantities; justify conclusions with mathematical evidence when the task requires it.,constructed_response,short_response,instructional,90,,,,assessment_plans/original/unit8_assessment_plan/unit8_assessment_plan.html|reference_library/question_structures/section_enrichment.json|reference_library/source_excerpts/section_source_excerpts.json|reference_library/reusable_tables/table_catalog.json|reference_library/reusable_figures/figure_catalog.json|sources/indexes/compact_stage_reference_map.json,
U8-S5-P3-M04,SPIRAL,Algebra 1,8,8.5,Practice Set 3,Practice Set 3,,MASTERY,,,,,U8-S5-M-QUAD_FORMULA-02,representation_shift,quadratic coefficients -> discriminant -> solution type,2,Students will synthesize understanding of function families and representations to solve complex problems.,"I can construct a solution pathway that connects equations, graphs, tables, and contexts across function families.",Connect representations; use algebraic structure precisely; model and interpret quantities; justify conclusions with mathematical evidence when the task requires it.,constructed_response,short_response,instructional,90,,,,assessment_plans/original/unit8_assessment_plan/unit8_assessment_plan.html|reference_library/question_structures/section_enrichment.json|reference_library/source_excerpts/section_source_excerpts.json|reference_library/reusable_tables/table_catalog.json|reference_library/reusable_figures/figure_catalog.json|sources/indexes/compact_stage_reference_map.json,
U8-S5-P3-M05,SPIRAL,Algebra 1,8,8.5,Practice Set 3,Practice Set 3,,MASTERY,,,,,U8-S5-M-QUAD_FORMULA-03,conceptual_reword,quadratic coefficients -> discriminant -> solution type,1,Students will synthesize understanding of function families and representations to solve complex problems.,"I can construct a solution pathway that connects equations, graphs, tables, and contexts across function families.",Connect representations; use algebraic structure precisely; model and interpret quantities; justify conclusions with mathematical evidence when the task requires it.,constructed_response,short_response,instructional,90,,,,assessment_plans/original/unit8_assessment_plan/unit8_assessment_plan.html|reference_library/question_structures/section_enrichment.json|reference_library/source_excerpts/section_source_excerpts.json|reference_library/reusable_tables/table_catalog.json|reference_library/reusable_figures/figure_catalog.json|sources/indexes/compact_stage_reference_map.json,
U8-S5-P3-M06,SPIRAL,Algebra 1,8,8.5,Practice Set 3,Practice Set 3,,MASTERY,,,,,U8-S5-M-QUAD_FORMULA-04,reasoning_shift,quadratic coefficients -> discriminant -> solution type,2,Students will synthesize understanding of function families and representations to solve complex problems.,"I can construct a solution pathway that connects equations, graphs, tables, and contexts across function families.",Connect representations; use algebraic structure precisely; model and interpret quantities; justify conclusions with mathematical evidence when the task requires it.,constructed_response,short_response,instructional,90,,,,assessment_plans/original/unit8_assessment_plan/unit8_assessment_plan.html|reference_library/question_structures/section_enrichment.json|reference_library/source_excerpts/section_source_excerpts.json|reference_library/reusable_tables/table_catalog.json|reference_library/reusable_figures/figure_catalog.json|sources/indexes/compact_stage_reference_map.json,
U8-S5-P3-M07,SPIRAL,Algebra 1,8,8.5,Practice Set 3,Practice Set 3,,MASTERY,,,,,U8-S5-M-QUAD_FORMULA-05,routine_procedural_numeric,quadratic coefficients -> discriminant -> solution type,2,Students will synthesize understanding of function families and representations to solve complex problems.,"I can construct a solution pathway that connects equations, graphs, tables, and contexts across function families.",Connect representations; use algebraic structure precisely; model and interpret quantities; justify conclusions with mathematical evidence when the task requires it.,constructed_response,short_response,instructional,90,,,,assessment_plans/original/unit8_assessment_plan/unit8_assessment_plan.html|reference_library/question_structures/section_enrichment.json|reference_library/source_excerpts/section_source_excerpts.json|reference_library/reusable_tables/table_catalog.json|reference_library/reusable_figures/figure_catalog.json|sources/indexes/compact_stage_reference_map.json,
U8-S5-P3-I03,SPIRAL,Algebra 1,8,8.5,Practice Set 3,Practice Set 3,,INTRO,,,,,U8-S5-I-SYNTHESIS-01,representation_shift,data -> model family -> equation,2,Students will synthesize understanding of function families and representations to solve complex problems.,"I can construct a solution pathway that connects equations, graphs, tables, and contexts across function families.",Connect representations; use algebraic structure precisely; model and interpret quantities; justify conclusions with mathematical evidence when the task requires it.,constructed_response,short_response,instructional,90,,,,assessment_plans/original/unit8_assessment_plan/unit8_assessment_plan.html|reference_library/question_structures/section_enrichment.json|reference_library/source_excerpts/section_source_excerpts.json|reference_library/reusable_tables/table_catalog.json|reference_library/reusable_figures/figure_catalog.json|sources/indexes/compact_stage_reference_map.json,
U8-S5-P3-I04,SPIRAL,Algebra 1,8,8.5,Practice Set 3,Practice Set 3,,INTRO,,,,,U8-S5-I-SYNTHESIS-02,conceptual_reword,data -> model family -> equation,1,Students will synthesize understanding of function families and representations to solve complex problems.,"I can construct a solution pathway that connects equations, graphs, tables, and contexts across function families.",Connect representations; use algebraic structure precisely; model and interpret quantities; justify conclusions with mathematical evidence when the task requires it.,constructed_response,short_response,instructional,90,,,,assessment_plans/original/unit8_assessment_plan/unit8_assessment_plan.html|reference_library/question_structures/section_enrichment.json|reference_library/source_excerpts/section_source_excerpts.json|reference_library/reusable_tables/table_catalog.json|reference_library/reusable_figures/figure_catalog.json|sources/indexes/compact_stage_reference_map.json,
U8-S5-P3-I05,SPIRAL,Algebra 1,8,8.5,Practice Set 3,Practice Set 3,,INTRO,,,,,U8-S5-I-SYNTHESIS-03,reasoning_shift,data -> model family -> equation,2,Students will synthesize understanding of function families and representations to solve complex problems.,"I can construct a solution pathway that connects equations, graphs, tables, and contexts across function families.",Connect representations; use algebraic structure precisely; model and interpret quantities; justify conclusions with mathematical evidence when the task requires it.,constructed_response,short_response,instructional,90,,,,assessment_plans/original/unit8_assessment_plan/unit8_assessment_plan.html|reference_library/question_structures/section_enrichment.json|reference_library/source_excerpts/section_source_excerpts.json|reference_library/reusable_tables/table_catalog.json|reference_library/reusable_figures/figure_catalog.json|sources/indexes/compact_stage_reference_map.json,
U8-S5-P3-I06,SPIRAL,Algebra 1,8,8.5,Practice Set 3,Practice Set 3,,INTRO,,,,,U8-S5-I-SYNTHESIS-04,routine_procedural_numeric,data -> model family -> equation,2,Students will synthesize understanding of function families and representations to solve complex problems.,"I can construct a solution pathway that connects equations, graphs, tables, and contexts across function families.",Connect representations; use algebraic structure precisely; model and interpret quantities; justify conclusions with mathematical evidence when the task requires it.,constructed_response,short_response,instructional,90,,,,assessment_plans/original/unit8_assessment_plan/unit8_assessment_plan.html|reference_library/question_structures/section_enrichment.json|reference_library/source_excerpts/section_source_excerpts.json|reference_library/reusable_tables/table_catalog.json|reference_library/reusable_figures/figure_catalog.json|sources/indexes/compact_stage_reference_map.json,
U8-S5-P3-I07,SPIRAL,Algebra 1,8,8.5,Practice Set 3,Practice Set 3,,INTRO,,,,,U8-S5-I-SYNTHESIS-05,representation_shift,data -> model family -> equation,2,Students will synthesize understanding of function families and representations to solve complex problems.,"I can construct a solution pathway that connects equations, graphs, tables, and contexts across function families.",Connect representations; use algebraic structure precisely; model and interpret quantities; justify conclusions with mathematical evidence when the task requires it.,constructed_response,short_response,instructional,90,,,,assessment_plans/original/unit8_assessment_plan/unit8_assessment_plan.html|reference_library/question_structures/section_enrichment.json|reference_library/source_excerpts/section_source_excerpts.json|reference_library/reusable_tables/table_catalog.json|reference_library/reusable_figures/figure_catalog.json|sources/indexes/compact_stage_reference_map.json,
U8-S5-P3-I08,SPIRAL,Algebra 1,8,8.5,Practice Set 3,Practice Set 3,,INTRO,,,,,U8-S5-I-SYNTHESIS-01,conceptual_reword,data -> model family -> equation,1,Students will synthesize understanding of function families and representations to solve complex problems.,"I can construct a solution pathway that connects equations, graphs, tables, and contexts across function families.",Connect representations; use algebraic structure precisely; model and interpret quantities; justify conclusions with mathematical evidence when the task requires it.,constructed_response,short_response,instructional,90,,,,assessment_plans/original/unit8_assessment_plan/unit8_assessment_plan.html|reference_library/question_structures/section_enrichment.json|reference_library/source_excerpts/section_source_excerpts.json|reference_library/reusable_tables/table_catalog.json|reference_library/reusable_figures/figure_catalog.json|sources/indexes/compact_stage_reference_map.json,
U8-S5-PX-R01,SPIRAL,Algebra 1,8,8.5,Extra Practice,Extra Practice,,REVIEW,,,,,U8-S5-R-EXP_EQUATION-02,routine_procedural_numeric,initial value + factor -> exponential equation/prediction,2,Students will synthesize understanding of function families and representations to solve complex problems.,"I can construct a solution pathway that connects equations, graphs, tables, and contexts across function families.",Connect representations; use algebraic structure precisely; model and interpret quantities; justify conclusions with mathematical evidence when the task requires it.,constructed_response,short_response,instructional,90,,,,assessment_plans/original/unit8_assessment_plan/unit8_assessment_plan.html|reference_library/question_structures/section_enrichment.json|reference_library/source_excerpts/section_source_excerpts.json|reference_library/reusable_tables/table_catalog.json|reference_library/reusable_figures/figure_catalog.json|sources/indexes/compact_stage_reference_map.json,
U8-S5-PX-R02,SPIRAL,Algebra 1,8,8.5,Extra Practice,Extra Practice,,REVIEW,,,,,U8-S5-R-EXP_EQUATION-03,representation_shift,initial value + factor -> exponential equation/prediction,2,Students will synthesize understanding of function families and representations to solve complex problems.,"I can construct a solution pathway that connects equations, graphs, tables, and contexts across function families.",Connect representations; use algebraic structure precisely; model and interpret quantities; justify conclusions with mathematical evidence when the task requires it.,constructed_response,short_response,instructional,90,,,,assessment_plans/original/unit8_assessment_plan/unit8_assessment_plan.html|reference_library/question_structures/section_enrichment.json|reference_library/source_excerpts/section_source_excerpts.json|reference_library/reusable_tables/table_catalog.json|reference_library/reusable_figures/figure_catalog.json|sources/indexes/compact_stage_reference_map.json,
U8-S5-PX-R03,SPIRAL,Algebra 1,8,8.5,Extra Practice,Extra Practice,,REVIEW,,,,,U8-S5-R-EXP_EQUATION-04,conceptual_reword,initial value + factor -> exponential equation/prediction,2,Students will synthesize understanding of function families and representations to solve complex problems.,"I can construct a solution pathway that connects equations, graphs, tables, and contexts across function families.",Connect representations; use algebraic structure precisely; model and interpret quantities; justify conclusions with mathematical evidence when the task requires it.,constructed_response,short_response,instructional,90,,,,assessment_plans/original/unit8_assessment_plan/unit8_assessment_plan.html|reference_library/question_structures/section_enrichment.json|reference_library/source_excerpts/section_source_excerpts.json|reference_library/reusable_tables/table_catalog.json|reference_library/reusable_figures/figure_catalog.json|sources/indexes/compact_stage_reference_map.json,
U8-S5-PX-R04,SPIRAL,Algebra 1,8,8.5,Extra Practice,Extra Practice,,REVIEW,,,,,U8-S5-R-EXP_EQUATION-05,reasoning_shift,initial value + factor -> exponential equation/prediction,1,Students will synthesize understanding of function families and representations to solve complex problems.,"I can construct a solution pathway that connects equations, graphs, tables, and contexts across function families.",Connect representations; use algebraic structure precisely; model and interpret quantities; justify conclusions with mathematical evidence when the task requires it.,constructed_response,short_response,instructional,90,,,,assessment_plans/original/unit8_assessment_plan/unit8_assessment_plan.html|reference_library/question_structures/section_enrichment.json|reference_library/source_excerpts/section_source_excerpts.json|reference_library/reusable_tables/table_catalog.json|reference_library/reusable_figures/figure_catalog.json|sources/indexes/compact_stage_reference_map.json,
U8-S5-PX-M01,SPIRAL,Algebra 1,8,8.5,Extra Practice,Extra Practice,,MASTERY,,,,,U8-S5-M-QUAD_FORMULA-01,routine_procedural_numeric,quadratic coefficients -> discriminant -> solution type,2,Students will synthesize understanding of function families and representations to solve complex problems.,"I can construct a solution pathway that connects equations, graphs, tables, and contexts across function families.",Connect representations; use algebraic structure precisely; model and interpret quantities; justify conclusions with mathematical evidence when the task requires it.,constructed_response,short_response,instructional,90,,,,assessment_plans/original/unit8_assessment_plan/unit8_assessment_plan.html|reference_library/question_structures/section_enrichment.json|reference_library/source_excerpts/section_source_excerpts.json|reference_library/reusable_tables/table_catalog.json|reference_library/reusable_figures/figure_catalog.json|sources/indexes/compact_stage_reference_map.json,
U8-S5-PX-M02,SPIRAL,Algebra 1,8,8.5,Extra Practice,Extra Practice,,MASTERY,,,,,U8-S5-M-QUAD_FORMULA-02,representation_shift,quadratic coefficients -> discriminant -> solution type,2,Students will synthesize understanding of function families and representations to solve complex problems.,"I can construct a solution pathway that connects equations, graphs, tables, and contexts across function families.",Connect representations; use algebraic structure precisely; model and interpret quantities; justify conclusions with mathematical evidence when the task requires it.,constructed_response,short_response,instructional,90,,,,assessment_plans/original/unit8_assessment_plan/unit8_assessment_plan.html|reference_library/question_structures/section_enrichment.json|reference_library/source_excerpts/section_source_excerpts.json|reference_library/reusable_tables/table_catalog.json|reference_library/reusable_figures/figure_catalog.json|sources/indexes/compact_stage_reference_map.json,
U8-S5-PX-M03,SPIRAL,Algebra 1,8,8.5,Extra Practice,Extra Practice,,MASTERY,,,,,U8-S5-M-QUAD_FORMULA-03,conceptual_reword,quadratic coefficients -> discriminant -> solution type,2,Students will synthesize understanding of function families and representations to solve complex problems.,"I can construct a solution pathway that connects equations, graphs, tables, and contexts across function families.",Connect representations; use algebraic structure precisely; model and interpret quantities; justify conclusions with mathematical evidence when the task requires it.,constructed_response,short_response,instructional,90,,,,assessment_plans/original/unit8_assessment_plan/unit8_assessment_plan.html|reference_library/question_structures/section_enrichment.json|reference_library/source_excerpts/section_source_excerpts.json|reference_library/reusable_tables/table_catalog.json|reference_library/reusable_figures/figure_catalog.json|sources/indexes/compact_stage_reference_map.json,
U8-S5-PX-M04,SPIRAL,Algebra 1,8,8.5,Extra Practice,Extra Practice,,MASTERY,,,,,U8-S5-M-QUAD_FORMULA-04,reasoning_shift,quadratic coefficients -> discriminant -> solution type,1,Students will synthesize understanding of function families and representations to solve complex problems.,"I can construct a solution pathway that connects equations, graphs, tables, and contexts across function families.",Connect representations; use algebraic structure precisely; model and interpret quantities; justify conclusions with mathematical evidence when the task requires it.,constructed_response,short_response,instructional,90,,,,assessment_plans/original/unit8_assessment_plan/unit8_assessment_plan.html|reference_library/question_structures/section_enrichment.json|reference_library/source_excerpts/section_source_excerpts.json|reference_library/reusable_tables/table_catalog.json|reference_library/reusable_figures/figure_catalog.json|sources/indexes/compact_stage_reference_map.json,
U8-S5-PX-M05,SPIRAL,Algebra 1,8,8.5,Extra Practice,Extra Practice,,MASTERY,,,,,U8-S5-M-QUAD_FORMULA-05,routine_procedural_numeric,quadratic coefficients -> discriminant -> solution type,2,Students will synthesize understanding of function families and representations to solve complex problems.,"I can construct a solution pathway that connects equations, graphs, tables, and contexts across function families.",Connect representations; use algebraic structure precisely; model and interpret quantities; justify conclusions with mathematical evidence when the task requires it.,constructed_response,short_response,instructional,90,,,,assessment_plans/original/unit8_assessment_plan/unit8_assessment_plan.html|reference_library/question_structures/section_enrichment.json|reference_library/source_excerpts/section_source_excerpts.json|reference_library/reusable_tables/table_catalog.json|reference_library/reusable_figures/figure_catalog.json|sources/indexes/compact_stage_reference_map.json,
U8-S5-PX-M06,SPIRAL,Algebra 1,8,8.5,Extra Practice,Extra Practice,,MASTERY,,,,,U8-S5-M-QUAD_FORMULA-01,representation_shift,quadratic coefficients -> discriminant -> solution type,2,Students will synthesize understanding of function families and representations to solve complex problems.,"I can construct a solution pathway that connects equations, graphs, tables, and contexts across function families.",Connect representations; use algebraic structure precisely; model and interpret quantities; justify conclusions with mathematical evidence when the task requires it.,constructed_response,short_response,instructional,90,,,,assessment_plans/original/unit8_assessment_plan/unit8_assessment_plan.html|reference_library/question_structures/section_enrichment.json|reference_library/source_excerpts/section_source_excerpts.json|reference_library/reusable_tables/table_catalog.json|reference_library/reusable_figures/figure_catalog.json|sources/indexes/compact_stage_reference_map.json,
U8-S5-PX-M07,SPIRAL,Algebra 1,8,8.5,Extra Practice,Extra Practice,,MASTERY,,,,,U8-S5-M-QUAD_FORMULA-02,conceptual_reword,quadratic coefficients -> discriminant -> solution type,2,Students will synthesize understanding of function families and representations to solve complex problems.,"I can construct a solution pathway that connects equations, graphs, tables, and contexts across function families.",Connect representations; use algebraic structure precisely; model and interpret quantities; justify conclusions with mathematical evidence when the task requires it.,constructed_response,short_response,instructional,90,,,,assessment_plans/original/unit8_assessment_plan/unit8_assessment_plan.html|reference_library/question_structures/section_enrichment.json|reference_library/source_excerpts/section_source_excerpts.json|reference_library/reusable_tables/table_catalog.json|reference_library/reusable_figures/figure_catalog.json|sources/indexes/compact_stage_reference_map.json,
U8-S5-PX-I01,SPIRAL,Algebra 1,8,8.5,Extra Practice,Extra Practice,,INTRO,,,,,U8-S5-I-SYNTHESIS-03,reasoning_shift,data -> model family -> equation,1,Students will synthesize understanding of function families and representations to solve complex problems.,"I can construct a solution pathway that connects equations, graphs, tables, and contexts across function families.",Connect representations; use algebraic structure precisely; model and interpret quantities; justify conclusions with mathematical evidence when the task requires it.,constructed_response,short_response,instructional,90,,,,assessment_plans/original/unit8_assessment_plan/unit8_assessment_plan.html|reference_library/question_structures/section_enrichment.json|reference_library/source_excerpts/section_source_excerpts.json|reference_library/reusable_tables/table_catalog.json|reference_library/reusable_figures/figure_catalog.json|sources/indexes/compact_stage_reference_map.json,
U8-S5-PX-I02,SPIRAL,Algebra 1,8,8.5,Extra Practice,Extra Practice,,INTRO,,,,,U8-S5-I-SYNTHESIS-04,routine_procedural_numeric,data -> model family -> equation,2,Students will synthesize understanding of function families and representations to solve complex problems.,"I can construct a solution pathway that connects equations, graphs, tables, and contexts across function families.",Connect representations; use algebraic structure precisely; model and interpret quantities; justify conclusions with mathematical evidence when the task requires it.,constructed_response,short_response,instructional,90,,,,assessment_plans/original/unit8_assessment_plan/unit8_assessment_plan.html|reference_library/question_structures/section_enrichment.json|reference_library/source_excerpts/section_source_excerpts.json|reference_library/reusable_tables/table_catalog.json|reference_library/reusable_figures/figure_catalog.json|sources/indexes/compact_stage_reference_map.json,
U8-S5-PX-I03,SPIRAL,Algebra 1,8,8.5,Extra Practice,Extra Practice,,INTRO,,,,,U8-S5-I-SYNTHESIS-05,representation_shift,data -> model family -> equation,2,Students will synthesize understanding of function families and representations to solve complex problems.,"I can construct a solution pathway that connects equations, graphs, tables, and contexts across function families.",Connect representations; use algebraic structure precisely; model and interpret quantities; justify conclusions with mathematical evidence when the task requires it.,constructed_response,short_response,instructional,90,,,,assessment_plans/original/unit8_assessment_plan/unit8_assessment_plan.html|reference_library/question_structures/section_enrichment.json|reference_library/source_excerpts/section_source_excerpts.json|reference_library/reusable_tables/table_catalog.json|reference_library/reusable_figures/figure_catalog.json|sources/indexes/compact_stage_reference_map.json,
U8-S5-PX-I04,SPIRAL,Algebra 1,8,8.5,Extra Practice,Extra Practice,,INTRO,,,,,U8-S5-I-SYNTHESIS-01,conceptual_reword,data -> model family -> equation,2,Students will synthesize understanding of function families and representations to solve complex problems.,"I can construct a solution pathway that connects equations, graphs, tables, and contexts across function families.",Connect representations; use algebraic structure precisely; model and interpret quantities; justify conclusions with mathematical evidence when the task requires it.,constructed_response,short_response,instructional,90,,,,assessment_plans/original/unit8_assessment_plan/unit8_assessment_plan.html|reference_library/question_structures/section_enrichment.json|reference_library/source_excerpts/section_source_excerpts.json|reference_library/reusable_tables/table_catalog.json|reference_library/reusable_figures/figure_catalog.json|sources/indexes/compact_stage_reference_map.json,
U8-S5-PX-I05,SPIRAL,Algebra 1,8,8.5,Extra Practice,Extra Practice,,INTRO,,,,,U8-S5-I-SYNTHESIS-02,reasoning_shift,data -> model family -> equation,1,Students will synthesize understanding of function families and representations to solve complex problems.,"I can construct a solution pathway that connects equations, graphs, tables, and contexts across function families.",Connect representations; use algebraic structure precisely; model and interpret quantities; justify conclusions with mathematical evidence when the task requires it.,constructed_response,short_response,instructional,90,,,,assessment_plans/original/unit8_assessment_plan/unit8_assessment_plan.html|reference_library/question_structures/section_enrichment.json|reference_library/source_excerpts/section_source_excerpts.json|reference_library/reusable_tables/table_catalog.json|reference_library/reusable_figures/figure_catalog.json|sources/indexes/compact_stage_reference_map.json,
U8-S5-PX-I06,SPIRAL,Algebra 1,8,8.5,Extra Practice,Extra Practice,,INTRO,,,,,U8-S5-I-SYNTHESIS-03,routine_procedural_numeric,data -> model family -> equation,2,Students will synthesize understanding of function families and representations to solve complex problems.,"I can construct a solution pathway that connects equations, graphs, tables, and contexts across function families.",Connect representations; use algebraic structure precisely; model and interpret quantities; justify conclusions with mathematical evidence when the task requires it.,constructed_response,short_response,instructional,90,,,,assessment_plans/original/unit8_assessment_plan/unit8_assessment_plan.html|reference_library/question_structures/section_enrichment.json|reference_library/source_excerpts/section_source_excerpts.json|reference_library/reusable_tables/table_catalog.json|reference_library/reusable_figures/figure_catalog.json|sources/indexes/compact_stage_reference_map.json,
U8-S5-PX-I07,SPIRAL,Algebra 1,8,8.5,Extra Practice,Extra Practice,,INTRO,,,,,U8-S5-I-SYNTHESIS-04,representation_shift,data -> model family -> equation,2,Students will synthesize understanding of function families and representations to solve complex problems.,"I can construct a solution pathway that connects equations, graphs, tables, and contexts across function families.",Connect representations; use algebraic structure precisely; model and interpret quantities; justify conclusions with mathematical evidence when the task requires it.,constructed_response,short_response,instructional,90,,,,assessment_plans/original/unit8_assessment_plan/unit8_assessment_plan.html|reference_library/question_structures/section_enrichment.json|reference_library/source_excerpts/section_source_excerpts.json|reference_library/reusable_tables/table_catalog.json|reference_library/reusable_figures/figure_catalog.json|sources/indexes/compact_stage_reference_map.json,
U8-S5-PX-I08,SPIRAL,Algebra 1,8,8.5,Extra Practice,Extra Practice,,INTRO,,,,,U8-S5-I-SYNTHESIS-05,conceptual_reword,data -> model family -> equation,2,Students will synthesize understanding of function families and representations to solve complex problems.,"I can construct a solution pathway that connects equations, graphs, tables, and contexts across function families.",Connect representations; use algebraic structure precisely; model and interpret quantities; justify conclusions with mathematical evidence when the task requires it.,constructed_response,short_response,instructional,90,,,,assessment_plans/original/unit8_assessment_plan/unit8_assessment_plan.html|reference_library/question_structures/section_enrichment.json|reference_library/source_excerpts/section_source_excerpts.json|reference_library/reusable_tables/table_catalog.json|reference_library/reusable_figures/figure_catalog.json|sources/indexes/compact_stage_reference_map.json,
U8-S5-PX-R05,SPIRAL,Algebra 1,8,8.5,Extra Practice,Extra Practice,,REVIEW,,,,,U8-S5-R-EXP_EQUATION-01,reasoning_shift,initial value + factor -> exponential equation/prediction,1,Students will synthesize understanding of function families and representations to solve complex problems.,"I can construct a solution pathway that connects equations, graphs, tables, and contexts across function families.",Connect representations; use algebraic structure precisely; model and interpret quantities; justify conclusions with mathematical evidence when the task requires it.,constructed_response,short_response,instructional,90,,,,assessment_plans/original/unit8_assessment_plan/unit8_assessment_plan.html|reference_library/question_structures/section_enrichment.json|reference_library/source_excerpts/section_source_excerpts.json|reference_library/reusable_tables/table_catalog.json|reference_library/reusable_figures/figure_catalog.json|sources/indexes/compact_stage_reference_map.json,
U8-S1-CYU-I01,SPIRAL,Algebra 1,8,8.1,CYU,CYU,,INTRO,,,,,,,table pattern -> function family,1,"Students will determine whether a situation is best modeled by a linear, quadratic, or exponential function.","I can construct evidence from tables, graphs, and contexts to choose a linear, quadratic, or exponential model.",Connect representations; use algebraic structure precisely; model and interpret quantities; justify conclusions with mathematical evidence when the task requires it.,constructed_response,short_response,instructional,80,,,,assessment_plans/original/unit8_assessment_plan/unit8_assessment_plan.html|reference_library/question_structures/section_enrichment.json|reference_library/source_excerpts/section_source_excerpts.json|reference_library/reusable_tables/table_catalog.json|reference_library/reusable_figures/figure_catalog.json|sources/indexes/compact_stage_reference_map.json,
U8-S1-CYU-I02,SPIRAL,Algebra 1,8,8.1,CYU,CYU,,INTRO,,,,,,,table pattern -> function family,1,"Students will determine whether a situation is best modeled by a linear, quadratic, or exponential function.","I can construct evidence from tables, graphs, and contexts to choose a linear, quadratic, or exponential model.",Connect representations; use algebraic structure precisely; model and interpret quantities; justify conclusions with mathematical evidence when the task requires it.,constructed_response,short_response,instructional,80,,,,assessment_plans/original/unit8_assessment_plan/unit8_assessment_plan.html|reference_library/question_structures/section_enrichment.json|reference_library/source_excerpts/section_source_excerpts.json|reference_library/reusable_tables/table_catalog.json|reference_library/reusable_figures/figure_catalog.json|sources/indexes/compact_stage_reference_map.json,
U8-S1-CYU-I03,SPIRAL,Algebra 1,8,8.1,CYU,CYU,,INTRO,,,,,,,table pattern -> function family,2,"Students will determine whether a situation is best modeled by a linear, quadratic, or exponential function.","I can construct evidence from tables, graphs, and contexts to choose a linear, quadratic, or exponential model.",Connect representations; use algebraic structure precisely; model and interpret quantities; justify conclusions with mathematical evidence when the task requires it.,constructed_response,short_response,instructional,80,,,,assessment_plans/original/unit8_assessment_plan/unit8_assessment_plan.html|reference_library/question_structures/section_enrichment.json|reference_library/source_excerpts/section_source_excerpts.json|reference_library/reusable_tables/table_catalog.json|reference_library/reusable_figures/figure_catalog.json|sources/indexes/compact_stage_reference_map.json,
U8-S1-CYU-I04,SPIRAL,Algebra 1,8,8.1,CYU,CYU,,INTRO,,,,,,,table pattern -> function family,2,"Students will determine whether a situation is best modeled by a linear, quadratic, or exponential function.","I can construct evidence from tables, graphs, and contexts to choose a linear, quadratic, or exponential model.",Connect representations; use algebraic structure precisely; model and interpret quantities; justify conclusions with mathematical evidence when the task requires it.,constructed_response,short_response,instructional,80,,,,assessment_plans/original/unit8_assessment_plan/unit8_assessment_plan.html|reference_library/question_structures/section_enrichment.json|reference_library/source_excerpts/section_source_excerpts.json|reference_library/reusable_tables/table_catalog.json|reference_library/reusable_figures/figure_catalog.json|sources/indexes/compact_stage_reference_map.json,
U8-S1-CYU-R01,SPIRAL,Algebra 1,8,8.1,CYU,CYU,,REVIEW,,,,,,,table pattern -> function family,1,"Students will determine whether a situation is best modeled by a linear, quadratic, or exponential function.","I can construct evidence from tables, graphs, and contexts to choose a linear, quadratic, or exponential model.",Connect representations; use algebraic structure precisely; model and interpret quantities; justify conclusions with mathematical evidence when the task requires it.,constructed_response,short_response,instructional,80,,,,assessment_plans/original/unit8_assessment_plan/unit8_assessment_plan.html|reference_library/question_structures/section_enrichment.json|reference_library/source_excerpts/section_source_excerpts.json|reference_library/reusable_tables/table_catalog.json|reference_library/reusable_figures/figure_catalog.json|sources/indexes/compact_stage_reference_map.json,
U8-S1-CYU-M01,SPIRAL,Algebra 1,8,8.1,CYU,CYU,,MASTERY,,,,,,,equation structure -> method choice,2,"Students will determine whether a situation is best modeled by a linear, quadratic, or exponential function.","I can construct evidence from tables, graphs, and contexts to choose a linear, quadratic, or exponential model.",Connect representations; use algebraic structure precisely; model and interpret quantities; justify conclusions with mathematical evidence when the task requires it.,constructed_response,short_response,instructional,80,,,,assessment_plans/original/unit8_assessment_plan/unit8_assessment_plan.html|reference_library/question_structures/section_enrichment.json|reference_library/source_excerpts/section_source_excerpts.json|reference_library/reusable_tables/table_catalog.json|reference_library/reusable_figures/figure_catalog.json|sources/indexes/compact_stage_reference_map.json,
U8-S2-CYU-I01,SPIRAL,Algebra 1,8,8.2,CYU,CYU,,INTRO,,,,,,,transformation equation -> verbal transformation,1,Students will analyze transformations across multiple function families.,"I can build transformed function rules from parent functions across linear, quadratic, exponential, and absolute value families.",Connect representations; use algebraic structure precisely; model and interpret quantities; justify conclusions with mathematical evidence when the task requires it.,constructed_response,short_response,instructional,80,,,,assessment_plans/original/unit8_assessment_plan/unit8_assessment_plan.html|reference_library/question_structures/section_enrichment.json|reference_library/source_excerpts/section_source_excerpts.json|reference_library/reusable_tables/table_catalog.json|reference_library/reusable_figures/figure_catalog.json|sources/indexes/compact_stage_reference_map.json,
U8-S2-CYU-I02,SPIRAL,Algebra 1,8,8.2,CYU,CYU,,INTRO,,,,,,,transformation equation -> verbal transformation,1,Students will analyze transformations across multiple function families.,"I can build transformed function rules from parent functions across linear, quadratic, exponential, and absolute value families.",Connect representations; use algebraic structure precisely; model and interpret quantities; justify conclusions with mathematical evidence when the task requires it.,constructed_response,short_response,instructional,80,,,,assessment_plans/original/unit8_assessment_plan/unit8_assessment_plan.html|reference_library/question_structures/section_enrichment.json|reference_library/source_excerpts/section_source_excerpts.json|reference_library/reusable_tables/table_catalog.json|reference_library/reusable_figures/figure_catalog.json|sources/indexes/compact_stage_reference_map.json,
U8-S2-CYU-I03,SPIRAL,Algebra 1,8,8.2,CYU,CYU,,INTRO,,,,,,,transformation equation -> verbal transformation,2,Students will analyze transformations across multiple function families.,"I can build transformed function rules from parent functions across linear, quadratic, exponential, and absolute value families.",Connect representations; use algebraic structure precisely; model and interpret quantities; justify conclusions with mathematical evidence when the task requires it.,constructed_response,short_response,instructional,80,,,,assessment_plans/original/unit8_assessment_plan/unit8_assessment_plan.html|reference_library/question_structures/section_enrichment.json|reference_library/source_excerpts/section_source_excerpts.json|reference_library/reusable_tables/table_catalog.json|reference_library/reusable_figures/figure_catalog.json|sources/indexes/compact_stage_reference_map.json,
U8-S2-CYU-I04,SPIRAL,Algebra 1,8,8.2,CYU,CYU,,INTRO,,,,,,,transformation equation -> verbal transformation,2,Students will analyze transformations across multiple function families.,"I can build transformed function rules from parent functions across linear, quadratic, exponential, and absolute value families.",Connect representations; use algebraic structure precisely; model and interpret quantities; justify conclusions with mathematical evidence when the task requires it.,constructed_response,short_response,instructional,80,,,,assessment_plans/original/unit8_assessment_plan/unit8_assessment_plan.html|reference_library/question_structures/section_enrichment.json|reference_library/source_excerpts/section_source_excerpts.json|reference_library/reusable_tables/table_catalog.json|reference_library/reusable_figures/figure_catalog.json|sources/indexes/compact_stage_reference_map.json,
U8-S2-CYU-R01,SPIRAL,Algebra 1,8,8.2,CYU,CYU,,REVIEW,,,,,,,exponential equation -> graph features,1,Students will analyze transformations across multiple function families.,"I can build transformed function rules from parent functions across linear, quadratic, exponential, and absolute value families.",Connect representations; use algebraic structure precisely; model and interpret quantities; justify conclusions with mathematical evidence when the task requires it.,constructed_response,short_response,instructional,80,,,,assessment_plans/original/unit8_assessment_plan/unit8_assessment_plan.html|reference_library/question_structures/section_enrichment.json|reference_library/source_excerpts/section_source_excerpts.json|reference_library/reusable_tables/table_catalog.json|reference_library/reusable_figures/figure_catalog.json|sources/indexes/compact_stage_reference_map.json,
U8-S2-CYU-M01,SPIRAL,Algebra 1,8,8.2,CYU,CYU,,MASTERY,,,,,,,standard quadratic -> complete square -> solutions,2,Students will analyze transformations across multiple function families.,"I can build transformed function rules from parent functions across linear, quadratic, exponential, and absolute value families.",Connect representations; use algebraic structure precisely; model and interpret quantities; justify conclusions with mathematical evidence when the task requires it.,constructed_response,short_response,instructional,80,,,,assessment_plans/original/unit8_assessment_plan/unit8_assessment_plan.html|reference_library/question_structures/section_enrichment.json|reference_library/source_excerpts/section_source_excerpts.json|reference_library/reusable_tables/table_catalog.json|reference_library/reusable_figures/figure_catalog.json|sources/indexes/compact_stage_reference_map.json,
U8-S3-CYU-I01,SPIRAL,Algebra 1,8,8.3,CYU,CYU,,INTRO,,,,,,,absolute-value rule -> vertex/output/piecewise behavior,1,Students will analyze and model situations involving absolute value functions.,"I can design an absolute value or piecewise representation for situations with distance, change in direction, or two-part behavior.",Connect representations; use algebraic structure precisely; model and interpret quantities; justify conclusions with mathematical evidence when the task requires it.,constructed_response,short_response,instructional,80,,,,assessment_plans/original/unit8_assessment_plan/unit8_assessment_plan.html|reference_library/question_structures/section_enrichment.json|reference_library/source_excerpts/section_source_excerpts.json|reference_library/reusable_tables/table_catalog.json|reference_library/reusable_figures/figure_catalog.json|sources/indexes/compact_stage_reference_map.json,
U8-S3-CYU-I02,SPIRAL,Algebra 1,8,8.3,CYU,CYU,,INTRO,,,,,,,absolute-value rule -> vertex/output/piecewise behavior,1,Students will analyze and model situations involving absolute value functions.,"I can design an absolute value or piecewise representation for situations with distance, change in direction, or two-part behavior.",Connect representations; use algebraic structure precisely; model and interpret quantities; justify conclusions with mathematical evidence when the task requires it.,constructed_response,short_response,instructional,80,,,,assessment_plans/original/unit8_assessment_plan/unit8_assessment_plan.html|reference_library/question_structures/section_enrichment.json|reference_library/source_excerpts/section_source_excerpts.json|reference_library/reusable_tables/table_catalog.json|reference_library/reusable_figures/figure_catalog.json|sources/indexes/compact_stage_reference_map.json,
U8-S3-CYU-I03,SPIRAL,Algebra 1,8,8.3,CYU,CYU,,INTRO,,,,,,,absolute-value rule -> vertex/output/piecewise behavior,2,Students will analyze and model situations involving absolute value functions.,"I can design an absolute value or piecewise representation for situations with distance, change in direction, or two-part behavior.",Connect representations; use algebraic structure precisely; model and interpret quantities; justify conclusions with mathematical evidence when the task requires it.,constructed_response,short_response,instructional,80,,,,assessment_plans/original/unit8_assessment_plan/unit8_assessment_plan.html|reference_library/question_structures/section_enrichment.json|reference_library/source_excerpts/section_source_excerpts.json|reference_library/reusable_tables/table_catalog.json|reference_library/reusable_figures/figure_catalog.json|sources/indexes/compact_stage_reference_map.json,
U8-S3-CYU-I04,SPIRAL,Algebra 1,8,8.3,CYU,CYU,,INTRO,,,,,,,absolute-value rule -> vertex/output/piecewise behavior,2,Students will analyze and model situations involving absolute value functions.,"I can design an absolute value or piecewise representation for situations with distance, change in direction, or two-part behavior.",Connect representations; use algebraic structure precisely; model and interpret quantities; justify conclusions with mathematical evidence when the task requires it.,constructed_response,short_response,instructional,80,,,,assessment_plans/original/unit8_assessment_plan/unit8_assessment_plan.html|reference_library/question_structures/section_enrichment.json|reference_library/source_excerpts/section_source_excerpts.json|reference_library/reusable_tables/table_catalog.json|reference_library/reusable_figures/figure_catalog.json|sources/indexes/compact_stage_reference_map.json,
U8-S3-CYU-R01,SPIRAL,Algebra 1,8,8.3,CYU,CYU,,REVIEW,,,,,,,table pattern -> function family,1,Students will analyze and model situations involving absolute value functions.,"I can design an absolute value or piecewise representation for situations with distance, change in direction, or two-part behavior.",Connect representations; use algebraic structure precisely; model and interpret quantities; justify conclusions with mathematical evidence when the task requires it.,constructed_response,short_response,instructional,80,,,,assessment_plans/original/unit8_assessment_plan/unit8_assessment_plan.html|reference_library/question_structures/section_enrichment.json|reference_library/source_excerpts/section_source_excerpts.json|reference_library/reusable_tables/table_catalog.json|reference_library/reusable_figures/figure_catalog.json|sources/indexes/compact_stage_reference_map.json,
U8-S3-CYU-M01,SPIRAL,Algebra 1,8,8.3,CYU,CYU,,MASTERY,,,,,,,factored quadratic equation -> zero product solutions,2,Students will analyze and model situations involving absolute value functions.,"I can design an absolute value or piecewise representation for situations with distance, change in direction, or two-part behavior.",Connect representations; use algebraic structure precisely; model and interpret quantities; justify conclusions with mathematical evidence when the task requires it.,constructed_response,short_response,instructional,80,,,,assessment_plans/original/unit8_assessment_plan/unit8_assessment_plan.html|reference_library/question_structures/section_enrichment.json|reference_library/source_excerpts/section_source_excerpts.json|reference_library/reusable_tables/table_catalog.json|reference_library/reusable_figures/figure_catalog.json|sources/indexes/compact_stage_reference_map.json,
U8-S4-CYU-I01,SPIRAL,Algebra 1,8,8.4,CYU,CYU,,INTRO,,,,,,,data -> model family -> equation,1,Students will create and analyze mathematical models using real-world data.,I can formulate a mathematical model from real-world data and state the assumptions used.,Connect representations; use algebraic structure precisely; model and interpret quantities; justify conclusions with mathematical evidence when the task requires it.,constructed_response,short_response,instructional,80,,,,assessment_plans/original/unit8_assessment_plan/unit8_assessment_plan.html|reference_library/question_structures/section_enrichment.json|reference_library/source_excerpts/section_source_excerpts.json|reference_library/reusable_tables/table_catalog.json|reference_library/reusable_figures/figure_catalog.json|sources/indexes/compact_stage_reference_map.json,
U8-S4-CYU-I02,SPIRAL,Algebra 1,8,8.4,CYU,CYU,,INTRO,,,,,,,data -> model family -> equation,1,Students will create and analyze mathematical models using real-world data.,I can formulate a mathematical model from real-world data and state the assumptions used.,Connect representations; use algebraic structure precisely; model and interpret quantities; justify conclusions with mathematical evidence when the task requires it.,constructed_response,short_response,instructional,80,,,,assessment_plans/original/unit8_assessment_plan/unit8_assessment_plan.html|reference_library/question_structures/section_enrichment.json|reference_library/source_excerpts/section_source_excerpts.json|reference_library/reusable_tables/table_catalog.json|reference_library/reusable_figures/figure_catalog.json|sources/indexes/compact_stage_reference_map.json,
U8-S4-CYU-I03,SPIRAL,Algebra 1,8,8.4,CYU,CYU,,INTRO,,,,,,,data -> model family -> equation,2,Students will create and analyze mathematical models using real-world data.,I can formulate a mathematical model from real-world data and state the assumptions used.,Connect representations; use algebraic structure precisely; model and interpret quantities; justify conclusions with mathematical evidence when the task requires it.,constructed_response,short_response,instructional,80,,,,assessment_plans/original/unit8_assessment_plan/unit8_assessment_plan.html|reference_library/question_structures/section_enrichment.json|reference_library/source_excerpts/section_source_excerpts.json|reference_library/reusable_tables/table_catalog.json|reference_library/reusable_figures/figure_catalog.json|sources/indexes/compact_stage_reference_map.json,
U8-S4-CYU-I04,SPIRAL,Algebra 1,8,8.4,CYU,CYU,,INTRO,,,,,,,data -> model family -> equation,2,Students will create and analyze mathematical models using real-world data.,I can formulate a mathematical model from real-world data and state the assumptions used.,Connect representations; use algebraic structure precisely; model and interpret quantities; justify conclusions with mathematical evidence when the task requires it.,constructed_response,short_response,instructional,80,,,,assessment_plans/original/unit8_assessment_plan/unit8_assessment_plan.html|reference_library/question_structures/section_enrichment.json|reference_library/source_excerpts/section_source_excerpts.json|reference_library/reusable_tables/table_catalog.json|reference_library/reusable_figures/figure_catalog.json|sources/indexes/compact_stage_reference_map.json,
U8-S4-CYU-R01,SPIRAL,Algebra 1,8,8.4,CYU,CYU,,REVIEW,,,,,,,exponential model -> parameter interpretation/prediction,1,Students will create and analyze mathematical models using real-world data.,I can formulate a mathematical model from real-world data and state the assumptions used.,Connect representations; use algebraic structure precisely; model and interpret quantities; justify conclusions with mathematical evidence when the task requires it.,constructed_response,short_response,instructional,80,,,,assessment_plans/original/unit8_assessment_plan/unit8_assessment_plan.html|reference_library/question_structures/section_enrichment.json|reference_library/source_excerpts/section_source_excerpts.json|reference_library/reusable_tables/table_catalog.json|reference_library/reusable_figures/figure_catalog.json|sources/indexes/compact_stage_reference_map.json,
U8-S4-CYU-M01,SPIRAL,Algebra 1,8,8.4,CYU,CYU,,MASTERY,,,,,,,vertex-form model -> maximum and prediction,2,Students will create and analyze mathematical models using real-world data.,I can formulate a mathematical model from real-world data and state the assumptions used.,Connect representations; use algebraic structure precisely; model and interpret quantities; justify conclusions with mathematical evidence when the task requires it.,constructed_response,short_response,instructional,80,,,,assessment_plans/original/unit8_assessment_plan/unit8_assessment_plan.html|reference_library/question_structures/section_enrichment.json|reference_library/source_excerpts/section_source_excerpts.json|reference_library/reusable_tables/table_catalog.json|reference_library/reusable_figures/figure_catalog.json|sources/indexes/compact_stage_reference_map.json,
U8-S5-CYU-I01,SPIRAL,Algebra 1,8,8.5,CYU,CYU,,INTRO,,,,,,,data -> model family -> equation,1,Students will synthesize understanding of function families and representations to solve complex problems.,"I can construct a solution pathway that connects equations, graphs, tables, and contexts across function families.",Connect representations; use algebraic structure precisely; model and interpret quantities; justify conclusions with mathematical evidence when the task requires it.,constructed_response,short_response,instructional,80,,,,assessment_plans/original/unit8_assessment_plan/unit8_assessment_plan.html|reference_library/question_structures/section_enrichment.json|reference_library/source_excerpts/section_source_excerpts.json|reference_library/reusable_tables/table_catalog.json|reference_library/reusable_figures/figure_catalog.json|sources/indexes/compact_stage_reference_map.json,
U8-S5-CYU-I02,SPIRAL,Algebra 1,8,8.5,CYU,CYU,,INTRO,,,,,,,data -> model family -> equation,1,Students will synthesize understanding of function families and representations to solve complex problems.,"I can construct a solution pathway that connects equations, graphs, tables, and contexts across function families.",Connect representations; use algebraic structure precisely; model and interpret quantities; justify conclusions with mathematical evidence when the task requires it.,constructed_response,short_response,instructional,80,,,,assessment_plans/original/unit8_assessment_plan/unit8_assessment_plan.html|reference_library/question_structures/section_enrichment.json|reference_library/source_excerpts/section_source_excerpts.json|reference_library/reusable_tables/table_catalog.json|reference_library/reusable_figures/figure_catalog.json|sources/indexes/compact_stage_reference_map.json,
U8-S5-CYU-I03,SPIRAL,Algebra 1,8,8.5,CYU,CYU,,INTRO,,,,,,,data -> model family -> equation,2,Students will synthesize understanding of function families and representations to solve complex problems.,"I can construct a solution pathway that connects equations, graphs, tables, and contexts across function families.",Connect representations; use algebraic structure precisely; model and interpret quantities; justify conclusions with mathematical evidence when the task requires it.,constructed_response,short_response,instructional,80,,,,assessment_plans/original/unit8_assessment_plan/unit8_assessment_plan.html|reference_library/question_structures/section_enrichment.json|reference_library/source_excerpts/section_source_excerpts.json|reference_library/reusable_tables/table_catalog.json|reference_library/reusable_figures/figure_catalog.json|sources/indexes/compact_stage_reference_map.json,
U8-S5-CYU-I04,SPIRAL,Algebra 1,8,8.5,CYU,CYU,,INTRO,,,,,,,data -> model family -> equation,2,Students will synthesize understanding of function families and representations to solve complex problems.,"I can construct a solution pathway that connects equations, graphs, tables, and contexts across function families.",Connect representations; use algebraic structure precisely; model and interpret quantities; justify conclusions with mathematical evidence when the task requires it.,constructed_response,short_response,instructional,80,,,,assessment_plans/original/unit8_assessment_plan/unit8_assessment_plan.html|reference_library/question_structures/section_enrichment.json|reference_library/source_excerpts/section_source_excerpts.json|reference_library/reusable_tables/table_catalog.json|reference_library/reusable_figures/figure_catalog.json|sources/indexes/compact_stage_reference_map.json,
U8-S5-CYU-R01,SPIRAL,Algebra 1,8,8.5,CYU,CYU,,REVIEW,,,,,,,initial value + factor -> exponential equation/prediction,1,Students will synthesize understanding of function families and representations to solve complex problems.,"I can construct a solution pathway that connects equations, graphs, tables, and contexts across function families.",Connect representations; use algebraic structure precisely; model and interpret quantities; justify conclusions with mathematical evidence when the task requires it.,constructed_response,short_response,instructional,80,,,,assessment_plans/original/unit8_assessment_plan/unit8_assessment_plan.html|reference_library/question_structures/section_enrichment.json|reference_library/source_excerpts/section_source_excerpts.json|reference_library/reusable_tables/table_catalog.json|reference_library/reusable_figures/figure_catalog.json|sources/indexes/compact_stage_reference_map.json,
U8-S5-CYU-M01,SPIRAL,Algebra 1,8,8.5,CYU,CYU,,MASTERY,,,,,,,quadratic coefficients -> discriminant -> solution type,2,Students will synthesize understanding of function families and representations to solve complex problems.,"I can construct a solution pathway that connects equations, graphs, tables, and contexts across function families.",Connect representations; use algebraic structure precisely; model and interpret quantities; justify conclusions with mathematical evidence when the task requires it.,constructed_response,short_response,instructional,80,,,,assessment_plans/original/unit8_assessment_plan/unit8_assessment_plan.html|reference_library/question_structures/section_enrichment.json|reference_library/source_excerpts/section_source_excerpts.json|reference_library/reusable_tables/table_catalog.json|reference_library/reusable_figures/figure_catalog.json|sources/indexes/compact_stage_reference_map.json,
U8-S1-TAR-I01,SPIRAL,Algebra 1,8,8.1,Tarsia,Tarsia,,INTRO,,,,,,,table pattern -> function family,1,"Students will determine whether a situation is best modeled by a linear, quadratic, or exponential function.","I can construct evidence from tables, graphs, and contexts to choose a linear, quadratic, or exponential model.",Connect representations; use algebraic structure precisely; model and interpret quantities; justify conclusions with mathematical evidence when the task requires it.,constructed_response,short_response,instructional,40,,,,assessment_plans/original/unit8_assessment_plan/unit8_assessment_plan.html|reference_library/question_structures/section_enrichment.json|reference_library/source_excerpts/section_source_excerpts.json|reference_library/reusable_tables/table_catalog.json|reference_library/reusable_figures/figure_catalog.json|sources/indexes/compact_stage_reference_map.json,
U8-S1-TAR-I02,SPIRAL,Algebra 1,8,8.1,Tarsia,Tarsia,,INTRO,,,,,,,table pattern -> function family,1,"Students will determine whether a situation is best modeled by a linear, quadratic, or exponential function.","I can construct evidence from tables, graphs, and contexts to choose a linear, quadratic, or exponential model.",Connect representations; use algebraic structure precisely; model and interpret quantities; justify conclusions with mathematical evidence when the task requires it.,constructed_response,short_response,instructional,40,,,,assessment_plans/original/unit8_assessment_plan/unit8_assessment_plan.html|reference_library/question_structures/section_enrichment.json|reference_library/source_excerpts/section_source_excerpts.json|reference_library/reusable_tables/table_catalog.json|reference_library/reusable_figures/figure_catalog.json|sources/indexes/compact_stage_reference_map.json,
U8-S1-TAR-I03,SPIRAL,Algebra 1,8,8.1,Tarsia,Tarsia,,INTRO,,,,,,,table pattern -> function family,1,"Students will determine whether a situation is best modeled by a linear, quadratic, or exponential function.","I can construct evidence from tables, graphs, and contexts to choose a linear, quadratic, or exponential model.",Connect representations; use algebraic structure precisely; model and interpret quantities; justify conclusions with mathematical evidence when the task requires it.,constructed_response,short_response,instructional,40,,,,assessment_plans/original/unit8_assessment_plan/unit8_assessment_plan.html|reference_library/question_structures/section_enrichment.json|reference_library/source_excerpts/section_source_excerpts.json|reference_library/reusable_tables/table_catalog.json|reference_library/reusable_figures/figure_catalog.json|sources/indexes/compact_stage_reference_map.json,
U8-S1-TAR-I04,SPIRAL,Algebra 1,8,8.1,Tarsia,Tarsia,,INTRO,,,,,,,table pattern -> function family,1,"Students will determine whether a situation is best modeled by a linear, quadratic, or exponential function.","I can construct evidence from tables, graphs, and contexts to choose a linear, quadratic, or exponential model.",Connect representations; use algebraic structure precisely; model and interpret quantities; justify conclusions with mathematical evidence when the task requires it.,constructed_response,short_response,instructional,40,,,,assessment_plans/original/unit8_assessment_plan/unit8_assessment_plan.html|reference_library/question_structures/section_enrichment.json|reference_library/source_excerpts/section_source_excerpts.json|reference_library/reusable_tables/table_catalog.json|reference_library/reusable_figures/figure_catalog.json|sources/indexes/compact_stage_reference_map.json,
U8-S1-TAR-I05,SPIRAL,Algebra 1,8,8.1,Tarsia,Tarsia,,INTRO,,,,,,,table pattern -> function family,1,"Students will determine whether a situation is best modeled by a linear, quadratic, or exponential function.","I can construct evidence from tables, graphs, and contexts to choose a linear, quadratic, or exponential model.",Connect representations; use algebraic structure precisely; model and interpret quantities; justify conclusions with mathematical evidence when the task requires it.,constructed_response,short_response,instructional,40,,,,assessment_plans/original/unit8_assessment_plan/unit8_assessment_plan.html|reference_library/question_structures/section_enrichment.json|reference_library/source_excerpts/section_source_excerpts.json|reference_library/reusable_tables/table_catalog.json|reference_library/reusable_figures/figure_catalog.json|sources/indexes/compact_stage_reference_map.json,
U8-S1-TAR-I06,SPIRAL,Algebra 1,8,8.1,Tarsia,Tarsia,,INTRO,,,,,,,table pattern -> function family,1,"Students will determine whether a situation is best modeled by a linear, quadratic, or exponential function.","I can construct evidence from tables, graphs, and contexts to choose a linear, quadratic, or exponential model.",Connect representations; use algebraic structure precisely; model and interpret quantities; justify conclusions with mathematical evidence when the task requires it.,constructed_response,short_response,instructional,40,,,,assessment_plans/original/unit8_assessment_plan/unit8_assessment_plan.html|reference_library/question_structures/section_enrichment.json|reference_library/source_excerpts/section_source_excerpts.json|reference_library/reusable_tables/table_catalog.json|reference_library/reusable_figures/figure_catalog.json|sources/indexes/compact_stage_reference_map.json,
U8-S1-TAR-I07,SPIRAL,Algebra 1,8,8.1,Tarsia,Tarsia,,INTRO,,,,,,,table pattern -> function family,1,"Students will determine whether a situation is best modeled by a linear, quadratic, or exponential function.","I can construct evidence from tables, graphs, and contexts to choose a linear, quadratic, or exponential model.",Connect representations; use algebraic structure precisely; model and interpret quantities; justify conclusions with mathematical evidence when the task requires it.,constructed_response,short_response,instructional,40,,,,assessment_plans/original/unit8_assessment_plan/unit8_assessment_plan.html|reference_library/question_structures/section_enrichment.json|reference_library/source_excerpts/section_source_excerpts.json|reference_library/reusable_tables/table_catalog.json|reference_library/reusable_figures/figure_catalog.json|sources/indexes/compact_stage_reference_map.json,
U8-S1-TAR-I08,SPIRAL,Algebra 1,8,8.1,Tarsia,Tarsia,,INTRO,,,,,,,table pattern -> function family,1,"Students will determine whether a situation is best modeled by a linear, quadratic, or exponential function.","I can construct evidence from tables, graphs, and contexts to choose a linear, quadratic, or exponential model.",Connect representations; use algebraic structure precisely; model and interpret quantities; justify conclusions with mathematical evidence when the task requires it.,constructed_response,short_response,instructional,40,,,,assessment_plans/original/unit8_assessment_plan/unit8_assessment_plan.html|reference_library/question_structures/section_enrichment.json|reference_library/source_excerpts/section_source_excerpts.json|reference_library/reusable_tables/table_catalog.json|reference_library/reusable_figures/figure_catalog.json|sources/indexes/compact_stage_reference_map.json,
U8-S1-TAR-R01,SPIRAL,Algebra 1,8,8.1,Tarsia,Tarsia,,REVIEW,,,,,,,table pattern -> function family,1,"Students will determine whether a situation is best modeled by a linear, quadratic, or exponential function.","I can construct evidence from tables, graphs, and contexts to choose a linear, quadratic, or exponential model.",Connect representations; use algebraic structure precisely; model and interpret quantities; justify conclusions with mathematical evidence when the task requires it.,constructed_response,short_response,instructional,40,,,,assessment_plans/original/unit8_assessment_plan/unit8_assessment_plan.html|reference_library/question_structures/section_enrichment.json|reference_library/source_excerpts/section_source_excerpts.json|reference_library/reusable_tables/table_catalog.json|reference_library/reusable_figures/figure_catalog.json|sources/indexes/compact_stage_reference_map.json,
U8-S1-TAR-R02,SPIRAL,Algebra 1,8,8.1,Tarsia,Tarsia,,REVIEW,,,,,,,table pattern -> function family,1,"Students will determine whether a situation is best modeled by a linear, quadratic, or exponential function.","I can construct evidence from tables, graphs, and contexts to choose a linear, quadratic, or exponential model.",Connect representations; use algebraic structure precisely; model and interpret quantities; justify conclusions with mathematical evidence when the task requires it.,constructed_response,short_response,instructional,40,,,,assessment_plans/original/unit8_assessment_plan/unit8_assessment_plan.html|reference_library/question_structures/section_enrichment.json|reference_library/source_excerpts/section_source_excerpts.json|reference_library/reusable_tables/table_catalog.json|reference_library/reusable_figures/figure_catalog.json|sources/indexes/compact_stage_reference_map.json,
U8-S1-TAR-R03,SPIRAL,Algebra 1,8,8.1,Tarsia,Tarsia,,REVIEW,,,,,,,table pattern -> function family,1,"Students will determine whether a situation is best modeled by a linear, quadratic, or exponential function.","I can construct evidence from tables, graphs, and contexts to choose a linear, quadratic, or exponential model.",Connect representations; use algebraic structure precisely; model and interpret quantities; justify conclusions with mathematical evidence when the task requires it.,constructed_response,short_response,instructional,40,,,,assessment_plans/original/unit8_assessment_plan/unit8_assessment_plan.html|reference_library/question_structures/section_enrichment.json|reference_library/source_excerpts/section_source_excerpts.json|reference_library/reusable_tables/table_catalog.json|reference_library/reusable_figures/figure_catalog.json|sources/indexes/compact_stage_reference_map.json,
U8-S1-TAR-R04,SPIRAL,Algebra 1,8,8.1,Tarsia,Tarsia,,REVIEW,,,,,,,table pattern -> function family,1,"Students will determine whether a situation is best modeled by a linear, quadratic, or exponential function.","I can construct evidence from tables, graphs, and contexts to choose a linear, quadratic, or exponential model.",Connect representations; use algebraic structure precisely; model and interpret quantities; justify conclusions with mathematical evidence when the task requires it.,constructed_response,short_response,instructional,40,,,,assessment_plans/original/unit8_assessment_plan/unit8_assessment_plan.html|reference_library/question_structures/section_enrichment.json|reference_library/source_excerpts/section_source_excerpts.json|reference_library/reusable_tables/table_catalog.json|reference_library/reusable_figures/figure_catalog.json|sources/indexes/compact_stage_reference_map.json,
U8-S1-TAR-R05,SPIRAL,Algebra 1,8,8.1,Tarsia,Tarsia,,REVIEW,,,,,,,table pattern -> function family,1,"Students will determine whether a situation is best modeled by a linear, quadratic, or exponential function.","I can construct evidence from tables, graphs, and contexts to choose a linear, quadratic, or exponential model.",Connect representations; use algebraic structure precisely; model and interpret quantities; justify conclusions with mathematical evidence when the task requires it.,constructed_response,short_response,instructional,40,,,,assessment_plans/original/unit8_assessment_plan/unit8_assessment_plan.html|reference_library/question_structures/section_enrichment.json|reference_library/source_excerpts/section_source_excerpts.json|reference_library/reusable_tables/table_catalog.json|reference_library/reusable_figures/figure_catalog.json|sources/indexes/compact_stage_reference_map.json,
U8-S1-TAR-M01,SPIRAL,Algebra 1,8,8.1,Tarsia,Tarsia,,MASTERY,,,,,,,equation structure -> method choice,1,"Students will determine whether a situation is best modeled by a linear, quadratic, or exponential function.","I can construct evidence from tables, graphs, and contexts to choose a linear, quadratic, or exponential model.",Connect representations; use algebraic structure precisely; model and interpret quantities; justify conclusions with mathematical evidence when the task requires it.,constructed_response,short_response,instructional,40,,,,assessment_plans/original/unit8_assessment_plan/unit8_assessment_plan.html|reference_library/question_structures/section_enrichment.json|reference_library/source_excerpts/section_source_excerpts.json|reference_library/reusable_tables/table_catalog.json|reference_library/reusable_figures/figure_catalog.json|sources/indexes/compact_stage_reference_map.json,
U8-S1-TAR-M02,SPIRAL,Algebra 1,8,8.1,Tarsia,Tarsia,,MASTERY,,,,,,,equation structure -> method choice,1,"Students will determine whether a situation is best modeled by a linear, quadratic, or exponential function.","I can construct evidence from tables, graphs, and contexts to choose a linear, quadratic, or exponential model.",Connect representations; use algebraic structure precisely; model and interpret quantities; justify conclusions with mathematical evidence when the task requires it.,constructed_response,short_response,instructional,40,,,,assessment_plans/original/unit8_assessment_plan/unit8_assessment_plan.html|reference_library/question_structures/section_enrichment.json|reference_library/source_excerpts/section_source_excerpts.json|reference_library/reusable_tables/table_catalog.json|reference_library/reusable_figures/figure_catalog.json|sources/indexes/compact_stage_reference_map.json,
U8-S1-TAR-M03,SPIRAL,Algebra 1,8,8.1,Tarsia,Tarsia,,MASTERY,,,,,,,equation structure -> method choice,1,"Students will determine whether a situation is best modeled by a linear, quadratic, or exponential function.","I can construct evidence from tables, graphs, and contexts to choose a linear, quadratic, or exponential model.",Connect representations; use algebraic structure precisely; model and interpret quantities; justify conclusions with mathematical evidence when the task requires it.,constructed_response,short_response,instructional,40,,,,assessment_plans/original/unit8_assessment_plan/unit8_assessment_plan.html|reference_library/question_structures/section_enrichment.json|reference_library/source_excerpts/section_source_excerpts.json|reference_library/reusable_tables/table_catalog.json|reference_library/reusable_figures/figure_catalog.json|sources/indexes/compact_stage_reference_map.json,
U8-S1-TAR-M04,SPIRAL,Algebra 1,8,8.1,Tarsia,Tarsia,,MASTERY,,,,,,,equation structure -> method choice,1,"Students will determine whether a situation is best modeled by a linear, quadratic, or exponential function.","I can construct evidence from tables, graphs, and contexts to choose a linear, quadratic, or exponential model.",Connect representations; use algebraic structure precisely; model and interpret quantities; justify conclusions with mathematical evidence when the task requires it.,constructed_response,short_response,instructional,40,,,,assessment_plans/original/unit8_assessment_plan/unit8_assessment_plan.html|reference_library/question_structures/section_enrichment.json|reference_library/source_excerpts/section_source_excerpts.json|reference_library/reusable_tables/table_catalog.json|reference_library/reusable_figures/figure_catalog.json|sources/indexes/compact_stage_reference_map.json,
U8-S1-TAR-M05,SPIRAL,Algebra 1,8,8.1,Tarsia,Tarsia,,MASTERY,,,,,,,equation structure -> method choice,1,"Students will determine whether a situation is best modeled by a linear, quadratic, or exponential function.","I can construct evidence from tables, graphs, and contexts to choose a linear, quadratic, or exponential model.",Connect representations; use algebraic structure precisely; model and interpret quantities; justify conclusions with mathematical evidence when the task requires it.,constructed_response,short_response,instructional,40,,,,assessment_plans/original/unit8_assessment_plan/unit8_assessment_plan.html|reference_library/question_structures/section_enrichment.json|reference_library/source_excerpts/section_source_excerpts.json|reference_library/reusable_tables/table_catalog.json|reference_library/reusable_figures/figure_catalog.json|sources/indexes/compact_stage_reference_map.json,
U8-S2-TAR-I01,SPIRAL,Algebra 1,8,8.2,Tarsia,Tarsia,,INTRO,,,,,,,transformation equation -> verbal transformation,1,Students will analyze transformations across multiple function families.,"I can build transformed function rules from parent functions across linear, quadratic, exponential, and absolute value families.",Connect representations; use algebraic structure precisely; model and interpret quantities; justify conclusions with mathematical evidence when the task requires it.,constructed_response,short_response,instructional,40,,,,assessment_plans/original/unit8_assessment_plan/unit8_assessment_plan.html|reference_library/question_structures/section_enrichment.json|reference_library/source_excerpts/section_source_excerpts.json|reference_library/reusable_tables/table_catalog.json|reference_library/reusable_figures/figure_catalog.json|sources/indexes/compact_stage_reference_map.json,
U8-S2-TAR-I02,SPIRAL,Algebra 1,8,8.2,Tarsia,Tarsia,,INTRO,,,,,,,transformation equation -> verbal transformation,1,Students will analyze transformations across multiple function families.,"I can build transformed function rules from parent functions across linear, quadratic, exponential, and absolute value families.",Connect representations; use algebraic structure precisely; model and interpret quantities; justify conclusions with mathematical evidence when the task requires it.,constructed_response,short_response,instructional,40,,,,assessment_plans/original/unit8_assessment_plan/unit8_assessment_plan.html|reference_library/question_structures/section_enrichment.json|reference_library/source_excerpts/section_source_excerpts.json|reference_library/reusable_tables/table_catalog.json|reference_library/reusable_figures/figure_catalog.json|sources/indexes/compact_stage_reference_map.json,
U8-S2-TAR-I03,SPIRAL,Algebra 1,8,8.2,Tarsia,Tarsia,,INTRO,,,,,,,transformation equation -> verbal transformation,1,Students will analyze transformations across multiple function families.,"I can build transformed function rules from parent functions across linear, quadratic, exponential, and absolute value families.",Connect representations; use algebraic structure precisely; model and interpret quantities; justify conclusions with mathematical evidence when the task requires it.,constructed_response,short_response,instructional,40,,,,assessment_plans/original/unit8_assessment_plan/unit8_assessment_plan.html|reference_library/question_structures/section_enrichment.json|reference_library/source_excerpts/section_source_excerpts.json|reference_library/reusable_tables/table_catalog.json|reference_library/reusable_figures/figure_catalog.json|sources/indexes/compact_stage_reference_map.json,
U8-S2-TAR-I04,SPIRAL,Algebra 1,8,8.2,Tarsia,Tarsia,,INTRO,,,,,,,transformation equation -> verbal transformation,1,Students will analyze transformations across multiple function families.,"I can build transformed function rules from parent functions across linear, quadratic, exponential, and absolute value families.",Connect representations; use algebraic structure precisely; model and interpret quantities; justify conclusions with mathematical evidence when the task requires it.,constructed_response,short_response,instructional,40,,,,assessment_plans/original/unit8_assessment_plan/unit8_assessment_plan.html|reference_library/question_structures/section_enrichment.json|reference_library/source_excerpts/section_source_excerpts.json|reference_library/reusable_tables/table_catalog.json|reference_library/reusable_figures/figure_catalog.json|sources/indexes/compact_stage_reference_map.json,
U8-S2-TAR-I05,SPIRAL,Algebra 1,8,8.2,Tarsia,Tarsia,,INTRO,,,,,,,transformation equation -> verbal transformation,1,Students will analyze transformations across multiple function families.,"I can build transformed function rules from parent functions across linear, quadratic, exponential, and absolute value families.",Connect representations; use algebraic structure precisely; model and interpret quantities; justify conclusions with mathematical evidence when the task requires it.,constructed_response,short_response,instructional,40,,,,assessment_plans/original/unit8_assessment_plan/unit8_assessment_plan.html|reference_library/question_structures/section_enrichment.json|reference_library/source_excerpts/section_source_excerpts.json|reference_library/reusable_tables/table_catalog.json|reference_library/reusable_figures/figure_catalog.json|sources/indexes/compact_stage_reference_map.json,
U8-S2-TAR-I06,SPIRAL,Algebra 1,8,8.2,Tarsia,Tarsia,,INTRO,,,,,,,transformation equation -> verbal transformation,1,Students will analyze transformations across multiple function families.,"I can build transformed function rules from parent functions across linear, quadratic, exponential, and absolute value families.",Connect representations; use algebraic structure precisely; model and interpret quantities; justify conclusions with mathematical evidence when the task requires it.,constructed_response,short_response,instructional,40,,,,assessment_plans/original/unit8_assessment_plan/unit8_assessment_plan.html|reference_library/question_structures/section_enrichment.json|reference_library/source_excerpts/section_source_excerpts.json|reference_library/reusable_tables/table_catalog.json|reference_library/reusable_figures/figure_catalog.json|sources/indexes/compact_stage_reference_map.json,
U8-S2-TAR-I07,SPIRAL,Algebra 1,8,8.2,Tarsia,Tarsia,,INTRO,,,,,,,transformation equation -> verbal transformation,1,Students will analyze transformations across multiple function families.,"I can build transformed function rules from parent functions across linear, quadratic, exponential, and absolute value families.",Connect representations; use algebraic structure precisely; model and interpret quantities; justify conclusions with mathematical evidence when the task requires it.,constructed_response,short_response,instructional,40,,,,assessment_plans/original/unit8_assessment_plan/unit8_assessment_plan.html|reference_library/question_structures/section_enrichment.json|reference_library/source_excerpts/section_source_excerpts.json|reference_library/reusable_tables/table_catalog.json|reference_library/reusable_figures/figure_catalog.json|sources/indexes/compact_stage_reference_map.json,
U8-S2-TAR-I08,SPIRAL,Algebra 1,8,8.2,Tarsia,Tarsia,,INTRO,,,,,,,transformation equation -> verbal transformation,1,Students will analyze transformations across multiple function families.,"I can build transformed function rules from parent functions across linear, quadratic, exponential, and absolute value families.",Connect representations; use algebraic structure precisely; model and interpret quantities; justify conclusions with mathematical evidence when the task requires it.,constructed_response,short_response,instructional,40,,,,assessment_plans/original/unit8_assessment_plan/unit8_assessment_plan.html|reference_library/question_structures/section_enrichment.json|reference_library/source_excerpts/section_source_excerpts.json|reference_library/reusable_tables/table_catalog.json|reference_library/reusable_figures/figure_catalog.json|sources/indexes/compact_stage_reference_map.json,
U8-S2-TAR-R01,SPIRAL,Algebra 1,8,8.2,Tarsia,Tarsia,,REVIEW,,,,,,,exponential equation -> graph features,1,Students will analyze transformations across multiple function families.,"I can build transformed function rules from parent functions across linear, quadratic, exponential, and absolute value families.",Connect representations; use algebraic structure precisely; model and interpret quantities; justify conclusions with mathematical evidence when the task requires it.,constructed_response,short_response,instructional,40,,,,assessment_plans/original/unit8_assessment_plan/unit8_assessment_plan.html|reference_library/question_structures/section_enrichment.json|reference_library/source_excerpts/section_source_excerpts.json|reference_library/reusable_tables/table_catalog.json|reference_library/reusable_figures/figure_catalog.json|sources/indexes/compact_stage_reference_map.json,
U8-S2-TAR-R02,SPIRAL,Algebra 1,8,8.2,Tarsia,Tarsia,,REVIEW,,,,,,,exponential equation -> graph features,1,Students will analyze transformations across multiple function families.,"I can build transformed function rules from parent functions across linear, quadratic, exponential, and absolute value families.",Connect representations; use algebraic structure precisely; model and interpret quantities; justify conclusions with mathematical evidence when the task requires it.,constructed_response,short_response,instructional,40,,,,assessment_plans/original/unit8_assessment_plan/unit8_assessment_plan.html|reference_library/question_structures/section_enrichment.json|reference_library/source_excerpts/section_source_excerpts.json|reference_library/reusable_tables/table_catalog.json|reference_library/reusable_figures/figure_catalog.json|sources/indexes/compact_stage_reference_map.json,
U8-S2-TAR-R03,SPIRAL,Algebra 1,8,8.2,Tarsia,Tarsia,,REVIEW,,,,,,,exponential equation -> graph features,1,Students will analyze transformations across multiple function families.,"I can build transformed function rules from parent functions across linear, quadratic, exponential, and absolute value families.",Connect representations; use algebraic structure precisely; model and interpret quantities; justify conclusions with mathematical evidence when the task requires it.,constructed_response,short_response,instructional,40,,,,assessment_plans/original/unit8_assessment_plan/unit8_assessment_plan.html|reference_library/question_structures/section_enrichment.json|reference_library/source_excerpts/section_source_excerpts.json|reference_library/reusable_tables/table_catalog.json|reference_library/reusable_figures/figure_catalog.json|sources/indexes/compact_stage_reference_map.json,
U8-S2-TAR-R04,SPIRAL,Algebra 1,8,8.2,Tarsia,Tarsia,,REVIEW,,,,,,,exponential equation -> graph features,1,Students will analyze transformations across multiple function families.,"I can build transformed function rules from parent functions across linear, quadratic, exponential, and absolute value families.",Connect representations; use algebraic structure precisely; model and interpret quantities; justify conclusions with mathematical evidence when the task requires it.,constructed_response,short_response,instructional,40,,,,assessment_plans/original/unit8_assessment_plan/unit8_assessment_plan.html|reference_library/question_structures/section_enrichment.json|reference_library/source_excerpts/section_source_excerpts.json|reference_library/reusable_tables/table_catalog.json|reference_library/reusable_figures/figure_catalog.json|sources/indexes/compact_stage_reference_map.json,
U8-S2-TAR-R05,SPIRAL,Algebra 1,8,8.2,Tarsia,Tarsia,,REVIEW,,,,,,,exponential equation -> graph features,1,Students will analyze transformations across multiple function families.,"I can build transformed function rules from parent functions across linear, quadratic, exponential, and absolute value families.",Connect representations; use algebraic structure precisely; model and interpret quantities; justify conclusions with mathematical evidence when the task requires it.,constructed_response,short_response,instructional,40,,,,assessment_plans/original/unit8_assessment_plan/unit8_assessment_plan.html|reference_library/question_structures/section_enrichment.json|reference_library/source_excerpts/section_source_excerpts.json|reference_library/reusable_tables/table_catalog.json|reference_library/reusable_figures/figure_catalog.json|sources/indexes/compact_stage_reference_map.json,
U8-S2-TAR-M01,SPIRAL,Algebra 1,8,8.2,Tarsia,Tarsia,,MASTERY,,,,,,,standard quadratic -> complete square -> solutions,1,Students will analyze transformations across multiple function families.,"I can build transformed function rules from parent functions across linear, quadratic, exponential, and absolute value families.",Connect representations; use algebraic structure precisely; model and interpret quantities; justify conclusions with mathematical evidence when the task requires it.,constructed_response,short_response,instructional,40,,,,assessment_plans/original/unit8_assessment_plan/unit8_assessment_plan.html|reference_library/question_structures/section_enrichment.json|reference_library/source_excerpts/section_source_excerpts.json|reference_library/reusable_tables/table_catalog.json|reference_library/reusable_figures/figure_catalog.json|sources/indexes/compact_stage_reference_map.json,
U8-S2-TAR-M02,SPIRAL,Algebra 1,8,8.2,Tarsia,Tarsia,,MASTERY,,,,,,,standard quadratic -> complete square -> solutions,1,Students will analyze transformations across multiple function families.,"I can build transformed function rules from parent functions across linear, quadratic, exponential, and absolute value families.",Connect representations; use algebraic structure precisely; model and interpret quantities; justify conclusions with mathematical evidence when the task requires it.,constructed_response,short_response,instructional,40,,,,assessment_plans/original/unit8_assessment_plan/unit8_assessment_plan.html|reference_library/question_structures/section_enrichment.json|reference_library/source_excerpts/section_source_excerpts.json|reference_library/reusable_tables/table_catalog.json|reference_library/reusable_figures/figure_catalog.json|sources/indexes/compact_stage_reference_map.json,
U8-S2-TAR-M03,SPIRAL,Algebra 1,8,8.2,Tarsia,Tarsia,,MASTERY,,,,,,,standard quadratic -> complete square -> solutions,1,Students will analyze transformations across multiple function families.,"I can build transformed function rules from parent functions across linear, quadratic, exponential, and absolute value families.",Connect representations; use algebraic structure precisely; model and interpret quantities; justify conclusions with mathematical evidence when the task requires it.,constructed_response,short_response,instructional,40,,,,assessment_plans/original/unit8_assessment_plan/unit8_assessment_plan.html|reference_library/question_structures/section_enrichment.json|reference_library/source_excerpts/section_source_excerpts.json|reference_library/reusable_tables/table_catalog.json|reference_library/reusable_figures/figure_catalog.json|sources/indexes/compact_stage_reference_map.json,
U8-S2-TAR-M04,SPIRAL,Algebra 1,8,8.2,Tarsia,Tarsia,,MASTERY,,,,,,,standard quadratic -> complete square -> solutions,1,Students will analyze transformations across multiple function families.,"I can build transformed function rules from parent functions across linear, quadratic, exponential, and absolute value families.",Connect representations; use algebraic structure precisely; model and interpret quantities; justify conclusions with mathematical evidence when the task requires it.,constructed_response,short_response,instructional,40,,,,assessment_plans/original/unit8_assessment_plan/unit8_assessment_plan.html|reference_library/question_structures/section_enrichment.json|reference_library/source_excerpts/section_source_excerpts.json|reference_library/reusable_tables/table_catalog.json|reference_library/reusable_figures/figure_catalog.json|sources/indexes/compact_stage_reference_map.json,
U8-S2-TAR-M05,SPIRAL,Algebra 1,8,8.2,Tarsia,Tarsia,,MASTERY,,,,,,,standard quadratic -> complete square -> solutions,1,Students will analyze transformations across multiple function families.,"I can build transformed function rules from parent functions across linear, quadratic, exponential, and absolute value families.",Connect representations; use algebraic structure precisely; model and interpret quantities; justify conclusions with mathematical evidence when the task requires it.,constructed_response,short_response,instructional,40,,,,assessment_plans/original/unit8_assessment_plan/unit8_assessment_plan.html|reference_library/question_structures/section_enrichment.json|reference_library/source_excerpts/section_source_excerpts.json|reference_library/reusable_tables/table_catalog.json|reference_library/reusable_figures/figure_catalog.json|sources/indexes/compact_stage_reference_map.json,
U8-S3-TAR-I01,SPIRAL,Algebra 1,8,8.3,Tarsia,Tarsia,,INTRO,,,,,,,absolute-value rule -> vertex/output/piecewise behavior,1,Students will analyze and model situations involving absolute value functions.,"I can design an absolute value or piecewise representation for situations with distance, change in direction, or two-part behavior.",Connect representations; use algebraic structure precisely; model and interpret quantities; justify conclusions with mathematical evidence when the task requires it.,constructed_response,short_response,instructional,40,,,,assessment_plans/original/unit8_assessment_plan/unit8_assessment_plan.html|reference_library/question_structures/section_enrichment.json|reference_library/source_excerpts/section_source_excerpts.json|reference_library/reusable_tables/table_catalog.json|reference_library/reusable_figures/figure_catalog.json|sources/indexes/compact_stage_reference_map.json,
U8-S3-TAR-I02,SPIRAL,Algebra 1,8,8.3,Tarsia,Tarsia,,INTRO,,,,,,,absolute-value rule -> vertex/output/piecewise behavior,1,Students will analyze and model situations involving absolute value functions.,"I can design an absolute value or piecewise representation for situations with distance, change in direction, or two-part behavior.",Connect representations; use algebraic structure precisely; model and interpret quantities; justify conclusions with mathematical evidence when the task requires it.,constructed_response,short_response,instructional,40,,,,assessment_plans/original/unit8_assessment_plan/unit8_assessment_plan.html|reference_library/question_structures/section_enrichment.json|reference_library/source_excerpts/section_source_excerpts.json|reference_library/reusable_tables/table_catalog.json|reference_library/reusable_figures/figure_catalog.json|sources/indexes/compact_stage_reference_map.json,
U8-S3-TAR-I03,SPIRAL,Algebra 1,8,8.3,Tarsia,Tarsia,,INTRO,,,,,,,absolute-value rule -> vertex/output/piecewise behavior,1,Students will analyze and model situations involving absolute value functions.,"I can design an absolute value or piecewise representation for situations with distance, change in direction, or two-part behavior.",Connect representations; use algebraic structure precisely; model and interpret quantities; justify conclusions with mathematical evidence when the task requires it.,constructed_response,short_response,instructional,40,,,,assessment_plans/original/unit8_assessment_plan/unit8_assessment_plan.html|reference_library/question_structures/section_enrichment.json|reference_library/source_excerpts/section_source_excerpts.json|reference_library/reusable_tables/table_catalog.json|reference_library/reusable_figures/figure_catalog.json|sources/indexes/compact_stage_reference_map.json,
U8-S3-TAR-I04,SPIRAL,Algebra 1,8,8.3,Tarsia,Tarsia,,INTRO,,,,,,,absolute-value rule -> vertex/output/piecewise behavior,1,Students will analyze and model situations involving absolute value functions.,"I can design an absolute value or piecewise representation for situations with distance, change in direction, or two-part behavior.",Connect representations; use algebraic structure precisely; model and interpret quantities; justify conclusions with mathematical evidence when the task requires it.,constructed_response,short_response,instructional,40,,,,assessment_plans/original/unit8_assessment_plan/unit8_assessment_plan.html|reference_library/question_structures/section_enrichment.json|reference_library/source_excerpts/section_source_excerpts.json|reference_library/reusable_tables/table_catalog.json|reference_library/reusable_figures/figure_catalog.json|sources/indexes/compact_stage_reference_map.json,
U8-S3-TAR-I05,SPIRAL,Algebra 1,8,8.3,Tarsia,Tarsia,,INTRO,,,,,,,absolute-value rule -> vertex/output/piecewise behavior,1,Students will analyze and model situations involving absolute value functions.,"I can design an absolute value or piecewise representation for situations with distance, change in direction, or two-part behavior.",Connect representations; use algebraic structure precisely; model and interpret quantities; justify conclusions with mathematical evidence when the task requires it.,constructed_response,short_response,instructional,40,,,,assessment_plans/original/unit8_assessment_plan/unit8_assessment_plan.html|reference_library/question_structures/section_enrichment.json|reference_library/source_excerpts/section_source_excerpts.json|reference_library/reusable_tables/table_catalog.json|reference_library/reusable_figures/figure_catalog.json|sources/indexes/compact_stage_reference_map.json,
U8-S3-TAR-I06,SPIRAL,Algebra 1,8,8.3,Tarsia,Tarsia,,INTRO,,,,,,,absolute-value rule -> vertex/output/piecewise behavior,1,Students will analyze and model situations involving absolute value functions.,"I can design an absolute value or piecewise representation for situations with distance, change in direction, or two-part behavior.",Connect representations; use algebraic structure precisely; model and interpret quantities; justify conclusions with mathematical evidence when the task requires it.,constructed_response,short_response,instructional,40,,,,assessment_plans/original/unit8_assessment_plan/unit8_assessment_plan.html|reference_library/question_structures/section_enrichment.json|reference_library/source_excerpts/section_source_excerpts.json|reference_library/reusable_tables/table_catalog.json|reference_library/reusable_figures/figure_catalog.json|sources/indexes/compact_stage_reference_map.json,
U8-S3-TAR-I07,SPIRAL,Algebra 1,8,8.3,Tarsia,Tarsia,,INTRO,,,,,,,absolute-value rule -> vertex/output/piecewise behavior,1,Students will analyze and model situations involving absolute value functions.,"I can design an absolute value or piecewise representation for situations with distance, change in direction, or two-part behavior.",Connect representations; use algebraic structure precisely; model and interpret quantities; justify conclusions with mathematical evidence when the task requires it.,constructed_response,short_response,instructional,40,,,,assessment_plans/original/unit8_assessment_plan/unit8_assessment_plan.html|reference_library/question_structures/section_enrichment.json|reference_library/source_excerpts/section_source_excerpts.json|reference_library/reusable_tables/table_catalog.json|reference_library/reusable_figures/figure_catalog.json|sources/indexes/compact_stage_reference_map.json,
U8-S3-TAR-I08,SPIRAL,Algebra 1,8,8.3,Tarsia,Tarsia,,INTRO,,,,,,,absolute-value rule -> vertex/output/piecewise behavior,1,Students will analyze and model situations involving absolute value functions.,"I can design an absolute value or piecewise representation for situations with distance, change in direction, or two-part behavior.",Connect representations; use algebraic structure precisely; model and interpret quantities; justify conclusions with mathematical evidence when the task requires it.,constructed_response,short_response,instructional,40,,,,assessment_plans/original/unit8_assessment_plan/unit8_assessment_plan.html|reference_library/question_structures/section_enrichment.json|reference_library/source_excerpts/section_source_excerpts.json|reference_library/reusable_tables/table_catalog.json|reference_library/reusable_figures/figure_catalog.json|sources/indexes/compact_stage_reference_map.json,
U8-S3-TAR-R01,SPIRAL,Algebra 1,8,8.3,Tarsia,Tarsia,,REVIEW,,,,,,,table pattern -> function family,1,Students will analyze and model situations involving absolute value functions.,"I can design an absolute value or piecewise representation for situations with distance, change in direction, or two-part behavior.",Connect representations; use algebraic structure precisely; model and interpret quantities; justify conclusions with mathematical evidence when the task requires it.,constructed_response,short_response,instructional,40,,,,assessment_plans/original/unit8_assessment_plan/unit8_assessment_plan.html|reference_library/question_structures/section_enrichment.json|reference_library/source_excerpts/section_source_excerpts.json|reference_library/reusable_tables/table_catalog.json|reference_library/reusable_figures/figure_catalog.json|sources/indexes/compact_stage_reference_map.json,
U8-S3-TAR-R02,SPIRAL,Algebra 1,8,8.3,Tarsia,Tarsia,,REVIEW,,,,,,,table pattern -> function family,1,Students will analyze and model situations involving absolute value functions.,"I can design an absolute value or piecewise representation for situations with distance, change in direction, or two-part behavior.",Connect representations; use algebraic structure precisely; model and interpret quantities; justify conclusions with mathematical evidence when the task requires it.,constructed_response,short_response,instructional,40,,,,assessment_plans/original/unit8_assessment_plan/unit8_assessment_plan.html|reference_library/question_structures/section_enrichment.json|reference_library/source_excerpts/section_source_excerpts.json|reference_library/reusable_tables/table_catalog.json|reference_library/reusable_figures/figure_catalog.json|sources/indexes/compact_stage_reference_map.json,
U8-S3-TAR-R03,SPIRAL,Algebra 1,8,8.3,Tarsia,Tarsia,,REVIEW,,,,,,,table pattern -> function family,1,Students will analyze and model situations involving absolute value functions.,"I can design an absolute value or piecewise representation for situations with distance, change in direction, or two-part behavior.",Connect representations; use algebraic structure precisely; model and interpret quantities; justify conclusions with mathematical evidence when the task requires it.,constructed_response,short_response,instructional,40,,,,assessment_plans/original/unit8_assessment_plan/unit8_assessment_plan.html|reference_library/question_structures/section_enrichment.json|reference_library/source_excerpts/section_source_excerpts.json|reference_library/reusable_tables/table_catalog.json|reference_library/reusable_figures/figure_catalog.json|sources/indexes/compact_stage_reference_map.json,
U8-S3-TAR-R04,SPIRAL,Algebra 1,8,8.3,Tarsia,Tarsia,,REVIEW,,,,,,,table pattern -> function family,1,Students will analyze and model situations involving absolute value functions.,"I can design an absolute value or piecewise representation for situations with distance, change in direction, or two-part behavior.",Connect representations; use algebraic structure precisely; model and interpret quantities; justify conclusions with mathematical evidence when the task requires it.,constructed_response,short_response,instructional,40,,,,assessment_plans/original/unit8_assessment_plan/unit8_assessment_plan.html|reference_library/question_structures/section_enrichment.json|reference_library/source_excerpts/section_source_excerpts.json|reference_library/reusable_tables/table_catalog.json|reference_library/reusable_figures/figure_catalog.json|sources/indexes/compact_stage_reference_map.json,
U8-S3-TAR-R05,SPIRAL,Algebra 1,8,8.3,Tarsia,Tarsia,,REVIEW,,,,,,,table pattern -> function family,1,Students will analyze and model situations involving absolute value functions.,"I can design an absolute value or piecewise representation for situations with distance, change in direction, or two-part behavior.",Connect representations; use algebraic structure precisely; model and interpret quantities; justify conclusions with mathematical evidence when the task requires it.,constructed_response,short_response,instructional,40,,,,assessment_plans/original/unit8_assessment_plan/unit8_assessment_plan.html|reference_library/question_structures/section_enrichment.json|reference_library/source_excerpts/section_source_excerpts.json|reference_library/reusable_tables/table_catalog.json|reference_library/reusable_figures/figure_catalog.json|sources/indexes/compact_stage_reference_map.json,
U8-S3-TAR-M01,SPIRAL,Algebra 1,8,8.3,Tarsia,Tarsia,,MASTERY,,,,,,,factored quadratic equation -> zero product solutions,1,Students will analyze and model situations involving absolute value functions.,"I can design an absolute value or piecewise representation for situations with distance, change in direction, or two-part behavior.",Connect representations; use algebraic structure precisely; model and interpret quantities; justify conclusions with mathematical evidence when the task requires it.,constructed_response,short_response,instructional,40,,,,assessment_plans/original/unit8_assessment_plan/unit8_assessment_plan.html|reference_library/question_structures/section_enrichment.json|reference_library/source_excerpts/section_source_excerpts.json|reference_library/reusable_tables/table_catalog.json|reference_library/reusable_figures/figure_catalog.json|sources/indexes/compact_stage_reference_map.json,
U8-S3-TAR-M02,SPIRAL,Algebra 1,8,8.3,Tarsia,Tarsia,,MASTERY,,,,,,,factored quadratic equation -> zero product solutions,1,Students will analyze and model situations involving absolute value functions.,"I can design an absolute value or piecewise representation for situations with distance, change in direction, or two-part behavior.",Connect representations; use algebraic structure precisely; model and interpret quantities; justify conclusions with mathematical evidence when the task requires it.,constructed_response,short_response,instructional,40,,,,assessment_plans/original/unit8_assessment_plan/unit8_assessment_plan.html|reference_library/question_structures/section_enrichment.json|reference_library/source_excerpts/section_source_excerpts.json|reference_library/reusable_tables/table_catalog.json|reference_library/reusable_figures/figure_catalog.json|sources/indexes/compact_stage_reference_map.json,
U8-S3-TAR-M03,SPIRAL,Algebra 1,8,8.3,Tarsia,Tarsia,,MASTERY,,,,,,,factored quadratic equation -> zero product solutions,1,Students will analyze and model situations involving absolute value functions.,"I can design an absolute value or piecewise representation for situations with distance, change in direction, or two-part behavior.",Connect representations; use algebraic structure precisely; model and interpret quantities; justify conclusions with mathematical evidence when the task requires it.,constructed_response,short_response,instructional,40,,,,assessment_plans/original/unit8_assessment_plan/unit8_assessment_plan.html|reference_library/question_structures/section_enrichment.json|reference_library/source_excerpts/section_source_excerpts.json|reference_library/reusable_tables/table_catalog.json|reference_library/reusable_figures/figure_catalog.json|sources/indexes/compact_stage_reference_map.json,
U8-S3-TAR-M04,SPIRAL,Algebra 1,8,8.3,Tarsia,Tarsia,,MASTERY,,,,,,,factored quadratic equation -> zero product solutions,1,Students will analyze and model situations involving absolute value functions.,"I can design an absolute value or piecewise representation for situations with distance, change in direction, or two-part behavior.",Connect representations; use algebraic structure precisely; model and interpret quantities; justify conclusions with mathematical evidence when the task requires it.,constructed_response,short_response,instructional,40,,,,assessment_plans/original/unit8_assessment_plan/unit8_assessment_plan.html|reference_library/question_structures/section_enrichment.json|reference_library/source_excerpts/section_source_excerpts.json|reference_library/reusable_tables/table_catalog.json|reference_library/reusable_figures/figure_catalog.json|sources/indexes/compact_stage_reference_map.json,
U8-S3-TAR-M05,SPIRAL,Algebra 1,8,8.3,Tarsia,Tarsia,,MASTERY,,,,,,,factored quadratic equation -> zero product solutions,1,Students will analyze and model situations involving absolute value functions.,"I can design an absolute value or piecewise representation for situations with distance, change in direction, or two-part behavior.",Connect representations; use algebraic structure precisely; model and interpret quantities; justify conclusions with mathematical evidence when the task requires it.,constructed_response,short_response,instructional,40,,,,assessment_plans/original/unit8_assessment_plan/unit8_assessment_plan.html|reference_library/question_structures/section_enrichment.json|reference_library/source_excerpts/section_source_excerpts.json|reference_library/reusable_tables/table_catalog.json|reference_library/reusable_figures/figure_catalog.json|sources/indexes/compact_stage_reference_map.json,
U8-S4-TAR-I01,SPIRAL,Algebra 1,8,8.4,Tarsia,Tarsia,,INTRO,,,,,,,data -> model family -> equation,1,Students will create and analyze mathematical models using real-world data.,I can formulate a mathematical model from real-world data and state the assumptions used.,Connect representations; use algebraic structure precisely; model and interpret quantities; justify conclusions with mathematical evidence when the task requires it.,constructed_response,short_response,instructional,40,,,,assessment_plans/original/unit8_assessment_plan/unit8_assessment_plan.html|reference_library/question_structures/section_enrichment.json|reference_library/source_excerpts/section_source_excerpts.json|reference_library/reusable_tables/table_catalog.json|reference_library/reusable_figures/figure_catalog.json|sources/indexes/compact_stage_reference_map.json,
U8-S4-TAR-I02,SPIRAL,Algebra 1,8,8.4,Tarsia,Tarsia,,INTRO,,,,,,,data -> model family -> equation,1,Students will create and analyze mathematical models using real-world data.,I can formulate a mathematical model from real-world data and state the assumptions used.,Connect representations; use algebraic structure precisely; model and interpret quantities; justify conclusions with mathematical evidence when the task requires it.,constructed_response,short_response,instructional,40,,,,assessment_plans/original/unit8_assessment_plan/unit8_assessment_plan.html|reference_library/question_structures/section_enrichment.json|reference_library/source_excerpts/section_source_excerpts.json|reference_library/reusable_tables/table_catalog.json|reference_library/reusable_figures/figure_catalog.json|sources/indexes/compact_stage_reference_map.json,
U8-S4-TAR-I03,SPIRAL,Algebra 1,8,8.4,Tarsia,Tarsia,,INTRO,,,,,,,data -> model family -> equation,1,Students will create and analyze mathematical models using real-world data.,I can formulate a mathematical model from real-world data and state the assumptions used.,Connect representations; use algebraic structure precisely; model and interpret quantities; justify conclusions with mathematical evidence when the task requires it.,constructed_response,short_response,instructional,40,,,,assessment_plans/original/unit8_assessment_plan/unit8_assessment_plan.html|reference_library/question_structures/section_enrichment.json|reference_library/source_excerpts/section_source_excerpts.json|reference_library/reusable_tables/table_catalog.json|reference_library/reusable_figures/figure_catalog.json|sources/indexes/compact_stage_reference_map.json,
U8-S4-TAR-I04,SPIRAL,Algebra 1,8,8.4,Tarsia,Tarsia,,INTRO,,,,,,,data -> model family -> equation,1,Students will create and analyze mathematical models using real-world data.,I can formulate a mathematical model from real-world data and state the assumptions used.,Connect representations; use algebraic structure precisely; model and interpret quantities; justify conclusions with mathematical evidence when the task requires it.,constructed_response,short_response,instructional,40,,,,assessment_plans/original/unit8_assessment_plan/unit8_assessment_plan.html|reference_library/question_structures/section_enrichment.json|reference_library/source_excerpts/section_source_excerpts.json|reference_library/reusable_tables/table_catalog.json|reference_library/reusable_figures/figure_catalog.json|sources/indexes/compact_stage_reference_map.json,
U8-S4-TAR-I05,SPIRAL,Algebra 1,8,8.4,Tarsia,Tarsia,,INTRO,,,,,,,data -> model family -> equation,1,Students will create and analyze mathematical models using real-world data.,I can formulate a mathematical model from real-world data and state the assumptions used.,Connect representations; use algebraic structure precisely; model and interpret quantities; justify conclusions with mathematical evidence when the task requires it.,constructed_response,short_response,instructional,40,,,,assessment_plans/original/unit8_assessment_plan/unit8_assessment_plan.html|reference_library/question_structures/section_enrichment.json|reference_library/source_excerpts/section_source_excerpts.json|reference_library/reusable_tables/table_catalog.json|reference_library/reusable_figures/figure_catalog.json|sources/indexes/compact_stage_reference_map.json,
U8-S4-TAR-I06,SPIRAL,Algebra 1,8,8.4,Tarsia,Tarsia,,INTRO,,,,,,,data -> model family -> equation,1,Students will create and analyze mathematical models using real-world data.,I can formulate a mathematical model from real-world data and state the assumptions used.,Connect representations; use algebraic structure precisely; model and interpret quantities; justify conclusions with mathematical evidence when the task requires it.,constructed_response,short_response,instructional,40,,,,assessment_plans/original/unit8_assessment_plan/unit8_assessment_plan.html|reference_library/question_structures/section_enrichment.json|reference_library/source_excerpts/section_source_excerpts.json|reference_library/reusable_tables/table_catalog.json|reference_library/reusable_figures/figure_catalog.json|sources/indexes/compact_stage_reference_map.json,
U8-S4-TAR-I07,SPIRAL,Algebra 1,8,8.4,Tarsia,Tarsia,,INTRO,,,,,,,data -> model family -> equation,1,Students will create and analyze mathematical models using real-world data.,I can formulate a mathematical model from real-world data and state the assumptions used.,Connect representations; use algebraic structure precisely; model and interpret quantities; justify conclusions with mathematical evidence when the task requires it.,constructed_response,short_response,instructional,40,,,,assessment_plans/original/unit8_assessment_plan/unit8_assessment_plan.html|reference_library/question_structures/section_enrichment.json|reference_library/source_excerpts/section_source_excerpts.json|reference_library/reusable_tables/table_catalog.json|reference_library/reusable_figures/figure_catalog.json|sources/indexes/compact_stage_reference_map.json,
U8-S4-TAR-I08,SPIRAL,Algebra 1,8,8.4,Tarsia,Tarsia,,INTRO,,,,,,,data -> model family -> equation,1,Students will create and analyze mathematical models using real-world data.,I can formulate a mathematical model from real-world data and state the assumptions used.,Connect representations; use algebraic structure precisely; model and interpret quantities; justify conclusions with mathematical evidence when the task requires it.,constructed_response,short_response,instructional,40,,,,assessment_plans/original/unit8_assessment_plan/unit8_assessment_plan.html|reference_library/question_structures/section_enrichment.json|reference_library/source_excerpts/section_source_excerpts.json|reference_library/reusable_tables/table_catalog.json|reference_library/reusable_figures/figure_catalog.json|sources/indexes/compact_stage_reference_map.json,
U8-S4-TAR-R01,SPIRAL,Algebra 1,8,8.4,Tarsia,Tarsia,,REVIEW,,,,,,,exponential model -> parameter interpretation/prediction,1,Students will create and analyze mathematical models using real-world data.,I can formulate a mathematical model from real-world data and state the assumptions used.,Connect representations; use algebraic structure precisely; model and interpret quantities; justify conclusions with mathematical evidence when the task requires it.,constructed_response,short_response,instructional,40,,,,assessment_plans/original/unit8_assessment_plan/unit8_assessment_plan.html|reference_library/question_structures/section_enrichment.json|reference_library/source_excerpts/section_source_excerpts.json|reference_library/reusable_tables/table_catalog.json|reference_library/reusable_figures/figure_catalog.json|sources/indexes/compact_stage_reference_map.json,
U8-S4-TAR-R02,SPIRAL,Algebra 1,8,8.4,Tarsia,Tarsia,,REVIEW,,,,,,,exponential model -> parameter interpretation/prediction,1,Students will create and analyze mathematical models using real-world data.,I can formulate a mathematical model from real-world data and state the assumptions used.,Connect representations; use algebraic structure precisely; model and interpret quantities; justify conclusions with mathematical evidence when the task requires it.,constructed_response,short_response,instructional,40,,,,assessment_plans/original/unit8_assessment_plan/unit8_assessment_plan.html|reference_library/question_structures/section_enrichment.json|reference_library/source_excerpts/section_source_excerpts.json|reference_library/reusable_tables/table_catalog.json|reference_library/reusable_figures/figure_catalog.json|sources/indexes/compact_stage_reference_map.json,
U8-S4-TAR-R03,SPIRAL,Algebra 1,8,8.4,Tarsia,Tarsia,,REVIEW,,,,,,,exponential model -> parameter interpretation/prediction,1,Students will create and analyze mathematical models using real-world data.,I can formulate a mathematical model from real-world data and state the assumptions used.,Connect representations; use algebraic structure precisely; model and interpret quantities; justify conclusions with mathematical evidence when the task requires it.,constructed_response,short_response,instructional,40,,,,assessment_plans/original/unit8_assessment_plan/unit8_assessment_plan.html|reference_library/question_structures/section_enrichment.json|reference_library/source_excerpts/section_source_excerpts.json|reference_library/reusable_tables/table_catalog.json|reference_library/reusable_figures/figure_catalog.json|sources/indexes/compact_stage_reference_map.json,
U8-S4-TAR-R04,SPIRAL,Algebra 1,8,8.4,Tarsia,Tarsia,,REVIEW,,,,,,,exponential model -> parameter interpretation/prediction,1,Students will create and analyze mathematical models using real-world data.,I can formulate a mathematical model from real-world data and state the assumptions used.,Connect representations; use algebraic structure precisely; model and interpret quantities; justify conclusions with mathematical evidence when the task requires it.,constructed_response,short_response,instructional,40,,,,assessment_plans/original/unit8_assessment_plan/unit8_assessment_plan.html|reference_library/question_structures/section_enrichment.json|reference_library/source_excerpts/section_source_excerpts.json|reference_library/reusable_tables/table_catalog.json|reference_library/reusable_figures/figure_catalog.json|sources/indexes/compact_stage_reference_map.json,
U8-S4-TAR-R05,SPIRAL,Algebra 1,8,8.4,Tarsia,Tarsia,,REVIEW,,,,,,,exponential model -> parameter interpretation/prediction,1,Students will create and analyze mathematical models using real-world data.,I can formulate a mathematical model from real-world data and state the assumptions used.,Connect representations; use algebraic structure precisely; model and interpret quantities; justify conclusions with mathematical evidence when the task requires it.,constructed_response,short_response,instructional,40,,,,assessment_plans/original/unit8_assessment_plan/unit8_assessment_plan.html|reference_library/question_structures/section_enrichment.json|reference_library/source_excerpts/section_source_excerpts.json|reference_library/reusable_tables/table_catalog.json|reference_library/reusable_figures/figure_catalog.json|sources/indexes/compact_stage_reference_map.json,
U8-S4-TAR-M01,SPIRAL,Algebra 1,8,8.4,Tarsia,Tarsia,,MASTERY,,,,,,,vertex-form model -> maximum and prediction,1,Students will create and analyze mathematical models using real-world data.,I can formulate a mathematical model from real-world data and state the assumptions used.,Connect representations; use algebraic structure precisely; model and interpret quantities; justify conclusions with mathematical evidence when the task requires it.,constructed_response,short_response,instructional,40,,,,assessment_plans/original/unit8_assessment_plan/unit8_assessment_plan.html|reference_library/question_structures/section_enrichment.json|reference_library/source_excerpts/section_source_excerpts.json|reference_library/reusable_tables/table_catalog.json|reference_library/reusable_figures/figure_catalog.json|sources/indexes/compact_stage_reference_map.json,
U8-S4-TAR-M02,SPIRAL,Algebra 1,8,8.4,Tarsia,Tarsia,,MASTERY,,,,,,,vertex-form model -> maximum and prediction,1,Students will create and analyze mathematical models using real-world data.,I can formulate a mathematical model from real-world data and state the assumptions used.,Connect representations; use algebraic structure precisely; model and interpret quantities; justify conclusions with mathematical evidence when the task requires it.,constructed_response,short_response,instructional,40,,,,assessment_plans/original/unit8_assessment_plan/unit8_assessment_plan.html|reference_library/question_structures/section_enrichment.json|reference_library/source_excerpts/section_source_excerpts.json|reference_library/reusable_tables/table_catalog.json|reference_library/reusable_figures/figure_catalog.json|sources/indexes/compact_stage_reference_map.json,
U8-S4-TAR-M03,SPIRAL,Algebra 1,8,8.4,Tarsia,Tarsia,,MASTERY,,,,,,,vertex-form model -> maximum and prediction,1,Students will create and analyze mathematical models using real-world data.,I can formulate a mathematical model from real-world data and state the assumptions used.,Connect representations; use algebraic structure precisely; model and interpret quantities; justify conclusions with mathematical evidence when the task requires it.,constructed_response,short_response,instructional,40,,,,assessment_plans/original/unit8_assessment_plan/unit8_assessment_plan.html|reference_library/question_structures/section_enrichment.json|reference_library/source_excerpts/section_source_excerpts.json|reference_library/reusable_tables/table_catalog.json|reference_library/reusable_figures/figure_catalog.json|sources/indexes/compact_stage_reference_map.json,
U8-S4-TAR-M04,SPIRAL,Algebra 1,8,8.4,Tarsia,Tarsia,,MASTERY,,,,,,,vertex-form model -> maximum and prediction,1,Students will create and analyze mathematical models using real-world data.,I can formulate a mathematical model from real-world data and state the assumptions used.,Connect representations; use algebraic structure precisely; model and interpret quantities; justify conclusions with mathematical evidence when the task requires it.,constructed_response,short_response,instructional,40,,,,assessment_plans/original/unit8_assessment_plan/unit8_assessment_plan.html|reference_library/question_structures/section_enrichment.json|reference_library/source_excerpts/section_source_excerpts.json|reference_library/reusable_tables/table_catalog.json|reference_library/reusable_figures/figure_catalog.json|sources/indexes/compact_stage_reference_map.json,
U8-S4-TAR-M05,SPIRAL,Algebra 1,8,8.4,Tarsia,Tarsia,,MASTERY,,,,,,,vertex-form model -> maximum and prediction,1,Students will create and analyze mathematical models using real-world data.,I can formulate a mathematical model from real-world data and state the assumptions used.,Connect representations; use algebraic structure precisely; model and interpret quantities; justify conclusions with mathematical evidence when the task requires it.,constructed_response,short_response,instructional,40,,,,assessment_plans/original/unit8_assessment_plan/unit8_assessment_plan.html|reference_library/question_structures/section_enrichment.json|reference_library/source_excerpts/section_source_excerpts.json|reference_library/reusable_tables/table_catalog.json|reference_library/reusable_figures/figure_catalog.json|sources/indexes/compact_stage_reference_map.json,
U8-S5-TAR-I01,SPIRAL,Algebra 1,8,8.5,Tarsia,Tarsia,,INTRO,,,,,,,data -> model family -> equation,1,Students will synthesize understanding of function families and representations to solve complex problems.,"I can construct a solution pathway that connects equations, graphs, tables, and contexts across function families.",Connect representations; use algebraic structure precisely; model and interpret quantities; justify conclusions with mathematical evidence when the task requires it.,constructed_response,short_response,instructional,40,,,,assessment_plans/original/unit8_assessment_plan/unit8_assessment_plan.html|reference_library/question_structures/section_enrichment.json|reference_library/source_excerpts/section_source_excerpts.json|reference_library/reusable_tables/table_catalog.json|reference_library/reusable_figures/figure_catalog.json|sources/indexes/compact_stage_reference_map.json,
U8-S5-TAR-I02,SPIRAL,Algebra 1,8,8.5,Tarsia,Tarsia,,INTRO,,,,,,,data -> model family -> equation,1,Students will synthesize understanding of function families and representations to solve complex problems.,"I can construct a solution pathway that connects equations, graphs, tables, and contexts across function families.",Connect representations; use algebraic structure precisely; model and interpret quantities; justify conclusions with mathematical evidence when the task requires it.,constructed_response,short_response,instructional,40,,,,assessment_plans/original/unit8_assessment_plan/unit8_assessment_plan.html|reference_library/question_structures/section_enrichment.json|reference_library/source_excerpts/section_source_excerpts.json|reference_library/reusable_tables/table_catalog.json|reference_library/reusable_figures/figure_catalog.json|sources/indexes/compact_stage_reference_map.json,
U8-S5-TAR-I03,SPIRAL,Algebra 1,8,8.5,Tarsia,Tarsia,,INTRO,,,,,,,data -> model family -> equation,1,Students will synthesize understanding of function families and representations to solve complex problems.,"I can construct a solution pathway that connects equations, graphs, tables, and contexts across function families.",Connect representations; use algebraic structure precisely; model and interpret quantities; justify conclusions with mathematical evidence when the task requires it.,constructed_response,short_response,instructional,40,,,,assessment_plans/original/unit8_assessment_plan/unit8_assessment_plan.html|reference_library/question_structures/section_enrichment.json|reference_library/source_excerpts/section_source_excerpts.json|reference_library/reusable_tables/table_catalog.json|reference_library/reusable_figures/figure_catalog.json|sources/indexes/compact_stage_reference_map.json,
U8-S5-TAR-I04,SPIRAL,Algebra 1,8,8.5,Tarsia,Tarsia,,INTRO,,,,,,,data -> model family -> equation,1,Students will synthesize understanding of function families and representations to solve complex problems.,"I can construct a solution pathway that connects equations, graphs, tables, and contexts across function families.",Connect representations; use algebraic structure precisely; model and interpret quantities; justify conclusions with mathematical evidence when the task requires it.,constructed_response,short_response,instructional,40,,,,assessment_plans/original/unit8_assessment_plan/unit8_assessment_plan.html|reference_library/question_structures/section_enrichment.json|reference_library/source_excerpts/section_source_excerpts.json|reference_library/reusable_tables/table_catalog.json|reference_library/reusable_figures/figure_catalog.json|sources/indexes/compact_stage_reference_map.json,
U8-S5-TAR-I05,SPIRAL,Algebra 1,8,8.5,Tarsia,Tarsia,,INTRO,,,,,,,data -> model family -> equation,1,Students will synthesize understanding of function families and representations to solve complex problems.,"I can construct a solution pathway that connects equations, graphs, tables, and contexts across function families.",Connect representations; use algebraic structure precisely; model and interpret quantities; justify conclusions with mathematical evidence when the task requires it.,constructed_response,short_response,instructional,40,,,,assessment_plans/original/unit8_assessment_plan/unit8_assessment_plan.html|reference_library/question_structures/section_enrichment.json|reference_library/source_excerpts/section_source_excerpts.json|reference_library/reusable_tables/table_catalog.json|reference_library/reusable_figures/figure_catalog.json|sources/indexes/compact_stage_reference_map.json,
U8-S5-TAR-I06,SPIRAL,Algebra 1,8,8.5,Tarsia,Tarsia,,INTRO,,,,,,,data -> model family -> equation,1,Students will synthesize understanding of function families and representations to solve complex problems.,"I can construct a solution pathway that connects equations, graphs, tables, and contexts across function families.",Connect representations; use algebraic structure precisely; model and interpret quantities; justify conclusions with mathematical evidence when the task requires it.,constructed_response,short_response,instructional,40,,,,assessment_plans/original/unit8_assessment_plan/unit8_assessment_plan.html|reference_library/question_structures/section_enrichment.json|reference_library/source_excerpts/section_source_excerpts.json|reference_library/reusable_tables/table_catalog.json|reference_library/reusable_figures/figure_catalog.json|sources/indexes/compact_stage_reference_map.json,
U8-S5-TAR-I07,SPIRAL,Algebra 1,8,8.5,Tarsia,Tarsia,,INTRO,,,,,,,data -> model family -> equation,1,Students will synthesize understanding of function families and representations to solve complex problems.,"I can construct a solution pathway that connects equations, graphs, tables, and contexts across function families.",Connect representations; use algebraic structure precisely; model and interpret quantities; justify conclusions with mathematical evidence when the task requires it.,constructed_response,short_response,instructional,40,,,,assessment_plans/original/unit8_assessment_plan/unit8_assessment_plan.html|reference_library/question_structures/section_enrichment.json|reference_library/source_excerpts/section_source_excerpts.json|reference_library/reusable_tables/table_catalog.json|reference_library/reusable_figures/figure_catalog.json|sources/indexes/compact_stage_reference_map.json,
U8-S5-TAR-I08,SPIRAL,Algebra 1,8,8.5,Tarsia,Tarsia,,INTRO,,,,,,,data -> model family -> equation,1,Students will synthesize understanding of function families and representations to solve complex problems.,"I can construct a solution pathway that connects equations, graphs, tables, and contexts across function families.",Connect representations; use algebraic structure precisely; model and interpret quantities; justify conclusions with mathematical evidence when the task requires it.,constructed_response,short_response,instructional,40,,,,assessment_plans/original/unit8_assessment_plan/unit8_assessment_plan.html|reference_library/question_structures/section_enrichment.json|reference_library/source_excerpts/section_source_excerpts.json|reference_library/reusable_tables/table_catalog.json|reference_library/reusable_figures/figure_catalog.json|sources/indexes/compact_stage_reference_map.json,
U8-S5-TAR-R01,SPIRAL,Algebra 1,8,8.5,Tarsia,Tarsia,,REVIEW,,,,,,,initial value + factor -> exponential equation/prediction,1,Students will synthesize understanding of function families and representations to solve complex problems.,"I can construct a solution pathway that connects equations, graphs, tables, and contexts across function families.",Connect representations; use algebraic structure precisely; model and interpret quantities; justify conclusions with mathematical evidence when the task requires it.,constructed_response,short_response,instructional,40,,,,assessment_plans/original/unit8_assessment_plan/unit8_assessment_plan.html|reference_library/question_structures/section_enrichment.json|reference_library/source_excerpts/section_source_excerpts.json|reference_library/reusable_tables/table_catalog.json|reference_library/reusable_figures/figure_catalog.json|sources/indexes/compact_stage_reference_map.json,
U8-S5-TAR-R02,SPIRAL,Algebra 1,8,8.5,Tarsia,Tarsia,,REVIEW,,,,,,,initial value + factor -> exponential equation/prediction,1,Students will synthesize understanding of function families and representations to solve complex problems.,"I can construct a solution pathway that connects equations, graphs, tables, and contexts across function families.",Connect representations; use algebraic structure precisely; model and interpret quantities; justify conclusions with mathematical evidence when the task requires it.,constructed_response,short_response,instructional,40,,,,assessment_plans/original/unit8_assessment_plan/unit8_assessment_plan.html|reference_library/question_structures/section_enrichment.json|reference_library/source_excerpts/section_source_excerpts.json|reference_library/reusable_tables/table_catalog.json|reference_library/reusable_figures/figure_catalog.json|sources/indexes/compact_stage_reference_map.json,
U8-S5-TAR-R03,SPIRAL,Algebra 1,8,8.5,Tarsia,Tarsia,,REVIEW,,,,,,,initial value + factor -> exponential equation/prediction,1,Students will synthesize understanding of function families and representations to solve complex problems.,"I can construct a solution pathway that connects equations, graphs, tables, and contexts across function families.",Connect representations; use algebraic structure precisely; model and interpret quantities; justify conclusions with mathematical evidence when the task requires it.,constructed_response,short_response,instructional,40,,,,assessment_plans/original/unit8_assessment_plan/unit8_assessment_plan.html|reference_library/question_structures/section_enrichment.json|reference_library/source_excerpts/section_source_excerpts.json|reference_library/reusable_tables/table_catalog.json|reference_library/reusable_figures/figure_catalog.json|sources/indexes/compact_stage_reference_map.json,
U8-S5-TAR-R04,SPIRAL,Algebra 1,8,8.5,Tarsia,Tarsia,,REVIEW,,,,,,,initial value + factor -> exponential equation/prediction,1,Students will synthesize understanding of function families and representations to solve complex problems.,"I can construct a solution pathway that connects equations, graphs, tables, and contexts across function families.",Connect representations; use algebraic structure precisely; model and interpret quantities; justify conclusions with mathematical evidence when the task requires it.,constructed_response,short_response,instructional,40,,,,assessment_plans/original/unit8_assessment_plan/unit8_assessment_plan.html|reference_library/question_structures/section_enrichment.json|reference_library/source_excerpts/section_source_excerpts.json|reference_library/reusable_tables/table_catalog.json|reference_library/reusable_figures/figure_catalog.json|sources/indexes/compact_stage_reference_map.json,
U8-S5-TAR-R05,SPIRAL,Algebra 1,8,8.5,Tarsia,Tarsia,,REVIEW,,,,,,,initial value + factor -> exponential equation/prediction,1,Students will synthesize understanding of function families and representations to solve complex problems.,"I can construct a solution pathway that connects equations, graphs, tables, and contexts across function families.",Connect representations; use algebraic structure precisely; model and interpret quantities; justify conclusions with mathematical evidence when the task requires it.,constructed_response,short_response,instructional,40,,,,assessment_plans/original/unit8_assessment_plan/unit8_assessment_plan.html|reference_library/question_structures/section_enrichment.json|reference_library/source_excerpts/section_source_excerpts.json|reference_library/reusable_tables/table_catalog.json|reference_library/reusable_figures/figure_catalog.json|sources/indexes/compact_stage_reference_map.json,
U8-S5-TAR-M01,SPIRAL,Algebra 1,8,8.5,Tarsia,Tarsia,,MASTERY,,,,,,,quadratic coefficients -> discriminant -> solution type,1,Students will synthesize understanding of function families and representations to solve complex problems.,"I can construct a solution pathway that connects equations, graphs, tables, and contexts across function families.",Connect representations; use algebraic structure precisely; model and interpret quantities; justify conclusions with mathematical evidence when the task requires it.,constructed_response,short_response,instructional,40,,,,assessment_plans/original/unit8_assessment_plan/unit8_assessment_plan.html|reference_library/question_structures/section_enrichment.json|reference_library/source_excerpts/section_source_excerpts.json|reference_library/reusable_tables/table_catalog.json|reference_library/reusable_figures/figure_catalog.json|sources/indexes/compact_stage_reference_map.json,
U8-S5-TAR-M02,SPIRAL,Algebra 1,8,8.5,Tarsia,Tarsia,,MASTERY,,,,,,,quadratic coefficients -> discriminant -> solution type,1,Students will synthesize understanding of function families and representations to solve complex problems.,"I can construct a solution pathway that connects equations, graphs, tables, and contexts across function families.",Connect representations; use algebraic structure precisely; model and interpret quantities; justify conclusions with mathematical evidence when the task requires it.,constructed_response,short_response,instructional,40,,,,assessment_plans/original/unit8_assessment_plan/unit8_assessment_plan.html|reference_library/question_structures/section_enrichment.json|reference_library/source_excerpts/section_source_excerpts.json|reference_library/reusable_tables/table_catalog.json|reference_library/reusable_figures/figure_catalog.json|sources/indexes/compact_stage_reference_map.json,
U8-S5-TAR-M03,SPIRAL,Algebra 1,8,8.5,Tarsia,Tarsia,,MASTERY,,,,,,,quadratic coefficients -> discriminant -> solution type,1,Students will synthesize understanding of function families and representations to solve complex problems.,"I can construct a solution pathway that connects equations, graphs, tables, and contexts across function families.",Connect representations; use algebraic structure precisely; model and interpret quantities; justify conclusions with mathematical evidence when the task requires it.,constructed_response,short_response,instructional,40,,,,assessment_plans/original/unit8_assessment_plan/unit8_assessment_plan.html|reference_library/question_structures/section_enrichment.json|reference_library/source_excerpts/section_source_excerpts.json|reference_library/reusable_tables/table_catalog.json|reference_library/reusable_figures/figure_catalog.json|sources/indexes/compact_stage_reference_map.json,
U8-S5-TAR-M04,SPIRAL,Algebra 1,8,8.5,Tarsia,Tarsia,,MASTERY,,,,,,,quadratic coefficients -> discriminant -> solution type,1,Students will synthesize understanding of function families and representations to solve complex problems.,"I can construct a solution pathway that connects equations, graphs, tables, and contexts across function families.",Connect representations; use algebraic structure precisely; model and interpret quantities; justify conclusions with mathematical evidence when the task requires it.,constructed_response,short_response,instructional,40,,,,assessment_plans/original/unit8_assessment_plan/unit8_assessment_plan.html|reference_library/question_structures/section_enrichment.json|reference_library/source_excerpts/section_source_excerpts.json|reference_library/reusable_tables/table_catalog.json|reference_library/reusable_figures/figure_catalog.json|sources/indexes/compact_stage_reference_map.json,
U8-S5-TAR-M05,SPIRAL,Algebra 1,8,8.5,Tarsia,Tarsia,,MASTERY,,,,,,,quadratic coefficients -> discriminant -> solution type,1,Students will synthesize understanding of function families and representations to solve complex problems.,"I can construct a solution pathway that connects equations, graphs, tables, and contexts across function families.",Connect representations; use algebraic structure precisely; model and interpret quantities; justify conclusions with mathematical evidence when the task requires it.,constructed_response,short_response,instructional,40,,,,assessment_plans/original/unit8_assessment_plan/unit8_assessment_plan.html|reference_library/question_structures/section_enrichment.json|reference_library/source_excerpts/section_source_excerpts.json|reference_library/reusable_tables/table_catalog.json|reference_library/reusable_figures/figure_catalog.json|sources/indexes/compact_stage_reference_map.json,
U8-S1-BLK-I01,SPIRAL,Algebra 1,8,8.1,Blooket,Blooket,,INTRO,,,,,,,table pattern -> function family,1,"Students will determine whether a situation is best modeled by a linear, quadratic, or exponential function.","I can construct evidence from tables, graphs, and contexts to choose a linear, quadratic, or exponential model.",Connect representations; use algebraic structure precisely; model and interpret quantities; justify conclusions with mathematical evidence when the task requires it.,multiple_choice,selected_response,instructional,45,,,,assessment_plans/original/unit8_assessment_plan/unit8_assessment_plan.html|reference_library/question_structures/section_enrichment.json|reference_library/source_excerpts/section_source_excerpts.json|reference_library/reusable_tables/table_catalog.json|reference_library/reusable_figures/figure_catalog.json|sources/indexes/compact_stage_reference_map.json,
U8-S1-BLK-I02,SPIRAL,Algebra 1,8,8.1,Blooket,Blooket,,INTRO,,,,,,,table pattern -> function family,1,"Students will determine whether a situation is best modeled by a linear, quadratic, or exponential function.","I can construct evidence from tables, graphs, and contexts to choose a linear, quadratic, or exponential model.",Connect representations; use algebraic structure precisely; model and interpret quantities; justify conclusions with mathematical evidence when the task requires it.,multiple_choice,selected_response,instructional,45,,,,assessment_plans/original/unit8_assessment_plan/unit8_assessment_plan.html|reference_library/question_structures/section_enrichment.json|reference_library/source_excerpts/section_source_excerpts.json|reference_library/reusable_tables/table_catalog.json|reference_library/reusable_figures/figure_catalog.json|sources/indexes/compact_stage_reference_map.json,
U8-S1-BLK-I03,SPIRAL,Algebra 1,8,8.1,Blooket,Blooket,,INTRO,,,,,,,table pattern -> function family,2,"Students will determine whether a situation is best modeled by a linear, quadratic, or exponential function.","I can construct evidence from tables, graphs, and contexts to choose a linear, quadratic, or exponential model.",Connect representations; use algebraic structure precisely; model and interpret quantities; justify conclusions with mathematical evidence when the task requires it.,multiple_choice,selected_response,instructional,45,,,,assessment_plans/original/unit8_assessment_plan/unit8_assessment_plan.html|reference_library/question_structures/section_enrichment.json|reference_library/source_excerpts/section_source_excerpts.json|reference_library/reusable_tables/table_catalog.json|reference_library/reusable_figures/figure_catalog.json|sources/indexes/compact_stage_reference_map.json,
U8-S1-BLK-I04,SPIRAL,Algebra 1,8,8.1,Blooket,Blooket,,INTRO,,,,,,,table pattern -> function family,1,"Students will determine whether a situation is best modeled by a linear, quadratic, or exponential function.","I can construct evidence from tables, graphs, and contexts to choose a linear, quadratic, or exponential model.",Connect representations; use algebraic structure precisely; model and interpret quantities; justify conclusions with mathematical evidence when the task requires it.,multiple_choice,selected_response,instructional,45,,,,assessment_plans/original/unit8_assessment_plan/unit8_assessment_plan.html|reference_library/question_structures/section_enrichment.json|reference_library/source_excerpts/section_source_excerpts.json|reference_library/reusable_tables/table_catalog.json|reference_library/reusable_figures/figure_catalog.json|sources/indexes/compact_stage_reference_map.json,
U8-S1-BLK-I05,SPIRAL,Algebra 1,8,8.1,Blooket,Blooket,,INTRO,,,,,,,table pattern -> function family,1,"Students will determine whether a situation is best modeled by a linear, quadratic, or exponential function.","I can construct evidence from tables, graphs, and contexts to choose a linear, quadratic, or exponential model.",Connect representations; use algebraic structure precisely; model and interpret quantities; justify conclusions with mathematical evidence when the task requires it.,multiple_choice,selected_response,instructional,45,,,,assessment_plans/original/unit8_assessment_plan/unit8_assessment_plan.html|reference_library/question_structures/section_enrichment.json|reference_library/source_excerpts/section_source_excerpts.json|reference_library/reusable_tables/table_catalog.json|reference_library/reusable_figures/figure_catalog.json|sources/indexes/compact_stage_reference_map.json,
U8-S1-BLK-I06,SPIRAL,Algebra 1,8,8.1,Blooket,Blooket,,INTRO,,,,,,,table pattern -> function family,2,"Students will determine whether a situation is best modeled by a linear, quadratic, or exponential function.","I can construct evidence from tables, graphs, and contexts to choose a linear, quadratic, or exponential model.",Connect representations; use algebraic structure precisely; model and interpret quantities; justify conclusions with mathematical evidence when the task requires it.,multiple_choice,selected_response,instructional,45,,,,assessment_plans/original/unit8_assessment_plan/unit8_assessment_plan.html|reference_library/question_structures/section_enrichment.json|reference_library/source_excerpts/section_source_excerpts.json|reference_library/reusable_tables/table_catalog.json|reference_library/reusable_figures/figure_catalog.json|sources/indexes/compact_stage_reference_map.json,
U8-S1-BLK-I07,SPIRAL,Algebra 1,8,8.1,Blooket,Blooket,,INTRO,,,,,,,table pattern -> function family,1,"Students will determine whether a situation is best modeled by a linear, quadratic, or exponential function.","I can construct evidence from tables, graphs, and contexts to choose a linear, quadratic, or exponential model.",Connect representations; use algebraic structure precisely; model and interpret quantities; justify conclusions with mathematical evidence when the task requires it.,multiple_choice,selected_response,instructional,45,,,,assessment_plans/original/unit8_assessment_plan/unit8_assessment_plan.html|reference_library/question_structures/section_enrichment.json|reference_library/source_excerpts/section_source_excerpts.json|reference_library/reusable_tables/table_catalog.json|reference_library/reusable_figures/figure_catalog.json|sources/indexes/compact_stage_reference_map.json,
U8-S1-BLK-I08,SPIRAL,Algebra 1,8,8.1,Blooket,Blooket,,INTRO,,,,,,,table pattern -> function family,1,"Students will determine whether a situation is best modeled by a linear, quadratic, or exponential function.","I can construct evidence from tables, graphs, and contexts to choose a linear, quadratic, or exponential model.",Connect representations; use algebraic structure precisely; model and interpret quantities; justify conclusions with mathematical evidence when the task requires it.,multiple_choice,selected_response,instructional,45,,,,assessment_plans/original/unit8_assessment_plan/unit8_assessment_plan.html|reference_library/question_structures/section_enrichment.json|reference_library/source_excerpts/section_source_excerpts.json|reference_library/reusable_tables/table_catalog.json|reference_library/reusable_figures/figure_catalog.json|sources/indexes/compact_stage_reference_map.json,
U8-S1-BLK-I09,SPIRAL,Algebra 1,8,8.1,Blooket,Blooket,,INTRO,,,,,,,table pattern -> function family,2,"Students will determine whether a situation is best modeled by a linear, quadratic, or exponential function.","I can construct evidence from tables, graphs, and contexts to choose a linear, quadratic, or exponential model.",Connect representations; use algebraic structure precisely; model and interpret quantities; justify conclusions with mathematical evidence when the task requires it.,multiple_choice,selected_response,instructional,45,,,,assessment_plans/original/unit8_assessment_plan/unit8_assessment_plan.html|reference_library/question_structures/section_enrichment.json|reference_library/source_excerpts/section_source_excerpts.json|reference_library/reusable_tables/table_catalog.json|reference_library/reusable_figures/figure_catalog.json|sources/indexes/compact_stage_reference_map.json,
U8-S1-BLK-I10,SPIRAL,Algebra 1,8,8.1,Blooket,Blooket,,INTRO,,,,,,,table pattern -> function family,1,"Students will determine whether a situation is best modeled by a linear, quadratic, or exponential function.","I can construct evidence from tables, graphs, and contexts to choose a linear, quadratic, or exponential model.",Connect representations; use algebraic structure precisely; model and interpret quantities; justify conclusions with mathematical evidence when the task requires it.,multiple_choice,selected_response,instructional,45,,,,assessment_plans/original/unit8_assessment_plan/unit8_assessment_plan.html|reference_library/question_structures/section_enrichment.json|reference_library/source_excerpts/section_source_excerpts.json|reference_library/reusable_tables/table_catalog.json|reference_library/reusable_figures/figure_catalog.json|sources/indexes/compact_stage_reference_map.json,
U8-S1-BLK-R01,SPIRAL,Algebra 1,8,8.1,Blooket,Blooket,,REVIEW,,,,,,,table pattern -> function family,1,"Students will determine whether a situation is best modeled by a linear, quadratic, or exponential function.","I can construct evidence from tables, graphs, and contexts to choose a linear, quadratic, or exponential model.",Connect representations; use algebraic structure precisely; model and interpret quantities; justify conclusions with mathematical evidence when the task requires it.,multiple_choice,selected_response,instructional,45,,,,assessment_plans/original/unit8_assessment_plan/unit8_assessment_plan.html|reference_library/question_structures/section_enrichment.json|reference_library/source_excerpts/section_source_excerpts.json|reference_library/reusable_tables/table_catalog.json|reference_library/reusable_figures/figure_catalog.json|sources/indexes/compact_stage_reference_map.json,
U8-S1-BLK-R02,SPIRAL,Algebra 1,8,8.1,Blooket,Blooket,,REVIEW,,,,,,,table pattern -> function family,2,"Students will determine whether a situation is best modeled by a linear, quadratic, or exponential function.","I can construct evidence from tables, graphs, and contexts to choose a linear, quadratic, or exponential model.",Connect representations; use algebraic structure precisely; model and interpret quantities; justify conclusions with mathematical evidence when the task requires it.,multiple_choice,selected_response,instructional,45,,,,assessment_plans/original/unit8_assessment_plan/unit8_assessment_plan.html|reference_library/question_structures/section_enrichment.json|reference_library/source_excerpts/section_source_excerpts.json|reference_library/reusable_tables/table_catalog.json|reference_library/reusable_figures/figure_catalog.json|sources/indexes/compact_stage_reference_map.json,
U8-S1-BLK-R03,SPIRAL,Algebra 1,8,8.1,Blooket,Blooket,,REVIEW,,,,,,,table pattern -> function family,1,"Students will determine whether a situation is best modeled by a linear, quadratic, or exponential function.","I can construct evidence from tables, graphs, and contexts to choose a linear, quadratic, or exponential model.",Connect representations; use algebraic structure precisely; model and interpret quantities; justify conclusions with mathematical evidence when the task requires it.,multiple_choice,selected_response,instructional,45,,,,assessment_plans/original/unit8_assessment_plan/unit8_assessment_plan.html|reference_library/question_structures/section_enrichment.json|reference_library/source_excerpts/section_source_excerpts.json|reference_library/reusable_tables/table_catalog.json|reference_library/reusable_figures/figure_catalog.json|sources/indexes/compact_stage_reference_map.json,
U8-S1-BLK-R04,SPIRAL,Algebra 1,8,8.1,Blooket,Blooket,,REVIEW,,,,,,,table pattern -> function family,1,"Students will determine whether a situation is best modeled by a linear, quadratic, or exponential function.","I can construct evidence from tables, graphs, and contexts to choose a linear, quadratic, or exponential model.",Connect representations; use algebraic structure precisely; model and interpret quantities; justify conclusions with mathematical evidence when the task requires it.,multiple_choice,selected_response,instructional,45,,,,assessment_plans/original/unit8_assessment_plan/unit8_assessment_plan.html|reference_library/question_structures/section_enrichment.json|reference_library/source_excerpts/section_source_excerpts.json|reference_library/reusable_tables/table_catalog.json|reference_library/reusable_figures/figure_catalog.json|sources/indexes/compact_stage_reference_map.json,
U8-S1-BLK-R05,SPIRAL,Algebra 1,8,8.1,Blooket,Blooket,,REVIEW,,,,,,,table pattern -> function family,2,"Students will determine whether a situation is best modeled by a linear, quadratic, or exponential function.","I can construct evidence from tables, graphs, and contexts to choose a linear, quadratic, or exponential model.",Connect representations; use algebraic structure precisely; model and interpret quantities; justify conclusions with mathematical evidence when the task requires it.,multiple_choice,selected_response,instructional,45,,,,assessment_plans/original/unit8_assessment_plan/unit8_assessment_plan.html|reference_library/question_structures/section_enrichment.json|reference_library/source_excerpts/section_source_excerpts.json|reference_library/reusable_tables/table_catalog.json|reference_library/reusable_figures/figure_catalog.json|sources/indexes/compact_stage_reference_map.json,
U8-S1-BLK-M01,SPIRAL,Algebra 1,8,8.1,Blooket,Blooket,,MASTERY,,,,,,,equation structure -> method choice,1,"Students will determine whether a situation is best modeled by a linear, quadratic, or exponential function.","I can construct evidence from tables, graphs, and contexts to choose a linear, quadratic, or exponential model.",Connect representations; use algebraic structure precisely; model and interpret quantities; justify conclusions with mathematical evidence when the task requires it.,multiple_choice,selected_response,instructional,45,,,,assessment_plans/original/unit8_assessment_plan/unit8_assessment_plan.html|reference_library/question_structures/section_enrichment.json|reference_library/source_excerpts/section_source_excerpts.json|reference_library/reusable_tables/table_catalog.json|reference_library/reusable_figures/figure_catalog.json|sources/indexes/compact_stage_reference_map.json,
U8-S1-BLK-M02,SPIRAL,Algebra 1,8,8.1,Blooket,Blooket,,MASTERY,,,,,,,equation structure -> method choice,1,"Students will determine whether a situation is best modeled by a linear, quadratic, or exponential function.","I can construct evidence from tables, graphs, and contexts to choose a linear, quadratic, or exponential model.",Connect representations; use algebraic structure precisely; model and interpret quantities; justify conclusions with mathematical evidence when the task requires it.,multiple_choice,selected_response,instructional,45,,,,assessment_plans/original/unit8_assessment_plan/unit8_assessment_plan.html|reference_library/question_structures/section_enrichment.json|reference_library/source_excerpts/section_source_excerpts.json|reference_library/reusable_tables/table_catalog.json|reference_library/reusable_figures/figure_catalog.json|sources/indexes/compact_stage_reference_map.json,
U8-S1-BLK-M03,SPIRAL,Algebra 1,8,8.1,Blooket,Blooket,,MASTERY,,,,,,,equation structure -> method choice,2,"Students will determine whether a situation is best modeled by a linear, quadratic, or exponential function.","I can construct evidence from tables, graphs, and contexts to choose a linear, quadratic, or exponential model.",Connect representations; use algebraic structure precisely; model and interpret quantities; justify conclusions with mathematical evidence when the task requires it.,multiple_choice,selected_response,instructional,45,,,,assessment_plans/original/unit8_assessment_plan/unit8_assessment_plan.html|reference_library/question_structures/section_enrichment.json|reference_library/source_excerpts/section_source_excerpts.json|reference_library/reusable_tables/table_catalog.json|reference_library/reusable_figures/figure_catalog.json|sources/indexes/compact_stage_reference_map.json,
U8-S1-BLK-M04,SPIRAL,Algebra 1,8,8.1,Blooket,Blooket,,MASTERY,,,,,,,equation structure -> method choice,1,"Students will determine whether a situation is best modeled by a linear, quadratic, or exponential function.","I can construct evidence from tables, graphs, and contexts to choose a linear, quadratic, or exponential model.",Connect representations; use algebraic structure precisely; model and interpret quantities; justify conclusions with mathematical evidence when the task requires it.,multiple_choice,selected_response,instructional,45,,,,assessment_plans/original/unit8_assessment_plan/unit8_assessment_plan.html|reference_library/question_structures/section_enrichment.json|reference_library/source_excerpts/section_source_excerpts.json|reference_library/reusable_tables/table_catalog.json|reference_library/reusable_figures/figure_catalog.json|sources/indexes/compact_stage_reference_map.json,
U8-S1-BLK-M05,SPIRAL,Algebra 1,8,8.1,Blooket,Blooket,,MASTERY,,,,,,,equation structure -> method choice,1,"Students will determine whether a situation is best modeled by a linear, quadratic, or exponential function.","I can construct evidence from tables, graphs, and contexts to choose a linear, quadratic, or exponential model.",Connect representations; use algebraic structure precisely; model and interpret quantities; justify conclusions with mathematical evidence when the task requires it.,multiple_choice,selected_response,instructional,45,,,,assessment_plans/original/unit8_assessment_plan/unit8_assessment_plan.html|reference_library/question_structures/section_enrichment.json|reference_library/source_excerpts/section_source_excerpts.json|reference_library/reusable_tables/table_catalog.json|reference_library/reusable_figures/figure_catalog.json|sources/indexes/compact_stage_reference_map.json,
U8-S1-BLK-M06,SPIRAL,Algebra 1,8,8.1,Blooket,Blooket,,MASTERY,,,,,,,equation structure -> method choice,2,"Students will determine whether a situation is best modeled by a linear, quadratic, or exponential function.","I can construct evidence from tables, graphs, and contexts to choose a linear, quadratic, or exponential model.",Connect representations; use algebraic structure precisely; model and interpret quantities; justify conclusions with mathematical evidence when the task requires it.,multiple_choice,selected_response,instructional,45,,,,assessment_plans/original/unit8_assessment_plan/unit8_assessment_plan.html|reference_library/question_structures/section_enrichment.json|reference_library/source_excerpts/section_source_excerpts.json|reference_library/reusable_tables/table_catalog.json|reference_library/reusable_figures/figure_catalog.json|sources/indexes/compact_stage_reference_map.json,
U8-S1-BLK-M07,SPIRAL,Algebra 1,8,8.1,Blooket,Blooket,,MASTERY,,,,,,,equation structure -> method choice,1,"Students will determine whether a situation is best modeled by a linear, quadratic, or exponential function.","I can construct evidence from tables, graphs, and contexts to choose a linear, quadratic, or exponential model.",Connect representations; use algebraic structure precisely; model and interpret quantities; justify conclusions with mathematical evidence when the task requires it.,multiple_choice,selected_response,instructional,45,,,,assessment_plans/original/unit8_assessment_plan/unit8_assessment_plan.html|reference_library/question_structures/section_enrichment.json|reference_library/source_excerpts/section_source_excerpts.json|reference_library/reusable_tables/table_catalog.json|reference_library/reusable_figures/figure_catalog.json|sources/indexes/compact_stage_reference_map.json,
U8-S2-BLK-I01,SPIRAL,Algebra 1,8,8.2,Blooket,Blooket,,INTRO,,,,,,,transformation equation -> verbal transformation,1,Students will analyze transformations across multiple function families.,"I can build transformed function rules from parent functions across linear, quadratic, exponential, and absolute value families.",Connect representations; use algebraic structure precisely; model and interpret quantities; justify conclusions with mathematical evidence when the task requires it.,multiple_choice,selected_response,instructional,45,,,,assessment_plans/original/unit8_assessment_plan/unit8_assessment_plan.html|reference_library/question_structures/section_enrichment.json|reference_library/source_excerpts/section_source_excerpts.json|reference_library/reusable_tables/table_catalog.json|reference_library/reusable_figures/figure_catalog.json|sources/indexes/compact_stage_reference_map.json,
U8-S2-BLK-I02,SPIRAL,Algebra 1,8,8.2,Blooket,Blooket,,INTRO,,,,,,,transformation equation -> verbal transformation,1,Students will analyze transformations across multiple function families.,"I can build transformed function rules from parent functions across linear, quadratic, exponential, and absolute value families.",Connect representations; use algebraic structure precisely; model and interpret quantities; justify conclusions with mathematical evidence when the task requires it.,multiple_choice,selected_response,instructional,45,,,,assessment_plans/original/unit8_assessment_plan/unit8_assessment_plan.html|reference_library/question_structures/section_enrichment.json|reference_library/source_excerpts/section_source_excerpts.json|reference_library/reusable_tables/table_catalog.json|reference_library/reusable_figures/figure_catalog.json|sources/indexes/compact_stage_reference_map.json,
U8-S2-BLK-I03,SPIRAL,Algebra 1,8,8.2,Blooket,Blooket,,INTRO,,,,,,,transformation equation -> verbal transformation,2,Students will analyze transformations across multiple function families.,"I can build transformed function rules from parent functions across linear, quadratic, exponential, and absolute value families.",Connect representations; use algebraic structure precisely; model and interpret quantities; justify conclusions with mathematical evidence when the task requires it.,multiple_choice,selected_response,instructional,45,,,,assessment_plans/original/unit8_assessment_plan/unit8_assessment_plan.html|reference_library/question_structures/section_enrichment.json|reference_library/source_excerpts/section_source_excerpts.json|reference_library/reusable_tables/table_catalog.json|reference_library/reusable_figures/figure_catalog.json|sources/indexes/compact_stage_reference_map.json,
U8-S2-BLK-I04,SPIRAL,Algebra 1,8,8.2,Blooket,Blooket,,INTRO,,,,,,,transformation equation -> verbal transformation,1,Students will analyze transformations across multiple function families.,"I can build transformed function rules from parent functions across linear, quadratic, exponential, and absolute value families.",Connect representations; use algebraic structure precisely; model and interpret quantities; justify conclusions with mathematical evidence when the task requires it.,multiple_choice,selected_response,instructional,45,,,,assessment_plans/original/unit8_assessment_plan/unit8_assessment_plan.html|reference_library/question_structures/section_enrichment.json|reference_library/source_excerpts/section_source_excerpts.json|reference_library/reusable_tables/table_catalog.json|reference_library/reusable_figures/figure_catalog.json|sources/indexes/compact_stage_reference_map.json,
U8-S2-BLK-I05,SPIRAL,Algebra 1,8,8.2,Blooket,Blooket,,INTRO,,,,,,,transformation equation -> verbal transformation,1,Students will analyze transformations across multiple function families.,"I can build transformed function rules from parent functions across linear, quadratic, exponential, and absolute value families.",Connect representations; use algebraic structure precisely; model and interpret quantities; justify conclusions with mathematical evidence when the task requires it.,multiple_choice,selected_response,instructional,45,,,,assessment_plans/original/unit8_assessment_plan/unit8_assessment_plan.html|reference_library/question_structures/section_enrichment.json|reference_library/source_excerpts/section_source_excerpts.json|reference_library/reusable_tables/table_catalog.json|reference_library/reusable_figures/figure_catalog.json|sources/indexes/compact_stage_reference_map.json,
U8-S2-BLK-I06,SPIRAL,Algebra 1,8,8.2,Blooket,Blooket,,INTRO,,,,,,,transformation equation -> verbal transformation,2,Students will analyze transformations across multiple function families.,"I can build transformed function rules from parent functions across linear, quadratic, exponential, and absolute value families.",Connect representations; use algebraic structure precisely; model and interpret quantities; justify conclusions with mathematical evidence when the task requires it.,multiple_choice,selected_response,instructional,45,,,,assessment_plans/original/unit8_assessment_plan/unit8_assessment_plan.html|reference_library/question_structures/section_enrichment.json|reference_library/source_excerpts/section_source_excerpts.json|reference_library/reusable_tables/table_catalog.json|reference_library/reusable_figures/figure_catalog.json|sources/indexes/compact_stage_reference_map.json,
U8-S2-BLK-I07,SPIRAL,Algebra 1,8,8.2,Blooket,Blooket,,INTRO,,,,,,,transformation equation -> verbal transformation,1,Students will analyze transformations across multiple function families.,"I can build transformed function rules from parent functions across linear, quadratic, exponential, and absolute value families.",Connect representations; use algebraic structure precisely; model and interpret quantities; justify conclusions with mathematical evidence when the task requires it.,multiple_choice,selected_response,instructional,45,,,,assessment_plans/original/unit8_assessment_plan/unit8_assessment_plan.html|reference_library/question_structures/section_enrichment.json|reference_library/source_excerpts/section_source_excerpts.json|reference_library/reusable_tables/table_catalog.json|reference_library/reusable_figures/figure_catalog.json|sources/indexes/compact_stage_reference_map.json,
U8-S2-BLK-I08,SPIRAL,Algebra 1,8,8.2,Blooket,Blooket,,INTRO,,,,,,,transformation equation -> verbal transformation,1,Students will analyze transformations across multiple function families.,"I can build transformed function rules from parent functions across linear, quadratic, exponential, and absolute value families.",Connect representations; use algebraic structure precisely; model and interpret quantities; justify conclusions with mathematical evidence when the task requires it.,multiple_choice,selected_response,instructional,45,,,,assessment_plans/original/unit8_assessment_plan/unit8_assessment_plan.html|reference_library/question_structures/section_enrichment.json|reference_library/source_excerpts/section_source_excerpts.json|reference_library/reusable_tables/table_catalog.json|reference_library/reusable_figures/figure_catalog.json|sources/indexes/compact_stage_reference_map.json,
U8-S2-BLK-I09,SPIRAL,Algebra 1,8,8.2,Blooket,Blooket,,INTRO,,,,,,,transformation equation -> verbal transformation,2,Students will analyze transformations across multiple function families.,"I can build transformed function rules from parent functions across linear, quadratic, exponential, and absolute value families.",Connect representations; use algebraic structure precisely; model and interpret quantities; justify conclusions with mathematical evidence when the task requires it.,multiple_choice,selected_response,instructional,45,,,,assessment_plans/original/unit8_assessment_plan/unit8_assessment_plan.html|reference_library/question_structures/section_enrichment.json|reference_library/source_excerpts/section_source_excerpts.json|reference_library/reusable_tables/table_catalog.json|reference_library/reusable_figures/figure_catalog.json|sources/indexes/compact_stage_reference_map.json,
U8-S2-BLK-I10,SPIRAL,Algebra 1,8,8.2,Blooket,Blooket,,INTRO,,,,,,,transformation equation -> verbal transformation,1,Students will analyze transformations across multiple function families.,"I can build transformed function rules from parent functions across linear, quadratic, exponential, and absolute value families.",Connect representations; use algebraic structure precisely; model and interpret quantities; justify conclusions with mathematical evidence when the task requires it.,multiple_choice,selected_response,instructional,45,,,,assessment_plans/original/unit8_assessment_plan/unit8_assessment_plan.html|reference_library/question_structures/section_enrichment.json|reference_library/source_excerpts/section_source_excerpts.json|reference_library/reusable_tables/table_catalog.json|reference_library/reusable_figures/figure_catalog.json|sources/indexes/compact_stage_reference_map.json,
U8-S2-BLK-R01,SPIRAL,Algebra 1,8,8.2,Blooket,Blooket,,REVIEW,,,,,,,exponential equation -> graph features,1,Students will analyze transformations across multiple function families.,"I can build transformed function rules from parent functions across linear, quadratic, exponential, and absolute value families.",Connect representations; use algebraic structure precisely; model and interpret quantities; justify conclusions with mathematical evidence when the task requires it.,multiple_choice,selected_response,instructional,45,,,,assessment_plans/original/unit8_assessment_plan/unit8_assessment_plan.html|reference_library/question_structures/section_enrichment.json|reference_library/source_excerpts/section_source_excerpts.json|reference_library/reusable_tables/table_catalog.json|reference_library/reusable_figures/figure_catalog.json|sources/indexes/compact_stage_reference_map.json,
U8-S2-BLK-R02,SPIRAL,Algebra 1,8,8.2,Blooket,Blooket,,REVIEW,,,,,,,exponential equation -> graph features,2,Students will analyze transformations across multiple function families.,"I can build transformed function rules from parent functions across linear, quadratic, exponential, and absolute value families.",Connect representations; use algebraic structure precisely; model and interpret quantities; justify conclusions with mathematical evidence when the task requires it.,multiple_choice,selected_response,instructional,45,,,,assessment_plans/original/unit8_assessment_plan/unit8_assessment_plan.html|reference_library/question_structures/section_enrichment.json|reference_library/source_excerpts/section_source_excerpts.json|reference_library/reusable_tables/table_catalog.json|reference_library/reusable_figures/figure_catalog.json|sources/indexes/compact_stage_reference_map.json,
U8-S2-BLK-R03,SPIRAL,Algebra 1,8,8.2,Blooket,Blooket,,REVIEW,,,,,,,exponential equation -> graph features,1,Students will analyze transformations across multiple function families.,"I can build transformed function rules from parent functions across linear, quadratic, exponential, and absolute value families.",Connect representations; use algebraic structure precisely; model and interpret quantities; justify conclusions with mathematical evidence when the task requires it.,multiple_choice,selected_response,instructional,45,,,,assessment_plans/original/unit8_assessment_plan/unit8_assessment_plan.html|reference_library/question_structures/section_enrichment.json|reference_library/source_excerpts/section_source_excerpts.json|reference_library/reusable_tables/table_catalog.json|reference_library/reusable_figures/figure_catalog.json|sources/indexes/compact_stage_reference_map.json,
U8-S2-BLK-R04,SPIRAL,Algebra 1,8,8.2,Blooket,Blooket,,REVIEW,,,,,,,exponential equation -> graph features,1,Students will analyze transformations across multiple function families.,"I can build transformed function rules from parent functions across linear, quadratic, exponential, and absolute value families.",Connect representations; use algebraic structure precisely; model and interpret quantities; justify conclusions with mathematical evidence when the task requires it.,multiple_choice,selected_response,instructional,45,,,,assessment_plans/original/unit8_assessment_plan/unit8_assessment_plan.html|reference_library/question_structures/section_enrichment.json|reference_library/source_excerpts/section_source_excerpts.json|reference_library/reusable_tables/table_catalog.json|reference_library/reusable_figures/figure_catalog.json|sources/indexes/compact_stage_reference_map.json,
U8-S2-BLK-R05,SPIRAL,Algebra 1,8,8.2,Blooket,Blooket,,REVIEW,,,,,,,exponential equation -> graph features,2,Students will analyze transformations across multiple function families.,"I can build transformed function rules from parent functions across linear, quadratic, exponential, and absolute value families.",Connect representations; use algebraic structure precisely; model and interpret quantities; justify conclusions with mathematical evidence when the task requires it.,multiple_choice,selected_response,instructional,45,,,,assessment_plans/original/unit8_assessment_plan/unit8_assessment_plan.html|reference_library/question_structures/section_enrichment.json|reference_library/source_excerpts/section_source_excerpts.json|reference_library/reusable_tables/table_catalog.json|reference_library/reusable_figures/figure_catalog.json|sources/indexes/compact_stage_reference_map.json,
U8-S2-BLK-M01,SPIRAL,Algebra 1,8,8.2,Blooket,Blooket,,MASTERY,,,,,,,standard quadratic -> complete square -> solutions,1,Students will analyze transformations across multiple function families.,"I can build transformed function rules from parent functions across linear, quadratic, exponential, and absolute value families.",Connect representations; use algebraic structure precisely; model and interpret quantities; justify conclusions with mathematical evidence when the task requires it.,multiple_choice,selected_response,instructional,45,,,,assessment_plans/original/unit8_assessment_plan/unit8_assessment_plan.html|reference_library/question_structures/section_enrichment.json|reference_library/source_excerpts/section_source_excerpts.json|reference_library/reusable_tables/table_catalog.json|reference_library/reusable_figures/figure_catalog.json|sources/indexes/compact_stage_reference_map.json,
U8-S2-BLK-M02,SPIRAL,Algebra 1,8,8.2,Blooket,Blooket,,MASTERY,,,,,,,standard quadratic -> complete square -> solutions,1,Students will analyze transformations across multiple function families.,"I can build transformed function rules from parent functions across linear, quadratic, exponential, and absolute value families.",Connect representations; use algebraic structure precisely; model and interpret quantities; justify conclusions with mathematical evidence when the task requires it.,multiple_choice,selected_response,instructional,45,,,,assessment_plans/original/unit8_assessment_plan/unit8_assessment_plan.html|reference_library/question_structures/section_enrichment.json|reference_library/source_excerpts/section_source_excerpts.json|reference_library/reusable_tables/table_catalog.json|reference_library/reusable_figures/figure_catalog.json|sources/indexes/compact_stage_reference_map.json,
U8-S2-BLK-M03,SPIRAL,Algebra 1,8,8.2,Blooket,Blooket,,MASTERY,,,,,,,standard quadratic -> complete square -> solutions,2,Students will analyze transformations across multiple function families.,"I can build transformed function rules from parent functions across linear, quadratic, exponential, and absolute value families.",Connect representations; use algebraic structure precisely; model and interpret quantities; justify conclusions with mathematical evidence when the task requires it.,multiple_choice,selected_response,instructional,45,,,,assessment_plans/original/unit8_assessment_plan/unit8_assessment_plan.html|reference_library/question_structures/section_enrichment.json|reference_library/source_excerpts/section_source_excerpts.json|reference_library/reusable_tables/table_catalog.json|reference_library/reusable_figures/figure_catalog.json|sources/indexes/compact_stage_reference_map.json,
U8-S2-BLK-M04,SPIRAL,Algebra 1,8,8.2,Blooket,Blooket,,MASTERY,,,,,,,standard quadratic -> complete square -> solutions,1,Students will analyze transformations across multiple function families.,"I can build transformed function rules from parent functions across linear, quadratic, exponential, and absolute value families.",Connect representations; use algebraic structure precisely; model and interpret quantities; justify conclusions with mathematical evidence when the task requires it.,multiple_choice,selected_response,instructional,45,,,,assessment_plans/original/unit8_assessment_plan/unit8_assessment_plan.html|reference_library/question_structures/section_enrichment.json|reference_library/source_excerpts/section_source_excerpts.json|reference_library/reusable_tables/table_catalog.json|reference_library/reusable_figures/figure_catalog.json|sources/indexes/compact_stage_reference_map.json,
U8-S2-BLK-M05,SPIRAL,Algebra 1,8,8.2,Blooket,Blooket,,MASTERY,,,,,,,standard quadratic -> complete square -> solutions,1,Students will analyze transformations across multiple function families.,"I can build transformed function rules from parent functions across linear, quadratic, exponential, and absolute value families.",Connect representations; use algebraic structure precisely; model and interpret quantities; justify conclusions with mathematical evidence when the task requires it.,multiple_choice,selected_response,instructional,45,,,,assessment_plans/original/unit8_assessment_plan/unit8_assessment_plan.html|reference_library/question_structures/section_enrichment.json|reference_library/source_excerpts/section_source_excerpts.json|reference_library/reusable_tables/table_catalog.json|reference_library/reusable_figures/figure_catalog.json|sources/indexes/compact_stage_reference_map.json,
U8-S2-BLK-M06,SPIRAL,Algebra 1,8,8.2,Blooket,Blooket,,MASTERY,,,,,,,standard quadratic -> complete square -> solutions,2,Students will analyze transformations across multiple function families.,"I can build transformed function rules from parent functions across linear, quadratic, exponential, and absolute value families.",Connect representations; use algebraic structure precisely; model and interpret quantities; justify conclusions with mathematical evidence when the task requires it.,multiple_choice,selected_response,instructional,45,,,,assessment_plans/original/unit8_assessment_plan/unit8_assessment_plan.html|reference_library/question_structures/section_enrichment.json|reference_library/source_excerpts/section_source_excerpts.json|reference_library/reusable_tables/table_catalog.json|reference_library/reusable_figures/figure_catalog.json|sources/indexes/compact_stage_reference_map.json,
U8-S2-BLK-M07,SPIRAL,Algebra 1,8,8.2,Blooket,Blooket,,MASTERY,,,,,,,standard quadratic -> complete square -> solutions,1,Students will analyze transformations across multiple function families.,"I can build transformed function rules from parent functions across linear, quadratic, exponential, and absolute value families.",Connect representations; use algebraic structure precisely; model and interpret quantities; justify conclusions with mathematical evidence when the task requires it.,multiple_choice,selected_response,instructional,45,,,,assessment_plans/original/unit8_assessment_plan/unit8_assessment_plan.html|reference_library/question_structures/section_enrichment.json|reference_library/source_excerpts/section_source_excerpts.json|reference_library/reusable_tables/table_catalog.json|reference_library/reusable_figures/figure_catalog.json|sources/indexes/compact_stage_reference_map.json,
U8-S3-BLK-I01,SPIRAL,Algebra 1,8,8.3,Blooket,Blooket,,INTRO,,,,,,,absolute-value rule -> vertex/output/piecewise behavior,1,Students will analyze and model situations involving absolute value functions.,"I can design an absolute value or piecewise representation for situations with distance, change in direction, or two-part behavior.",Connect representations; use algebraic structure precisely; model and interpret quantities; justify conclusions with mathematical evidence when the task requires it.,multiple_choice,selected_response,instructional,45,,,,assessment_plans/original/unit8_assessment_plan/unit8_assessment_plan.html|reference_library/question_structures/section_enrichment.json|reference_library/source_excerpts/section_source_excerpts.json|reference_library/reusable_tables/table_catalog.json|reference_library/reusable_figures/figure_catalog.json|sources/indexes/compact_stage_reference_map.json,
U8-S3-BLK-I02,SPIRAL,Algebra 1,8,8.3,Blooket,Blooket,,INTRO,,,,,,,absolute-value rule -> vertex/output/piecewise behavior,1,Students will analyze and model situations involving absolute value functions.,"I can design an absolute value or piecewise representation for situations with distance, change in direction, or two-part behavior.",Connect representations; use algebraic structure precisely; model and interpret quantities; justify conclusions with mathematical evidence when the task requires it.,multiple_choice,selected_response,instructional,45,,,,assessment_plans/original/unit8_assessment_plan/unit8_assessment_plan.html|reference_library/question_structures/section_enrichment.json|reference_library/source_excerpts/section_source_excerpts.json|reference_library/reusable_tables/table_catalog.json|reference_library/reusable_figures/figure_catalog.json|sources/indexes/compact_stage_reference_map.json,
U8-S3-BLK-I03,SPIRAL,Algebra 1,8,8.3,Blooket,Blooket,,INTRO,,,,,,,absolute-value rule -> vertex/output/piecewise behavior,2,Students will analyze and model situations involving absolute value functions.,"I can design an absolute value or piecewise representation for situations with distance, change in direction, or two-part behavior.",Connect representations; use algebraic structure precisely; model and interpret quantities; justify conclusions with mathematical evidence when the task requires it.,multiple_choice,selected_response,instructional,45,,,,assessment_plans/original/unit8_assessment_plan/unit8_assessment_plan.html|reference_library/question_structures/section_enrichment.json|reference_library/source_excerpts/section_source_excerpts.json|reference_library/reusable_tables/table_catalog.json|reference_library/reusable_figures/figure_catalog.json|sources/indexes/compact_stage_reference_map.json,
U8-S3-BLK-I04,SPIRAL,Algebra 1,8,8.3,Blooket,Blooket,,INTRO,,,,,,,absolute-value rule -> vertex/output/piecewise behavior,1,Students will analyze and model situations involving absolute value functions.,"I can design an absolute value or piecewise representation for situations with distance, change in direction, or two-part behavior.",Connect representations; use algebraic structure precisely; model and interpret quantities; justify conclusions with mathematical evidence when the task requires it.,multiple_choice,selected_response,instructional,45,,,,assessment_plans/original/unit8_assessment_plan/unit8_assessment_plan.html|reference_library/question_structures/section_enrichment.json|reference_library/source_excerpts/section_source_excerpts.json|reference_library/reusable_tables/table_catalog.json|reference_library/reusable_figures/figure_catalog.json|sources/indexes/compact_stage_reference_map.json,
U8-S3-BLK-I05,SPIRAL,Algebra 1,8,8.3,Blooket,Blooket,,INTRO,,,,,,,absolute-value rule -> vertex/output/piecewise behavior,1,Students will analyze and model situations involving absolute value functions.,"I can design an absolute value or piecewise representation for situations with distance, change in direction, or two-part behavior.",Connect representations; use algebraic structure precisely; model and interpret quantities; justify conclusions with mathematical evidence when the task requires it.,multiple_choice,selected_response,instructional,45,,,,assessment_plans/original/unit8_assessment_plan/unit8_assessment_plan.html|reference_library/question_structures/section_enrichment.json|reference_library/source_excerpts/section_source_excerpts.json|reference_library/reusable_tables/table_catalog.json|reference_library/reusable_figures/figure_catalog.json|sources/indexes/compact_stage_reference_map.json,
U8-S3-BLK-I06,SPIRAL,Algebra 1,8,8.3,Blooket,Blooket,,INTRO,,,,,,,absolute-value rule -> vertex/output/piecewise behavior,2,Students will analyze and model situations involving absolute value functions.,"I can design an absolute value or piecewise representation for situations with distance, change in direction, or two-part behavior.",Connect representations; use algebraic structure precisely; model and interpret quantities; justify conclusions with mathematical evidence when the task requires it.,multiple_choice,selected_response,instructional,45,,,,assessment_plans/original/unit8_assessment_plan/unit8_assessment_plan.html|reference_library/question_structures/section_enrichment.json|reference_library/source_excerpts/section_source_excerpts.json|reference_library/reusable_tables/table_catalog.json|reference_library/reusable_figures/figure_catalog.json|sources/indexes/compact_stage_reference_map.json,
U8-S3-BLK-I07,SPIRAL,Algebra 1,8,8.3,Blooket,Blooket,,INTRO,,,,,,,absolute-value rule -> vertex/output/piecewise behavior,1,Students will analyze and model situations involving absolute value functions.,"I can design an absolute value or piecewise representation for situations with distance, change in direction, or two-part behavior.",Connect representations; use algebraic structure precisely; model and interpret quantities; justify conclusions with mathematical evidence when the task requires it.,multiple_choice,selected_response,instructional,45,,,,assessment_plans/original/unit8_assessment_plan/unit8_assessment_plan.html|reference_library/question_structures/section_enrichment.json|reference_library/source_excerpts/section_source_excerpts.json|reference_library/reusable_tables/table_catalog.json|reference_library/reusable_figures/figure_catalog.json|sources/indexes/compact_stage_reference_map.json,
U8-S3-BLK-I08,SPIRAL,Algebra 1,8,8.3,Blooket,Blooket,,INTRO,,,,,,,absolute-value rule -> vertex/output/piecewise behavior,1,Students will analyze and model situations involving absolute value functions.,"I can design an absolute value or piecewise representation for situations with distance, change in direction, or two-part behavior.",Connect representations; use algebraic structure precisely; model and interpret quantities; justify conclusions with mathematical evidence when the task requires it.,multiple_choice,selected_response,instructional,45,,,,assessment_plans/original/unit8_assessment_plan/unit8_assessment_plan.html|reference_library/question_structures/section_enrichment.json|reference_library/source_excerpts/section_source_excerpts.json|reference_library/reusable_tables/table_catalog.json|reference_library/reusable_figures/figure_catalog.json|sources/indexes/compact_stage_reference_map.json,
U8-S3-BLK-I09,SPIRAL,Algebra 1,8,8.3,Blooket,Blooket,,INTRO,,,,,,,absolute-value rule -> vertex/output/piecewise behavior,2,Students will analyze and model situations involving absolute value functions.,"I can design an absolute value or piecewise representation for situations with distance, change in direction, or two-part behavior.",Connect representations; use algebraic structure precisely; model and interpret quantities; justify conclusions with mathematical evidence when the task requires it.,multiple_choice,selected_response,instructional,45,,,,assessment_plans/original/unit8_assessment_plan/unit8_assessment_plan.html|reference_library/question_structures/section_enrichment.json|reference_library/source_excerpts/section_source_excerpts.json|reference_library/reusable_tables/table_catalog.json|reference_library/reusable_figures/figure_catalog.json|sources/indexes/compact_stage_reference_map.json,
U8-S3-BLK-I10,SPIRAL,Algebra 1,8,8.3,Blooket,Blooket,,INTRO,,,,,,,absolute-value rule -> vertex/output/piecewise behavior,1,Students will analyze and model situations involving absolute value functions.,"I can design an absolute value or piecewise representation for situations with distance, change in direction, or two-part behavior.",Connect representations; use algebraic structure precisely; model and interpret quantities; justify conclusions with mathematical evidence when the task requires it.,multiple_choice,selected_response,instructional,45,,,,assessment_plans/original/unit8_assessment_plan/unit8_assessment_plan.html|reference_library/question_structures/section_enrichment.json|reference_library/source_excerpts/section_source_excerpts.json|reference_library/reusable_tables/table_catalog.json|reference_library/reusable_figures/figure_catalog.json|sources/indexes/compact_stage_reference_map.json,
U8-S3-BLK-R01,SPIRAL,Algebra 1,8,8.3,Blooket,Blooket,,REVIEW,,,,,,,table pattern -> function family,1,Students will analyze and model situations involving absolute value functions.,"I can design an absolute value or piecewise representation for situations with distance, change in direction, or two-part behavior.",Connect representations; use algebraic structure precisely; model and interpret quantities; justify conclusions with mathematical evidence when the task requires it.,multiple_choice,selected_response,instructional,45,,,,assessment_plans/original/unit8_assessment_plan/unit8_assessment_plan.html|reference_library/question_structures/section_enrichment.json|reference_library/source_excerpts/section_source_excerpts.json|reference_library/reusable_tables/table_catalog.json|reference_library/reusable_figures/figure_catalog.json|sources/indexes/compact_stage_reference_map.json,
U8-S3-BLK-R02,SPIRAL,Algebra 1,8,8.3,Blooket,Blooket,,REVIEW,,,,,,,table pattern -> function family,2,Students will analyze and model situations involving absolute value functions.,"I can design an absolute value or piecewise representation for situations with distance, change in direction, or two-part behavior.",Connect representations; use algebraic structure precisely; model and interpret quantities; justify conclusions with mathematical evidence when the task requires it.,multiple_choice,selected_response,instructional,45,,,,assessment_plans/original/unit8_assessment_plan/unit8_assessment_plan.html|reference_library/question_structures/section_enrichment.json|reference_library/source_excerpts/section_source_excerpts.json|reference_library/reusable_tables/table_catalog.json|reference_library/reusable_figures/figure_catalog.json|sources/indexes/compact_stage_reference_map.json,
U8-S3-BLK-R03,SPIRAL,Algebra 1,8,8.3,Blooket,Blooket,,REVIEW,,,,,,,table pattern -> function family,1,Students will analyze and model situations involving absolute value functions.,"I can design an absolute value or piecewise representation for situations with distance, change in direction, or two-part behavior.",Connect representations; use algebraic structure precisely; model and interpret quantities; justify conclusions with mathematical evidence when the task requires it.,multiple_choice,selected_response,instructional,45,,,,assessment_plans/original/unit8_assessment_plan/unit8_assessment_plan.html|reference_library/question_structures/section_enrichment.json|reference_library/source_excerpts/section_source_excerpts.json|reference_library/reusable_tables/table_catalog.json|reference_library/reusable_figures/figure_catalog.json|sources/indexes/compact_stage_reference_map.json,
U8-S3-BLK-R04,SPIRAL,Algebra 1,8,8.3,Blooket,Blooket,,REVIEW,,,,,,,table pattern -> function family,1,Students will analyze and model situations involving absolute value functions.,"I can design an absolute value or piecewise representation for situations with distance, change in direction, or two-part behavior.",Connect representations; use algebraic structure precisely; model and interpret quantities; justify conclusions with mathematical evidence when the task requires it.,multiple_choice,selected_response,instructional,45,,,,assessment_plans/original/unit8_assessment_plan/unit8_assessment_plan.html|reference_library/question_structures/section_enrichment.json|reference_library/source_excerpts/section_source_excerpts.json|reference_library/reusable_tables/table_catalog.json|reference_library/reusable_figures/figure_catalog.json|sources/indexes/compact_stage_reference_map.json,
U8-S3-BLK-R05,SPIRAL,Algebra 1,8,8.3,Blooket,Blooket,,REVIEW,,,,,,,table pattern -> function family,2,Students will analyze and model situations involving absolute value functions.,"I can design an absolute value or piecewise representation for situations with distance, change in direction, or two-part behavior.",Connect representations; use algebraic structure precisely; model and interpret quantities; justify conclusions with mathematical evidence when the task requires it.,multiple_choice,selected_response,instructional,45,,,,assessment_plans/original/unit8_assessment_plan/unit8_assessment_plan.html|reference_library/question_structures/section_enrichment.json|reference_library/source_excerpts/section_source_excerpts.json|reference_library/reusable_tables/table_catalog.json|reference_library/reusable_figures/figure_catalog.json|sources/indexes/compact_stage_reference_map.json,
U8-S3-BLK-M01,SPIRAL,Algebra 1,8,8.3,Blooket,Blooket,,MASTERY,,,,,,,factored quadratic equation -> zero product solutions,1,Students will analyze and model situations involving absolute value functions.,"I can design an absolute value or piecewise representation for situations with distance, change in direction, or two-part behavior.",Connect representations; use algebraic structure precisely; model and interpret quantities; justify conclusions with mathematical evidence when the task requires it.,multiple_choice,selected_response,instructional,45,,,,assessment_plans/original/unit8_assessment_plan/unit8_assessment_plan.html|reference_library/question_structures/section_enrichment.json|reference_library/source_excerpts/section_source_excerpts.json|reference_library/reusable_tables/table_catalog.json|reference_library/reusable_figures/figure_catalog.json|sources/indexes/compact_stage_reference_map.json,
U8-S3-BLK-M02,SPIRAL,Algebra 1,8,8.3,Blooket,Blooket,,MASTERY,,,,,,,factored quadratic equation -> zero product solutions,1,Students will analyze and model situations involving absolute value functions.,"I can design an absolute value or piecewise representation for situations with distance, change in direction, or two-part behavior.",Connect representations; use algebraic structure precisely; model and interpret quantities; justify conclusions with mathematical evidence when the task requires it.,multiple_choice,selected_response,instructional,45,,,,assessment_plans/original/unit8_assessment_plan/unit8_assessment_plan.html|reference_library/question_structures/section_enrichment.json|reference_library/source_excerpts/section_source_excerpts.json|reference_library/reusable_tables/table_catalog.json|reference_library/reusable_figures/figure_catalog.json|sources/indexes/compact_stage_reference_map.json,
U8-S3-BLK-M03,SPIRAL,Algebra 1,8,8.3,Blooket,Blooket,,MASTERY,,,,,,,factored quadratic equation -> zero product solutions,2,Students will analyze and model situations involving absolute value functions.,"I can design an absolute value or piecewise representation for situations with distance, change in direction, or two-part behavior.",Connect representations; use algebraic structure precisely; model and interpret quantities; justify conclusions with mathematical evidence when the task requires it.,multiple_choice,selected_response,instructional,45,,,,assessment_plans/original/unit8_assessment_plan/unit8_assessment_plan.html|reference_library/question_structures/section_enrichment.json|reference_library/source_excerpts/section_source_excerpts.json|reference_library/reusable_tables/table_catalog.json|reference_library/reusable_figures/figure_catalog.json|sources/indexes/compact_stage_reference_map.json,
U8-S3-BLK-M04,SPIRAL,Algebra 1,8,8.3,Blooket,Blooket,,MASTERY,,,,,,,factored quadratic equation -> zero product solutions,1,Students will analyze and model situations involving absolute value functions.,"I can design an absolute value or piecewise representation for situations with distance, change in direction, or two-part behavior.",Connect representations; use algebraic structure precisely; model and interpret quantities; justify conclusions with mathematical evidence when the task requires it.,multiple_choice,selected_response,instructional,45,,,,assessment_plans/original/unit8_assessment_plan/unit8_assessment_plan.html|reference_library/question_structures/section_enrichment.json|reference_library/source_excerpts/section_source_excerpts.json|reference_library/reusable_tables/table_catalog.json|reference_library/reusable_figures/figure_catalog.json|sources/indexes/compact_stage_reference_map.json,
U8-S3-BLK-M05,SPIRAL,Algebra 1,8,8.3,Blooket,Blooket,,MASTERY,,,,,,,factored quadratic equation -> zero product solutions,1,Students will analyze and model situations involving absolute value functions.,"I can design an absolute value or piecewise representation for situations with distance, change in direction, or two-part behavior.",Connect representations; use algebraic structure precisely; model and interpret quantities; justify conclusions with mathematical evidence when the task requires it.,multiple_choice,selected_response,instructional,45,,,,assessment_plans/original/unit8_assessment_plan/unit8_assessment_plan.html|reference_library/question_structures/section_enrichment.json|reference_library/source_excerpts/section_source_excerpts.json|reference_library/reusable_tables/table_catalog.json|reference_library/reusable_figures/figure_catalog.json|sources/indexes/compact_stage_reference_map.json,
U8-S3-BLK-M06,SPIRAL,Algebra 1,8,8.3,Blooket,Blooket,,MASTERY,,,,,,,factored quadratic equation -> zero product solutions,2,Students will analyze and model situations involving absolute value functions.,"I can design an absolute value or piecewise representation for situations with distance, change in direction, or two-part behavior.",Connect representations; use algebraic structure precisely; model and interpret quantities; justify conclusions with mathematical evidence when the task requires it.,multiple_choice,selected_response,instructional,45,,,,assessment_plans/original/unit8_assessment_plan/unit8_assessment_plan.html|reference_library/question_structures/section_enrichment.json|reference_library/source_excerpts/section_source_excerpts.json|reference_library/reusable_tables/table_catalog.json|reference_library/reusable_figures/figure_catalog.json|sources/indexes/compact_stage_reference_map.json,
U8-S3-BLK-M07,SPIRAL,Algebra 1,8,8.3,Blooket,Blooket,,MASTERY,,,,,,,factored quadratic equation -> zero product solutions,1,Students will analyze and model situations involving absolute value functions.,"I can design an absolute value or piecewise representation for situations with distance, change in direction, or two-part behavior.",Connect representations; use algebraic structure precisely; model and interpret quantities; justify conclusions with mathematical evidence when the task requires it.,multiple_choice,selected_response,instructional,45,,,,assessment_plans/original/unit8_assessment_plan/unit8_assessment_plan.html|reference_library/question_structures/section_enrichment.json|reference_library/source_excerpts/section_source_excerpts.json|reference_library/reusable_tables/table_catalog.json|reference_library/reusable_figures/figure_catalog.json|sources/indexes/compact_stage_reference_map.json,
U8-S4-BLK-I01,SPIRAL,Algebra 1,8,8.4,Blooket,Blooket,,INTRO,,,,,,,data -> model family -> equation,1,Students will create and analyze mathematical models using real-world data.,I can formulate a mathematical model from real-world data and state the assumptions used.,Connect representations; use algebraic structure precisely; model and interpret quantities; justify conclusions with mathematical evidence when the task requires it.,multiple_choice,selected_response,instructional,45,,,,assessment_plans/original/unit8_assessment_plan/unit8_assessment_plan.html|reference_library/question_structures/section_enrichment.json|reference_library/source_excerpts/section_source_excerpts.json|reference_library/reusable_tables/table_catalog.json|reference_library/reusable_figures/figure_catalog.json|sources/indexes/compact_stage_reference_map.json,
U8-S4-BLK-I02,SPIRAL,Algebra 1,8,8.4,Blooket,Blooket,,INTRO,,,,,,,data -> model family -> equation,1,Students will create and analyze mathematical models using real-world data.,I can formulate a mathematical model from real-world data and state the assumptions used.,Connect representations; use algebraic structure precisely; model and interpret quantities; justify conclusions with mathematical evidence when the task requires it.,multiple_choice,selected_response,instructional,45,,,,assessment_plans/original/unit8_assessment_plan/unit8_assessment_plan.html|reference_library/question_structures/section_enrichment.json|reference_library/source_excerpts/section_source_excerpts.json|reference_library/reusable_tables/table_catalog.json|reference_library/reusable_figures/figure_catalog.json|sources/indexes/compact_stage_reference_map.json,
U8-S4-BLK-I03,SPIRAL,Algebra 1,8,8.4,Blooket,Blooket,,INTRO,,,,,,,data -> model family -> equation,2,Students will create and analyze mathematical models using real-world data.,I can formulate a mathematical model from real-world data and state the assumptions used.,Connect representations; use algebraic structure precisely; model and interpret quantities; justify conclusions with mathematical evidence when the task requires it.,multiple_choice,selected_response,instructional,45,,,,assessment_plans/original/unit8_assessment_plan/unit8_assessment_plan.html|reference_library/question_structures/section_enrichment.json|reference_library/source_excerpts/section_source_excerpts.json|reference_library/reusable_tables/table_catalog.json|reference_library/reusable_figures/figure_catalog.json|sources/indexes/compact_stage_reference_map.json,
U8-S4-BLK-I04,SPIRAL,Algebra 1,8,8.4,Blooket,Blooket,,INTRO,,,,,,,data -> model family -> equation,1,Students will create and analyze mathematical models using real-world data.,I can formulate a mathematical model from real-world data and state the assumptions used.,Connect representations; use algebraic structure precisely; model and interpret quantities; justify conclusions with mathematical evidence when the task requires it.,multiple_choice,selected_response,instructional,45,,,,assessment_plans/original/unit8_assessment_plan/unit8_assessment_plan.html|reference_library/question_structures/section_enrichment.json|reference_library/source_excerpts/section_source_excerpts.json|reference_library/reusable_tables/table_catalog.json|reference_library/reusable_figures/figure_catalog.json|sources/indexes/compact_stage_reference_map.json,
U8-S4-BLK-I05,SPIRAL,Algebra 1,8,8.4,Blooket,Blooket,,INTRO,,,,,,,data -> model family -> equation,1,Students will create and analyze mathematical models using real-world data.,I can formulate a mathematical model from real-world data and state the assumptions used.,Connect representations; use algebraic structure precisely; model and interpret quantities; justify conclusions with mathematical evidence when the task requires it.,multiple_choice,selected_response,instructional,45,,,,assessment_plans/original/unit8_assessment_plan/unit8_assessment_plan.html|reference_library/question_structures/section_enrichment.json|reference_library/source_excerpts/section_source_excerpts.json|reference_library/reusable_tables/table_catalog.json|reference_library/reusable_figures/figure_catalog.json|sources/indexes/compact_stage_reference_map.json,
U8-S4-BLK-I06,SPIRAL,Algebra 1,8,8.4,Blooket,Blooket,,INTRO,,,,,,,data -> model family -> equation,2,Students will create and analyze mathematical models using real-world data.,I can formulate a mathematical model from real-world data and state the assumptions used.,Connect representations; use algebraic structure precisely; model and interpret quantities; justify conclusions with mathematical evidence when the task requires it.,multiple_choice,selected_response,instructional,45,,,,assessment_plans/original/unit8_assessment_plan/unit8_assessment_plan.html|reference_library/question_structures/section_enrichment.json|reference_library/source_excerpts/section_source_excerpts.json|reference_library/reusable_tables/table_catalog.json|reference_library/reusable_figures/figure_catalog.json|sources/indexes/compact_stage_reference_map.json,
U8-S4-BLK-I07,SPIRAL,Algebra 1,8,8.4,Blooket,Blooket,,INTRO,,,,,,,data -> model family -> equation,1,Students will create and analyze mathematical models using real-world data.,I can formulate a mathematical model from real-world data and state the assumptions used.,Connect representations; use algebraic structure precisely; model and interpret quantities; justify conclusions with mathematical evidence when the task requires it.,multiple_choice,selected_response,instructional,45,,,,assessment_plans/original/unit8_assessment_plan/unit8_assessment_plan.html|reference_library/question_structures/section_enrichment.json|reference_library/source_excerpts/section_source_excerpts.json|reference_library/reusable_tables/table_catalog.json|reference_library/reusable_figures/figure_catalog.json|sources/indexes/compact_stage_reference_map.json,
U8-S4-BLK-I08,SPIRAL,Algebra 1,8,8.4,Blooket,Blooket,,INTRO,,,,,,,data -> model family -> equation,1,Students will create and analyze mathematical models using real-world data.,I can formulate a mathematical model from real-world data and state the assumptions used.,Connect representations; use algebraic structure precisely; model and interpret quantities; justify conclusions with mathematical evidence when the task requires it.,multiple_choice,selected_response,instructional,45,,,,assessment_plans/original/unit8_assessment_plan/unit8_assessment_plan.html|reference_library/question_structures/section_enrichment.json|reference_library/source_excerpts/section_source_excerpts.json|reference_library/reusable_tables/table_catalog.json|reference_library/reusable_figures/figure_catalog.json|sources/indexes/compact_stage_reference_map.json,
U8-S4-BLK-I09,SPIRAL,Algebra 1,8,8.4,Blooket,Blooket,,INTRO,,,,,,,data -> model family -> equation,2,Students will create and analyze mathematical models using real-world data.,I can formulate a mathematical model from real-world data and state the assumptions used.,Connect representations; use algebraic structure precisely; model and interpret quantities; justify conclusions with mathematical evidence when the task requires it.,multiple_choice,selected_response,instructional,45,,,,assessment_plans/original/unit8_assessment_plan/unit8_assessment_plan.html|reference_library/question_structures/section_enrichment.json|reference_library/source_excerpts/section_source_excerpts.json|reference_library/reusable_tables/table_catalog.json|reference_library/reusable_figures/figure_catalog.json|sources/indexes/compact_stage_reference_map.json,
U8-S4-BLK-I10,SPIRAL,Algebra 1,8,8.4,Blooket,Blooket,,INTRO,,,,,,,data -> model family -> equation,1,Students will create and analyze mathematical models using real-world data.,I can formulate a mathematical model from real-world data and state the assumptions used.,Connect representations; use algebraic structure precisely; model and interpret quantities; justify conclusions with mathematical evidence when the task requires it.,multiple_choice,selected_response,instructional,45,,,,assessment_plans/original/unit8_assessment_plan/unit8_assessment_plan.html|reference_library/question_structures/section_enrichment.json|reference_library/source_excerpts/section_source_excerpts.json|reference_library/reusable_tables/table_catalog.json|reference_library/reusable_figures/figure_catalog.json|sources/indexes/compact_stage_reference_map.json,
U8-S4-BLK-R01,SPIRAL,Algebra 1,8,8.4,Blooket,Blooket,,REVIEW,,,,,,,exponential model -> parameter interpretation/prediction,1,Students will create and analyze mathematical models using real-world data.,I can formulate a mathematical model from real-world data and state the assumptions used.,Connect representations; use algebraic structure precisely; model and interpret quantities; justify conclusions with mathematical evidence when the task requires it.,multiple_choice,selected_response,instructional,45,,,,assessment_plans/original/unit8_assessment_plan/unit8_assessment_plan.html|reference_library/question_structures/section_enrichment.json|reference_library/source_excerpts/section_source_excerpts.json|reference_library/reusable_tables/table_catalog.json|reference_library/reusable_figures/figure_catalog.json|sources/indexes/compact_stage_reference_map.json,
U8-S4-BLK-R02,SPIRAL,Algebra 1,8,8.4,Blooket,Blooket,,REVIEW,,,,,,,exponential model -> parameter interpretation/prediction,2,Students will create and analyze mathematical models using real-world data.,I can formulate a mathematical model from real-world data and state the assumptions used.,Connect representations; use algebraic structure precisely; model and interpret quantities; justify conclusions with mathematical evidence when the task requires it.,multiple_choice,selected_response,instructional,45,,,,assessment_plans/original/unit8_assessment_plan/unit8_assessment_plan.html|reference_library/question_structures/section_enrichment.json|reference_library/source_excerpts/section_source_excerpts.json|reference_library/reusable_tables/table_catalog.json|reference_library/reusable_figures/figure_catalog.json|sources/indexes/compact_stage_reference_map.json,
U8-S4-BLK-R03,SPIRAL,Algebra 1,8,8.4,Blooket,Blooket,,REVIEW,,,,,,,exponential model -> parameter interpretation/prediction,1,Students will create and analyze mathematical models using real-world data.,I can formulate a mathematical model from real-world data and state the assumptions used.,Connect representations; use algebraic structure precisely; model and interpret quantities; justify conclusions with mathematical evidence when the task requires it.,multiple_choice,selected_response,instructional,45,,,,assessment_plans/original/unit8_assessment_plan/unit8_assessment_plan.html|reference_library/question_structures/section_enrichment.json|reference_library/source_excerpts/section_source_excerpts.json|reference_library/reusable_tables/table_catalog.json|reference_library/reusable_figures/figure_catalog.json|sources/indexes/compact_stage_reference_map.json,
U8-S4-BLK-R04,SPIRAL,Algebra 1,8,8.4,Blooket,Blooket,,REVIEW,,,,,,,exponential model -> parameter interpretation/prediction,1,Students will create and analyze mathematical models using real-world data.,I can formulate a mathematical model from real-world data and state the assumptions used.,Connect representations; use algebraic structure precisely; model and interpret quantities; justify conclusions with mathematical evidence when the task requires it.,multiple_choice,selected_response,instructional,45,,,,assessment_plans/original/unit8_assessment_plan/unit8_assessment_plan.html|reference_library/question_structures/section_enrichment.json|reference_library/source_excerpts/section_source_excerpts.json|reference_library/reusable_tables/table_catalog.json|reference_library/reusable_figures/figure_catalog.json|sources/indexes/compact_stage_reference_map.json,
U8-S4-BLK-R05,SPIRAL,Algebra 1,8,8.4,Blooket,Blooket,,REVIEW,,,,,,,exponential model -> parameter interpretation/prediction,2,Students will create and analyze mathematical models using real-world data.,I can formulate a mathematical model from real-world data and state the assumptions used.,Connect representations; use algebraic structure precisely; model and interpret quantities; justify conclusions with mathematical evidence when the task requires it.,multiple_choice,selected_response,instructional,45,,,,assessment_plans/original/unit8_assessment_plan/unit8_assessment_plan.html|reference_library/question_structures/section_enrichment.json|reference_library/source_excerpts/section_source_excerpts.json|reference_library/reusable_tables/table_catalog.json|reference_library/reusable_figures/figure_catalog.json|sources/indexes/compact_stage_reference_map.json,
U8-S4-BLK-M01,SPIRAL,Algebra 1,8,8.4,Blooket,Blooket,,MASTERY,,,,,,,vertex-form model -> maximum and prediction,1,Students will create and analyze mathematical models using real-world data.,I can formulate a mathematical model from real-world data and state the assumptions used.,Connect representations; use algebraic structure precisely; model and interpret quantities; justify conclusions with mathematical evidence when the task requires it.,multiple_choice,selected_response,instructional,45,,,,assessment_plans/original/unit8_assessment_plan/unit8_assessment_plan.html|reference_library/question_structures/section_enrichment.json|reference_library/source_excerpts/section_source_excerpts.json|reference_library/reusable_tables/table_catalog.json|reference_library/reusable_figures/figure_catalog.json|sources/indexes/compact_stage_reference_map.json,
U8-S4-BLK-M02,SPIRAL,Algebra 1,8,8.4,Blooket,Blooket,,MASTERY,,,,,,,vertex-form model -> maximum and prediction,1,Students will create and analyze mathematical models using real-world data.,I can formulate a mathematical model from real-world data and state the assumptions used.,Connect representations; use algebraic structure precisely; model and interpret quantities; justify conclusions with mathematical evidence when the task requires it.,multiple_choice,selected_response,instructional,45,,,,assessment_plans/original/unit8_assessment_plan/unit8_assessment_plan.html|reference_library/question_structures/section_enrichment.json|reference_library/source_excerpts/section_source_excerpts.json|reference_library/reusable_tables/table_catalog.json|reference_library/reusable_figures/figure_catalog.json|sources/indexes/compact_stage_reference_map.json,
U8-S4-BLK-M03,SPIRAL,Algebra 1,8,8.4,Blooket,Blooket,,MASTERY,,,,,,,vertex-form model -> maximum and prediction,2,Students will create and analyze mathematical models using real-world data.,I can formulate a mathematical model from real-world data and state the assumptions used.,Connect representations; use algebraic structure precisely; model and interpret quantities; justify conclusions with mathematical evidence when the task requires it.,multiple_choice,selected_response,instructional,45,,,,assessment_plans/original/unit8_assessment_plan/unit8_assessment_plan.html|reference_library/question_structures/section_enrichment.json|reference_library/source_excerpts/section_source_excerpts.json|reference_library/reusable_tables/table_catalog.json|reference_library/reusable_figures/figure_catalog.json|sources/indexes/compact_stage_reference_map.json,
U8-S4-BLK-M04,SPIRAL,Algebra 1,8,8.4,Blooket,Blooket,,MASTERY,,,,,,,vertex-form model -> maximum and prediction,1,Students will create and analyze mathematical models using real-world data.,I can formulate a mathematical model from real-world data and state the assumptions used.,Connect representations; use algebraic structure precisely; model and interpret quantities; justify conclusions with mathematical evidence when the task requires it.,multiple_choice,selected_response,instructional,45,,,,assessment_plans/original/unit8_assessment_plan/unit8_assessment_plan.html|reference_library/question_structures/section_enrichment.json|reference_library/source_excerpts/section_source_excerpts.json|reference_library/reusable_tables/table_catalog.json|reference_library/reusable_figures/figure_catalog.json|sources/indexes/compact_stage_reference_map.json,
U8-S4-BLK-M05,SPIRAL,Algebra 1,8,8.4,Blooket,Blooket,,MASTERY,,,,,,,vertex-form model -> maximum and prediction,1,Students will create and analyze mathematical models using real-world data.,I can formulate a mathematical model from real-world data and state the assumptions used.,Connect representations; use algebraic structure precisely; model and interpret quantities; justify conclusions with mathematical evidence when the task requires it.,multiple_choice,selected_response,instructional,45,,,,assessment_plans/original/unit8_assessment_plan/unit8_assessment_plan.html|reference_library/question_structures/section_enrichment.json|reference_library/source_excerpts/section_source_excerpts.json|reference_library/reusable_tables/table_catalog.json|reference_library/reusable_figures/figure_catalog.json|sources/indexes/compact_stage_reference_map.json,
U8-S4-BLK-M06,SPIRAL,Algebra 1,8,8.4,Blooket,Blooket,,MASTERY,,,,,,,vertex-form model -> maximum and prediction,2,Students will create and analyze mathematical models using real-world data.,I can formulate a mathematical model from real-world data and state the assumptions used.,Connect representations; use algebraic structure precisely; model and interpret quantities; justify conclusions with mathematical evidence when the task requires it.,multiple_choice,selected_response,instructional,45,,,,assessment_plans/original/unit8_assessment_plan/unit8_assessment_plan.html|reference_library/question_structures/section_enrichment.json|reference_library/source_excerpts/section_source_excerpts.json|reference_library/reusable_tables/table_catalog.json|reference_library/reusable_figures/figure_catalog.json|sources/indexes/compact_stage_reference_map.json,
U8-S4-BLK-M07,SPIRAL,Algebra 1,8,8.4,Blooket,Blooket,,MASTERY,,,,,,,vertex-form model -> maximum and prediction,1,Students will create and analyze mathematical models using real-world data.,I can formulate a mathematical model from real-world data and state the assumptions used.,Connect representations; use algebraic structure precisely; model and interpret quantities; justify conclusions with mathematical evidence when the task requires it.,multiple_choice,selected_response,instructional,45,,,,assessment_plans/original/unit8_assessment_plan/unit8_assessment_plan.html|reference_library/question_structures/section_enrichment.json|reference_library/source_excerpts/section_source_excerpts.json|reference_library/reusable_tables/table_catalog.json|reference_library/reusable_figures/figure_catalog.json|sources/indexes/compact_stage_reference_map.json,
U8-S5-BLK-I01,SPIRAL,Algebra 1,8,8.5,Blooket,Blooket,,INTRO,,,,,,,data -> model family -> equation,1,Students will synthesize understanding of function families and representations to solve complex problems.,"I can construct a solution pathway that connects equations, graphs, tables, and contexts across function families.",Connect representations; use algebraic structure precisely; model and interpret quantities; justify conclusions with mathematical evidence when the task requires it.,multiple_choice,selected_response,instructional,45,,,,assessment_plans/original/unit8_assessment_plan/unit8_assessment_plan.html|reference_library/question_structures/section_enrichment.json|reference_library/source_excerpts/section_source_excerpts.json|reference_library/reusable_tables/table_catalog.json|reference_library/reusable_figures/figure_catalog.json|sources/indexes/compact_stage_reference_map.json,
U8-S5-BLK-I02,SPIRAL,Algebra 1,8,8.5,Blooket,Blooket,,INTRO,,,,,,,data -> model family -> equation,1,Students will synthesize understanding of function families and representations to solve complex problems.,"I can construct a solution pathway that connects equations, graphs, tables, and contexts across function families.",Connect representations; use algebraic structure precisely; model and interpret quantities; justify conclusions with mathematical evidence when the task requires it.,multiple_choice,selected_response,instructional,45,,,,assessment_plans/original/unit8_assessment_plan/unit8_assessment_plan.html|reference_library/question_structures/section_enrichment.json|reference_library/source_excerpts/section_source_excerpts.json|reference_library/reusable_tables/table_catalog.json|reference_library/reusable_figures/figure_catalog.json|sources/indexes/compact_stage_reference_map.json,
U8-S5-BLK-I03,SPIRAL,Algebra 1,8,8.5,Blooket,Blooket,,INTRO,,,,,,,data -> model family -> equation,2,Students will synthesize understanding of function families and representations to solve complex problems.,"I can construct a solution pathway that connects equations, graphs, tables, and contexts across function families.",Connect representations; use algebraic structure precisely; model and interpret quantities; justify conclusions with mathematical evidence when the task requires it.,multiple_choice,selected_response,instructional,45,,,,assessment_plans/original/unit8_assessment_plan/unit8_assessment_plan.html|reference_library/question_structures/section_enrichment.json|reference_library/source_excerpts/section_source_excerpts.json|reference_library/reusable_tables/table_catalog.json|reference_library/reusable_figures/figure_catalog.json|sources/indexes/compact_stage_reference_map.json,
U8-S5-BLK-I04,SPIRAL,Algebra 1,8,8.5,Blooket,Blooket,,INTRO,,,,,,,data -> model family -> equation,1,Students will synthesize understanding of function families and representations to solve complex problems.,"I can construct a solution pathway that connects equations, graphs, tables, and contexts across function families.",Connect representations; use algebraic structure precisely; model and interpret quantities; justify conclusions with mathematical evidence when the task requires it.,multiple_choice,selected_response,instructional,45,,,,assessment_plans/original/unit8_assessment_plan/unit8_assessment_plan.html|reference_library/question_structures/section_enrichment.json|reference_library/source_excerpts/section_source_excerpts.json|reference_library/reusable_tables/table_catalog.json|reference_library/reusable_figures/figure_catalog.json|sources/indexes/compact_stage_reference_map.json,
U8-S5-BLK-I05,SPIRAL,Algebra 1,8,8.5,Blooket,Blooket,,INTRO,,,,,,,data -> model family -> equation,1,Students will synthesize understanding of function families and representations to solve complex problems.,"I can construct a solution pathway that connects equations, graphs, tables, and contexts across function families.",Connect representations; use algebraic structure precisely; model and interpret quantities; justify conclusions with mathematical evidence when the task requires it.,multiple_choice,selected_response,instructional,45,,,,assessment_plans/original/unit8_assessment_plan/unit8_assessment_plan.html|reference_library/question_structures/section_enrichment.json|reference_library/source_excerpts/section_source_excerpts.json|reference_library/reusable_tables/table_catalog.json|reference_library/reusable_figures/figure_catalog.json|sources/indexes/compact_stage_reference_map.json,
U8-S5-BLK-I06,SPIRAL,Algebra 1,8,8.5,Blooket,Blooket,,INTRO,,,,,,,data -> model family -> equation,2,Students will synthesize understanding of function families and representations to solve complex problems.,"I can construct a solution pathway that connects equations, graphs, tables, and contexts across function families.",Connect representations; use algebraic structure precisely; model and interpret quantities; justify conclusions with mathematical evidence when the task requires it.,multiple_choice,selected_response,instructional,45,,,,assessment_plans/original/unit8_assessment_plan/unit8_assessment_plan.html|reference_library/question_structures/section_enrichment.json|reference_library/source_excerpts/section_source_excerpts.json|reference_library/reusable_tables/table_catalog.json|reference_library/reusable_figures/figure_catalog.json|sources/indexes/compact_stage_reference_map.json,
U8-S5-BLK-I07,SPIRAL,Algebra 1,8,8.5,Blooket,Blooket,,INTRO,,,,,,,data -> model family -> equation,1,Students will synthesize understanding of function families and representations to solve complex problems.,"I can construct a solution pathway that connects equations, graphs, tables, and contexts across function families.",Connect representations; use algebraic structure precisely; model and interpret quantities; justify conclusions with mathematical evidence when the task requires it.,multiple_choice,selected_response,instructional,45,,,,assessment_plans/original/unit8_assessment_plan/unit8_assessment_plan.html|reference_library/question_structures/section_enrichment.json|reference_library/source_excerpts/section_source_excerpts.json|reference_library/reusable_tables/table_catalog.json|reference_library/reusable_figures/figure_catalog.json|sources/indexes/compact_stage_reference_map.json,
U8-S5-BLK-I08,SPIRAL,Algebra 1,8,8.5,Blooket,Blooket,,INTRO,,,,,,,data -> model family -> equation,1,Students will synthesize understanding of function families and representations to solve complex problems.,"I can construct a solution pathway that connects equations, graphs, tables, and contexts across function families.",Connect representations; use algebraic structure precisely; model and interpret quantities; justify conclusions with mathematical evidence when the task requires it.,multiple_choice,selected_response,instructional,45,,,,assessment_plans/original/unit8_assessment_plan/unit8_assessment_plan.html|reference_library/question_structures/section_enrichment.json|reference_library/source_excerpts/section_source_excerpts.json|reference_library/reusable_tables/table_catalog.json|reference_library/reusable_figures/figure_catalog.json|sources/indexes/compact_stage_reference_map.json,
U8-S5-BLK-I09,SPIRAL,Algebra 1,8,8.5,Blooket,Blooket,,INTRO,,,,,,,data -> model family -> equation,2,Students will synthesize understanding of function families and representations to solve complex problems.,"I can construct a solution pathway that connects equations, graphs, tables, and contexts across function families.",Connect representations; use algebraic structure precisely; model and interpret quantities; justify conclusions with mathematical evidence when the task requires it.,multiple_choice,selected_response,instructional,45,,,,assessment_plans/original/unit8_assessment_plan/unit8_assessment_plan.html|reference_library/question_structures/section_enrichment.json|reference_library/source_excerpts/section_source_excerpts.json|reference_library/reusable_tables/table_catalog.json|reference_library/reusable_figures/figure_catalog.json|sources/indexes/compact_stage_reference_map.json,
U8-S5-BLK-I10,SPIRAL,Algebra 1,8,8.5,Blooket,Blooket,,INTRO,,,,,,,data -> model family -> equation,1,Students will synthesize understanding of function families and representations to solve complex problems.,"I can construct a solution pathway that connects equations, graphs, tables, and contexts across function families.",Connect representations; use algebraic structure precisely; model and interpret quantities; justify conclusions with mathematical evidence when the task requires it.,multiple_choice,selected_response,instructional,45,,,,assessment_plans/original/unit8_assessment_plan/unit8_assessment_plan.html|reference_library/question_structures/section_enrichment.json|reference_library/source_excerpts/section_source_excerpts.json|reference_library/reusable_tables/table_catalog.json|reference_library/reusable_figures/figure_catalog.json|sources/indexes/compact_stage_reference_map.json,
U8-S5-BLK-R01,SPIRAL,Algebra 1,8,8.5,Blooket,Blooket,,REVIEW,,,,,,,initial value + factor -> exponential equation/prediction,1,Students will synthesize understanding of function families and representations to solve complex problems.,"I can construct a solution pathway that connects equations, graphs, tables, and contexts across function families.",Connect representations; use algebraic structure precisely; model and interpret quantities; justify conclusions with mathematical evidence when the task requires it.,multiple_choice,selected_response,instructional,45,,,,assessment_plans/original/unit8_assessment_plan/unit8_assessment_plan.html|reference_library/question_structures/section_enrichment.json|reference_library/source_excerpts/section_source_excerpts.json|reference_library/reusable_tables/table_catalog.json|reference_library/reusable_figures/figure_catalog.json|sources/indexes/compact_stage_reference_map.json,
U8-S5-BLK-R02,SPIRAL,Algebra 1,8,8.5,Blooket,Blooket,,REVIEW,,,,,,,initial value + factor -> exponential equation/prediction,2,Students will synthesize understanding of function families and representations to solve complex problems.,"I can construct a solution pathway that connects equations, graphs, tables, and contexts across function families.",Connect representations; use algebraic structure precisely; model and interpret quantities; justify conclusions with mathematical evidence when the task requires it.,multiple_choice,selected_response,instructional,45,,,,assessment_plans/original/unit8_assessment_plan/unit8_assessment_plan.html|reference_library/question_structures/section_enrichment.json|reference_library/source_excerpts/section_source_excerpts.json|reference_library/reusable_tables/table_catalog.json|reference_library/reusable_figures/figure_catalog.json|sources/indexes/compact_stage_reference_map.json,
U8-S5-BLK-R03,SPIRAL,Algebra 1,8,8.5,Blooket,Blooket,,REVIEW,,,,,,,initial value + factor -> exponential equation/prediction,1,Students will synthesize understanding of function families and representations to solve complex problems.,"I can construct a solution pathway that connects equations, graphs, tables, and contexts across function families.",Connect representations; use algebraic structure precisely; model and interpret quantities; justify conclusions with mathematical evidence when the task requires it.,multiple_choice,selected_response,instructional,45,,,,assessment_plans/original/unit8_assessment_plan/unit8_assessment_plan.html|reference_library/question_structures/section_enrichment.json|reference_library/source_excerpts/section_source_excerpts.json|reference_library/reusable_tables/table_catalog.json|reference_library/reusable_figures/figure_catalog.json|sources/indexes/compact_stage_reference_map.json,
U8-S5-BLK-R04,SPIRAL,Algebra 1,8,8.5,Blooket,Blooket,,REVIEW,,,,,,,initial value + factor -> exponential equation/prediction,1,Students will synthesize understanding of function families and representations to solve complex problems.,"I can construct a solution pathway that connects equations, graphs, tables, and contexts across function families.",Connect representations; use algebraic structure precisely; model and interpret quantities; justify conclusions with mathematical evidence when the task requires it.,multiple_choice,selected_response,instructional,45,,,,assessment_plans/original/unit8_assessment_plan/unit8_assessment_plan.html|reference_library/question_structures/section_enrichment.json|reference_library/source_excerpts/section_source_excerpts.json|reference_library/reusable_tables/table_catalog.json|reference_library/reusable_figures/figure_catalog.json|sources/indexes/compact_stage_reference_map.json,
U8-S5-BLK-R05,SPIRAL,Algebra 1,8,8.5,Blooket,Blooket,,REVIEW,,,,,,,initial value + factor -> exponential equation/prediction,2,Students will synthesize understanding of function families and representations to solve complex problems.,"I can construct a solution pathway that connects equations, graphs, tables, and contexts across function families.",Connect representations; use algebraic structure precisely; model and interpret quantities; justify conclusions with mathematical evidence when the task requires it.,multiple_choice,selected_response,instructional,45,,,,assessment_plans/original/unit8_assessment_plan/unit8_assessment_plan.html|reference_library/question_structures/section_enrichment.json|reference_library/source_excerpts/section_source_excerpts.json|reference_library/reusable_tables/table_catalog.json|reference_library/reusable_figures/figure_catalog.json|sources/indexes/compact_stage_reference_map.json,
U8-S5-BLK-M01,SPIRAL,Algebra 1,8,8.5,Blooket,Blooket,,MASTERY,,,,,,,quadratic coefficients -> discriminant -> solution type,1,Students will synthesize understanding of function families and representations to solve complex problems.,"I can construct a solution pathway that connects equations, graphs, tables, and contexts across function families.",Connect representations; use algebraic structure precisely; model and interpret quantities; justify conclusions with mathematical evidence when the task requires it.,multiple_choice,selected_response,instructional,45,,,,assessment_plans/original/unit8_assessment_plan/unit8_assessment_plan.html|reference_library/question_structures/section_enrichment.json|reference_library/source_excerpts/section_source_excerpts.json|reference_library/reusable_tables/table_catalog.json|reference_library/reusable_figures/figure_catalog.json|sources/indexes/compact_stage_reference_map.json,
U8-S5-BLK-M02,SPIRAL,Algebra 1,8,8.5,Blooket,Blooket,,MASTERY,,,,,,,quadratic coefficients -> discriminant -> solution type,1,Students will synthesize understanding of function families and representations to solve complex problems.,"I can construct a solution pathway that connects equations, graphs, tables, and contexts across function families.",Connect representations; use algebraic structure precisely; model and interpret quantities; justify conclusions with mathematical evidence when the task requires it.,multiple_choice,selected_response,instructional,45,,,,assessment_plans/original/unit8_assessment_plan/unit8_assessment_plan.html|reference_library/question_structures/section_enrichment.json|reference_library/source_excerpts/section_source_excerpts.json|reference_library/reusable_tables/table_catalog.json|reference_library/reusable_figures/figure_catalog.json|sources/indexes/compact_stage_reference_map.json,
U8-S5-BLK-M03,SPIRAL,Algebra 1,8,8.5,Blooket,Blooket,,MASTERY,,,,,,,quadratic coefficients -> discriminant -> solution type,2,Students will synthesize understanding of function families and representations to solve complex problems.,"I can construct a solution pathway that connects equations, graphs, tables, and contexts across function families.",Connect representations; use algebraic structure precisely; model and interpret quantities; justify conclusions with mathematical evidence when the task requires it.,multiple_choice,selected_response,instructional,45,,,,assessment_plans/original/unit8_assessment_plan/unit8_assessment_plan.html|reference_library/question_structures/section_enrichment.json|reference_library/source_excerpts/section_source_excerpts.json|reference_library/reusable_tables/table_catalog.json|reference_library/reusable_figures/figure_catalog.json|sources/indexes/compact_stage_reference_map.json,
U8-S5-BLK-M04,SPIRAL,Algebra 1,8,8.5,Blooket,Blooket,,MASTERY,,,,,,,quadratic coefficients -> discriminant -> solution type,1,Students will synthesize understanding of function families and representations to solve complex problems.,"I can construct a solution pathway that connects equations, graphs, tables, and contexts across function families.",Connect representations; use algebraic structure precisely; model and interpret quantities; justify conclusions with mathematical evidence when the task requires it.,multiple_choice,selected_response,instructional,45,,,,assessment_plans/original/unit8_assessment_plan/unit8_assessment_plan.html|reference_library/question_structures/section_enrichment.json|reference_library/source_excerpts/section_source_excerpts.json|reference_library/reusable_tables/table_catalog.json|reference_library/reusable_figures/figure_catalog.json|sources/indexes/compact_stage_reference_map.json,
U8-S5-BLK-M05,SPIRAL,Algebra 1,8,8.5,Blooket,Blooket,,MASTERY,,,,,,,quadratic coefficients -> discriminant -> solution type,1,Students will synthesize understanding of function families and representations to solve complex problems.,"I can construct a solution pathway that connects equations, graphs, tables, and contexts across function families.",Connect representations; use algebraic structure precisely; model and interpret quantities; justify conclusions with mathematical evidence when the task requires it.,multiple_choice,selected_response,instructional,45,,,,assessment_plans/original/unit8_assessment_plan/unit8_assessment_plan.html|reference_library/question_structures/section_enrichment.json|reference_library/source_excerpts/section_source_excerpts.json|reference_library/reusable_tables/table_catalog.json|reference_library/reusable_figures/figure_catalog.json|sources/indexes/compact_stage_reference_map.json,
U8-S5-BLK-M06,SPIRAL,Algebra 1,8,8.5,Blooket,Blooket,,MASTERY,,,,,,,quadratic coefficients -> discriminant -> solution type,2,Students will synthesize understanding of function families and representations to solve complex problems.,"I can construct a solution pathway that connects equations, graphs, tables, and contexts across function families.",Connect representations; use algebraic structure precisely; model and interpret quantities; justify conclusions with mathematical evidence when the task requires it.,multiple_choice,selected_response,instructional,45,,,,assessment_plans/original/unit8_assessment_plan/unit8_assessment_plan.html|reference_library/question_structures/section_enrichment.json|reference_library/source_excerpts/section_source_excerpts.json|reference_library/reusable_tables/table_catalog.json|reference_library/reusable_figures/figure_catalog.json|sources/indexes/compact_stage_reference_map.json,
U8-S5-BLK-M07,SPIRAL,Algebra 1,8,8.5,Blooket,Blooket,,MASTERY,,,,,,,quadratic coefficients -> discriminant -> solution type,1,Students will synthesize understanding of function families and representations to solve complex problems.,"I can construct a solution pathway that connects equations, graphs, tables, and contexts across function families.",Connect representations; use algebraic structure precisely; model and interpret quantities; justify conclusions with mathematical evidence when the task requires it.,multiple_choice,selected_response,instructional,45,,,,assessment_plans/original/unit8_assessment_plan/unit8_assessment_plan.html|reference_library/question_structures/section_enrichment.json|reference_library/source_excerpts/section_source_excerpts.json|reference_library/reusable_tables/table_catalog.json|reference_library/reusable_figures/figure_catalog.json|sources/indexes/compact_stage_reference_map.json,
U8-S1-WU1-PK01,SPIRAL,Algebra 1,8,8.1,Warm-Up 1,Warm-Up 1,,PRIOR KNOWLEDGE,,,,,,,table pattern -> function family,1,"Students will determine whether a situation is best modeled by a linear, quadratic, or exponential function.","I can construct evidence from tables, graphs, and contexts to choose a linear, quadratic, or exponential model.",Connect representations; use algebraic structure precisely; model and interpret quantities; justify conclusions with mathematical evidence when the task requires it.,constructed_response,short_response,instructional,100,,,,assessment_plans/original/unit8_assessment_plan/unit8_assessment_plan.html|reference_library/question_structures/section_enrichment.json|reference_library/source_excerpts/section_source_excerpts.json|reference_library/reusable_tables/table_catalog.json|reference_library/reusable_figures/figure_catalog.json|sources/indexes/compact_stage_reference_map.json,
U8-S1-WU1-PK02,SPIRAL,Algebra 1,8,8.1,Warm-Up 1,Warm-Up 1,,PRIOR KNOWLEDGE,,,,,,,table pattern -> function family,1,"Students will determine whether a situation is best modeled by a linear, quadratic, or exponential function.","I can construct evidence from tables, graphs, and contexts to choose a linear, quadratic, or exponential model.",Connect representations; use algebraic structure precisely; model and interpret quantities; justify conclusions with mathematical evidence when the task requires it.,constructed_response,short_response,instructional,100,,,,assessment_plans/original/unit8_assessment_plan/unit8_assessment_plan.html|reference_library/question_structures/section_enrichment.json|reference_library/source_excerpts/section_source_excerpts.json|reference_library/reusable_tables/table_catalog.json|reference_library/reusable_figures/figure_catalog.json|sources/indexes/compact_stage_reference_map.json,
U8-S1-WU1-PK03,SPIRAL,Algebra 1,8,8.1,Warm-Up 1,Warm-Up 1,,PRIOR KNOWLEDGE,,,,,,,equation structure -> method choice,2,"Students will determine whether a situation is best modeled by a linear, quadratic, or exponential function.","I can construct evidence from tables, graphs, and contexts to choose a linear, quadratic, or exponential model.",Connect representations; use algebraic structure precisely; model and interpret quantities; justify conclusions with mathematical evidence when the task requires it.,constructed_response,short_response,instructional,100,,,,assessment_plans/original/unit8_assessment_plan/unit8_assessment_plan.html|reference_library/question_structures/section_enrichment.json|reference_library/source_excerpts/section_source_excerpts.json|reference_library/reusable_tables/table_catalog.json|reference_library/reusable_figures/figure_catalog.json|sources/indexes/compact_stage_reference_map.json,
U8-S1-WU2-I01,SPIRAL,Algebra 1,8,8.1,Warm-Up 2,Warm-Up 2,,INTRO,,,,,,,table pattern -> function family,1,"Students will determine whether a situation is best modeled by a linear, quadratic, or exponential function.","I can construct evidence from tables, graphs, and contexts to choose a linear, quadratic, or exponential model.",Connect representations; use algebraic structure precisely; model and interpret quantities; justify conclusions with mathematical evidence when the task requires it.,constructed_response,short_response,instructional,100,,,,assessment_plans/original/unit8_assessment_plan/unit8_assessment_plan.html|reference_library/question_structures/section_enrichment.json|reference_library/source_excerpts/section_source_excerpts.json|reference_library/reusable_tables/table_catalog.json|reference_library/reusable_figures/figure_catalog.json|sources/indexes/compact_stage_reference_map.json,
U8-S1-WU2-R02,SPIRAL,Algebra 1,8,8.1,Warm-Up 2,Warm-Up 2,,REVIEW,,,,,,,table pattern -> function family,1,"Students will determine whether a situation is best modeled by a linear, quadratic, or exponential function.","I can construct evidence from tables, graphs, and contexts to choose a linear, quadratic, or exponential model.",Connect representations; use algebraic structure precisely; model and interpret quantities; justify conclusions with mathematical evidence when the task requires it.,constructed_response,short_response,instructional,100,,,,assessment_plans/original/unit8_assessment_plan/unit8_assessment_plan.html|reference_library/question_structures/section_enrichment.json|reference_library/source_excerpts/section_source_excerpts.json|reference_library/reusable_tables/table_catalog.json|reference_library/reusable_figures/figure_catalog.json|sources/indexes/compact_stage_reference_map.json,
U8-S1-WU2-M03,SPIRAL,Algebra 1,8,8.1,Warm-Up 2,Warm-Up 2,,MASTERY,,,,,,,equation structure -> method choice,2,"Students will determine whether a situation is best modeled by a linear, quadratic, or exponential function.","I can construct evidence from tables, graphs, and contexts to choose a linear, quadratic, or exponential model.",Connect representations; use algebraic structure precisely; model and interpret quantities; justify conclusions with mathematical evidence when the task requires it.,constructed_response,short_response,instructional,100,,,,assessment_plans/original/unit8_assessment_plan/unit8_assessment_plan.html|reference_library/question_structures/section_enrichment.json|reference_library/source_excerpts/section_source_excerpts.json|reference_library/reusable_tables/table_catalog.json|reference_library/reusable_figures/figure_catalog.json|sources/indexes/compact_stage_reference_map.json,
U8-S1-WU3-I01,SPIRAL,Algebra 1,8,8.1,Warm-Up 3,Warm-Up 3,,INTRO,,,,,,,table pattern -> function family,1,"Students will determine whether a situation is best modeled by a linear, quadratic, or exponential function.","I can construct evidence from tables, graphs, and contexts to choose a linear, quadratic, or exponential model.",Connect representations; use algebraic structure precisely; model and interpret quantities; justify conclusions with mathematical evidence when the task requires it.,constructed_response,short_response,instructional,100,,,,assessment_plans/original/unit8_assessment_plan/unit8_assessment_plan.html|reference_library/question_structures/section_enrichment.json|reference_library/source_excerpts/section_source_excerpts.json|reference_library/reusable_tables/table_catalog.json|reference_library/reusable_figures/figure_catalog.json|sources/indexes/compact_stage_reference_map.json,
U8-S1-WU3-I02,SPIRAL,Algebra 1,8,8.1,Warm-Up 3,Warm-Up 3,,INTRO,,,,,,,table pattern -> function family,1,"Students will determine whether a situation is best modeled by a linear, quadratic, or exponential function.","I can construct evidence from tables, graphs, and contexts to choose a linear, quadratic, or exponential model.",Connect representations; use algebraic structure precisely; model and interpret quantities; justify conclusions with mathematical evidence when the task requires it.,constructed_response,short_response,instructional,100,,,,assessment_plans/original/unit8_assessment_plan/unit8_assessment_plan.html|reference_library/question_structures/section_enrichment.json|reference_library/source_excerpts/section_source_excerpts.json|reference_library/reusable_tables/table_catalog.json|reference_library/reusable_figures/figure_catalog.json|sources/indexes/compact_stage_reference_map.json,
U8-S1-WU3-M03,SPIRAL,Algebra 1,8,8.1,Warm-Up 3,Warm-Up 3,,MASTERY,,,,,,,equation structure -> method choice,2,"Students will determine whether a situation is best modeled by a linear, quadratic, or exponential function.","I can construct evidence from tables, graphs, and contexts to choose a linear, quadratic, or exponential model.",Connect representations; use algebraic structure precisely; model and interpret quantities; justify conclusions with mathematical evidence when the task requires it.,constructed_response,short_response,instructional,100,,,,assessment_plans/original/unit8_assessment_plan/unit8_assessment_plan.html|reference_library/question_structures/section_enrichment.json|reference_library/source_excerpts/section_source_excerpts.json|reference_library/reusable_tables/table_catalog.json|reference_library/reusable_figures/figure_catalog.json|sources/indexes/compact_stage_reference_map.json,
U8-S2-WU1-PK01,SPIRAL,Algebra 1,8,8.2,Warm-Up 1,Warm-Up 1,,PRIOR KNOWLEDGE,,,,,,,exponential equation -> graph features,1,Students will analyze transformations across multiple function families.,"I can build transformed function rules from parent functions across linear, quadratic, exponential, and absolute value families.",Connect representations; use algebraic structure precisely; model and interpret quantities; justify conclusions with mathematical evidence when the task requires it.,constructed_response,short_response,instructional,100,,,,assessment_plans/original/unit8_assessment_plan/unit8_assessment_plan.html|reference_library/question_structures/section_enrichment.json|reference_library/source_excerpts/section_source_excerpts.json|reference_library/reusable_tables/table_catalog.json|reference_library/reusable_figures/figure_catalog.json|sources/indexes/compact_stage_reference_map.json,
U8-S2-WU1-PK02,SPIRAL,Algebra 1,8,8.2,Warm-Up 1,Warm-Up 1,,PRIOR KNOWLEDGE,,,,,,,exponential equation -> graph features,1,Students will analyze transformations across multiple function families.,"I can build transformed function rules from parent functions across linear, quadratic, exponential, and absolute value families.",Connect representations; use algebraic structure precisely; model and interpret quantities; justify conclusions with mathematical evidence when the task requires it.,constructed_response,short_response,instructional,100,,,,assessment_plans/original/unit8_assessment_plan/unit8_assessment_plan.html|reference_library/question_structures/section_enrichment.json|reference_library/source_excerpts/section_source_excerpts.json|reference_library/reusable_tables/table_catalog.json|reference_library/reusable_figures/figure_catalog.json|sources/indexes/compact_stage_reference_map.json,
U8-S2-WU1-PK03,SPIRAL,Algebra 1,8,8.2,Warm-Up 1,Warm-Up 1,,PRIOR KNOWLEDGE,,,,,,,standard quadratic -> complete square -> solutions,2,Students will analyze transformations across multiple function families.,"I can build transformed function rules from parent functions across linear, quadratic, exponential, and absolute value families.",Connect representations; use algebraic structure precisely; model and interpret quantities; justify conclusions with mathematical evidence when the task requires it.,constructed_response,short_response,instructional,100,,,,assessment_plans/original/unit8_assessment_plan/unit8_assessment_plan.html|reference_library/question_structures/section_enrichment.json|reference_library/source_excerpts/section_source_excerpts.json|reference_library/reusable_tables/table_catalog.json|reference_library/reusable_figures/figure_catalog.json|sources/indexes/compact_stage_reference_map.json,
U8-S2-WU2-I01,SPIRAL,Algebra 1,8,8.2,Warm-Up 2,Warm-Up 2,,INTRO,,,,,,,transformation equation -> verbal transformation,1,Students will analyze transformations across multiple function families.,"I can build transformed function rules from parent functions across linear, quadratic, exponential, and absolute value families.",Connect representations; use algebraic structure precisely; model and interpret quantities; justify conclusions with mathematical evidence when the task requires it.,constructed_response,short_response,instructional,100,,,,assessment_plans/original/unit8_assessment_plan/unit8_assessment_plan.html|reference_library/question_structures/section_enrichment.json|reference_library/source_excerpts/section_source_excerpts.json|reference_library/reusable_tables/table_catalog.json|reference_library/reusable_figures/figure_catalog.json|sources/indexes/compact_stage_reference_map.json,
U8-S2-WU2-R02,SPIRAL,Algebra 1,8,8.2,Warm-Up 2,Warm-Up 2,,REVIEW,,,,,,,exponential equation -> graph features,1,Students will analyze transformations across multiple function families.,"I can build transformed function rules from parent functions across linear, quadratic, exponential, and absolute value families.",Connect representations; use algebraic structure precisely; model and interpret quantities; justify conclusions with mathematical evidence when the task requires it.,constructed_response,short_response,instructional,100,,,,assessment_plans/original/unit8_assessment_plan/unit8_assessment_plan.html|reference_library/question_structures/section_enrichment.json|reference_library/source_excerpts/section_source_excerpts.json|reference_library/reusable_tables/table_catalog.json|reference_library/reusable_figures/figure_catalog.json|sources/indexes/compact_stage_reference_map.json,
U8-S2-WU2-M03,SPIRAL,Algebra 1,8,8.2,Warm-Up 2,Warm-Up 2,,MASTERY,,,,,,,standard quadratic -> complete square -> solutions,2,Students will analyze transformations across multiple function families.,"I can build transformed function rules from parent functions across linear, quadratic, exponential, and absolute value families.",Connect representations; use algebraic structure precisely; model and interpret quantities; justify conclusions with mathematical evidence when the task requires it.,constructed_response,short_response,instructional,100,,,,assessment_plans/original/unit8_assessment_plan/unit8_assessment_plan.html|reference_library/question_structures/section_enrichment.json|reference_library/source_excerpts/section_source_excerpts.json|reference_library/reusable_tables/table_catalog.json|reference_library/reusable_figures/figure_catalog.json|sources/indexes/compact_stage_reference_map.json,
U8-S2-WU3-I01,SPIRAL,Algebra 1,8,8.2,Warm-Up 3,Warm-Up 3,,INTRO,,,,,,,transformation equation -> verbal transformation,1,Students will analyze transformations across multiple function families.,"I can build transformed function rules from parent functions across linear, quadratic, exponential, and absolute value families.",Connect representations; use algebraic structure precisely; model and interpret quantities; justify conclusions with mathematical evidence when the task requires it.,constructed_response,short_response,instructional,100,,,,assessment_plans/original/unit8_assessment_plan/unit8_assessment_plan.html|reference_library/question_structures/section_enrichment.json|reference_library/source_excerpts/section_source_excerpts.json|reference_library/reusable_tables/table_catalog.json|reference_library/reusable_figures/figure_catalog.json|sources/indexes/compact_stage_reference_map.json,
U8-S2-WU3-I02,SPIRAL,Algebra 1,8,8.2,Warm-Up 3,Warm-Up 3,,INTRO,,,,,,,transformation equation -> verbal transformation,1,Students will analyze transformations across multiple function families.,"I can build transformed function rules from parent functions across linear, quadratic, exponential, and absolute value families.",Connect representations; use algebraic structure precisely; model and interpret quantities; justify conclusions with mathematical evidence when the task requires it.,constructed_response,short_response,instructional,100,,,,assessment_plans/original/unit8_assessment_plan/unit8_assessment_plan.html|reference_library/question_structures/section_enrichment.json|reference_library/source_excerpts/section_source_excerpts.json|reference_library/reusable_tables/table_catalog.json|reference_library/reusable_figures/figure_catalog.json|sources/indexes/compact_stage_reference_map.json,
U8-S2-WU3-M03,SPIRAL,Algebra 1,8,8.2,Warm-Up 3,Warm-Up 3,,MASTERY,,,,,,,standard quadratic -> complete square -> solutions,2,Students will analyze transformations across multiple function families.,"I can build transformed function rules from parent functions across linear, quadratic, exponential, and absolute value families.",Connect representations; use algebraic structure precisely; model and interpret quantities; justify conclusions with mathematical evidence when the task requires it.,constructed_response,short_response,instructional,100,,,,assessment_plans/original/unit8_assessment_plan/unit8_assessment_plan.html|reference_library/question_structures/section_enrichment.json|reference_library/source_excerpts/section_source_excerpts.json|reference_library/reusable_tables/table_catalog.json|reference_library/reusable_figures/figure_catalog.json|sources/indexes/compact_stage_reference_map.json,
U8-S3-WU1-PK01,SPIRAL,Algebra 1,8,8.3,Warm-Up 1,Warm-Up 1,,PRIOR KNOWLEDGE,,,,,,,table pattern -> function family,1,Students will analyze and model situations involving absolute value functions.,"I can design an absolute value or piecewise representation for situations with distance, change in direction, or two-part behavior.",Connect representations; use algebraic structure precisely; model and interpret quantities; justify conclusions with mathematical evidence when the task requires it.,constructed_response,short_response,instructional,100,,,,assessment_plans/original/unit8_assessment_plan/unit8_assessment_plan.html|reference_library/question_structures/section_enrichment.json|reference_library/source_excerpts/section_source_excerpts.json|reference_library/reusable_tables/table_catalog.json|reference_library/reusable_figures/figure_catalog.json|sources/indexes/compact_stage_reference_map.json,
U8-S3-WU1-PK02,SPIRAL,Algebra 1,8,8.3,Warm-Up 1,Warm-Up 1,,PRIOR KNOWLEDGE,,,,,,,table pattern -> function family,1,Students will analyze and model situations involving absolute value functions.,"I can design an absolute value or piecewise representation for situations with distance, change in direction, or two-part behavior.",Connect representations; use algebraic structure precisely; model and interpret quantities; justify conclusions with mathematical evidence when the task requires it.,constructed_response,short_response,instructional,100,,,,assessment_plans/original/unit8_assessment_plan/unit8_assessment_plan.html|reference_library/question_structures/section_enrichment.json|reference_library/source_excerpts/section_source_excerpts.json|reference_library/reusable_tables/table_catalog.json|reference_library/reusable_figures/figure_catalog.json|sources/indexes/compact_stage_reference_map.json,
U8-S3-WU1-PK03,SPIRAL,Algebra 1,8,8.3,Warm-Up 1,Warm-Up 1,,PRIOR KNOWLEDGE,,,,,,,factored quadratic equation -> zero product solutions,2,Students will analyze and model situations involving absolute value functions.,"I can design an absolute value or piecewise representation for situations with distance, change in direction, or two-part behavior.",Connect representations; use algebraic structure precisely; model and interpret quantities; justify conclusions with mathematical evidence when the task requires it.,constructed_response,short_response,instructional,100,,,,assessment_plans/original/unit8_assessment_plan/unit8_assessment_plan.html|reference_library/question_structures/section_enrichment.json|reference_library/source_excerpts/section_source_excerpts.json|reference_library/reusable_tables/table_catalog.json|reference_library/reusable_figures/figure_catalog.json|sources/indexes/compact_stage_reference_map.json,
U8-S3-WU2-I01,SPIRAL,Algebra 1,8,8.3,Warm-Up 2,Warm-Up 2,,INTRO,,,,,,,absolute-value rule -> vertex/output/piecewise behavior,1,Students will analyze and model situations involving absolute value functions.,"I can design an absolute value or piecewise representation for situations with distance, change in direction, or two-part behavior.",Connect representations; use algebraic structure precisely; model and interpret quantities; justify conclusions with mathematical evidence when the task requires it.,constructed_response,short_response,instructional,100,,,,assessment_plans/original/unit8_assessment_plan/unit8_assessment_plan.html|reference_library/question_structures/section_enrichment.json|reference_library/source_excerpts/section_source_excerpts.json|reference_library/reusable_tables/table_catalog.json|reference_library/reusable_figures/figure_catalog.json|sources/indexes/compact_stage_reference_map.json,
U8-S3-WU2-R02,SPIRAL,Algebra 1,8,8.3,Warm-Up 2,Warm-Up 2,,REVIEW,,,,,,,table pattern -> function family,1,Students will analyze and model situations involving absolute value functions.,"I can design an absolute value or piecewise representation for situations with distance, change in direction, or two-part behavior.",Connect representations; use algebraic structure precisely; model and interpret quantities; justify conclusions with mathematical evidence when the task requires it.,constructed_response,short_response,instructional,100,,,,assessment_plans/original/unit8_assessment_plan/unit8_assessment_plan.html|reference_library/question_structures/section_enrichment.json|reference_library/source_excerpts/section_source_excerpts.json|reference_library/reusable_tables/table_catalog.json|reference_library/reusable_figures/figure_catalog.json|sources/indexes/compact_stage_reference_map.json,
U8-S3-WU2-M03,SPIRAL,Algebra 1,8,8.3,Warm-Up 2,Warm-Up 2,,MASTERY,,,,,,,factored quadratic equation -> zero product solutions,2,Students will analyze and model situations involving absolute value functions.,"I can design an absolute value or piecewise representation for situations with distance, change in direction, or two-part behavior.",Connect representations; use algebraic structure precisely; model and interpret quantities; justify conclusions with mathematical evidence when the task requires it.,constructed_response,short_response,instructional,100,,,,assessment_plans/original/unit8_assessment_plan/unit8_assessment_plan.html|reference_library/question_structures/section_enrichment.json|reference_library/source_excerpts/section_source_excerpts.json|reference_library/reusable_tables/table_catalog.json|reference_library/reusable_figures/figure_catalog.json|sources/indexes/compact_stage_reference_map.json,
U8-S3-WU3-I01,SPIRAL,Algebra 1,8,8.3,Warm-Up 3,Warm-Up 3,,INTRO,,,,,,,absolute-value rule -> vertex/output/piecewise behavior,1,Students will analyze and model situations involving absolute value functions.,"I can design an absolute value or piecewise representation for situations with distance, change in direction, or two-part behavior.",Connect representations; use algebraic structure precisely; model and interpret quantities; justify conclusions with mathematical evidence when the task requires it.,constructed_response,short_response,instructional,100,,,,assessment_plans/original/unit8_assessment_plan/unit8_assessment_plan.html|reference_library/question_structures/section_enrichment.json|reference_library/source_excerpts/section_source_excerpts.json|reference_library/reusable_tables/table_catalog.json|reference_library/reusable_figures/figure_catalog.json|sources/indexes/compact_stage_reference_map.json,
U8-S3-WU3-I02,SPIRAL,Algebra 1,8,8.3,Warm-Up 3,Warm-Up 3,,INTRO,,,,,,,absolute-value rule -> vertex/output/piecewise behavior,1,Students will analyze and model situations involving absolute value functions.,"I can design an absolute value or piecewise representation for situations with distance, change in direction, or two-part behavior.",Connect representations; use algebraic structure precisely; model and interpret quantities; justify conclusions with mathematical evidence when the task requires it.,constructed_response,short_response,instructional,100,,,,assessment_plans/original/unit8_assessment_plan/unit8_assessment_plan.html|reference_library/question_structures/section_enrichment.json|reference_library/source_excerpts/section_source_excerpts.json|reference_library/reusable_tables/table_catalog.json|reference_library/reusable_figures/figure_catalog.json|sources/indexes/compact_stage_reference_map.json,
U8-S3-WU3-M03,SPIRAL,Algebra 1,8,8.3,Warm-Up 3,Warm-Up 3,,MASTERY,,,,,,,factored quadratic equation -> zero product solutions,2,Students will analyze and model situations involving absolute value functions.,"I can design an absolute value or piecewise representation for situations with distance, change in direction, or two-part behavior.",Connect representations; use algebraic structure precisely; model and interpret quantities; justify conclusions with mathematical evidence when the task requires it.,constructed_response,short_response,instructional,100,,,,assessment_plans/original/unit8_assessment_plan/unit8_assessment_plan.html|reference_library/question_structures/section_enrichment.json|reference_library/source_excerpts/section_source_excerpts.json|reference_library/reusable_tables/table_catalog.json|reference_library/reusable_figures/figure_catalog.json|sources/indexes/compact_stage_reference_map.json,
U8-S4-WU1-PK01,SPIRAL,Algebra 1,8,8.4,Warm-Up 1,Warm-Up 1,,PRIOR KNOWLEDGE,,,,,,,exponential model -> parameter interpretation/prediction,1,Students will create and analyze mathematical models using real-world data.,I can formulate a mathematical model from real-world data and state the assumptions used.,Connect representations; use algebraic structure precisely; model and interpret quantities; justify conclusions with mathematical evidence when the task requires it.,constructed_response,short_response,instructional,100,,,,assessment_plans/original/unit8_assessment_plan/unit8_assessment_plan.html|reference_library/question_structures/section_enrichment.json|reference_library/source_excerpts/section_source_excerpts.json|reference_library/reusable_tables/table_catalog.json|reference_library/reusable_figures/figure_catalog.json|sources/indexes/compact_stage_reference_map.json,
U8-S4-WU1-PK02,SPIRAL,Algebra 1,8,8.4,Warm-Up 1,Warm-Up 1,,PRIOR KNOWLEDGE,,,,,,,exponential model -> parameter interpretation/prediction,1,Students will create and analyze mathematical models using real-world data.,I can formulate a mathematical model from real-world data and state the assumptions used.,Connect representations; use algebraic structure precisely; model and interpret quantities; justify conclusions with mathematical evidence when the task requires it.,constructed_response,short_response,instructional,100,,,,assessment_plans/original/unit8_assessment_plan/unit8_assessment_plan.html|reference_library/question_structures/section_enrichment.json|reference_library/source_excerpts/section_source_excerpts.json|reference_library/reusable_tables/table_catalog.json|reference_library/reusable_figures/figure_catalog.json|sources/indexes/compact_stage_reference_map.json,
U8-S4-WU1-PK03,SPIRAL,Algebra 1,8,8.4,Warm-Up 1,Warm-Up 1,,PRIOR KNOWLEDGE,,,,,,,vertex-form model -> maximum and prediction,2,Students will create and analyze mathematical models using real-world data.,I can formulate a mathematical model from real-world data and state the assumptions used.,Connect representations; use algebraic structure precisely; model and interpret quantities; justify conclusions with mathematical evidence when the task requires it.,constructed_response,short_response,instructional,100,,,,assessment_plans/original/unit8_assessment_plan/unit8_assessment_plan.html|reference_library/question_structures/section_enrichment.json|reference_library/source_excerpts/section_source_excerpts.json|reference_library/reusable_tables/table_catalog.json|reference_library/reusable_figures/figure_catalog.json|sources/indexes/compact_stage_reference_map.json,
U8-S4-WU2-I01,SPIRAL,Algebra 1,8,8.4,Warm-Up 2,Warm-Up 2,,INTRO,,,,,,,data -> model family -> equation,1,Students will create and analyze mathematical models using real-world data.,I can formulate a mathematical model from real-world data and state the assumptions used.,Connect representations; use algebraic structure precisely; model and interpret quantities; justify conclusions with mathematical evidence when the task requires it.,constructed_response,short_response,instructional,100,,,,assessment_plans/original/unit8_assessment_plan/unit8_assessment_plan.html|reference_library/question_structures/section_enrichment.json|reference_library/source_excerpts/section_source_excerpts.json|reference_library/reusable_tables/table_catalog.json|reference_library/reusable_figures/figure_catalog.json|sources/indexes/compact_stage_reference_map.json,
U8-S4-WU2-R02,SPIRAL,Algebra 1,8,8.4,Warm-Up 2,Warm-Up 2,,REVIEW,,,,,,,exponential model -> parameter interpretation/prediction,1,Students will create and analyze mathematical models using real-world data.,I can formulate a mathematical model from real-world data and state the assumptions used.,Connect representations; use algebraic structure precisely; model and interpret quantities; justify conclusions with mathematical evidence when the task requires it.,constructed_response,short_response,instructional,100,,,,assessment_plans/original/unit8_assessment_plan/unit8_assessment_plan.html|reference_library/question_structures/section_enrichment.json|reference_library/source_excerpts/section_source_excerpts.json|reference_library/reusable_tables/table_catalog.json|reference_library/reusable_figures/figure_catalog.json|sources/indexes/compact_stage_reference_map.json,
U8-S4-WU2-M03,SPIRAL,Algebra 1,8,8.4,Warm-Up 2,Warm-Up 2,,MASTERY,,,,,,,vertex-form model -> maximum and prediction,2,Students will create and analyze mathematical models using real-world data.,I can formulate a mathematical model from real-world data and state the assumptions used.,Connect representations; use algebraic structure precisely; model and interpret quantities; justify conclusions with mathematical evidence when the task requires it.,constructed_response,short_response,instructional,100,,,,assessment_plans/original/unit8_assessment_plan/unit8_assessment_plan.html|reference_library/question_structures/section_enrichment.json|reference_library/source_excerpts/section_source_excerpts.json|reference_library/reusable_tables/table_catalog.json|reference_library/reusable_figures/figure_catalog.json|sources/indexes/compact_stage_reference_map.json,
U8-S4-WU3-I01,SPIRAL,Algebra 1,8,8.4,Warm-Up 3,Warm-Up 3,,INTRO,,,,,,,data -> model family -> equation,1,Students will create and analyze mathematical models using real-world data.,I can formulate a mathematical model from real-world data and state the assumptions used.,Connect representations; use algebraic structure precisely; model and interpret quantities; justify conclusions with mathematical evidence when the task requires it.,constructed_response,short_response,instructional,100,,,,assessment_plans/original/unit8_assessment_plan/unit8_assessment_plan.html|reference_library/question_structures/section_enrichment.json|reference_library/source_excerpts/section_source_excerpts.json|reference_library/reusable_tables/table_catalog.json|reference_library/reusable_figures/figure_catalog.json|sources/indexes/compact_stage_reference_map.json,
U8-S4-WU3-I02,SPIRAL,Algebra 1,8,8.4,Warm-Up 3,Warm-Up 3,,INTRO,,,,,,,data -> model family -> equation,1,Students will create and analyze mathematical models using real-world data.,I can formulate a mathematical model from real-world data and state the assumptions used.,Connect representations; use algebraic structure precisely; model and interpret quantities; justify conclusions with mathematical evidence when the task requires it.,constructed_response,short_response,instructional,100,,,,assessment_plans/original/unit8_assessment_plan/unit8_assessment_plan.html|reference_library/question_structures/section_enrichment.json|reference_library/source_excerpts/section_source_excerpts.json|reference_library/reusable_tables/table_catalog.json|reference_library/reusable_figures/figure_catalog.json|sources/indexes/compact_stage_reference_map.json,
U8-S4-WU3-M03,SPIRAL,Algebra 1,8,8.4,Warm-Up 3,Warm-Up 3,,MASTERY,,,,,,,vertex-form model -> maximum and prediction,2,Students will create and analyze mathematical models using real-world data.,I can formulate a mathematical model from real-world data and state the assumptions used.,Connect representations; use algebraic structure precisely; model and interpret quantities; justify conclusions with mathematical evidence when the task requires it.,constructed_response,short_response,instructional,100,,,,assessment_plans/original/unit8_assessment_plan/unit8_assessment_plan.html|reference_library/question_structures/section_enrichment.json|reference_library/source_excerpts/section_source_excerpts.json|reference_library/reusable_tables/table_catalog.json|reference_library/reusable_figures/figure_catalog.json|sources/indexes/compact_stage_reference_map.json,
U8-S5-WU1-PK01,SPIRAL,Algebra 1,8,8.5,Warm-Up 1,Warm-Up 1,,PRIOR KNOWLEDGE,,,,,,,initial value + factor -> exponential equation/prediction,1,Students will synthesize understanding of function families and representations to solve complex problems.,"I can construct a solution pathway that connects equations, graphs, tables, and contexts across function families.",Connect representations; use algebraic structure precisely; model and interpret quantities; justify conclusions with mathematical evidence when the task requires it.,constructed_response,short_response,instructional,100,,,,assessment_plans/original/unit8_assessment_plan/unit8_assessment_plan.html|reference_library/question_structures/section_enrichment.json|reference_library/source_excerpts/section_source_excerpts.json|reference_library/reusable_tables/table_catalog.json|reference_library/reusable_figures/figure_catalog.json|sources/indexes/compact_stage_reference_map.json,
U8-S5-WU1-PK02,SPIRAL,Algebra 1,8,8.5,Warm-Up 1,Warm-Up 1,,PRIOR KNOWLEDGE,,,,,,,initial value + factor -> exponential equation/prediction,1,Students will synthesize understanding of function families and representations to solve complex problems.,"I can construct a solution pathway that connects equations, graphs, tables, and contexts across function families.",Connect representations; use algebraic structure precisely; model and interpret quantities; justify conclusions with mathematical evidence when the task requires it.,constructed_response,short_response,instructional,100,,,,assessment_plans/original/unit8_assessment_plan/unit8_assessment_plan.html|reference_library/question_structures/section_enrichment.json|reference_library/source_excerpts/section_source_excerpts.json|reference_library/reusable_tables/table_catalog.json|reference_library/reusable_figures/figure_catalog.json|sources/indexes/compact_stage_reference_map.json,
U8-S5-WU1-PK03,SPIRAL,Algebra 1,8,8.5,Warm-Up 1,Warm-Up 1,,PRIOR KNOWLEDGE,,,,,,,quadratic coefficients -> discriminant -> solution type,2,Students will synthesize understanding of function families and representations to solve complex problems.,"I can construct a solution pathway that connects equations, graphs, tables, and contexts across function families.",Connect representations; use algebraic structure precisely; model and interpret quantities; justify conclusions with mathematical evidence when the task requires it.,constructed_response,short_response,instructional,100,,,,assessment_plans/original/unit8_assessment_plan/unit8_assessment_plan.html|reference_library/question_structures/section_enrichment.json|reference_library/source_excerpts/section_source_excerpts.json|reference_library/reusable_tables/table_catalog.json|reference_library/reusable_figures/figure_catalog.json|sources/indexes/compact_stage_reference_map.json,
U8-S5-WU2-I01,SPIRAL,Algebra 1,8,8.5,Warm-Up 2,Warm-Up 2,,INTRO,,,,,,,data -> model family -> equation,1,Students will synthesize understanding of function families and representations to solve complex problems.,"I can construct a solution pathway that connects equations, graphs, tables, and contexts across function families.",Connect representations; use algebraic structure precisely; model and interpret quantities; justify conclusions with mathematical evidence when the task requires it.,constructed_response,short_response,instructional,100,,,,assessment_plans/original/unit8_assessment_plan/unit8_assessment_plan.html|reference_library/question_structures/section_enrichment.json|reference_library/source_excerpts/section_source_excerpts.json|reference_library/reusable_tables/table_catalog.json|reference_library/reusable_figures/figure_catalog.json|sources/indexes/compact_stage_reference_map.json,
U8-S5-WU2-R02,SPIRAL,Algebra 1,8,8.5,Warm-Up 2,Warm-Up 2,,REVIEW,,,,,,,initial value + factor -> exponential equation/prediction,1,Students will synthesize understanding of function families and representations to solve complex problems.,"I can construct a solution pathway that connects equations, graphs, tables, and contexts across function families.",Connect representations; use algebraic structure precisely; model and interpret quantities; justify conclusions with mathematical evidence when the task requires it.,constructed_response,short_response,instructional,100,,,,assessment_plans/original/unit8_assessment_plan/unit8_assessment_plan.html|reference_library/question_structures/section_enrichment.json|reference_library/source_excerpts/section_source_excerpts.json|reference_library/reusable_tables/table_catalog.json|reference_library/reusable_figures/figure_catalog.json|sources/indexes/compact_stage_reference_map.json,
U8-S5-WU2-M03,SPIRAL,Algebra 1,8,8.5,Warm-Up 2,Warm-Up 2,,MASTERY,,,,,,,quadratic coefficients -> discriminant -> solution type,2,Students will synthesize understanding of function families and representations to solve complex problems.,"I can construct a solution pathway that connects equations, graphs, tables, and contexts across function families.",Connect representations; use algebraic structure precisely; model and interpret quantities; justify conclusions with mathematical evidence when the task requires it.,constructed_response,short_response,instructional,100,,,,assessment_plans/original/unit8_assessment_plan/unit8_assessment_plan.html|reference_library/question_structures/section_enrichment.json|reference_library/source_excerpts/section_source_excerpts.json|reference_library/reusable_tables/table_catalog.json|reference_library/reusable_figures/figure_catalog.json|sources/indexes/compact_stage_reference_map.json,
U8-S5-WU3-I01,SPIRAL,Algebra 1,8,8.5,Warm-Up 3,Warm-Up 3,,INTRO,,,,,,,data -> model family -> equation,1,Students will synthesize understanding of function families and representations to solve complex problems.,"I can construct a solution pathway that connects equations, graphs, tables, and contexts across function families.",Connect representations; use algebraic structure precisely; model and interpret quantities; justify conclusions with mathematical evidence when the task requires it.,constructed_response,short_response,instructional,100,,,,assessment_plans/original/unit8_assessment_plan/unit8_assessment_plan.html|reference_library/question_structures/section_enrichment.json|reference_library/source_excerpts/section_source_excerpts.json|reference_library/reusable_tables/table_catalog.json|reference_library/reusable_figures/figure_catalog.json|sources/indexes/compact_stage_reference_map.json,
U8-S5-WU3-I02,SPIRAL,Algebra 1,8,8.5,Warm-Up 3,Warm-Up 3,,INTRO,,,,,,,data -> model family -> equation,1,Students will synthesize understanding of function families and representations to solve complex problems.,"I can construct a solution pathway that connects equations, graphs, tables, and contexts across function families.",Connect representations; use algebraic structure precisely; model and interpret quantities; justify conclusions with mathematical evidence when the task requires it.,constructed_response,short_response,instructional,100,,,,assessment_plans/original/unit8_assessment_plan/unit8_assessment_plan.html|reference_library/question_structures/section_enrichment.json|reference_library/source_excerpts/section_source_excerpts.json|reference_library/reusable_tables/table_catalog.json|reference_library/reusable_figures/figure_catalog.json|sources/indexes/compact_stage_reference_map.json,
U8-S5-WU3-M03,SPIRAL,Algebra 1,8,8.5,Warm-Up 3,Warm-Up 3,,MASTERY,,,,,,,quadratic coefficients -> discriminant -> solution type,2,Students will synthesize understanding of function families and representations to solve complex problems.,"I can construct a solution pathway that connects equations, graphs, tables, and contexts across function families.",Connect representations; use algebraic structure precisely; model and interpret quantities; justify conclusions with mathematical evidence when the task requires it.,constructed_response,short_response,instructional,100,,,,assessment_plans/original/unit8_assessment_plan/unit8_assessment_plan.html|reference_library/question_structures/section_enrichment.json|reference_library/source_excerpts/section_source_excerpts.json|reference_library/reusable_tables/table_catalog.json|reference_library/reusable_figures/figure_catalog.json|sources/indexes/compact_stage_reference_map.json,
U8-S1-ET-A-M01,SPIRAL,Algebra 1,8,8.1,Exit Ticket A,Exit Ticket A,,EVIDENCE,U8-MG01,U8-EP-81-ETA-01,,,,,factored quadratic equation -> zero product solutions,2,"Students will determine whether a situation is best modeled by a linear, quadratic, or exponential function.","I can construct evidence from tables, graphs, and contexts to choose a linear, quadratic, or exponential model.",Connect representations; use algebraic structure precisely; model and interpret quantities; justify conclusions with mathematical evidence when the task requires it.,constructed_response,short_response,formative-secure,110,,,,assessment_plans/original/unit8_assessment_plan/unit8_assessment_plan.html|reference_library/question_structures/section_enrichment.json|reference_library/source_excerpts/section_source_excerpts.json|reference_library/reusable_tables/table_catalog.json|reference_library/reusable_figures/figure_catalog.json|sources/indexes/compact_stage_reference_map.json,
U8-S1-ET-A-M02,SPIRAL,Algebra 1,8,8.1,Exit Ticket A,Exit Ticket A,,EVIDENCE,U8-MG02,U8-EP-81-ETA-02,,,,,standard quadratic -> complete square -> solutions,2,"Students will determine whether a situation is best modeled by a linear, quadratic, or exponential function.","I can construct evidence from tables, graphs, and contexts to choose a linear, quadratic, or exponential model.",Connect representations; use algebraic structure precisely; model and interpret quantities; justify conclusions with mathematical evidence when the task requires it.,constructed_response,short_response,formative-secure,110,,,,assessment_plans/original/unit8_assessment_plan/unit8_assessment_plan.html|reference_library/question_structures/section_enrichment.json|reference_library/source_excerpts/section_source_excerpts.json|reference_library/reusable_tables/table_catalog.json|reference_library/reusable_figures/figure_catalog.json|sources/indexes/compact_stage_reference_map.json,
U8-S1-ET-B-M01,SPIRAL,Algebra 1,8,8.1,Exit Ticket B,Exit Ticket B,,EVIDENCE,U8-MG02,U8-EP-81-ETB-01,,,,,standard quadratic -> complete square -> solutions,2,"Students will determine whether a situation is best modeled by a linear, quadratic, or exponential function.","I can construct evidence from tables, graphs, and contexts to choose a linear, quadratic, or exponential model.",Connect representations; use algebraic structure precisely; model and interpret quantities; justify conclusions with mathematical evidence when the task requires it.,constructed_response,short_response,formative-secure,110,,,,assessment_plans/original/unit8_assessment_plan/unit8_assessment_plan.html|reference_library/question_structures/section_enrichment.json|reference_library/source_excerpts/section_source_excerpts.json|reference_library/reusable_tables/table_catalog.json|reference_library/reusable_figures/figure_catalog.json|sources/indexes/compact_stage_reference_map.json,
U8-S1-ET-B-M02,SPIRAL,Algebra 1,8,8.1,Exit Ticket B,Exit Ticket B,,EVIDENCE,U8-MG03,U8-EP-81-ETB-02,,,,,quadratic coefficients -> discriminant -> solution type,2,"Students will determine whether a situation is best modeled by a linear, quadratic, or exponential function.","I can construct evidence from tables, graphs, and contexts to choose a linear, quadratic, or exponential model.",Connect representations; use algebraic structure precisely; model and interpret quantities; justify conclusions with mathematical evidence when the task requires it.,constructed_response,short_response,formative-secure,110,,,,assessment_plans/original/unit8_assessment_plan/unit8_assessment_plan.html|reference_library/question_structures/section_enrichment.json|reference_library/source_excerpts/section_source_excerpts.json|reference_library/reusable_tables/table_catalog.json|reference_library/reusable_figures/figure_catalog.json|sources/indexes/compact_stage_reference_map.json,
U8-S1-ET-C-M01,SPIRAL,Algebra 1,8,8.1,Exit Ticket C,Exit Ticket C,,EVIDENCE,U8-MG03,U8-EP-81-ETC-01,,,,,quadratic coefficients -> discriminant -> solution type,2,"Students will determine whether a situation is best modeled by a linear, quadratic, or exponential function.","I can construct evidence from tables, graphs, and contexts to choose a linear, quadratic, or exponential model.",Connect representations; use algebraic structure precisely; model and interpret quantities; justify conclusions with mathematical evidence when the task requires it.,constructed_response,short_response,formative-secure,110,,,,assessment_plans/original/unit8_assessment_plan/unit8_assessment_plan.html|reference_library/question_structures/section_enrichment.json|reference_library/source_excerpts/section_source_excerpts.json|reference_library/reusable_tables/table_catalog.json|reference_library/reusable_figures/figure_catalog.json|sources/indexes/compact_stage_reference_map.json,
U8-S1-ET-C-M02,SPIRAL,Algebra 1,8,8.1,Exit Ticket C,Exit Ticket C,,EVIDENCE,U8-MG04,U8-EP-81-ETC-02,,,,,table + equation -> representation agreement,2,"Students will determine whether a situation is best modeled by a linear, quadratic, or exponential function.","I can construct evidence from tables, graphs, and contexts to choose a linear, quadratic, or exponential model.",Connect representations; use algebraic structure precisely; model and interpret quantities; justify conclusions with mathematical evidence when the task requires it.,constructed_response,short_response,formative-secure,110,,,,assessment_plans/original/unit8_assessment_plan/unit8_assessment_plan.html|reference_library/question_structures/section_enrichment.json|reference_library/source_excerpts/section_source_excerpts.json|reference_library/reusable_tables/table_catalog.json|reference_library/reusable_figures/figure_catalog.json|sources/indexes/compact_stage_reference_map.json,
U8-S2-ET-A-M01,SPIRAL,Algebra 1,8,8.2,Exit Ticket A,Exit Ticket A,,EVIDENCE,U8-MG03,U8-EP-82-ETA-01,,,,,quadratic coefficients -> discriminant -> solution type,2,Students will analyze transformations across multiple function families.,"I can build transformed function rules from parent functions across linear, quadratic, exponential, and absolute value families.",Connect representations; use algebraic structure precisely; model and interpret quantities; justify conclusions with mathematical evidence when the task requires it.,constructed_response,short_response,formative-secure,110,,,,assessment_plans/original/unit8_assessment_plan/unit8_assessment_plan.html|reference_library/question_structures/section_enrichment.json|reference_library/source_excerpts/section_source_excerpts.json|reference_library/reusable_tables/table_catalog.json|reference_library/reusable_figures/figure_catalog.json|sources/indexes/compact_stage_reference_map.json,
U8-S2-ET-A-M02,SPIRAL,Algebra 1,8,8.2,Exit Ticket A,Exit Ticket A,,EVIDENCE,U8-MG04,U8-EP-82-ETA-02,,,,,table + equation -> representation agreement,2,Students will analyze transformations across multiple function families.,"I can build transformed function rules from parent functions across linear, quadratic, exponential, and absolute value families.",Connect representations; use algebraic structure precisely; model and interpret quantities; justify conclusions with mathematical evidence when the task requires it.,constructed_response,short_response,formative-secure,110,,,,assessment_plans/original/unit8_assessment_plan/unit8_assessment_plan.html|reference_library/question_structures/section_enrichment.json|reference_library/source_excerpts/section_source_excerpts.json|reference_library/reusable_tables/table_catalog.json|reference_library/reusable_figures/figure_catalog.json|sources/indexes/compact_stage_reference_map.json,
U8-S2-ET-B-M01,SPIRAL,Algebra 1,8,8.2,Exit Ticket B,Exit Ticket B,,EVIDENCE,U8-MG04,U8-EP-82-ETB-01,,,,,table + equation -> representation agreement,2,Students will analyze transformations across multiple function families.,"I can build transformed function rules from parent functions across linear, quadratic, exponential, and absolute value families.",Connect representations; use algebraic structure precisely; model and interpret quantities; justify conclusions with mathematical evidence when the task requires it.,constructed_response,short_response,formative-secure,110,,,,assessment_plans/original/unit8_assessment_plan/unit8_assessment_plan.html|reference_library/question_structures/section_enrichment.json|reference_library/source_excerpts/section_source_excerpts.json|reference_library/reusable_tables/table_catalog.json|reference_library/reusable_figures/figure_catalog.json|sources/indexes/compact_stage_reference_map.json,
U8-S2-ET-B-M02,SPIRAL,Algebra 1,8,8.2,Exit Ticket B,Exit Ticket B,,EVIDENCE,U8-MG05,U8-EP-82-ETB-02,,,,,vertex-form model -> maximum and prediction,2,Students will analyze transformations across multiple function families.,"I can build transformed function rules from parent functions across linear, quadratic, exponential, and absolute value families.",Connect representations; use algebraic structure precisely; model and interpret quantities; justify conclusions with mathematical evidence when the task requires it.,constructed_response,short_response,formative-secure,110,,,,assessment_plans/original/unit8_assessment_plan/unit8_assessment_plan.html|reference_library/question_structures/section_enrichment.json|reference_library/source_excerpts/section_source_excerpts.json|reference_library/reusable_tables/table_catalog.json|reference_library/reusable_figures/figure_catalog.json|sources/indexes/compact_stage_reference_map.json,
U8-S2-ET-C-M01,SPIRAL,Algebra 1,8,8.2,Exit Ticket C,Exit Ticket C,,EVIDENCE,U8-MG05,U8-EP-82-ETC-01,,,,,vertex-form model -> maximum and prediction,2,Students will analyze transformations across multiple function families.,"I can build transformed function rules from parent functions across linear, quadratic, exponential, and absolute value families.",Connect representations; use algebraic structure precisely; model and interpret quantities; justify conclusions with mathematical evidence when the task requires it.,constructed_response,short_response,formative-secure,110,,,,assessment_plans/original/unit8_assessment_plan/unit8_assessment_plan.html|reference_library/question_structures/section_enrichment.json|reference_library/source_excerpts/section_source_excerpts.json|reference_library/reusable_tables/table_catalog.json|reference_library/reusable_figures/figure_catalog.json|sources/indexes/compact_stage_reference_map.json,
U8-S2-ET-C-M02,SPIRAL,Algebra 1,8,8.2,Exit Ticket C,Exit Ticket C,,EVIDENCE,U8-MG01,U8-EP-82-ETC-02,,,,,factored quadratic equation -> zero product solutions,2,Students will analyze transformations across multiple function families.,"I can build transformed function rules from parent functions across linear, quadratic, exponential, and absolute value families.",Connect representations; use algebraic structure precisely; model and interpret quantities; justify conclusions with mathematical evidence when the task requires it.,constructed_response,short_response,formative-secure,110,,,,assessment_plans/original/unit8_assessment_plan/unit8_assessment_plan.html|reference_library/question_structures/section_enrichment.json|reference_library/source_excerpts/section_source_excerpts.json|reference_library/reusable_tables/table_catalog.json|reference_library/reusable_figures/figure_catalog.json|sources/indexes/compact_stage_reference_map.json,
U8-S3-ET-A-M01,SPIRAL,Algebra 1,8,8.3,Exit Ticket A,Exit Ticket A,,EVIDENCE,U8-MG05,U8-EP-83-ETA-01,,,,,vertex-form model -> maximum and prediction,2,Students will analyze and model situations involving absolute value functions.,"I can design an absolute value or piecewise representation for situations with distance, change in direction, or two-part behavior.",Connect representations; use algebraic structure precisely; model and interpret quantities; justify conclusions with mathematical evidence when the task requires it.,constructed_response,short_response,formative-secure,110,,,,assessment_plans/original/unit8_assessment_plan/unit8_assessment_plan.html|reference_library/question_structures/section_enrichment.json|reference_library/source_excerpts/section_source_excerpts.json|reference_library/reusable_tables/table_catalog.json|reference_library/reusable_figures/figure_catalog.json|sources/indexes/compact_stage_reference_map.json,
U8-S3-ET-A-M02,SPIRAL,Algebra 1,8,8.3,Exit Ticket A,Exit Ticket A,,EVIDENCE,U8-MG01,U8-EP-83-ETA-02,,,,,factored quadratic equation -> zero product solutions,2,Students will analyze and model situations involving absolute value functions.,"I can design an absolute value or piecewise representation for situations with distance, change in direction, or two-part behavior.",Connect representations; use algebraic structure precisely; model and interpret quantities; justify conclusions with mathematical evidence when the task requires it.,constructed_response,short_response,formative-secure,110,,,,assessment_plans/original/unit8_assessment_plan/unit8_assessment_plan.html|reference_library/question_structures/section_enrichment.json|reference_library/source_excerpts/section_source_excerpts.json|reference_library/reusable_tables/table_catalog.json|reference_library/reusable_figures/figure_catalog.json|sources/indexes/compact_stage_reference_map.json,
U8-S3-ET-B-M01,SPIRAL,Algebra 1,8,8.3,Exit Ticket B,Exit Ticket B,,EVIDENCE,U8-MG01,U8-EP-83-ETB-01,,,,,factored quadratic equation -> zero product solutions,2,Students will analyze and model situations involving absolute value functions.,"I can design an absolute value or piecewise representation for situations with distance, change in direction, or two-part behavior.",Connect representations; use algebraic structure precisely; model and interpret quantities; justify conclusions with mathematical evidence when the task requires it.,constructed_response,short_response,formative-secure,110,,,,assessment_plans/original/unit8_assessment_plan/unit8_assessment_plan.html|reference_library/question_structures/section_enrichment.json|reference_library/source_excerpts/section_source_excerpts.json|reference_library/reusable_tables/table_catalog.json|reference_library/reusable_figures/figure_catalog.json|sources/indexes/compact_stage_reference_map.json,
U8-S3-ET-B-M02,SPIRAL,Algebra 1,8,8.3,Exit Ticket B,Exit Ticket B,,EVIDENCE,U8-MG02,U8-EP-83-ETB-02,,,,,standard quadratic -> complete square -> solutions,2,Students will analyze and model situations involving absolute value functions.,"I can design an absolute value or piecewise representation for situations with distance, change in direction, or two-part behavior.",Connect representations; use algebraic structure precisely; model and interpret quantities; justify conclusions with mathematical evidence when the task requires it.,constructed_response,short_response,formative-secure,110,,,,assessment_plans/original/unit8_assessment_plan/unit8_assessment_plan.html|reference_library/question_structures/section_enrichment.json|reference_library/source_excerpts/section_source_excerpts.json|reference_library/reusable_tables/table_catalog.json|reference_library/reusable_figures/figure_catalog.json|sources/indexes/compact_stage_reference_map.json,
U8-S3-ET-C-M01,SPIRAL,Algebra 1,8,8.3,Exit Ticket C,Exit Ticket C,,EVIDENCE,U8-MG02,U8-EP-83-ETC-01,,,,,standard quadratic -> complete square -> solutions,2,Students will analyze and model situations involving absolute value functions.,"I can design an absolute value or piecewise representation for situations with distance, change in direction, or two-part behavior.",Connect representations; use algebraic structure precisely; model and interpret quantities; justify conclusions with mathematical evidence when the task requires it.,constructed_response,short_response,formative-secure,110,,,,assessment_plans/original/unit8_assessment_plan/unit8_assessment_plan.html|reference_library/question_structures/section_enrichment.json|reference_library/source_excerpts/section_source_excerpts.json|reference_library/reusable_tables/table_catalog.json|reference_library/reusable_figures/figure_catalog.json|sources/indexes/compact_stage_reference_map.json,
U8-S3-ET-C-M02,SPIRAL,Algebra 1,8,8.3,Exit Ticket C,Exit Ticket C,,EVIDENCE,U8-MG03,U8-EP-83-ETC-02,,,,,quadratic coefficients -> discriminant -> solution type,2,Students will analyze and model situations involving absolute value functions.,"I can design an absolute value or piecewise representation for situations with distance, change in direction, or two-part behavior.",Connect representations; use algebraic structure precisely; model and interpret quantities; justify conclusions with mathematical evidence when the task requires it.,constructed_response,short_response,formative-secure,110,,,,assessment_plans/original/unit8_assessment_plan/unit8_assessment_plan.html|reference_library/question_structures/section_enrichment.json|reference_library/source_excerpts/section_source_excerpts.json|reference_library/reusable_tables/table_catalog.json|reference_library/reusable_figures/figure_catalog.json|sources/indexes/compact_stage_reference_map.json,
U8-S4-ET-A-M01,SPIRAL,Algebra 1,8,8.4,Exit Ticket A,Exit Ticket A,,EVIDENCE,U8-MG02,U8-EP-84-ETA-01,,,,,standard quadratic -> complete square -> solutions,2,Students will create and analyze mathematical models using real-world data.,I can formulate a mathematical model from real-world data and state the assumptions used.,Connect representations; use algebraic structure precisely; model and interpret quantities; justify conclusions with mathematical evidence when the task requires it.,constructed_response,short_response,formative-secure,110,,,,assessment_plans/original/unit8_assessment_plan/unit8_assessment_plan.html|reference_library/question_structures/section_enrichment.json|reference_library/source_excerpts/section_source_excerpts.json|reference_library/reusable_tables/table_catalog.json|reference_library/reusable_figures/figure_catalog.json|sources/indexes/compact_stage_reference_map.json,
U8-S4-ET-A-M02,SPIRAL,Algebra 1,8,8.4,Exit Ticket A,Exit Ticket A,,EVIDENCE,U8-MG03,U8-EP-84-ETA-02,,,,,quadratic coefficients -> discriminant -> solution type,2,Students will create and analyze mathematical models using real-world data.,I can formulate a mathematical model from real-world data and state the assumptions used.,Connect representations; use algebraic structure precisely; model and interpret quantities; justify conclusions with mathematical evidence when the task requires it.,constructed_response,short_response,formative-secure,110,,,,assessment_plans/original/unit8_assessment_plan/unit8_assessment_plan.html|reference_library/question_structures/section_enrichment.json|reference_library/source_excerpts/section_source_excerpts.json|reference_library/reusable_tables/table_catalog.json|reference_library/reusable_figures/figure_catalog.json|sources/indexes/compact_stage_reference_map.json,
U8-S4-ET-B-M01,SPIRAL,Algebra 1,8,8.4,Exit Ticket B,Exit Ticket B,,EVIDENCE,U8-MG03,U8-EP-84-ETB-01,,,,,quadratic coefficients -> discriminant -> solution type,2,Students will create and analyze mathematical models using real-world data.,I can formulate a mathematical model from real-world data and state the assumptions used.,Connect representations; use algebraic structure precisely; model and interpret quantities; justify conclusions with mathematical evidence when the task requires it.,constructed_response,short_response,formative-secure,110,,,,assessment_plans/original/unit8_assessment_plan/unit8_assessment_plan.html|reference_library/question_structures/section_enrichment.json|reference_library/source_excerpts/section_source_excerpts.json|reference_library/reusable_tables/table_catalog.json|reference_library/reusable_figures/figure_catalog.json|sources/indexes/compact_stage_reference_map.json,
U8-S4-ET-B-M02,SPIRAL,Algebra 1,8,8.4,Exit Ticket B,Exit Ticket B,,EVIDENCE,U8-MG04,U8-EP-84-ETB-02,,,,,table + equation -> representation agreement,2,Students will create and analyze mathematical models using real-world data.,I can formulate a mathematical model from real-world data and state the assumptions used.,Connect representations; use algebraic structure precisely; model and interpret quantities; justify conclusions with mathematical evidence when the task requires it.,constructed_response,short_response,formative-secure,110,,,,assessment_plans/original/unit8_assessment_plan/unit8_assessment_plan.html|reference_library/question_structures/section_enrichment.json|reference_library/source_excerpts/section_source_excerpts.json|reference_library/reusable_tables/table_catalog.json|reference_library/reusable_figures/figure_catalog.json|sources/indexes/compact_stage_reference_map.json,
U8-S4-ET-C-M01,SPIRAL,Algebra 1,8,8.4,Exit Ticket C,Exit Ticket C,,EVIDENCE,U8-MG04,U8-EP-84-ETC-01,,,,,table + equation -> representation agreement,2,Students will create and analyze mathematical models using real-world data.,I can formulate a mathematical model from real-world data and state the assumptions used.,Connect representations; use algebraic structure precisely; model and interpret quantities; justify conclusions with mathematical evidence when the task requires it.,constructed_response,short_response,formative-secure,110,,,,assessment_plans/original/unit8_assessment_plan/unit8_assessment_plan.html|reference_library/question_structures/section_enrichment.json|reference_library/source_excerpts/section_source_excerpts.json|reference_library/reusable_tables/table_catalog.json|reference_library/reusable_figures/figure_catalog.json|sources/indexes/compact_stage_reference_map.json,
U8-S4-ET-C-M02,SPIRAL,Algebra 1,8,8.4,Exit Ticket C,Exit Ticket C,,EVIDENCE,U8-MG05,U8-EP-84-ETC-02,,,,,vertex-form model -> maximum and prediction,2,Students will create and analyze mathematical models using real-world data.,I can formulate a mathematical model from real-world data and state the assumptions used.,Connect representations; use algebraic structure precisely; model and interpret quantities; justify conclusions with mathematical evidence when the task requires it.,constructed_response,short_response,formative-secure,110,,,,assessment_plans/original/unit8_assessment_plan/unit8_assessment_plan.html|reference_library/question_structures/section_enrichment.json|reference_library/source_excerpts/section_source_excerpts.json|reference_library/reusable_tables/table_catalog.json|reference_library/reusable_figures/figure_catalog.json|sources/indexes/compact_stage_reference_map.json,
U8-S5-ET-A-M01,SPIRAL,Algebra 1,8,8.5,Exit Ticket A,Exit Ticket A,,EVIDENCE,U8-MG04,U8-EP-85-ETA-01,,,,,table + equation -> representation agreement,2,Students will synthesize understanding of function families and representations to solve complex problems.,"I can construct a solution pathway that connects equations, graphs, tables, and contexts across function families.",Connect representations; use algebraic structure precisely; model and interpret quantities; justify conclusions with mathematical evidence when the task requires it.,constructed_response,short_response,formative-secure,110,,,,assessment_plans/original/unit8_assessment_plan/unit8_assessment_plan.html|reference_library/question_structures/section_enrichment.json|reference_library/source_excerpts/section_source_excerpts.json|reference_library/reusable_tables/table_catalog.json|reference_library/reusable_figures/figure_catalog.json|sources/indexes/compact_stage_reference_map.json,
U8-S5-ET-A-M02,SPIRAL,Algebra 1,8,8.5,Exit Ticket A,Exit Ticket A,,EVIDENCE,U8-MG05,U8-EP-85-ETA-02,,,,,vertex-form model -> maximum and prediction,2,Students will synthesize understanding of function families and representations to solve complex problems.,"I can construct a solution pathway that connects equations, graphs, tables, and contexts across function families.",Connect representations; use algebraic structure precisely; model and interpret quantities; justify conclusions with mathematical evidence when the task requires it.,constructed_response,short_response,formative-secure,110,,,,assessment_plans/original/unit8_assessment_plan/unit8_assessment_plan.html|reference_library/question_structures/section_enrichment.json|reference_library/source_excerpts/section_source_excerpts.json|reference_library/reusable_tables/table_catalog.json|reference_library/reusable_figures/figure_catalog.json|sources/indexes/compact_stage_reference_map.json,
U8-S5-ET-B-M01,SPIRAL,Algebra 1,8,8.5,Exit Ticket B,Exit Ticket B,,EVIDENCE,U8-MG05,U8-EP-85-ETB-01,,,,,vertex-form model -> maximum and prediction,2,Students will synthesize understanding of function families and representations to solve complex problems.,"I can construct a solution pathway that connects equations, graphs, tables, and contexts across function families.",Connect representations; use algebraic structure precisely; model and interpret quantities; justify conclusions with mathematical evidence when the task requires it.,constructed_response,short_response,formative-secure,110,,,,assessment_plans/original/unit8_assessment_plan/unit8_assessment_plan.html|reference_library/question_structures/section_enrichment.json|reference_library/source_excerpts/section_source_excerpts.json|reference_library/reusable_tables/table_catalog.json|reference_library/reusable_figures/figure_catalog.json|sources/indexes/compact_stage_reference_map.json,
U8-S5-ET-B-M02,SPIRAL,Algebra 1,8,8.5,Exit Ticket B,Exit Ticket B,,EVIDENCE,U8-MG01,U8-EP-85-ETB-02,,,,,factored quadratic equation -> zero product solutions,2,Students will synthesize understanding of function families and representations to solve complex problems.,"I can construct a solution pathway that connects equations, graphs, tables, and contexts across function families.",Connect representations; use algebraic structure precisely; model and interpret quantities; justify conclusions with mathematical evidence when the task requires it.,constructed_response,short_response,formative-secure,110,,,,assessment_plans/original/unit8_assessment_plan/unit8_assessment_plan.html|reference_library/question_structures/section_enrichment.json|reference_library/source_excerpts/section_source_excerpts.json|reference_library/reusable_tables/table_catalog.json|reference_library/reusable_figures/figure_catalog.json|sources/indexes/compact_stage_reference_map.json,
U8-S5-ET-C-M01,SPIRAL,Algebra 1,8,8.5,Exit Ticket C,Exit Ticket C,,EVIDENCE,U8-MG01,U8-EP-85-ETC-01,,,,,factored quadratic equation -> zero product solutions,2,Students will synthesize understanding of function families and representations to solve complex problems.,"I can construct a solution pathway that connects equations, graphs, tables, and contexts across function families.",Connect representations; use algebraic structure precisely; model and interpret quantities; justify conclusions with mathematical evidence when the task requires it.,constructed_response,short_response,formative-secure,110,,,,assessment_plans/original/unit8_assessment_plan/unit8_assessment_plan.html|reference_library/question_structures/section_enrichment.json|reference_library/source_excerpts/section_source_excerpts.json|reference_library/reusable_tables/table_catalog.json|reference_library/reusable_figures/figure_catalog.json|sources/indexes/compact_stage_reference_map.json,
U8-S5-ET-C-M02,SPIRAL,Algebra 1,8,8.5,Exit Ticket C,Exit Ticket C,,EVIDENCE,U8-MG02,U8-EP-85-ETC-02,,,,,standard quadratic -> complete square -> solutions,2,Students will synthesize understanding of function families and representations to solve complex problems.,"I can construct a solution pathway that connects equations, graphs, tables, and contexts across function families.",Connect representations; use algebraic structure precisely; model and interpret quantities; justify conclusions with mathematical evidence when the task requires it.,constructed_response,short_response,formative-secure,110,,,,assessment_plans/original/unit8_assessment_plan/unit8_assessment_plan.html|reference_library/question_structures/section_enrichment.json|reference_library/source_excerpts/section_source_excerpts.json|reference_library/reusable_tables/table_catalog.json|reference_library/reusable_figures/figure_catalog.json|sources/indexes/compact_stage_reference_map.json,
U8-REV-Q01,SPIRAL,Algebra 1,8,,Unit Review,Unit Review,,UNIT REVIEW,,,,,,,table pattern -> function family,1,"Students will determine whether a situation is best modeled by a linear, quadratic, or exponential function.","I can construct evidence from tables, graphs, and contexts to choose a linear, quadratic, or exponential model.",Connect representations; use algebraic structure precisely; model and interpret quantities; justify conclusions with mathematical evidence when the task requires it.,constructed_response,short_response,instructional,105,,,,assessment_plans/original/unit8_assessment_plan/unit8_assessment_plan.html|reference_library/question_structures/section_enrichment.json|reference_library/source_excerpts/section_source_excerpts.json|reference_library/reusable_tables/table_catalog.json|reference_library/reusable_figures/figure_catalog.json|sources/indexes/compact_stage_reference_map.json,
U8-REV-Q02,SPIRAL,Algebra 1,8,,Unit Review,Unit Review,,UNIT REVIEW,,,,,,,table pattern -> function family,2,"Students will determine whether a situation is best modeled by a linear, quadratic, or exponential function.","I can construct evidence from tables, graphs, and contexts to choose a linear, quadratic, or exponential model.",Connect representations; use algebraic structure precisely; model and interpret quantities; justify conclusions with mathematical evidence when the task requires it.,constructed_response,short_response,instructional,105,,,,assessment_plans/original/unit8_assessment_plan/unit8_assessment_plan.html|reference_library/question_structures/section_enrichment.json|reference_library/source_excerpts/section_source_excerpts.json|reference_library/reusable_tables/table_catalog.json|reference_library/reusable_figures/figure_catalog.json|sources/indexes/compact_stage_reference_map.json,
U8-REV-Q03,SPIRAL,Algebra 1,8,,Unit Review,Unit Review,,UNIT REVIEW,,,,,,,table pattern -> function family,2,"Students will determine whether a situation is best modeled by a linear, quadratic, or exponential function.","I can construct evidence from tables, graphs, and contexts to choose a linear, quadratic, or exponential model.",Connect representations; use algebraic structure precisely; model and interpret quantities; justify conclusions with mathematical evidence when the task requires it.,constructed_response,short_response,instructional,105,,,,assessment_plans/original/unit8_assessment_plan/unit8_assessment_plan.html|reference_library/question_structures/section_enrichment.json|reference_library/source_excerpts/section_source_excerpts.json|reference_library/reusable_tables/table_catalog.json|reference_library/reusable_figures/figure_catalog.json|sources/indexes/compact_stage_reference_map.json,
U8-REV-Q04,SPIRAL,Algebra 1,8,,Unit Review,Unit Review,,UNIT REVIEW,,,,,,,table pattern -> function family,2,"Students will determine whether a situation is best modeled by a linear, quadratic, or exponential function.","I can construct evidence from tables, graphs, and contexts to choose a linear, quadratic, or exponential model.",Connect representations; use algebraic structure precisely; model and interpret quantities; justify conclusions with mathematical evidence when the task requires it.,constructed_response,short_response,instructional,105,,,,assessment_plans/original/unit8_assessment_plan/unit8_assessment_plan.html|reference_library/question_structures/section_enrichment.json|reference_library/source_excerpts/section_source_excerpts.json|reference_library/reusable_tables/table_catalog.json|reference_library/reusable_figures/figure_catalog.json|sources/indexes/compact_stage_reference_map.json,
U8-REV-Q05,SPIRAL,Algebra 1,8,,Unit Review,Unit Review,,UNIT REVIEW,,,,,,,transformation equation -> verbal transformation,1,Students will analyze transformations across multiple function families.,"I can build transformed function rules from parent functions across linear, quadratic, exponential, and absolute value families.",Connect representations; use algebraic structure precisely; model and interpret quantities; justify conclusions with mathematical evidence when the task requires it.,constructed_response,short_response,instructional,105,,,,assessment_plans/original/unit8_assessment_plan/unit8_assessment_plan.html|reference_library/question_structures/section_enrichment.json|reference_library/source_excerpts/section_source_excerpts.json|reference_library/reusable_tables/table_catalog.json|reference_library/reusable_figures/figure_catalog.json|sources/indexes/compact_stage_reference_map.json,
U8-REV-Q06,SPIRAL,Algebra 1,8,,Unit Review,Unit Review,,UNIT REVIEW,,,,,,,transformation equation -> verbal transformation,2,Students will analyze transformations across multiple function families.,"I can build transformed function rules from parent functions across linear, quadratic, exponential, and absolute value families.",Connect representations; use algebraic structure precisely; model and interpret quantities; justify conclusions with mathematical evidence when the task requires it.,constructed_response,short_response,instructional,105,,,,assessment_plans/original/unit8_assessment_plan/unit8_assessment_plan.html|reference_library/question_structures/section_enrichment.json|reference_library/source_excerpts/section_source_excerpts.json|reference_library/reusable_tables/table_catalog.json|reference_library/reusable_figures/figure_catalog.json|sources/indexes/compact_stage_reference_map.json,
U8-REV-Q07,SPIRAL,Algebra 1,8,,Unit Review,Unit Review,,UNIT REVIEW,,,,,,,transformation equation -> verbal transformation,2,Students will analyze transformations across multiple function families.,"I can build transformed function rules from parent functions across linear, quadratic, exponential, and absolute value families.",Connect representations; use algebraic structure precisely; model and interpret quantities; justify conclusions with mathematical evidence when the task requires it.,constructed_response,short_response,instructional,105,,,,assessment_plans/original/unit8_assessment_plan/unit8_assessment_plan.html|reference_library/question_structures/section_enrichment.json|reference_library/source_excerpts/section_source_excerpts.json|reference_library/reusable_tables/table_catalog.json|reference_library/reusable_figures/figure_catalog.json|sources/indexes/compact_stage_reference_map.json,
U8-REV-Q08,SPIRAL,Algebra 1,8,,Unit Review,Unit Review,,UNIT REVIEW,,,,,,,transformation equation -> verbal transformation,2,Students will analyze transformations across multiple function families.,"I can build transformed function rules from parent functions across linear, quadratic, exponential, and absolute value families.",Connect representations; use algebraic structure precisely; model and interpret quantities; justify conclusions with mathematical evidence when the task requires it.,constructed_response,short_response,instructional,105,,,,assessment_plans/original/unit8_assessment_plan/unit8_assessment_plan.html|reference_library/question_structures/section_enrichment.json|reference_library/source_excerpts/section_source_excerpts.json|reference_library/reusable_tables/table_catalog.json|reference_library/reusable_figures/figure_catalog.json|sources/indexes/compact_stage_reference_map.json,
U8-REV-Q09,SPIRAL,Algebra 1,8,,Unit Review,Unit Review,,UNIT REVIEW,,,,,,,absolute-value rule -> vertex/output/piecewise behavior,1,Students will analyze and model situations involving absolute value functions.,"I can design an absolute value or piecewise representation for situations with distance, change in direction, or two-part behavior.",Connect representations; use algebraic structure precisely; model and interpret quantities; justify conclusions with mathematical evidence when the task requires it.,constructed_response,short_response,instructional,105,,,,assessment_plans/original/unit8_assessment_plan/unit8_assessment_plan.html|reference_library/question_structures/section_enrichment.json|reference_library/source_excerpts/section_source_excerpts.json|reference_library/reusable_tables/table_catalog.json|reference_library/reusable_figures/figure_catalog.json|sources/indexes/compact_stage_reference_map.json,
U8-REV-Q10,SPIRAL,Algebra 1,8,,Unit Review,Unit Review,,UNIT REVIEW,,,,,,,absolute-value rule -> vertex/output/piecewise behavior,2,Students will analyze and model situations involving absolute value functions.,"I can design an absolute value or piecewise representation for situations with distance, change in direction, or two-part behavior.",Connect representations; use algebraic structure precisely; model and interpret quantities; justify conclusions with mathematical evidence when the task requires it.,constructed_response,short_response,instructional,105,,,,assessment_plans/original/unit8_assessment_plan/unit8_assessment_plan.html|reference_library/question_structures/section_enrichment.json|reference_library/source_excerpts/section_source_excerpts.json|reference_library/reusable_tables/table_catalog.json|reference_library/reusable_figures/figure_catalog.json|sources/indexes/compact_stage_reference_map.json,
U8-REV-Q11,SPIRAL,Algebra 1,8,,Unit Review,Unit Review,,UNIT REVIEW,,,,,,,absolute-value rule -> vertex/output/piecewise behavior,2,Students will analyze and model situations involving absolute value functions.,"I can design an absolute value or piecewise representation for situations with distance, change in direction, or two-part behavior.",Connect representations; use algebraic structure precisely; model and interpret quantities; justify conclusions with mathematical evidence when the task requires it.,constructed_response,short_response,instructional,105,,,,assessment_plans/original/unit8_assessment_plan/unit8_assessment_plan.html|reference_library/question_structures/section_enrichment.json|reference_library/source_excerpts/section_source_excerpts.json|reference_library/reusable_tables/table_catalog.json|reference_library/reusable_figures/figure_catalog.json|sources/indexes/compact_stage_reference_map.json,
U8-REV-Q12,SPIRAL,Algebra 1,8,,Unit Review,Unit Review,,UNIT REVIEW,,,,,,,absolute-value rule -> vertex/output/piecewise behavior,2,Students will analyze and model situations involving absolute value functions.,"I can design an absolute value or piecewise representation for situations with distance, change in direction, or two-part behavior.",Connect representations; use algebraic structure precisely; model and interpret quantities; justify conclusions with mathematical evidence when the task requires it.,constructed_response,short_response,instructional,105,,,,assessment_plans/original/unit8_assessment_plan/unit8_assessment_plan.html|reference_library/question_structures/section_enrichment.json|reference_library/source_excerpts/section_source_excerpts.json|reference_library/reusable_tables/table_catalog.json|reference_library/reusable_figures/figure_catalog.json|sources/indexes/compact_stage_reference_map.json,
U8-REV-Q13,SPIRAL,Algebra 1,8,,Unit Review,Unit Review,,UNIT REVIEW,,,,,,,data -> model family -> equation,1,Students will create and analyze mathematical models using real-world data.,I can formulate a mathematical model from real-world data and state the assumptions used.,Connect representations; use algebraic structure precisely; model and interpret quantities; justify conclusions with mathematical evidence when the task requires it.,constructed_response,short_response,instructional,105,,,,assessment_plans/original/unit8_assessment_plan/unit8_assessment_plan.html|reference_library/question_structures/section_enrichment.json|reference_library/source_excerpts/section_source_excerpts.json|reference_library/reusable_tables/table_catalog.json|reference_library/reusable_figures/figure_catalog.json|sources/indexes/compact_stage_reference_map.json,
U8-REV-Q14,SPIRAL,Algebra 1,8,,Unit Review,Unit Review,,UNIT REVIEW,,,,,,,data -> model family -> equation,2,Students will create and analyze mathematical models using real-world data.,I can formulate a mathematical model from real-world data and state the assumptions used.,Connect representations; use algebraic structure precisely; model and interpret quantities; justify conclusions with mathematical evidence when the task requires it.,constructed_response,short_response,instructional,105,,,,assessment_plans/original/unit8_assessment_plan/unit8_assessment_plan.html|reference_library/question_structures/section_enrichment.json|reference_library/source_excerpts/section_source_excerpts.json|reference_library/reusable_tables/table_catalog.json|reference_library/reusable_figures/figure_catalog.json|sources/indexes/compact_stage_reference_map.json,
U8-REV-Q15,SPIRAL,Algebra 1,8,,Unit Review,Unit Review,,UNIT REVIEW,,,,,,,data -> model family -> equation,2,Students will create and analyze mathematical models using real-world data.,I can formulate a mathematical model from real-world data and state the assumptions used.,Connect representations; use algebraic structure precisely; model and interpret quantities; justify conclusions with mathematical evidence when the task requires it.,constructed_response,short_response,instructional,105,,,,assessment_plans/original/unit8_assessment_plan/unit8_assessment_plan.html|reference_library/question_structures/section_enrichment.json|reference_library/source_excerpts/section_source_excerpts.json|reference_library/reusable_tables/table_catalog.json|reference_library/reusable_figures/figure_catalog.json|sources/indexes/compact_stage_reference_map.json,
U8-REV-Q16,SPIRAL,Algebra 1,8,,Unit Review,Unit Review,,UNIT REVIEW,,,,,,,data -> model family -> equation,2,Students will create and analyze mathematical models using real-world data.,I can formulate a mathematical model from real-world data and state the assumptions used.,Connect representations; use algebraic structure precisely; model and interpret quantities; justify conclusions with mathematical evidence when the task requires it.,constructed_response,short_response,instructional,105,,,,assessment_plans/original/unit8_assessment_plan/unit8_assessment_plan.html|reference_library/question_structures/section_enrichment.json|reference_library/source_excerpts/section_source_excerpts.json|reference_library/reusable_tables/table_catalog.json|reference_library/reusable_figures/figure_catalog.json|sources/indexes/compact_stage_reference_map.json,
U8-REV-Q17,SPIRAL,Algebra 1,8,,Unit Review,Unit Review,,UNIT REVIEW,,,,,,,data -> model family -> equation,1,Students will synthesize understanding of function families and representations to solve complex problems.,"I can construct a solution pathway that connects equations, graphs, tables, and contexts across function families.",Connect representations; use algebraic structure precisely; model and interpret quantities; justify conclusions with mathematical evidence when the task requires it.,constructed_response,short_response,instructional,105,,,,assessment_plans/original/unit8_assessment_plan/unit8_assessment_plan.html|reference_library/question_structures/section_enrichment.json|reference_library/source_excerpts/section_source_excerpts.json|reference_library/reusable_tables/table_catalog.json|reference_library/reusable_figures/figure_catalog.json|sources/indexes/compact_stage_reference_map.json,
U8-REV-Q18,SPIRAL,Algebra 1,8,,Unit Review,Unit Review,,UNIT REVIEW,,,,,,,data -> model family -> equation,2,Students will synthesize understanding of function families and representations to solve complex problems.,"I can construct a solution pathway that connects equations, graphs, tables, and contexts across function families.",Connect representations; use algebraic structure precisely; model and interpret quantities; justify conclusions with mathematical evidence when the task requires it.,constructed_response,short_response,instructional,105,,,,assessment_plans/original/unit8_assessment_plan/unit8_assessment_plan.html|reference_library/question_structures/section_enrichment.json|reference_library/source_excerpts/section_source_excerpts.json|reference_library/reusable_tables/table_catalog.json|reference_library/reusable_figures/figure_catalog.json|sources/indexes/compact_stage_reference_map.json,
U8-REV-Q19,SPIRAL,Algebra 1,8,,Unit Review,Unit Review,,UNIT REVIEW,,,,,,,data -> model family -> equation,2,Students will synthesize understanding of function families and representations to solve complex problems.,"I can construct a solution pathway that connects equations, graphs, tables, and contexts across function families.",Connect representations; use algebraic structure precisely; model and interpret quantities; justify conclusions with mathematical evidence when the task requires it.,constructed_response,short_response,instructional,105,,,,assessment_plans/original/unit8_assessment_plan/unit8_assessment_plan.html|reference_library/question_structures/section_enrichment.json|reference_library/source_excerpts/section_source_excerpts.json|reference_library/reusable_tables/table_catalog.json|reference_library/reusable_figures/figure_catalog.json|sources/indexes/compact_stage_reference_map.json,
U8-REV-Q20,SPIRAL,Algebra 1,8,,Unit Review,Unit Review,,UNIT REVIEW,,,,,,,data -> model family -> equation,2,Students will synthesize understanding of function families and representations to solve complex problems.,"I can construct a solution pathway that connects equations, graphs, tables, and contexts across function families.",Connect representations; use algebraic structure precisely; model and interpret quantities; justify conclusions with mathematical evidence when the task requires it.,constructed_response,short_response,instructional,105,,,,assessment_plans/original/unit8_assessment_plan/unit8_assessment_plan.html|reference_library/question_structures/section_enrichment.json|reference_library/source_excerpts/section_source_excerpts.json|reference_library/reusable_tables/table_catalog.json|reference_library/reusable_figures/figure_catalog.json|sources/indexes/compact_stage_reference_map.json,
U8-EXT01,SPIRAL,Algebra 1,8,,Extended Reasoning,Extended Reasoning,,UNIT SECURE,U8-MG01,U8-EP-EXT01,,,,,multi-part transfer across two task architectures: factored quadratic equation -> zero product solutions + factored quadratic equation -> zero product solutions,3,Solve quadratic equations by factoring and the zero product property and interpret solutions in graphs and contexts.,"I can construct factored quadratic equations from given zeros, intercepts, or contextual constraints.",Connect representations; use algebraic structure precisely; model and interpret quantities; justify conclusions with mathematical evidence when the task requires it.,constructed_response,short_response,secure,360,,,,assessment_plans/original/unit8_assessment_plan/unit8_assessment_plan.html|reference_library/question_structures/section_enrichment.json|reference_library/source_excerpts/section_source_excerpts.json|reference_library/reusable_tables/table_catalog.json|reference_library/reusable_figures/figure_catalog.json|sources/indexes/compact_stage_reference_map.json,intended_secure_use=reserve/tool-only
U8-EXT02,SPIRAL,Algebra 1,8,,Extended Reasoning,Extended Reasoning,,UNIT SECURE,U8-MG02,U8-EP-EXT02,,,,,multi-part transfer across two task architectures: standard quadratic -> complete square -> solutions + standard quadratic -> complete square -> solutions,3,Complete the square to solve quadratic equations and connect equivalent forms to vertex and symmetry.,I can build perfect-square trinomials by adding the needed constant term.,Connect representations; use algebraic structure precisely; model and interpret quantities; justify conclusions with mathematical evidence when the task requires it.,constructed_response,short_response,secure,360,,,,assessment_plans/original/unit8_assessment_plan/unit8_assessment_plan.html|reference_library/question_structures/section_enrichment.json|reference_library/source_excerpts/section_source_excerpts.json|reference_library/reusable_tables/table_catalog.json|reference_library/reusable_figures/figure_catalog.json|sources/indexes/compact_stage_reference_map.json,intended_secure_use=reserve/tool-only
U8-EXT03,SPIRAL,Algebra 1,8,,Extended Reasoning,Extended Reasoning,,UNIT SECURE,U8-MG03,U8-EP-EXT03,,,,,multi-part transfer across two task architectures: quadratic coefficients -> discriminant -> solution type + quadratic coefficients -> discriminant -> solution type,3,Use the quadratic formula and discriminant to solve quadratic equations and predict the number and type of real solutions.,"I can design a coefficient map that organizes $a$, $b$, and $c$ before using the quadratic formula.",Connect representations; use algebraic structure precisely; model and interpret quantities; justify conclusions with mathematical evidence when the task requires it.,constructed_response,short_response,secure,360,,,,assessment_plans/original/unit8_assessment_plan/unit8_assessment_plan.html|reference_library/question_structures/section_enrichment.json|reference_library/source_excerpts/section_source_excerpts.json|reference_library/reusable_tables/table_catalog.json|reference_library/reusable_figures/figure_catalog.json|sources/indexes/compact_stage_reference_map.json,intended_secure_use=reserve/tool-only
U8-EXT04,SPIRAL,Algebra 1,8,,Extended Reasoning,Extended Reasoning,,UNIT SECURE,U8-MG04,U8-EP-EXT04,,,,,multi-part transfer across two task architectures: table + equation -> representation agreement + table + equation -> representation agreement,3,"Select and defend an efficient quadratic solution method based on equation structure, accuracy, and fit.",I can formulate a solution-method plan based on the structure of a quadratic equation.,Connect representations; use algebraic structure precisely; model and interpret quantities; justify conclusions with mathematical evidence when the task requires it.,constructed_response,short_response,secure,360,,,,assessment_plans/original/unit8_assessment_plan/unit8_assessment_plan.html|reference_library/question_structures/section_enrichment.json|reference_library/source_excerpts/section_source_excerpts.json|reference_library/reusable_tables/table_catalog.json|reference_library/reusable_figures/figure_catalog.json|sources/indexes/compact_stage_reference_map.json,intended_secure_use=reserve/tool-only
U8-EXT05,SPIRAL,Algebra 1,8,,Extended Reasoning,Extended Reasoning,,UNIT SECURE,U8-MG05,U8-EP-EXT05,,,,,multi-part transfer across two task architectures: vertex-form model -> maximum and prediction + vertex-form model -> maximum and prediction,3,"Build and interpret quadratic models, including maximums, minimums, intercepts, and contextually meaningful solutions.","I can construct quadratic models from real-world constraints, data, or key features.",Connect representations; use algebraic structure precisely; model and interpret quantities; justify conclusions with mathematical evidence when the task requires it.,constructed_response,short_response,secure,360,,,,assessment_plans/original/unit8_assessment_plan/unit8_assessment_plan.html|reference_library/question_structures/section_enrichment.json|reference_library/source_excerpts/section_source_excerpts.json|reference_library/reusable_tables/table_catalog.json|reference_library/reusable_figures/figure_catalog.json|sources/indexes/compact_stage_reference_map.json,intended_secure_use=reserve/tool-only
U8-EXT06,SPIRAL,Algebra 1,8,,Extended Reasoning,Extended Reasoning,,UNIT SECURE,U8-MG01,U8-EP-EXT06,,,,,multi-part transfer across two task architectures: factored quadratic equation -> zero product solutions + factored quadratic equation -> zero product solutions,3,Solve quadratic equations by factoring and the zero product property and interpret solutions in graphs and contexts.,"I can construct factored quadratic equations from given zeros, intercepts, or contextual constraints.",Connect representations; use algebraic structure precisely; model and interpret quantities; justify conclusions with mathematical evidence when the task requires it.,constructed_response,short_response,secure,360,,,,assessment_plans/original/unit8_assessment_plan/unit8_assessment_plan.html|reference_library/question_structures/section_enrichment.json|reference_library/source_excerpts/section_source_excerpts.json|reference_library/reusable_tables/table_catalog.json|reference_library/reusable_figures/figure_catalog.json|sources/indexes/compact_stage_reference_map.json,intended_secure_use=reserve/tool-only
U8-EXT07,SPIRAL,Algebra 1,8,,Extended Reasoning,Extended Reasoning,,UNIT SECURE,U8-MG02,U8-EP-EXT07,,,,,multi-part transfer across two task architectures: standard quadratic -> complete square -> solutions + standard quadratic -> complete square -> solutions,3,Complete the square to solve quadratic equations and connect equivalent forms to vertex and symmetry.,I can build perfect-square trinomials by adding the needed constant term.,Connect representations; use algebraic structure precisely; model and interpret quantities; justify conclusions with mathematical evidence when the task requires it.,constructed_response,short_response,secure,360,,,,assessment_plans/original/unit8_assessment_plan/unit8_assessment_plan.html|reference_library/question_structures/section_enrichment.json|reference_library/source_excerpts/section_source_excerpts.json|reference_library/reusable_tables/table_catalog.json|reference_library/reusable_figures/figure_catalog.json|sources/indexes/compact_stage_reference_map.json,intended_secure_use=reserve/tool-only
U8-EXT08,SPIRAL,Algebra 1,8,,Extended Reasoning,Extended Reasoning,,UNIT SECURE,U8-MG03,U8-EP-EXT08,,,,,multi-part transfer across two task architectures: quadratic coefficients -> discriminant -> solution type + quadratic coefficients -> discriminant -> solution type,3,Use the quadratic formula and discriminant to solve quadratic equations and predict the number and type of real solutions.,"I can design a coefficient map that organizes $a$, $b$, and $c$ before using the quadratic formula.",Connect representations; use algebraic structure precisely; model and interpret quantities; justify conclusions with mathematical evidence when the task requires it.,constructed_response,short_response,secure,360,,,,assessment_plans/original/unit8_assessment_plan/unit8_assessment_plan.html|reference_library/question_structures/section_enrichment.json|reference_library/source_excerpts/section_source_excerpts.json|reference_library/reusable_tables/table_catalog.json|reference_library/reusable_figures/figure_catalog.json|sources/indexes/compact_stage_reference_map.json,intended_secure_use=reserve/tool-only
U8-EXT09,SPIRAL,Algebra 1,8,,Extended Reasoning,Extended Reasoning,,UNIT SECURE,U8-MG04,U8-EP-EXT09,,,,,multi-part transfer across two task architectures: table + equation -> representation agreement + table + equation -> representation agreement,3,"Select and defend an efficient quadratic solution method based on equation structure, accuracy, and fit.",I can formulate a solution-method plan based on the structure of a quadratic equation.,Connect representations; use algebraic structure precisely; model and interpret quantities; justify conclusions with mathematical evidence when the task requires it.,constructed_response,short_response,secure,360,,,,assessment_plans/original/unit8_assessment_plan/unit8_assessment_plan.html|reference_library/question_structures/section_enrichment.json|reference_library/source_excerpts/section_source_excerpts.json|reference_library/reusable_tables/table_catalog.json|reference_library/reusable_figures/figure_catalog.json|sources/indexes/compact_stage_reference_map.json,intended_secure_use=reserve/tool-only
U8-EXT10,SPIRAL,Algebra 1,8,,Extended Reasoning,Extended Reasoning,,UNIT SECURE,U8-MG05,U8-EP-EXT10,,,,,multi-part transfer across two task architectures: vertex-form model -> maximum and prediction + vertex-form model -> maximum and prediction,3,"Build and interpret quadratic models, including maximums, minimums, intercepts, and contextually meaningful solutions.","I can construct quadratic models from real-world constraints, data, or key features.",Connect representations; use algebraic structure precisely; model and interpret quantities; justify conclusions with mathematical evidence when the task requires it.,constructed_response,short_response,secure,360,,,,assessment_plans/original/unit8_assessment_plan/unit8_assessment_plan.html|reference_library/question_structures/section_enrichment.json|reference_library/source_excerpts/section_source_excerpts.json|reference_library/reusable_tables/table_catalog.json|reference_library/reusable_figures/figure_catalog.json|sources/indexes/compact_stage_reference_map.json,intended_secure_use=reserve/tool-only
U8-PERF01,SPIRAL,Algebra 1,8,,Performance Task,Performance Task,Performance Task 1,UNIT SECURE,U8-MG01|U8-MG02,U8-EP-PERF01-01|U8-EP-PERF01-02,,,,,multi-goal performance: solve/interpret across representations -> choose and defend best evidence,3,Solve quadratic equations by factoring and the zero product property and interpret solutions in graphs and contexts. | Complete the square to solve quadratic equations and connect equivalent forms to vertex and symmetry.,"I can construct factored quadratic equations from given zeros, intercepts, or contextual constraints. | I can build perfect-square trinomials by adding the needed constant term.",Connect representations; use algebraic structure precisely; model and interpret quantities; justify conclusions with mathematical evidence when the task requires it.,constructed_response,short_response,secure,1500,,,,assessment_plans/original/unit8_assessment_plan/unit8_assessment_plan.html|reference_library/question_structures/section_enrichment.json|reference_library/source_excerpts/section_source_excerpts.json|reference_library/reusable_tables/table_catalog.json|reference_library/reusable_figures/figure_catalog.json|sources/indexes/compact_stage_reference_map.json,recommended_section=8.4; intended_secure_use=performance_candidate
U8-PERF02,SPIRAL,Algebra 1,8,,Performance Task,Performance Task,Performance Task 2,UNIT SECURE,U8-MG03|U8-MG04|U8-MG05,U8-EP-PERF02-01|U8-EP-PERF02-02|U8-EP-PERF02-03,,,,,multi-goal performance: solve/interpret across representations -> choose and defend best evidence,3,"Use the quadratic formula and discriminant to solve quadratic equations and predict the number and type of real solutions. | Select and defend an efficient quadratic solution method based on equation structure, accuracy, and fit. | Build and interpret quadratic models, including maximums, minimums, intercepts, and contextually meaningful solutions.","I can design a coefficient map that organizes $a$, $b$, and $c$ before using the quadratic formula. | I can formulate a solution-method plan based on the structure of a quadratic equation. | I can construct quadratic models from real-world constraints, data, or key features.",Connect representations; use algebraic structure precisely; model and interpret quantities; justify conclusions with mathematical evidence when the task requires it.,constructed_response,short_response,secure,1500,,,,assessment_plans/original/unit8_assessment_plan/unit8_assessment_plan.html|reference_library/question_structures/section_enrichment.json|reference_library/source_excerpts/section_source_excerpts.json|reference_library/reusable_tables/table_catalog.json|reference_library/reusable_figures/figure_catalog.json|sources/indexes/compact_stage_reference_map.json,recommended_section=8.5; intended_secure_use=performance_candidate
U8-SUM-V1-Q01,SPIRAL,Algebra 1,8,,Summative V1,Summative V1,Question 1,SUMMATIVE,U8-MG01,U8-EP-SUM-V1-SLOT01,V1,U8-SUM-SLOT01,U8-SUM-TD-FAM01,,factored quadratic equation -> zero product solutions,2,Solve quadratic equations by factoring and the zero product property and interpret solutions in graphs and contexts.,"I can construct factored quadratic equations from given zeros, intercepts, or contextual constraints.",Connect representations; use algebraic structure precisely; model and interpret quantities; justify conclusions with mathematical evidence when the task requires it.,multiple_choice,selected_response,secure,210,,,,assessment_plans/original/unit8_assessment_plan/unit8_assessment_plan.html|reference_library/question_structures/section_enrichment.json|reference_library/source_excerpts/section_source_excerpts.json|reference_library/reusable_tables/table_catalog.json|reference_library/reusable_figures/figure_catalog.json|sources/indexes/compact_stage_reference_map.json,form_group=test_day
U8-SUM-V1-Q02,SPIRAL,Algebra 1,8,,Summative V1,Summative V1,Question 2,SUMMATIVE,U8-MG01,U8-EP-SUM-V1-SLOT02,V1,U8-SUM-SLOT02,U8-SUM-TD-FAM02,,factored quadratic equation -> zero product solutions,2,Solve quadratic equations by factoring and the zero product property and interpret solutions in graphs and contexts.,"I can construct factored quadratic equations from given zeros, intercepts, or contextual constraints.",Connect representations; use algebraic structure precisely; model and interpret quantities; justify conclusions with mathematical evidence when the task requires it.,constructed_response,short_response,secure,210,,,,assessment_plans/original/unit8_assessment_plan/unit8_assessment_plan.html|reference_library/question_structures/section_enrichment.json|reference_library/source_excerpts/section_source_excerpts.json|reference_library/reusable_tables/table_catalog.json|reference_library/reusable_figures/figure_catalog.json|sources/indexes/compact_stage_reference_map.json,form_group=test_day
U8-SUM-V1-Q03,SPIRAL,Algebra 1,8,,Summative V1,Summative V1,Question 3,SUMMATIVE,U8-MG01,U8-EP-SUM-V1-SLOT03,V1,U8-SUM-SLOT03,U8-SUM-TD-FAM03,,factored quadratic equation -> zero product solutions,2,Solve quadratic equations by factoring and the zero product property and interpret solutions in graphs and contexts.,"I can construct factored quadratic equations from given zeros, intercepts, or contextual constraints.",Connect representations; use algebraic structure precisely; model and interpret quantities; justify conclusions with mathematical evidence when the task requires it.,constructed_response,short_response,secure,210,,,,assessment_plans/original/unit8_assessment_plan/unit8_assessment_plan.html|reference_library/question_structures/section_enrichment.json|reference_library/source_excerpts/section_source_excerpts.json|reference_library/reusable_tables/table_catalog.json|reference_library/reusable_figures/figure_catalog.json|sources/indexes/compact_stage_reference_map.json,form_group=test_day
U8-SUM-V1-Q04,SPIRAL,Algebra 1,8,,Summative V1,Summative V1,Question 4,SUMMATIVE,U8-MG02,U8-EP-SUM-V1-SLOT04,V1,U8-SUM-SLOT04,U8-SUM-TD-FAM04,,standard quadratic -> complete square -> solutions,2,Complete the square to solve quadratic equations and connect equivalent forms to vertex and symmetry.,I can build perfect-square trinomials by adding the needed constant term.,Connect representations; use algebraic structure precisely; model and interpret quantities; justify conclusions with mathematical evidence when the task requires it.,multiple_choice,selected_response,secure,210,,,,assessment_plans/original/unit8_assessment_plan/unit8_assessment_plan.html|reference_library/question_structures/section_enrichment.json|reference_library/source_excerpts/section_source_excerpts.json|reference_library/reusable_tables/table_catalog.json|reference_library/reusable_figures/figure_catalog.json|sources/indexes/compact_stage_reference_map.json,form_group=test_day
U8-SUM-V1-Q05,SPIRAL,Algebra 1,8,,Summative V1,Summative V1,Question 5,SUMMATIVE,U8-MG02,U8-EP-SUM-V1-SLOT05,V1,U8-SUM-SLOT05,U8-SUM-TD-FAM05,,standard quadratic -> complete square -> solutions,2,Complete the square to solve quadratic equations and connect equivalent forms to vertex and symmetry.,I can build perfect-square trinomials by adding the needed constant term.,Connect representations; use algebraic structure precisely; model and interpret quantities; justify conclusions with mathematical evidence when the task requires it.,constructed_response,short_response,secure,210,,,,assessment_plans/original/unit8_assessment_plan/unit8_assessment_plan.html|reference_library/question_structures/section_enrichment.json|reference_library/source_excerpts/section_source_excerpts.json|reference_library/reusable_tables/table_catalog.json|reference_library/reusable_figures/figure_catalog.json|sources/indexes/compact_stage_reference_map.json,form_group=test_day
U8-SUM-V1-Q06,SPIRAL,Algebra 1,8,,Summative V1,Summative V1,Question 6,SUMMATIVE,U8-MG02,U8-EP-SUM-V1-SLOT06,V1,U8-SUM-SLOT06,U8-SUM-TD-FAM06,,standard quadratic -> complete square -> solutions,3,Complete the square to solve quadratic equations and connect equivalent forms to vertex and symmetry.,I can build perfect-square trinomials by adding the needed constant term.,Connect representations; use algebraic structure precisely; model and interpret quantities; justify conclusions with mathematical evidence when the task requires it.,constructed_response,short_response,secure,210,,,,assessment_plans/original/unit8_assessment_plan/unit8_assessment_plan.html|reference_library/question_structures/section_enrichment.json|reference_library/source_excerpts/section_source_excerpts.json|reference_library/reusable_tables/table_catalog.json|reference_library/reusable_figures/figure_catalog.json|sources/indexes/compact_stage_reference_map.json,form_group=test_day
U8-SUM-V1-Q07,SPIRAL,Algebra 1,8,,Summative V1,Summative V1,Question 7,SUMMATIVE,U8-MG03,U8-EP-SUM-V1-SLOT07,V1,U8-SUM-SLOT07,U8-SUM-TD-FAM07,,quadratic coefficients -> discriminant -> solution type,2,Use the quadratic formula and discriminant to solve quadratic equations and predict the number and type of real solutions.,"I can design a coefficient map that organizes $a$, $b$, and $c$ before using the quadratic formula.",Connect representations; use algebraic structure precisely; model and interpret quantities; justify conclusions with mathematical evidence when the task requires it.,multiple_choice,selected_response,secure,210,,,,assessment_plans/original/unit8_assessment_plan/unit8_assessment_plan.html|reference_library/question_structures/section_enrichment.json|reference_library/source_excerpts/section_source_excerpts.json|reference_library/reusable_tables/table_catalog.json|reference_library/reusable_figures/figure_catalog.json|sources/indexes/compact_stage_reference_map.json,form_group=test_day
U8-SUM-V1-Q08,SPIRAL,Algebra 1,8,,Summative V1,Summative V1,Question 8,SUMMATIVE,U8-MG03,U8-EP-SUM-V1-SLOT08,V1,U8-SUM-SLOT08,U8-SUM-TD-FAM08,,quadratic coefficients -> discriminant -> solution type,2,Use the quadratic formula and discriminant to solve quadratic equations and predict the number and type of real solutions.,"I can design a coefficient map that organizes $a$, $b$, and $c$ before using the quadratic formula.",Connect representations; use algebraic structure precisely; model and interpret quantities; justify conclusions with mathematical evidence when the task requires it.,constructed_response,short_response,secure,210,,,,assessment_plans/original/unit8_assessment_plan/unit8_assessment_plan.html|reference_library/question_structures/section_enrichment.json|reference_library/source_excerpts/section_source_excerpts.json|reference_library/reusable_tables/table_catalog.json|reference_library/reusable_figures/figure_catalog.json|sources/indexes/compact_stage_reference_map.json,form_group=test_day
U8-SUM-V1-Q09,SPIRAL,Algebra 1,8,,Summative V1,Summative V1,Question 9,SUMMATIVE,U8-MG04,U8-EP-SUM-V1-SLOT09,V1,U8-SUM-SLOT09,U8-SUM-TD-FAM09,,table + equation -> representation agreement,2,"Select and defend an efficient quadratic solution method based on equation structure, accuracy, and fit.",I can formulate a solution-method plan based on the structure of a quadratic equation.,Connect representations; use algebraic structure precisely; model and interpret quantities; justify conclusions with mathematical evidence when the task requires it.,constructed_response,short_response,secure,210,,,,assessment_plans/original/unit8_assessment_plan/unit8_assessment_plan.html|reference_library/question_structures/section_enrichment.json|reference_library/source_excerpts/section_source_excerpts.json|reference_library/reusable_tables/table_catalog.json|reference_library/reusable_figures/figure_catalog.json|sources/indexes/compact_stage_reference_map.json,form_group=test_day
U8-SUM-V1-Q10,SPIRAL,Algebra 1,8,,Summative V1,Summative V1,Question 10,SUMMATIVE,U8-MG04,U8-EP-SUM-V1-SLOT10,V1,U8-SUM-SLOT10,U8-SUM-TD-FAM10,,table + equation -> representation agreement,2,"Select and defend an efficient quadratic solution method based on equation structure, accuracy, and fit.",I can formulate a solution-method plan based on the structure of a quadratic equation.,Connect representations; use algebraic structure precisely; model and interpret quantities; justify conclusions with mathematical evidence when the task requires it.,multiple_choice,selected_response,secure,210,,,,assessment_plans/original/unit8_assessment_plan/unit8_assessment_plan.html|reference_library/question_structures/section_enrichment.json|reference_library/source_excerpts/section_source_excerpts.json|reference_library/reusable_tables/table_catalog.json|reference_library/reusable_figures/figure_catalog.json|sources/indexes/compact_stage_reference_map.json,form_group=test_day
U8-SUM-V1-Q11,SPIRAL,Algebra 1,8,,Summative V1,Summative V1,Question 11,SUMMATIVE,U8-MG05,U8-EP-SUM-V1-SLOT11,V1,U8-SUM-SLOT11,U8-SUM-TD-FAM11,,vertex-form model -> maximum and prediction,2,"Build and interpret quadratic models, including maximums, minimums, intercepts, and contextually meaningful solutions.","I can construct quadratic models from real-world constraints, data, or key features.",Connect representations; use algebraic structure precisely; model and interpret quantities; justify conclusions with mathematical evidence when the task requires it.,constructed_response,short_response,secure,210,,,,assessment_plans/original/unit8_assessment_plan/unit8_assessment_plan.html|reference_library/question_structures/section_enrichment.json|reference_library/source_excerpts/section_source_excerpts.json|reference_library/reusable_tables/table_catalog.json|reference_library/reusable_figures/figure_catalog.json|sources/indexes/compact_stage_reference_map.json,form_group=test_day
U8-SUM-V1-Q12,SPIRAL,Algebra 1,8,,Summative V1,Summative V1,Question 12,SUMMATIVE,U8-MG05,U8-EP-SUM-V1-SLOT12,V1,U8-SUM-SLOT12,U8-SUM-TD-FAM12,,vertex-form model -> maximum and prediction,3,"Build and interpret quadratic models, including maximums, minimums, intercepts, and contextually meaningful solutions.","I can construct quadratic models from real-world constraints, data, or key features.",Connect representations; use algebraic structure precisely; model and interpret quantities; justify conclusions with mathematical evidence when the task requires it.,constructed_response,short_response,secure,210,,,,assessment_plans/original/unit8_assessment_plan/unit8_assessment_plan.html|reference_library/question_structures/section_enrichment.json|reference_library/source_excerpts/section_source_excerpts.json|reference_library/reusable_tables/table_catalog.json|reference_library/reusable_figures/figure_catalog.json|sources/indexes/compact_stage_reference_map.json,form_group=test_day
U8-SUM-V2-Q01,SPIRAL,Algebra 1,8,,Summative V2,Summative V2,Question 10,SUMMATIVE,U8-MG01,U8-EP-SUM-V2-SLOT01,V2,U8-SUM-SLOT01,U8-SUM-TD-FAM01,,factored quadratic equation -> zero product solutions,2,Solve quadratic equations by factoring and the zero product property and interpret solutions in graphs and contexts.,"I can construct factored quadratic equations from given zeros, intercepts, or contextual constraints.",Connect representations; use algebraic structure precisely; model and interpret quantities; justify conclusions with mathematical evidence when the task requires it.,multiple_choice,selected_response,secure,210,,,,assessment_plans/original/unit8_assessment_plan/unit8_assessment_plan.html|reference_library/question_structures/section_enrichment.json|reference_library/source_excerpts/section_source_excerpts.json|reference_library/reusable_tables/table_catalog.json|reference_library/reusable_figures/figure_catalog.json|sources/indexes/compact_stage_reference_map.json,form_group=test_day
U8-SUM-V2-Q02,SPIRAL,Algebra 1,8,,Summative V2,Summative V2,Question 11,SUMMATIVE,U8-MG01,U8-EP-SUM-V2-SLOT02,V2,U8-SUM-SLOT02,U8-SUM-TD-FAM02,,factored quadratic equation -> zero product solutions,2,Solve quadratic equations by factoring and the zero product property and interpret solutions in graphs and contexts.,"I can construct factored quadratic equations from given zeros, intercepts, or contextual constraints.",Connect representations; use algebraic structure precisely; model and interpret quantities; justify conclusions with mathematical evidence when the task requires it.,constructed_response,short_response,secure,210,,,,assessment_plans/original/unit8_assessment_plan/unit8_assessment_plan.html|reference_library/question_structures/section_enrichment.json|reference_library/source_excerpts/section_source_excerpts.json|reference_library/reusable_tables/table_catalog.json|reference_library/reusable_figures/figure_catalog.json|sources/indexes/compact_stage_reference_map.json,form_group=test_day
U8-SUM-V2-Q03,SPIRAL,Algebra 1,8,,Summative V2,Summative V2,Question 12,SUMMATIVE,U8-MG01,U8-EP-SUM-V2-SLOT03,V2,U8-SUM-SLOT03,U8-SUM-TD-FAM03,,factored quadratic equation -> zero product solutions,2,Solve quadratic equations by factoring and the zero product property and interpret solutions in graphs and contexts.,"I can construct factored quadratic equations from given zeros, intercepts, or contextual constraints.",Connect representations; use algebraic structure precisely; model and interpret quantities; justify conclusions with mathematical evidence when the task requires it.,constructed_response,short_response,secure,210,,,,assessment_plans/original/unit8_assessment_plan/unit8_assessment_plan.html|reference_library/question_structures/section_enrichment.json|reference_library/source_excerpts/section_source_excerpts.json|reference_library/reusable_tables/table_catalog.json|reference_library/reusable_figures/figure_catalog.json|sources/indexes/compact_stage_reference_map.json,form_group=test_day
U8-SUM-V2-Q04,SPIRAL,Algebra 1,8,,Summative V2,Summative V2,Question 1,SUMMATIVE,U8-MG02,U8-EP-SUM-V2-SLOT04,V2,U8-SUM-SLOT04,U8-SUM-TD-FAM04,,standard quadratic -> complete square -> solutions,2,Complete the square to solve quadratic equations and connect equivalent forms to vertex and symmetry.,I can build perfect-square trinomials by adding the needed constant term.,Connect representations; use algebraic structure precisely; model and interpret quantities; justify conclusions with mathematical evidence when the task requires it.,multiple_choice,selected_response,secure,210,,,,assessment_plans/original/unit8_assessment_plan/unit8_assessment_plan.html|reference_library/question_structures/section_enrichment.json|reference_library/source_excerpts/section_source_excerpts.json|reference_library/reusable_tables/table_catalog.json|reference_library/reusable_figures/figure_catalog.json|sources/indexes/compact_stage_reference_map.json,form_group=test_day
U8-SUM-V2-Q05,SPIRAL,Algebra 1,8,,Summative V2,Summative V2,Question 2,SUMMATIVE,U8-MG02,U8-EP-SUM-V2-SLOT05,V2,U8-SUM-SLOT05,U8-SUM-TD-FAM05,,standard quadratic -> complete square -> solutions,2,Complete the square to solve quadratic equations and connect equivalent forms to vertex and symmetry.,I can build perfect-square trinomials by adding the needed constant term.,Connect representations; use algebraic structure precisely; model and interpret quantities; justify conclusions with mathematical evidence when the task requires it.,constructed_response,short_response,secure,210,,,,assessment_plans/original/unit8_assessment_plan/unit8_assessment_plan.html|reference_library/question_structures/section_enrichment.json|reference_library/source_excerpts/section_source_excerpts.json|reference_library/reusable_tables/table_catalog.json|reference_library/reusable_figures/figure_catalog.json|sources/indexes/compact_stage_reference_map.json,form_group=test_day
U8-SUM-V2-Q06,SPIRAL,Algebra 1,8,,Summative V2,Summative V2,Question 3,SUMMATIVE,U8-MG02,U8-EP-SUM-V2-SLOT06,V2,U8-SUM-SLOT06,U8-SUM-TD-FAM06,,standard quadratic -> complete square -> solutions,3,Complete the square to solve quadratic equations and connect equivalent forms to vertex and symmetry.,I can build perfect-square trinomials by adding the needed constant term.,Connect representations; use algebraic structure precisely; model and interpret quantities; justify conclusions with mathematical evidence when the task requires it.,constructed_response,short_response,secure,210,,,,assessment_plans/original/unit8_assessment_plan/unit8_assessment_plan.html|reference_library/question_structures/section_enrichment.json|reference_library/source_excerpts/section_source_excerpts.json|reference_library/reusable_tables/table_catalog.json|reference_library/reusable_figures/figure_catalog.json|sources/indexes/compact_stage_reference_map.json,form_group=test_day
U8-SUM-V2-Q07,SPIRAL,Algebra 1,8,,Summative V2,Summative V2,Question 4,SUMMATIVE,U8-MG03,U8-EP-SUM-V2-SLOT07,V2,U8-SUM-SLOT07,U8-SUM-TD-FAM07,,quadratic coefficients -> discriminant -> solution type,2,Use the quadratic formula and discriminant to solve quadratic equations and predict the number and type of real solutions.,"I can design a coefficient map that organizes $a$, $b$, and $c$ before using the quadratic formula.",Connect representations; use algebraic structure precisely; model and interpret quantities; justify conclusions with mathematical evidence when the task requires it.,multiple_choice,selected_response,secure,210,,,,assessment_plans/original/unit8_assessment_plan/unit8_assessment_plan.html|reference_library/question_structures/section_enrichment.json|reference_library/source_excerpts/section_source_excerpts.json|reference_library/reusable_tables/table_catalog.json|reference_library/reusable_figures/figure_catalog.json|sources/indexes/compact_stage_reference_map.json,form_group=test_day
U8-SUM-V2-Q08,SPIRAL,Algebra 1,8,,Summative V2,Summative V2,Question 5,SUMMATIVE,U8-MG03,U8-EP-SUM-V2-SLOT08,V2,U8-SUM-SLOT08,U8-SUM-TD-FAM08,,quadratic coefficients -> discriminant -> solution type,2,Use the quadratic formula and discriminant to solve quadratic equations and predict the number and type of real solutions.,"I can design a coefficient map that organizes $a$, $b$, and $c$ before using the quadratic formula.",Connect representations; use algebraic structure precisely; model and interpret quantities; justify conclusions with mathematical evidence when the task requires it.,constructed_response,short_response,secure,210,,,,assessment_plans/original/unit8_assessment_plan/unit8_assessment_plan.html|reference_library/question_structures/section_enrichment.json|reference_library/source_excerpts/section_source_excerpts.json|reference_library/reusable_tables/table_catalog.json|reference_library/reusable_figures/figure_catalog.json|sources/indexes/compact_stage_reference_map.json,form_group=test_day
U8-SUM-V2-Q09,SPIRAL,Algebra 1,8,,Summative V2,Summative V2,Question 6,SUMMATIVE,U8-MG04,U8-EP-SUM-V2-SLOT09,V2,U8-SUM-SLOT09,U8-SUM-TD-FAM09,,table + equation -> representation agreement,2,"Select and defend an efficient quadratic solution method based on equation structure, accuracy, and fit.",I can formulate a solution-method plan based on the structure of a quadratic equation.,Connect representations; use algebraic structure precisely; model and interpret quantities; justify conclusions with mathematical evidence when the task requires it.,constructed_response,short_response,secure,210,,,,assessment_plans/original/unit8_assessment_plan/unit8_assessment_plan.html|reference_library/question_structures/section_enrichment.json|reference_library/source_excerpts/section_source_excerpts.json|reference_library/reusable_tables/table_catalog.json|reference_library/reusable_figures/figure_catalog.json|sources/indexes/compact_stage_reference_map.json,form_group=test_day
U8-SUM-V2-Q10,SPIRAL,Algebra 1,8,,Summative V2,Summative V2,Question 7,SUMMATIVE,U8-MG04,U8-EP-SUM-V2-SLOT10,V2,U8-SUM-SLOT10,U8-SUM-TD-FAM10,,table + equation -> representation agreement,2,"Select and defend an efficient quadratic solution method based on equation structure, accuracy, and fit.",I can formulate a solution-method plan based on the structure of a quadratic equation.,Connect representations; use algebraic structure precisely; model and interpret quantities; justify conclusions with mathematical evidence when the task requires it.,multiple_choice,selected_response,secure,210,,,,assessment_plans/original/unit8_assessment_plan/unit8_assessment_plan.html|reference_library/question_structures/section_enrichment.json|reference_library/source_excerpts/section_source_excerpts.json|reference_library/reusable_tables/table_catalog.json|reference_library/reusable_figures/figure_catalog.json|sources/indexes/compact_stage_reference_map.json,form_group=test_day
U8-SUM-V2-Q11,SPIRAL,Algebra 1,8,,Summative V2,Summative V2,Question 8,SUMMATIVE,U8-MG05,U8-EP-SUM-V2-SLOT11,V2,U8-SUM-SLOT11,U8-SUM-TD-FAM11,,vertex-form model -> maximum and prediction,2,"Build and interpret quadratic models, including maximums, minimums, intercepts, and contextually meaningful solutions.","I can construct quadratic models from real-world constraints, data, or key features.",Connect representations; use algebraic structure precisely; model and interpret quantities; justify conclusions with mathematical evidence when the task requires it.,constructed_response,short_response,secure,210,,,,assessment_plans/original/unit8_assessment_plan/unit8_assessment_plan.html|reference_library/question_structures/section_enrichment.json|reference_library/source_excerpts/section_source_excerpts.json|reference_library/reusable_tables/table_catalog.json|reference_library/reusable_figures/figure_catalog.json|sources/indexes/compact_stage_reference_map.json,form_group=test_day
U8-SUM-V2-Q12,SPIRAL,Algebra 1,8,,Summative V2,Summative V2,Question 9,SUMMATIVE,U8-MG05,U8-EP-SUM-V2-SLOT12,V2,U8-SUM-SLOT12,U8-SUM-TD-FAM12,,vertex-form model -> maximum and prediction,3,"Build and interpret quadratic models, including maximums, minimums, intercepts, and contextually meaningful solutions.","I can construct quadratic models from real-world constraints, data, or key features.",Connect representations; use algebraic structure precisely; model and interpret quantities; justify conclusions with mathematical evidence when the task requires it.,constructed_response,short_response,secure,210,,,,assessment_plans/original/unit8_assessment_plan/unit8_assessment_plan.html|reference_library/question_structures/section_enrichment.json|reference_library/source_excerpts/section_source_excerpts.json|reference_library/reusable_tables/table_catalog.json|reference_library/reusable_figures/figure_catalog.json|sources/indexes/compact_stage_reference_map.json,form_group=test_day
U8-SUM-V3-Q01,SPIRAL,Algebra 1,8,,Summative V3,Summative V3,Question 7,SUMMATIVE,U8-MG01,U8-EP-SUM-V3-SLOT01,V3,U8-SUM-SLOT01,U8-SUM-TD-FAM01,,factored quadratic equation -> zero product solutions,2,Solve quadratic equations by factoring and the zero product property and interpret solutions in graphs and contexts.,"I can construct factored quadratic equations from given zeros, intercepts, or contextual constraints.",Connect representations; use algebraic structure precisely; model and interpret quantities; justify conclusions with mathematical evidence when the task requires it.,multiple_choice,selected_response,secure,210,,,,assessment_plans/original/unit8_assessment_plan/unit8_assessment_plan.html|reference_library/question_structures/section_enrichment.json|reference_library/source_excerpts/section_source_excerpts.json|reference_library/reusable_tables/table_catalog.json|reference_library/reusable_figures/figure_catalog.json|sources/indexes/compact_stage_reference_map.json,form_group=test_day
U8-SUM-V3-Q02,SPIRAL,Algebra 1,8,,Summative V3,Summative V3,Question 8,SUMMATIVE,U8-MG01,U8-EP-SUM-V3-SLOT02,V3,U8-SUM-SLOT02,U8-SUM-TD-FAM02,,factored quadratic equation -> zero product solutions,2,Solve quadratic equations by factoring and the zero product property and interpret solutions in graphs and contexts.,"I can construct factored quadratic equations from given zeros, intercepts, or contextual constraints.",Connect representations; use algebraic structure precisely; model and interpret quantities; justify conclusions with mathematical evidence when the task requires it.,constructed_response,short_response,secure,210,,,,assessment_plans/original/unit8_assessment_plan/unit8_assessment_plan.html|reference_library/question_structures/section_enrichment.json|reference_library/source_excerpts/section_source_excerpts.json|reference_library/reusable_tables/table_catalog.json|reference_library/reusable_figures/figure_catalog.json|sources/indexes/compact_stage_reference_map.json,form_group=test_day
U8-SUM-V3-Q03,SPIRAL,Algebra 1,8,,Summative V3,Summative V3,Question 9,SUMMATIVE,U8-MG01,U8-EP-SUM-V3-SLOT03,V3,U8-SUM-SLOT03,U8-SUM-TD-FAM03,,factored quadratic equation -> zero product solutions,2,Solve quadratic equations by factoring and the zero product property and interpret solutions in graphs and contexts.,"I can construct factored quadratic equations from given zeros, intercepts, or contextual constraints.",Connect representations; use algebraic structure precisely; model and interpret quantities; justify conclusions with mathematical evidence when the task requires it.,constructed_response,short_response,secure,210,,,,assessment_plans/original/unit8_assessment_plan/unit8_assessment_plan.html|reference_library/question_structures/section_enrichment.json|reference_library/source_excerpts/section_source_excerpts.json|reference_library/reusable_tables/table_catalog.json|reference_library/reusable_figures/figure_catalog.json|sources/indexes/compact_stage_reference_map.json,form_group=test_day
U8-SUM-V3-Q04,SPIRAL,Algebra 1,8,,Summative V3,Summative V3,Question 10,SUMMATIVE,U8-MG02,U8-EP-SUM-V3-SLOT04,V3,U8-SUM-SLOT04,U8-SUM-TD-FAM04,,standard quadratic -> complete square -> solutions,2,Complete the square to solve quadratic equations and connect equivalent forms to vertex and symmetry.,I can build perfect-square trinomials by adding the needed constant term.,Connect representations; use algebraic structure precisely; model and interpret quantities; justify conclusions with mathematical evidence when the task requires it.,multiple_choice,selected_response,secure,210,,,,assessment_plans/original/unit8_assessment_plan/unit8_assessment_plan.html|reference_library/question_structures/section_enrichment.json|reference_library/source_excerpts/section_source_excerpts.json|reference_library/reusable_tables/table_catalog.json|reference_library/reusable_figures/figure_catalog.json|sources/indexes/compact_stage_reference_map.json,form_group=test_day
U8-SUM-V3-Q05,SPIRAL,Algebra 1,8,,Summative V3,Summative V3,Question 11,SUMMATIVE,U8-MG02,U8-EP-SUM-V3-SLOT05,V3,U8-SUM-SLOT05,U8-SUM-TD-FAM05,,standard quadratic -> complete square -> solutions,2,Complete the square to solve quadratic equations and connect equivalent forms to vertex and symmetry.,I can build perfect-square trinomials by adding the needed constant term.,Connect representations; use algebraic structure precisely; model and interpret quantities; justify conclusions with mathematical evidence when the task requires it.,constructed_response,short_response,secure,210,,,,assessment_plans/original/unit8_assessment_plan/unit8_assessment_plan.html|reference_library/question_structures/section_enrichment.json|reference_library/source_excerpts/section_source_excerpts.json|reference_library/reusable_tables/table_catalog.json|reference_library/reusable_figures/figure_catalog.json|sources/indexes/compact_stage_reference_map.json,form_group=test_day
U8-SUM-V3-Q06,SPIRAL,Algebra 1,8,,Summative V3,Summative V3,Question 12,SUMMATIVE,U8-MG02,U8-EP-SUM-V3-SLOT06,V3,U8-SUM-SLOT06,U8-SUM-TD-FAM06,,standard quadratic -> complete square -> solutions,3,Complete the square to solve quadratic equations and connect equivalent forms to vertex and symmetry.,I can build perfect-square trinomials by adding the needed constant term.,Connect representations; use algebraic structure precisely; model and interpret quantities; justify conclusions with mathematical evidence when the task requires it.,constructed_response,short_response,secure,210,,,,assessment_plans/original/unit8_assessment_plan/unit8_assessment_plan.html|reference_library/question_structures/section_enrichment.json|reference_library/source_excerpts/section_source_excerpts.json|reference_library/reusable_tables/table_catalog.json|reference_library/reusable_figures/figure_catalog.json|sources/indexes/compact_stage_reference_map.json,form_group=test_day
U8-SUM-V3-Q07,SPIRAL,Algebra 1,8,,Summative V3,Summative V3,Question 1,SUMMATIVE,U8-MG03,U8-EP-SUM-V3-SLOT07,V3,U8-SUM-SLOT07,U8-SUM-TD-FAM07,,quadratic coefficients -> discriminant -> solution type,2,Use the quadratic formula and discriminant to solve quadratic equations and predict the number and type of real solutions.,"I can design a coefficient map that organizes $a$, $b$, and $c$ before using the quadratic formula.",Connect representations; use algebraic structure precisely; model and interpret quantities; justify conclusions with mathematical evidence when the task requires it.,multiple_choice,selected_response,secure,210,,,,assessment_plans/original/unit8_assessment_plan/unit8_assessment_plan.html|reference_library/question_structures/section_enrichment.json|reference_library/source_excerpts/section_source_excerpts.json|reference_library/reusable_tables/table_catalog.json|reference_library/reusable_figures/figure_catalog.json|sources/indexes/compact_stage_reference_map.json,form_group=test_day
U8-SUM-V3-Q08,SPIRAL,Algebra 1,8,,Summative V3,Summative V3,Question 2,SUMMATIVE,U8-MG03,U8-EP-SUM-V3-SLOT08,V3,U8-SUM-SLOT08,U8-SUM-TD-FAM08,,quadratic coefficients -> discriminant -> solution type,2,Use the quadratic formula and discriminant to solve quadratic equations and predict the number and type of real solutions.,"I can design a coefficient map that organizes $a$, $b$, and $c$ before using the quadratic formula.",Connect representations; use algebraic structure precisely; model and interpret quantities; justify conclusions with mathematical evidence when the task requires it.,constructed_response,short_response,secure,210,,,,assessment_plans/original/unit8_assessment_plan/unit8_assessment_plan.html|reference_library/question_structures/section_enrichment.json|reference_library/source_excerpts/section_source_excerpts.json|reference_library/reusable_tables/table_catalog.json|reference_library/reusable_figures/figure_catalog.json|sources/indexes/compact_stage_reference_map.json,form_group=test_day
U8-SUM-V3-Q09,SPIRAL,Algebra 1,8,,Summative V3,Summative V3,Question 3,SUMMATIVE,U8-MG04,U8-EP-SUM-V3-SLOT09,V3,U8-SUM-SLOT09,U8-SUM-TD-FAM09,,table + equation -> representation agreement,2,"Select and defend an efficient quadratic solution method based on equation structure, accuracy, and fit.",I can formulate a solution-method plan based on the structure of a quadratic equation.,Connect representations; use algebraic structure precisely; model and interpret quantities; justify conclusions with mathematical evidence when the task requires it.,constructed_response,short_response,secure,210,,,,assessment_plans/original/unit8_assessment_plan/unit8_assessment_plan.html|reference_library/question_structures/section_enrichment.json|reference_library/source_excerpts/section_source_excerpts.json|reference_library/reusable_tables/table_catalog.json|reference_library/reusable_figures/figure_catalog.json|sources/indexes/compact_stage_reference_map.json,form_group=test_day
U8-SUM-V3-Q10,SPIRAL,Algebra 1,8,,Summative V3,Summative V3,Question 4,SUMMATIVE,U8-MG04,U8-EP-SUM-V3-SLOT10,V3,U8-SUM-SLOT10,U8-SUM-TD-FAM10,,table + equation -> representation agreement,2,"Select and defend an efficient quadratic solution method based on equation structure, accuracy, and fit.",I can formulate a solution-method plan based on the structure of a quadratic equation.,Connect representations; use algebraic structure precisely; model and interpret quantities; justify conclusions with mathematical evidence when the task requires it.,multiple_choice,selected_response,secure,210,,,,assessment_plans/original/unit8_assessment_plan/unit8_assessment_plan.html|reference_library/question_structures/section_enrichment.json|reference_library/source_excerpts/section_source_excerpts.json|reference_library/reusable_tables/table_catalog.json|reference_library/reusable_figures/figure_catalog.json|sources/indexes/compact_stage_reference_map.json,form_group=test_day
U8-SUM-V3-Q11,SPIRAL,Algebra 1,8,,Summative V3,Summative V3,Question 5,SUMMATIVE,U8-MG05,U8-EP-SUM-V3-SLOT11,V3,U8-SUM-SLOT11,U8-SUM-TD-FAM11,,vertex-form model -> maximum and prediction,2,"Build and interpret quadratic models, including maximums, minimums, intercepts, and contextually meaningful solutions.","I can construct quadratic models from real-world constraints, data, or key features.",Connect representations; use algebraic structure precisely; model and interpret quantities; justify conclusions with mathematical evidence when the task requires it.,constructed_response,short_response,secure,210,,,,assessment_plans/original/unit8_assessment_plan/unit8_assessment_plan.html|reference_library/question_structures/section_enrichment.json|reference_library/source_excerpts/section_source_excerpts.json|reference_library/reusable_tables/table_catalog.json|reference_library/reusable_figures/figure_catalog.json|sources/indexes/compact_stage_reference_map.json,form_group=test_day
U8-SUM-V3-Q12,SPIRAL,Algebra 1,8,,Summative V3,Summative V3,Question 6,SUMMATIVE,U8-MG05,U8-EP-SUM-V3-SLOT12,V3,U8-SUM-SLOT12,U8-SUM-TD-FAM12,,vertex-form model -> maximum and prediction,3,"Build and interpret quadratic models, including maximums, minimums, intercepts, and contextually meaningful solutions.","I can construct quadratic models from real-world constraints, data, or key features.",Connect representations; use algebraic structure precisely; model and interpret quantities; justify conclusions with mathematical evidence when the task requires it.,constructed_response,short_response,secure,210,,,,assessment_plans/original/unit8_assessment_plan/unit8_assessment_plan.html|reference_library/question_structures/section_enrichment.json|reference_library/source_excerpts/section_source_excerpts.json|reference_library/reusable_tables/table_catalog.json|reference_library/reusable_figures/figure_catalog.json|sources/indexes/compact_stage_reference_map.json,form_group=test_day
U8-SUM-V4-Q01,SPIRAL,Algebra 1,8,,Summative V4,Summative V4,Question 12,SUMMATIVE,U8-MG01,U8-EP-SUM-V4-SLOT01,V4,U8-SUM-SLOT01,U8-SUM-TD-FAM01,,factored quadratic equation -> zero product solutions,2,Solve quadratic equations by factoring and the zero product property and interpret solutions in graphs and contexts.,"I can construct factored quadratic equations from given zeros, intercepts, or contextual constraints.",Connect representations; use algebraic structure precisely; model and interpret quantities; justify conclusions with mathematical evidence when the task requires it.,multiple_choice,selected_response,secure,210,,,,assessment_plans/original/unit8_assessment_plan/unit8_assessment_plan.html|reference_library/question_structures/section_enrichment.json|reference_library/source_excerpts/section_source_excerpts.json|reference_library/reusable_tables/table_catalog.json|reference_library/reusable_figures/figure_catalog.json|sources/indexes/compact_stage_reference_map.json,form_group=test_day
U8-SUM-V4-Q02,SPIRAL,Algebra 1,8,,Summative V4,Summative V4,Question 11,SUMMATIVE,U8-MG01,U8-EP-SUM-V4-SLOT02,V4,U8-SUM-SLOT02,U8-SUM-TD-FAM02,,factored quadratic equation -> zero product solutions,2,Solve quadratic equations by factoring and the zero product property and interpret solutions in graphs and contexts.,"I can construct factored quadratic equations from given zeros, intercepts, or contextual constraints.",Connect representations; use algebraic structure precisely; model and interpret quantities; justify conclusions with mathematical evidence when the task requires it.,constructed_response,short_response,secure,210,,,,assessment_plans/original/unit8_assessment_plan/unit8_assessment_plan.html|reference_library/question_structures/section_enrichment.json|reference_library/source_excerpts/section_source_excerpts.json|reference_library/reusable_tables/table_catalog.json|reference_library/reusable_figures/figure_catalog.json|sources/indexes/compact_stage_reference_map.json,form_group=test_day
U8-SUM-V4-Q03,SPIRAL,Algebra 1,8,,Summative V4,Summative V4,Question 10,SUMMATIVE,U8-MG01,U8-EP-SUM-V4-SLOT03,V4,U8-SUM-SLOT03,U8-SUM-TD-FAM03,,factored quadratic equation -> zero product solutions,2,Solve quadratic equations by factoring and the zero product property and interpret solutions in graphs and contexts.,"I can construct factored quadratic equations from given zeros, intercepts, or contextual constraints.",Connect representations; use algebraic structure precisely; model and interpret quantities; justify conclusions with mathematical evidence when the task requires it.,constructed_response,short_response,secure,210,,,,assessment_plans/original/unit8_assessment_plan/unit8_assessment_plan.html|reference_library/question_structures/section_enrichment.json|reference_library/source_excerpts/section_source_excerpts.json|reference_library/reusable_tables/table_catalog.json|reference_library/reusable_figures/figure_catalog.json|sources/indexes/compact_stage_reference_map.json,form_group=test_day
U8-SUM-V4-Q04,SPIRAL,Algebra 1,8,,Summative V4,Summative V4,Question 9,SUMMATIVE,U8-MG02,U8-EP-SUM-V4-SLOT04,V4,U8-SUM-SLOT04,U8-SUM-TD-FAM04,,standard quadratic -> complete square -> solutions,2,Complete the square to solve quadratic equations and connect equivalent forms to vertex and symmetry.,I can build perfect-square trinomials by adding the needed constant term.,Connect representations; use algebraic structure precisely; model and interpret quantities; justify conclusions with mathematical evidence when the task requires it.,multiple_choice,selected_response,secure,210,,,,assessment_plans/original/unit8_assessment_plan/unit8_assessment_plan.html|reference_library/question_structures/section_enrichment.json|reference_library/source_excerpts/section_source_excerpts.json|reference_library/reusable_tables/table_catalog.json|reference_library/reusable_figures/figure_catalog.json|sources/indexes/compact_stage_reference_map.json,form_group=test_day
U8-SUM-V4-Q05,SPIRAL,Algebra 1,8,,Summative V4,Summative V4,Question 8,SUMMATIVE,U8-MG02,U8-EP-SUM-V4-SLOT05,V4,U8-SUM-SLOT05,U8-SUM-TD-FAM05,,standard quadratic -> complete square -> solutions,2,Complete the square to solve quadratic equations and connect equivalent forms to vertex and symmetry.,I can build perfect-square trinomials by adding the needed constant term.,Connect representations; use algebraic structure precisely; model and interpret quantities; justify conclusions with mathematical evidence when the task requires it.,constructed_response,short_response,secure,210,,,,assessment_plans/original/unit8_assessment_plan/unit8_assessment_plan.html|reference_library/question_structures/section_enrichment.json|reference_library/source_excerpts/section_source_excerpts.json|reference_library/reusable_tables/table_catalog.json|reference_library/reusable_figures/figure_catalog.json|sources/indexes/compact_stage_reference_map.json,form_group=test_day
U8-SUM-V4-Q06,SPIRAL,Algebra 1,8,,Summative V4,Summative V4,Question 7,SUMMATIVE,U8-MG02,U8-EP-SUM-V4-SLOT06,V4,U8-SUM-SLOT06,U8-SUM-TD-FAM06,,standard quadratic -> complete square -> solutions,3,Complete the square to solve quadratic equations and connect equivalent forms to vertex and symmetry.,I can build perfect-square trinomials by adding the needed constant term.,Connect representations; use algebraic structure precisely; model and interpret quantities; justify conclusions with mathematical evidence when the task requires it.,constructed_response,short_response,secure,210,,,,assessment_plans/original/unit8_assessment_plan/unit8_assessment_plan.html|reference_library/question_structures/section_enrichment.json|reference_library/source_excerpts/section_source_excerpts.json|reference_library/reusable_tables/table_catalog.json|reference_library/reusable_figures/figure_catalog.json|sources/indexes/compact_stage_reference_map.json,form_group=test_day
U8-SUM-V4-Q07,SPIRAL,Algebra 1,8,,Summative V4,Summative V4,Question 6,SUMMATIVE,U8-MG03,U8-EP-SUM-V4-SLOT07,V4,U8-SUM-SLOT07,U8-SUM-TD-FAM07,,quadratic coefficients -> discriminant -> solution type,2,Use the quadratic formula and discriminant to solve quadratic equations and predict the number and type of real solutions.,"I can design a coefficient map that organizes $a$, $b$, and $c$ before using the quadratic formula.",Connect representations; use algebraic structure precisely; model and interpret quantities; justify conclusions with mathematical evidence when the task requires it.,multiple_choice,selected_response,secure,210,,,,assessment_plans/original/unit8_assessment_plan/unit8_assessment_plan.html|reference_library/question_structures/section_enrichment.json|reference_library/source_excerpts/section_source_excerpts.json|reference_library/reusable_tables/table_catalog.json|reference_library/reusable_figures/figure_catalog.json|sources/indexes/compact_stage_reference_map.json,form_group=test_day
U8-SUM-V4-Q08,SPIRAL,Algebra 1,8,,Summative V4,Summative V4,Question 5,SUMMATIVE,U8-MG03,U8-EP-SUM-V4-SLOT08,V4,U8-SUM-SLOT08,U8-SUM-TD-FAM08,,quadratic coefficients -> discriminant -> solution type,2,Use the quadratic formula and discriminant to solve quadratic equations and predict the number and type of real solutions.,"I can design a coefficient map that organizes $a$, $b$, and $c$ before using the quadratic formula.",Connect representations; use algebraic structure precisely; model and interpret quantities; justify conclusions with mathematical evidence when the task requires it.,constructed_response,short_response,secure,210,,,,assessment_plans/original/unit8_assessment_plan/unit8_assessment_plan.html|reference_library/question_structures/section_enrichment.json|reference_library/source_excerpts/section_source_excerpts.json|reference_library/reusable_tables/table_catalog.json|reference_library/reusable_figures/figure_catalog.json|sources/indexes/compact_stage_reference_map.json,form_group=test_day
U8-SUM-V4-Q09,SPIRAL,Algebra 1,8,,Summative V4,Summative V4,Question 4,SUMMATIVE,U8-MG04,U8-EP-SUM-V4-SLOT09,V4,U8-SUM-SLOT09,U8-SUM-TD-FAM09,,table + equation -> representation agreement,2,"Select and defend an efficient quadratic solution method based on equation structure, accuracy, and fit.",I can formulate a solution-method plan based on the structure of a quadratic equation.,Connect representations; use algebraic structure precisely; model and interpret quantities; justify conclusions with mathematical evidence when the task requires it.,constructed_response,short_response,secure,210,,,,assessment_plans/original/unit8_assessment_plan/unit8_assessment_plan.html|reference_library/question_structures/section_enrichment.json|reference_library/source_excerpts/section_source_excerpts.json|reference_library/reusable_tables/table_catalog.json|reference_library/reusable_figures/figure_catalog.json|sources/indexes/compact_stage_reference_map.json,form_group=test_day
U8-SUM-V4-Q10,SPIRAL,Algebra 1,8,,Summative V4,Summative V4,Question 3,SUMMATIVE,U8-MG04,U8-EP-SUM-V4-SLOT10,V4,U8-SUM-SLOT10,U8-SUM-TD-FAM10,,table + equation -> representation agreement,2,"Select and defend an efficient quadratic solution method based on equation structure, accuracy, and fit.",I can formulate a solution-method plan based on the structure of a quadratic equation.,Connect representations; use algebraic structure precisely; model and interpret quantities; justify conclusions with mathematical evidence when the task requires it.,multiple_choice,selected_response,secure,210,,,,assessment_plans/original/unit8_assessment_plan/unit8_assessment_plan.html|reference_library/question_structures/section_enrichment.json|reference_library/source_excerpts/section_source_excerpts.json|reference_library/reusable_tables/table_catalog.json|reference_library/reusable_figures/figure_catalog.json|sources/indexes/compact_stage_reference_map.json,form_group=test_day
U8-SUM-V4-Q11,SPIRAL,Algebra 1,8,,Summative V4,Summative V4,Question 2,SUMMATIVE,U8-MG05,U8-EP-SUM-V4-SLOT11,V4,U8-SUM-SLOT11,U8-SUM-TD-FAM11,,vertex-form model -> maximum and prediction,2,"Build and interpret quadratic models, including maximums, minimums, intercepts, and contextually meaningful solutions.","I can construct quadratic models from real-world constraints, data, or key features.",Connect representations; use algebraic structure precisely; model and interpret quantities; justify conclusions with mathematical evidence when the task requires it.,constructed_response,short_response,secure,210,,,,assessment_plans/original/unit8_assessment_plan/unit8_assessment_plan.html|reference_library/question_structures/section_enrichment.json|reference_library/source_excerpts/section_source_excerpts.json|reference_library/reusable_tables/table_catalog.json|reference_library/reusable_figures/figure_catalog.json|sources/indexes/compact_stage_reference_map.json,form_group=test_day
U8-SUM-V4-Q12,SPIRAL,Algebra 1,8,,Summative V4,Summative V4,Question 1,SUMMATIVE,U8-MG05,U8-EP-SUM-V4-SLOT12,V4,U8-SUM-SLOT12,U8-SUM-TD-FAM12,,vertex-form model -> maximum and prediction,3,"Build and interpret quadratic models, including maximums, minimums, intercepts, and contextually meaningful solutions.","I can construct quadratic models from real-world constraints, data, or key features.",Connect representations; use algebraic structure precisely; model and interpret quantities; justify conclusions with mathematical evidence when the task requires it.,constructed_response,short_response,secure,210,,,,assessment_plans/original/unit8_assessment_plan/unit8_assessment_plan.html|reference_library/question_structures/section_enrichment.json|reference_library/source_excerpts/section_source_excerpts.json|reference_library/reusable_tables/table_catalog.json|reference_library/reusable_figures/figure_catalog.json|sources/indexes/compact_stage_reference_map.json,form_group=test_day
U8-SUM-V5-Q01,SPIRAL,Algebra 1,8,,Summative V5,Summative V5,Question 5,SUMMATIVE,U8-MG01,U8-EP-SUM-V5-SLOT01,V5,U8-SUM-SLOT01,U8-SUM-MU5-FAM01,,factored quadratic equation -> zero product solutions,2,Solve quadratic equations by factoring and the zero product property and interpret solutions in graphs and contexts.,"I can construct factored quadratic equations from given zeros, intercepts, or contextual constraints.",Connect representations; use algebraic structure precisely; model and interpret quantities; justify conclusions with mathematical evidence when the task requires it.,multiple_choice,selected_response,secure,210,,,,assessment_plans/original/unit8_assessment_plan/unit8_assessment_plan.html|reference_library/question_structures/section_enrichment.json|reference_library/source_excerpts/section_source_excerpts.json|reference_library/reusable_tables/table_catalog.json|reference_library/reusable_figures/figure_catalog.json|sources/indexes/compact_stage_reference_map.json,form_group=makeup
U8-SUM-V5-Q02,SPIRAL,Algebra 1,8,,Summative V5,Summative V5,Question 9,SUMMATIVE,U8-MG01,U8-EP-SUM-V5-SLOT02,V5,U8-SUM-SLOT02,U8-SUM-MU5-FAM02,,error analysis + factored quadratic equation -> zero product solutions,2,Solve quadratic equations by factoring and the zero product property and interpret solutions in graphs and contexts.,"I can construct factored quadratic equations from given zeros, intercepts, or contextual constraints.",Connect representations; use algebraic structure precisely; model and interpret quantities; justify conclusions with mathematical evidence when the task requires it.,constructed_response,short_response,secure,210,,,,assessment_plans/original/unit8_assessment_plan/unit8_assessment_plan.html|reference_library/question_structures/section_enrichment.json|reference_library/source_excerpts/section_source_excerpts.json|reference_library/reusable_tables/table_catalog.json|reference_library/reusable_figures/figure_catalog.json|sources/indexes/compact_stage_reference_map.json,form_group=makeup
U8-SUM-V5-Q03,SPIRAL,Algebra 1,8,,Summative V5,Summative V5,Question 1,SUMMATIVE,U8-MG01,U8-EP-SUM-V5-SLOT03,V5,U8-SUM-SLOT03,U8-SUM-MU5-FAM03,,error analysis + factored quadratic equation -> zero product solutions,2,Solve quadratic equations by factoring and the zero product property and interpret solutions in graphs and contexts.,"I can construct factored quadratic equations from given zeros, intercepts, or contextual constraints.",Connect representations; use algebraic structure precisely; model and interpret quantities; justify conclusions with mathematical evidence when the task requires it.,constructed_response,short_response,secure,210,,,,assessment_plans/original/unit8_assessment_plan/unit8_assessment_plan.html|reference_library/question_structures/section_enrichment.json|reference_library/source_excerpts/section_source_excerpts.json|reference_library/reusable_tables/table_catalog.json|reference_library/reusable_figures/figure_catalog.json|sources/indexes/compact_stage_reference_map.json,form_group=makeup
U8-SUM-V5-Q04,SPIRAL,Algebra 1,8,,Summative V5,Summative V5,Question 6,SUMMATIVE,U8-MG02,U8-EP-SUM-V5-SLOT04,V5,U8-SUM-SLOT04,U8-SUM-MU5-FAM04,,standard quadratic -> complete square -> solutions,2,Complete the square to solve quadratic equations and connect equivalent forms to vertex and symmetry.,I can build perfect-square trinomials by adding the needed constant term.,Connect representations; use algebraic structure precisely; model and interpret quantities; justify conclusions with mathematical evidence when the task requires it.,multiple_choice,selected_response,secure,210,,,,assessment_plans/original/unit8_assessment_plan/unit8_assessment_plan.html|reference_library/question_structures/section_enrichment.json|reference_library/source_excerpts/section_source_excerpts.json|reference_library/reusable_tables/table_catalog.json|reference_library/reusable_figures/figure_catalog.json|sources/indexes/compact_stage_reference_map.json,form_group=makeup
U8-SUM-V5-Q05,SPIRAL,Algebra 1,8,,Summative V5,Summative V5,Question 10,SUMMATIVE,U8-MG02,U8-EP-SUM-V5-SLOT05,V5,U8-SUM-SLOT05,U8-SUM-MU5-FAM05,,error analysis + standard quadratic -> complete square -> solutions,2,Complete the square to solve quadratic equations and connect equivalent forms to vertex and symmetry.,I can build perfect-square trinomials by adding the needed constant term.,Connect representations; use algebraic structure precisely; model and interpret quantities; justify conclusions with mathematical evidence when the task requires it.,constructed_response,short_response,secure,210,,,,assessment_plans/original/unit8_assessment_plan/unit8_assessment_plan.html|reference_library/question_structures/section_enrichment.json|reference_library/source_excerpts/section_source_excerpts.json|reference_library/reusable_tables/table_catalog.json|reference_library/reusable_figures/figure_catalog.json|sources/indexes/compact_stage_reference_map.json,form_group=makeup
U8-SUM-V5-Q06,SPIRAL,Algebra 1,8,,Summative V5,Summative V5,Question 2,SUMMATIVE,U8-MG02,U8-EP-SUM-V5-SLOT06,V5,U8-SUM-SLOT06,U8-SUM-MU5-FAM06,,error analysis + standard quadratic -> complete square -> solutions,3,Complete the square to solve quadratic equations and connect equivalent forms to vertex and symmetry.,I can build perfect-square trinomials by adding the needed constant term.,Connect representations; use algebraic structure precisely; model and interpret quantities; justify conclusions with mathematical evidence when the task requires it.,constructed_response,short_response,secure,210,,,,assessment_plans/original/unit8_assessment_plan/unit8_assessment_plan.html|reference_library/question_structures/section_enrichment.json|reference_library/source_excerpts/section_source_excerpts.json|reference_library/reusable_tables/table_catalog.json|reference_library/reusable_figures/figure_catalog.json|sources/indexes/compact_stage_reference_map.json,form_group=makeup
U8-SUM-V5-Q07,SPIRAL,Algebra 1,8,,Summative V5,Summative V5,Question 7,SUMMATIVE,U8-MG03,U8-EP-SUM-V5-SLOT07,V5,U8-SUM-SLOT07,U8-SUM-MU5-FAM07,,quadratic coefficients -> discriminant -> solution type,2,Use the quadratic formula and discriminant to solve quadratic equations and predict the number and type of real solutions.,"I can design a coefficient map that organizes $a$, $b$, and $c$ before using the quadratic formula.",Connect representations; use algebraic structure precisely; model and interpret quantities; justify conclusions with mathematical evidence when the task requires it.,multiple_choice,selected_response,secure,210,,,,assessment_plans/original/unit8_assessment_plan/unit8_assessment_plan.html|reference_library/question_structures/section_enrichment.json|reference_library/source_excerpts/section_source_excerpts.json|reference_library/reusable_tables/table_catalog.json|reference_library/reusable_figures/figure_catalog.json|sources/indexes/compact_stage_reference_map.json,form_group=makeup
U8-SUM-V5-Q08,SPIRAL,Algebra 1,8,,Summative V5,Summative V5,Question 11,SUMMATIVE,U8-MG03,U8-EP-SUM-V5-SLOT08,V5,U8-SUM-SLOT08,U8-SUM-MU5-FAM08,,error analysis + quadratic coefficients -> discriminant -> solution type,2,Use the quadratic formula and discriminant to solve quadratic equations and predict the number and type of real solutions.,"I can design a coefficient map that organizes $a$, $b$, and $c$ before using the quadratic formula.",Connect representations; use algebraic structure precisely; model and interpret quantities; justify conclusions with mathematical evidence when the task requires it.,constructed_response,short_response,secure,210,,,,assessment_plans/original/unit8_assessment_plan/unit8_assessment_plan.html|reference_library/question_structures/section_enrichment.json|reference_library/source_excerpts/section_source_excerpts.json|reference_library/reusable_tables/table_catalog.json|reference_library/reusable_figures/figure_catalog.json|sources/indexes/compact_stage_reference_map.json,form_group=makeup
U8-SUM-V5-Q09,SPIRAL,Algebra 1,8,,Summative V5,Summative V5,Question 3,SUMMATIVE,U8-MG04,U8-EP-SUM-V5-SLOT09,V5,U8-SUM-SLOT09,U8-SUM-MU5-FAM09,,error analysis + table + equation -> representation agreement,2,"Select and defend an efficient quadratic solution method based on equation structure, accuracy, and fit.",I can formulate a solution-method plan based on the structure of a quadratic equation.,Connect representations; use algebraic structure precisely; model and interpret quantities; justify conclusions with mathematical evidence when the task requires it.,constructed_response,short_response,secure,210,,,,assessment_plans/original/unit8_assessment_plan/unit8_assessment_plan.html|reference_library/question_structures/section_enrichment.json|reference_library/source_excerpts/section_source_excerpts.json|reference_library/reusable_tables/table_catalog.json|reference_library/reusable_figures/figure_catalog.json|sources/indexes/compact_stage_reference_map.json,form_group=makeup
U8-SUM-V5-Q10,SPIRAL,Algebra 1,8,,Summative V5,Summative V5,Question 8,SUMMATIVE,U8-MG04,U8-EP-SUM-V5-SLOT10,V5,U8-SUM-SLOT10,U8-SUM-MU5-FAM10,,table + equation -> representation agreement,2,"Select and defend an efficient quadratic solution method based on equation structure, accuracy, and fit.",I can formulate a solution-method plan based on the structure of a quadratic equation.,Connect representations; use algebraic structure precisely; model and interpret quantities; justify conclusions with mathematical evidence when the task requires it.,multiple_choice,selected_response,secure,210,,,,assessment_plans/original/unit8_assessment_plan/unit8_assessment_plan.html|reference_library/question_structures/section_enrichment.json|reference_library/source_excerpts/section_source_excerpts.json|reference_library/reusable_tables/table_catalog.json|reference_library/reusable_figures/figure_catalog.json|sources/indexes/compact_stage_reference_map.json,form_group=makeup
U8-SUM-V5-Q11,SPIRAL,Algebra 1,8,,Summative V5,Summative V5,Question 12,SUMMATIVE,U8-MG05,U8-EP-SUM-V5-SLOT11,V5,U8-SUM-SLOT11,U8-SUM-MU5-FAM11,,error analysis + vertex-form model -> maximum and prediction,2,"Build and interpret quadratic models, including maximums, minimums, intercepts, and contextually meaningful solutions.","I can construct quadratic models from real-world constraints, data, or key features.",Connect representations; use algebraic structure precisely; model and interpret quantities; justify conclusions with mathematical evidence when the task requires it.,constructed_response,short_response,secure,210,,,,assessment_plans/original/unit8_assessment_plan/unit8_assessment_plan.html|reference_library/question_structures/section_enrichment.json|reference_library/source_excerpts/section_source_excerpts.json|reference_library/reusable_tables/table_catalog.json|reference_library/reusable_figures/figure_catalog.json|sources/indexes/compact_stage_reference_map.json,form_group=makeup
U8-SUM-V5-Q12,SPIRAL,Algebra 1,8,,Summative V5,Summative V5,Question 4,SUMMATIVE,U8-MG05,U8-EP-SUM-V5-SLOT12,V5,U8-SUM-SLOT12,U8-SUM-MU5-FAM12,,error analysis + vertex-form model -> maximum and prediction,3,"Build and interpret quadratic models, including maximums, minimums, intercepts, and contextually meaningful solutions.","I can construct quadratic models from real-world constraints, data, or key features.",Connect representations; use algebraic structure precisely; model and interpret quantities; justify conclusions with mathematical evidence when the task requires it.,constructed_response,short_response,secure,210,,,,assessment_plans/original/unit8_assessment_plan/unit8_assessment_plan.html|reference_library/question_structures/section_enrichment.json|reference_library/source_excerpts/section_source_excerpts.json|reference_library/reusable_tables/table_catalog.json|reference_library/reusable_figures/figure_catalog.json|sources/indexes/compact_stage_reference_map.json,form_group=makeup
U8-SUM-V6-Q01,SPIRAL,Algebra 1,8,,Summative V6,Summative V6,Question 7,SUMMATIVE,U8-MG01,U8-EP-SUM-V6-SLOT01,V6,U8-SUM-SLOT01,U8-SUM-MU6-FAM01,,factored quadratic equation -> zero product solutions,2,Solve quadratic equations by factoring and the zero product property and interpret solutions in graphs and contexts.,"I can construct factored quadratic equations from given zeros, intercepts, or contextual constraints.",Connect representations; use algebraic structure precisely; model and interpret quantities; justify conclusions with mathematical evidence when the task requires it.,multiple_choice,selected_response,secure,210,,,,assessment_plans/original/unit8_assessment_plan/unit8_assessment_plan.html|reference_library/question_structures/section_enrichment.json|reference_library/source_excerpts/section_source_excerpts.json|reference_library/reusable_tables/table_catalog.json|reference_library/reusable_figures/figure_catalog.json|sources/indexes/compact_stage_reference_map.json,form_group=makeup
U8-SUM-V6-Q02,SPIRAL,Algebra 1,8,,Summative V6,Summative V6,Question 1,SUMMATIVE,U8-MG01,U8-EP-SUM-V6-SLOT02,V6,U8-SUM-SLOT02,U8-SUM-MU6-FAM02,,solve + independent verification shift: factored quadratic equation -> zero product solutions,2,Solve quadratic equations by factoring and the zero product property and interpret solutions in graphs and contexts.,"I can construct factored quadratic equations from given zeros, intercepts, or contextual constraints.",Connect representations; use algebraic structure precisely; model and interpret quantities; justify conclusions with mathematical evidence when the task requires it.,constructed_response,short_response,secure,210,,,,assessment_plans/original/unit8_assessment_plan/unit8_assessment_plan.html|reference_library/question_structures/section_enrichment.json|reference_library/source_excerpts/section_source_excerpts.json|reference_library/reusable_tables/table_catalog.json|reference_library/reusable_figures/figure_catalog.json|sources/indexes/compact_stage_reference_map.json,form_group=makeup
U8-SUM-V6-Q03,SPIRAL,Algebra 1,8,,Summative V6,Summative V6,Question 8,SUMMATIVE,U8-MG01,U8-EP-SUM-V6-SLOT03,V6,U8-SUM-SLOT03,U8-SUM-MU6-FAM03,,solve + independent verification shift: factored quadratic equation -> zero product solutions,2,Solve quadratic equations by factoring and the zero product property and interpret solutions in graphs and contexts.,"I can construct factored quadratic equations from given zeros, intercepts, or contextual constraints.",Connect representations; use algebraic structure precisely; model and interpret quantities; justify conclusions with mathematical evidence when the task requires it.,constructed_response,short_response,secure,210,,,,assessment_plans/original/unit8_assessment_plan/unit8_assessment_plan.html|reference_library/question_structures/section_enrichment.json|reference_library/source_excerpts/section_source_excerpts.json|reference_library/reusable_tables/table_catalog.json|reference_library/reusable_figures/figure_catalog.json|sources/indexes/compact_stage_reference_map.json,form_group=makeup
U8-SUM-V6-Q04,SPIRAL,Algebra 1,8,,Summative V6,Summative V6,Question 2,SUMMATIVE,U8-MG02,U8-EP-SUM-V6-SLOT04,V6,U8-SUM-SLOT04,U8-SUM-MU6-FAM04,,standard quadratic -> complete square -> solutions,2,Complete the square to solve quadratic equations and connect equivalent forms to vertex and symmetry.,I can build perfect-square trinomials by adding the needed constant term.,Connect representations; use algebraic structure precisely; model and interpret quantities; justify conclusions with mathematical evidence when the task requires it.,multiple_choice,selected_response,secure,210,,,,assessment_plans/original/unit8_assessment_plan/unit8_assessment_plan.html|reference_library/question_structures/section_enrichment.json|reference_library/source_excerpts/section_source_excerpts.json|reference_library/reusable_tables/table_catalog.json|reference_library/reusable_figures/figure_catalog.json|sources/indexes/compact_stage_reference_map.json,form_group=makeup
U8-SUM-V6-Q05,SPIRAL,Algebra 1,8,,Summative V6,Summative V6,Question 9,SUMMATIVE,U8-MG02,U8-EP-SUM-V6-SLOT05,V6,U8-SUM-SLOT05,U8-SUM-MU6-FAM05,,solve + independent verification shift: standard quadratic -> complete square -> solutions,2,Complete the square to solve quadratic equations and connect equivalent forms to vertex and symmetry.,I can build perfect-square trinomials by adding the needed constant term.,Connect representations; use algebraic structure precisely; model and interpret quantities; justify conclusions with mathematical evidence when the task requires it.,constructed_response,short_response,secure,210,,,,assessment_plans/original/unit8_assessment_plan/unit8_assessment_plan.html|reference_library/question_structures/section_enrichment.json|reference_library/source_excerpts/section_source_excerpts.json|reference_library/reusable_tables/table_catalog.json|reference_library/reusable_figures/figure_catalog.json|sources/indexes/compact_stage_reference_map.json,form_group=makeup
U8-SUM-V6-Q06,SPIRAL,Algebra 1,8,,Summative V6,Summative V6,Question 3,SUMMATIVE,U8-MG02,U8-EP-SUM-V6-SLOT06,V6,U8-SUM-SLOT06,U8-SUM-MU6-FAM06,,solve + independent verification shift: standard quadratic -> complete square -> solutions,3,Complete the square to solve quadratic equations and connect equivalent forms to vertex and symmetry.,I can build perfect-square trinomials by adding the needed constant term.,Connect representations; use algebraic structure precisely; model and interpret quantities; justify conclusions with mathematical evidence when the task requires it.,constructed_response,short_response,secure,210,,,,assessment_plans/original/unit8_assessment_plan/unit8_assessment_plan.html|reference_library/question_structures/section_enrichment.json|reference_library/source_excerpts/section_source_excerpts.json|reference_library/reusable_tables/table_catalog.json|reference_library/reusable_figures/figure_catalog.json|sources/indexes/compact_stage_reference_map.json,form_group=makeup
U8-SUM-V6-Q07,SPIRAL,Algebra 1,8,,Summative V6,Summative V6,Question 10,SUMMATIVE,U8-MG03,U8-EP-SUM-V6-SLOT07,V6,U8-SUM-SLOT07,U8-SUM-MU6-FAM07,,quadratic coefficients -> discriminant -> solution type,2,Use the quadratic formula and discriminant to solve quadratic equations and predict the number and type of real solutions.,"I can design a coefficient map that organizes $a$, $b$, and $c$ before using the quadratic formula.",Connect representations; use algebraic structure precisely; model and interpret quantities; justify conclusions with mathematical evidence when the task requires it.,multiple_choice,selected_response,secure,210,,,,assessment_plans/original/unit8_assessment_plan/unit8_assessment_plan.html|reference_library/question_structures/section_enrichment.json|reference_library/source_excerpts/section_source_excerpts.json|reference_library/reusable_tables/table_catalog.json|reference_library/reusable_figures/figure_catalog.json|sources/indexes/compact_stage_reference_map.json,form_group=makeup
U8-SUM-V6-Q08,SPIRAL,Algebra 1,8,,Summative V6,Summative V6,Question 4,SUMMATIVE,U8-MG03,U8-EP-SUM-V6-SLOT08,V6,U8-SUM-SLOT08,U8-SUM-MU6-FAM08,,solve + independent verification shift: quadratic coefficients -> discriminant -> solution type,2,Use the quadratic formula and discriminant to solve quadratic equations and predict the number and type of real solutions.,"I can design a coefficient map that organizes $a$, $b$, and $c$ before using the quadratic formula.",Connect representations; use algebraic structure precisely; model and interpret quantities; justify conclusions with mathematical evidence when the task requires it.,constructed_response,short_response,secure,210,,,,assessment_plans/original/unit8_assessment_plan/unit8_assessment_plan.html|reference_library/question_structures/section_enrichment.json|reference_library/source_excerpts/section_source_excerpts.json|reference_library/reusable_tables/table_catalog.json|reference_library/reusable_figures/figure_catalog.json|sources/indexes/compact_stage_reference_map.json,form_group=makeup
U8-SUM-V6-Q09,SPIRAL,Algebra 1,8,,Summative V6,Summative V6,Question 11,SUMMATIVE,U8-MG04,U8-EP-SUM-V6-SLOT09,V6,U8-SUM-SLOT09,U8-SUM-MU6-FAM09,,solve + independent verification shift: table + equation -> representation agreement,2,"Select and defend an efficient quadratic solution method based on equation structure, accuracy, and fit.",I can formulate a solution-method plan based on the structure of a quadratic equation.,Connect representations; use algebraic structure precisely; model and interpret quantities; justify conclusions with mathematical evidence when the task requires it.,constructed_response,short_response,secure,210,,,,assessment_plans/original/unit8_assessment_plan/unit8_assessment_plan.html|reference_library/question_structures/section_enrichment.json|reference_library/source_excerpts/section_source_excerpts.json|reference_library/reusable_tables/table_catalog.json|reference_library/reusable_figures/figure_catalog.json|sources/indexes/compact_stage_reference_map.json,form_group=makeup
U8-SUM-V6-Q10,SPIRAL,Algebra 1,8,,Summative V6,Summative V6,Question 5,SUMMATIVE,U8-MG04,U8-EP-SUM-V6-SLOT10,V6,U8-SUM-SLOT10,U8-SUM-MU6-FAM10,,table + equation -> representation agreement,2,"Select and defend an efficient quadratic solution method based on equation structure, accuracy, and fit.",I can formulate a solution-method plan based on the structure of a quadratic equation.,Connect representations; use algebraic structure precisely; model and interpret quantities; justify conclusions with mathematical evidence when the task requires it.,multiple_choice,selected_response,secure,210,,,,assessment_plans/original/unit8_assessment_plan/unit8_assessment_plan.html|reference_library/question_structures/section_enrichment.json|reference_library/source_excerpts/section_source_excerpts.json|reference_library/reusable_tables/table_catalog.json|reference_library/reusable_figures/figure_catalog.json|sources/indexes/compact_stage_reference_map.json,form_group=makeup
U8-SUM-V6-Q11,SPIRAL,Algebra 1,8,,Summative V6,Summative V6,Question 12,SUMMATIVE,U8-MG05,U8-EP-SUM-V6-SLOT11,V6,U8-SUM-SLOT11,U8-SUM-MU6-FAM11,,solve + independent verification shift: vertex-form model -> maximum and prediction,2,"Build and interpret quadratic models, including maximums, minimums, intercepts, and contextually meaningful solutions.","I can construct quadratic models from real-world constraints, data, or key features.",Connect representations; use algebraic structure precisely; model and interpret quantities; justify conclusions with mathematical evidence when the task requires it.,constructed_response,short_response,secure,210,,,,assessment_plans/original/unit8_assessment_plan/unit8_assessment_plan.html|reference_library/question_structures/section_enrichment.json|reference_library/source_excerpts/section_source_excerpts.json|reference_library/reusable_tables/table_catalog.json|reference_library/reusable_figures/figure_catalog.json|sources/indexes/compact_stage_reference_map.json,form_group=makeup
U8-SUM-V6-Q12,SPIRAL,Algebra 1,8,,Summative V6,Summative V6,Question 6,SUMMATIVE,U8-MG05,U8-EP-SUM-V6-SLOT12,V6,U8-SUM-SLOT12,U8-SUM-MU6-FAM12,,solve + independent verification shift: vertex-form model -> maximum and prediction,3,"Build and interpret quadratic models, including maximums, minimums, intercepts, and contextually meaningful solutions.","I can construct quadratic models from real-world constraints, data, or key features.",Connect representations; use algebraic structure precisely; model and interpret quantities; justify conclusions with mathematical evidence when the task requires it.,constructed_response,short_response,secure,210,,,,assessment_plans/original/unit8_assessment_plan/unit8_assessment_plan.html|reference_library/question_structures/section_enrichment.json|reference_library/source_excerpts/section_source_excerpts.json|reference_library/reusable_tables/table_catalog.json|reference_library/reusable_figures/figure_catalog.json|sources/indexes/compact_stage_reference_map.json,form_group=makeup
