bank_id,destination,section,label,i_can,question_family_id,variation,task_architecture,representation,response_type,stage,mastery_goal,dok,bloom,summative_version
U3-S31-WTC-001,WTC,3.1,What's to Come,Students will solve systems graphically and by elimination while interpreting the meaning of different solution types.,S31-WTC-BREAK-EVEN,WTC,WTC-FRQ-PREVIEW-01,Graph + Table + Equations + Context,constructed response,Intro,,2-3,Analyze,
U3-S31-EX-001,Notes Example,3.1,Example 1,I can construct graphical representations of systems and connect intersection points to solutions.,S31-GRAPH-INTERSECTION,EX,GRAPH-INFER-BEHAVIOR-01,Graph + Ordered pair,constructed response,Intro,,2,Apply,
U3-S31-YTI-001,Notes YTI,3.1,You Try It 1,I can construct graphical representations of systems and connect intersection points to solutions.,S31-GRAPH-INTERSECTION,YTI,GRAPH-INFER-BEHAVIOR-01,Graph + Ordered pair,constructed response,Intro,,2,Apply,
U3-S31-EX-002,Notes Example,3.1,Example 2,I can use elimination to solve systems and interpret the solution type.,S31-ELIMINATION-ONE,EX,PROC-DIRECT-EXECUTE-01,Standard-form equations,constructed response,Intro,,1-2,Apply,
U3-S31-YTI-002,Notes YTI,3.1,You Try It 2,I can use elimination to solve systems and interpret the solution type.,S31-ELIMINATION-ONE,YTI,PROC-DIRECT-EXECUTE-01,Standard-form equations,constructed response,Intro,,1-2,Apply,
U3-S31-EX-003,Notes Example,3.1,Example 3,"I can determine whether a system has one solution, no solution, or infinitely many solutions from algebraic and graphical evidence.",S31-SOLUTION-TYPE,EX,CONDITION-CLASSIFY-CASE-01,Equations + Solution type,constructed response,Intro,,2,Apply,
U3-S31-YTI-003,Notes YTI,3.1,You Try It 3,"I can determine whether a system has one solution, no solution, or infinitely many solutions from algebraic and graphical evidence.",S31-SOLUTION-TYPE,YTI,CONDITION-CLASSIFY-CASE-01,Equations + Solution type,constructed response,Intro,,2,Apply,
U3-S31-EX-004,Notes Example,3.1,Example 4,I can construct graphical representations of systems and connect intersection points to solutions.,S31-SYSTEM-CHECK,EX,REPTRANS-GRAPH-TABLE-EQUATION-01,Table + Equations,constructed response,Intro,,2,Apply,
U3-S31-YTI-004,Notes YTI,3.1,You Try It 4,I can construct graphical representations of systems and connect intersection points to solutions.,S31-SYSTEM-CHECK,YTI,REPTRANS-GRAPH-TABLE-EQUATION-01,Table + Equations,constructed response,Intro,,2,Apply,
U3-S31-EX-005,Notes Example,3.1,Example 5,"I can determine whether a system has one solution, no solution, or infinitely many solutions from algebraic and graphical evidence.",S31-GRAPH-TYPES,EX,CONDITION-CLASSIFY-CASE-01,Three graph panels,constructed response,Intro,,2,Apply,
U3-S31-YTI-005,Notes YTI,3.1,You Try It 5,"I can determine whether a system has one solution, no solution, or infinitely many solutions from algebraic and graphical evidence.",S31-GRAPH-TYPES,YTI,CONDITION-CLASSIFY-CASE-01,Three graph panels,constructed response,Intro,,2,Apply,
U3-S31-EX-006,Notes Example,3.1,Example 6,I can use elimination to solve systems and interpret the solution type.,S31-ELIMINATION-PLAN,EX,PROC-DIRECT-EXECUTE-01,Equations + Elimination plan,constructed response,Intro,,1-2,Apply,
U3-S31-YTI-006,Notes YTI,3.1,You Try It 6,I can use elimination to solve systems and interpret the solution type.,S31-ELIMINATION-PLAN,YTI,PROC-DIRECT-EXECUTE-01,Equations + Elimination plan,constructed response,Intro,,1-2,Apply,
U3-S32-WTC-001,WTC,3.2,What's to Come,Students will solve systems using substitution and choose efficient forms for solving.,S32-WTC-SUBSTITUTION-READY,WTC,WTC-FRQ-PREVIEW-01,Equations + Table + Context,constructed response,Intro,,2-3,Analyze,
U3-S32-EX-001,Notes Example,3.2,Example 1,I can formulate a substitution plan when one equation is already written in an efficient form.,S32-SUB-PLAN,EX,PROC-DIRECT-EXECUTE-01,Equations,constructed response,Intro,,1-2,Apply,
U3-S32-YTI-001,Notes YTI,3.2,You Try It 1,I can formulate a substitution plan when one equation is already written in an efficient form.,S32-SUB-PLAN,YTI,PROC-DIRECT-EXECUTE-01,Equations,constructed response,Intro,,1-2,Apply,
U3-S32-EX-002,Notes Example,3.2,Example 2,I can apply substitution to solve systems and interpret the ordered-pair solution.,S32-SUB-SOLVE,EX,PROC-DIRECT-EXECUTE-01,Equations + Substitution work,constructed response,Intro,,1-2,Apply,
U3-S32-YTI-002,Notes YTI,3.2,You Try It 2,I can apply substitution to solve systems and interpret the ordered-pair solution.,S32-SUB-SOLVE,YTI,PROC-DIRECT-EXECUTE-01,Equations + Substitution work,constructed response,Intro,,1-2,Apply,
U3-S32-EX-003,Notes Example,3.2,Example 3,I can apply substitution to solve systems and interpret the ordered-pair solution.,S32-SOLUTION-CHECK,EX,REPTRANS-GRAPH-TABLE-EQUATION-01,Table + Equations,constructed response,Intro,,2,Apply,
U3-S32-YTI-003,Notes YTI,3.2,You Try It 3,I can apply substitution to solve systems and interpret the ordered-pair solution.,S32-SOLUTION-CHECK,YTI,REPTRANS-GRAPH-TABLE-EQUATION-01,Table + Equations,constructed response,Intro,,2,Apply,
U3-S32-EX-004,Notes Example,3.2,Example 4,I can assess which algebraic method is more efficient for a given system.,S32-METHOD-CHOICE,EX,COMPARE-EFFICIENCY-CONTEXT-01,Equation structures,constructed response,Intro,,1-2,Analyze,
U3-S32-YTI-004,Notes YTI,3.2,You Try It 4,I can assess which algebraic method is more efficient for a given system.,S32-METHOD-CHOICE,YTI,COMPARE-EFFICIENCY-CONTEXT-01,Equation structures,constructed response,Intro,,1-2,Analyze,
U3-S32-EX-005,Notes Example,3.2,Example 5,I can formulate a substitution plan when one equation is already written in an efficient form.,S32-SUB-ERROR,EX,ERROR-DIAGNOSE-WORKED-SOLUTION-01,Worked algebra,constructed response,Intro,,2-3,Analyze,
U3-S32-YTI-005,Notes YTI,3.2,You Try It 5,I can formulate a substitution plan when one equation is already written in an efficient form.,S32-SUB-ERROR,YTI,ERROR-DIAGNOSE-WORKED-SOLUTION-01,Worked algebra,constructed response,Intro,,2-3,Analyze,
U3-S32-EX-006,Notes Example,3.2,Example 6,I can apply substitution to solve systems and interpret the ordered-pair solution.,S32-CONTEXT-INTERPRET,EX,REPTRANS-TRANSLATE-VERBAL-SYMBOLIC-01,Context + Equations,constructed response,Intro,,2,Apply,
U3-S32-YTI-006,Notes YTI,3.2,You Try It 6,I can apply substitution to solve systems and interpret the ordered-pair solution.,S32-CONTEXT-INTERPRET,YTI,REPTRANS-TRANSLATE-VERBAL-SYMBOLIC-01,Context + Equations,constructed response,Intro,,2,Apply,
U3-S33-WTC-001,WTC,3.3,What's to Come,Students will create and solve systems that model real-world situations.,S33-WTC-TICKETS,WTC,WTC-FRQ-PREVIEW-01,Context + Equations + Table + Graph,constructed response,Intro,,2-3,Analyze,
U3-S33-EX-001,Notes Example,3.3,Example 1,I can build a system of equations that represents two constraints in a situation.,S33-WRITE-SYSTEM,EX,REPTRANS-TRANSLATE-VERBAL-SYMBOLIC-01,Context + Equations,constructed response,Intro,,2,Apply,
U3-S33-YTI-001,Notes YTI,3.3,You Try It 1,I can build a system of equations that represents two constraints in a situation.,S33-WRITE-SYSTEM,YTI,REPTRANS-TRANSLATE-VERBAL-SYMBOLIC-01,Context + Equations,constructed response,Intro,,2,Apply,
U3-S33-EX-002,Notes Example,3.3,Example 2,I can predict the meaning of a solution before solving from the context and variables.,S33-PREDICT-MEANING,EX,REPTRANS-TRANSLATE-VERBAL-SYMBOLIC-01,Context + Ordered pair,constructed response,Intro,,2,Apply,
U3-S33-YTI-002,Notes YTI,3.3,You Try It 2,I can predict the meaning of a solution before solving from the context and variables.,S33-PREDICT-MEANING,YTI,REPTRANS-TRANSLATE-VERBAL-SYMBOLIC-01,Context + Ordered pair,constructed response,Intro,,2,Apply,
U3-S33-EX-003,Notes Example,3.3,Example 3,"I can design a solution pathway that connects equations, calculations, and a contextual conclusion.",S33-MODEL-SOLVE,EX,FRQ-MULTIPART-SHARED-CONTEXT-01,Context + Equations,constructed response,Intro,,2-3,Apply,
U3-S33-YTI-003,Notes YTI,3.3,You Try It 3,"I can design a solution pathway that connects equations, calculations, and a contextual conclusion.",S33-MODEL-SOLVE,YTI,FRQ-MULTIPART-SHARED-CONTEXT-01,Context + Equations,constructed response,Intro,,2-3,Apply,
U3-S33-EX-004,Notes Example,3.3,Example 4,"I can design a solution pathway that connects equations, calculations, and a contextual conclusion.",S33-CHECK-MODEL,EX,REPTRANS-GRAPH-TABLE-EQUATION-01,Table + Context,constructed response,Intro,,2,Apply,
U3-S33-YTI-004,Notes YTI,3.3,You Try It 4,"I can design a solution pathway that connects equations, calculations, and a contextual conclusion.",S33-CHECK-MODEL,YTI,REPTRANS-GRAPH-TABLE-EQUATION-01,Table + Context,constructed response,Intro,,2,Apply,
U3-S33-EX-005,Notes Example,3.3,Example 5,I can predict the meaning of a solution before solving from the context and variables.,S33-BREAK-EVEN-GRAPH,EX,GRAPH-INFER-BEHAVIOR-01,Graph + Context,constructed response,Intro,,2,Apply,
U3-S33-YTI-005,Notes YTI,3.3,You Try It 5,I can predict the meaning of a solution before solving from the context and variables.,S33-BREAK-EVEN-GRAPH,YTI,GRAPH-INFER-BEHAVIOR-01,Graph + Context,constructed response,Intro,,2,Apply,
U3-S33-EX-006,Notes Example,3.3,Example 6,"I can design a solution pathway that connects equations, calculations, and a contextual conclusion.",S33-REASONABLE-SOLUTION,EX,VERIFY-REASONABLENESS-01,Context + Solution,constructed response,Intro,,2,Analyze,
U3-S33-YTI-006,Notes YTI,3.3,You Try It 6,"I can design a solution pathway that connects equations, calculations, and a contextual conclusion.",S33-REASONABLE-SOLUTION,YTI,VERIFY-REASONABLENESS-01,Context + Solution,constructed response,Intro,,2,Analyze,
U3-S34-WTC-001,WTC,3.4,What's to Come,Students will graph and interpret linear inequalities.,S34-WTC-BUDGET,WTC,WTC-FRQ-PREVIEW-01,Graph + Inequality + Table + Context,constructed response,Intro,,2-3,Analyze,
U3-S34-EX-001,Notes Example,3.4,Example 1,I can construct a boundary line and shaded region for a linear inequality.,S34-GRAPH-CONSTRUCT,EX,GRAPH-INFER-BEHAVIOR-01,Graph + Inequality,constructed response,Intro,,2,Apply,
U3-S34-YTI-001,Notes YTI,3.4,You Try It 1,I can construct a boundary line and shaded region for a linear inequality.,S34-GRAPH-CONSTRUCT,YTI,GRAPH-INFER-BEHAVIOR-01,Graph + Inequality,constructed response,Intro,,2,Apply,
U3-S34-EX-002,Notes Example,3.4,Example 2,I can construct a boundary line and shaded region for a linear inequality.,S34-CONSTRUCT-FROM-INEQ,EX,GRAPH-CONSTRUCT-FROM-CONSTRAINTS-01,Inequality + Student-built graph,constructed response,Intro,,2,Analyze,
U3-S34-YTI-002,Notes YTI,3.4,You Try It 2,I can construct a boundary line and shaded region for a linear inequality.,S34-CONSTRUCT-FROM-INEQ,YTI,GRAPH-CONSTRUCT-FROM-CONSTRAINTS-01,Inequality + Student-built graph,constructed response,Intro,,2,Analyze,
U3-S34-EX-003,Notes Example,3.4,Example 3,I can use test points to interpret which region satisfies an inequality.,S34-TEST-POINT,EX,REPTRANS-GRAPH-TABLE-EQUATION-01,Table + Inequality,constructed response,Intro,,2,Apply,
U3-S34-YTI-003,Notes YTI,3.4,You Try It 3,I can use test points to interpret which region satisfies an inequality.,S34-TEST-POINT,YTI,REPTRANS-GRAPH-TABLE-EQUATION-01,Table + Inequality,constructed response,Intro,,2,Apply,
U3-S34-EX-004,Notes Example,3.4,Example 4,"I can critique a graph of a linear inequality using the boundary, shading, and solution region.",S34-CRITIQUE-GRAPH,EX,ERROR-CRITIQUE-CLAIM-01,Inequality + Graph claim,constructed response,Intro,,2-3,Analyze,
U3-S34-YTI-004,Notes YTI,3.4,You Try It 4,"I can critique a graph of a linear inequality using the boundary, shading, and solution region.",S34-CRITIQUE-GRAPH,YTI,ERROR-CRITIQUE-CLAIM-01,Inequality + Graph claim,constructed response,Intro,,2-3,Analyze,
U3-S34-EX-005,Notes Example,3.4,Example 5,"I can critique a graph of a linear inequality using the boundary, shading, and solution region.",S34-GRAPH-TO-INEQ,EX,REPTRANS-GRAPH-TABLE-EQUATION-01,Graph + Inequality,constructed response,Intro,,2,Apply,
U3-S34-YTI-005,Notes YTI,3.4,You Try It 5,"I can critique a graph of a linear inequality using the boundary, shading, and solution region.",S34-GRAPH-TO-INEQ,YTI,REPTRANS-GRAPH-TABLE-EQUATION-01,Graph + Inequality,constructed response,Intro,,2,Apply,
U3-S34-EX-006,Notes Example,3.4,Example 6,I can use test points to interpret which region satisfies an inequality.,S34-CONTEXT-CONSTRAINT,EX,REPTRANS-TRANSLATE-VERBAL-SYMBOLIC-01,Context + Inequality,constructed response,Intro,,2,Apply,
U3-S34-YTI-006,Notes YTI,3.4,You Try It 6,I can use test points to interpret which region satisfies an inequality.,S34-CONTEXT-CONSTRAINT,YTI,REPTRANS-TRANSLATE-VERBAL-SYMBOLIC-01,Context + Inequality,constructed response,Intro,,2,Apply,
U3-S35-WTC-001,WTC,3.5,What's to Come,Students will analyze and interpret systems of linear inequalities.,S35-WTC-FEASIBLE,WTC,WTC-FRQ-PREVIEW-01,Graph + System of inequalities + Table + Context,constructed response,Intro,,2-3,Analyze,
U3-S35-EX-001,Notes Example,3.5,Example 1,I can formulate a system of inequalities that represents multiple constraints.,S35-FORMULATE-CONSTRAINTS,EX,REPTRANS-TRANSLATE-VERBAL-SYMBOLIC-01,Context + Inequalities,constructed response,Intro,,2,Apply,
U3-S35-YTI-001,Notes YTI,3.5,You Try It 1,I can formulate a system of inequalities that represents multiple constraints.,S35-FORMULATE-CONSTRAINTS,YTI,REPTRANS-TRANSLATE-VERBAL-SYMBOLIC-01,Context + Inequalities,constructed response,Intro,,2,Apply,
U3-S35-EX-002,Notes Example,3.5,Example 2,I can extend graphing strategies to represent overlapping solution regions.,S35-OVERLAP-GRAPH,EX,GRAPH-INFER-BEHAVIOR-01,Graph + Feasible region,constructed response,Intro,,2,Apply,
U3-S35-YTI-002,Notes YTI,3.5,You Try It 2,I can extend graphing strategies to represent overlapping solution regions.,S35-OVERLAP-GRAPH,YTI,GRAPH-INFER-BEHAVIOR-01,Graph + Feasible region,constructed response,Intro,,2,Apply,
U3-S35-EX-003,Notes Example,3.5,Example 3,I can apply feasible-region reasoning to interpret possible solutions in context.,S35-FEASIBILITY-TABLE,EX,REPTRANS-GRAPH-TABLE-EQUATION-01,Table + System of inequalities,constructed response,Intro,,2,Apply,
U3-S35-YTI-003,Notes YTI,3.5,You Try It 3,I can apply feasible-region reasoning to interpret possible solutions in context.,S35-FEASIBILITY-TABLE,YTI,REPTRANS-GRAPH-TABLE-EQUATION-01,Table + System of inequalities,constructed response,Intro,,2,Apply,
U3-S35-EX-004,Notes Example,3.5,Example 4,I can apply feasible-region reasoning to interpret possible solutions in context.,S35-TEST-FEASIBLE,EX,VERIFY-REASONABLENESS-01,Context + Point testing,constructed response,Intro,,2,Analyze,
U3-S35-YTI-004,Notes YTI,3.5,You Try It 4,I can apply feasible-region reasoning to interpret possible solutions in context.,S35-TEST-FEASIBLE,YTI,VERIFY-REASONABLENESS-01,Context + Point testing,constructed response,Intro,,2,Analyze,
U3-S35-EX-005,Notes Example,3.5,Example 5,I can extend graphing strategies to represent overlapping solution regions.,S35-OVERLAP-ERROR,EX,ERROR-CRITIQUE-CLAIM-01,Graph reasoning claim,constructed response,Intro,,2-3,Analyze,
U3-S35-YTI-005,Notes YTI,3.5,You Try It 5,I can extend graphing strategies to represent overlapping solution regions.,S35-OVERLAP-ERROR,YTI,ERROR-CRITIQUE-CLAIM-01,Graph reasoning claim,constructed response,Intro,,2-3,Analyze,
U3-S35-EX-006,Notes Example,3.5,Example 6,I can apply feasible-region reasoning to interpret possible solutions in context.,S35-EMPTY-FEASIBLE,EX,CONDITION-CLASSIFY-CASE-01,Graph + Feasible region,constructed response,Intro,,2,Apply,
U3-S35-YTI-006,Notes YTI,3.5,You Try It 6,I can apply feasible-region reasoning to interpret possible solutions in context.,S35-EMPTY-FEASIBLE,YTI,CONDITION-CLASSIFY-CASE-01,Graph + Feasible region,constructed response,Intro,,2,Apply,
U3-S31-P1-001,Practice Set 1,3.1,Question 1,I can construct graphical representations of systems and connect intersection points to solutions.,S31-GRAPH-SYSTEM,F1-G1,GRAPH-INFER-BEHAVIOR-01,Graph + Ordered pair,constructed response,Intro,,2,Apply,
U3-S31-P1-002,Practice Set 1,3.1,Question 2,I can construct graphical representations of systems and connect intersection points to solutions.,S31-GRAPH-SYSTEM,F1-G2,GRAPH-INFER-BEHAVIOR-01,Graph + Ordered pair,constructed response,Intro,,2,Apply,
U3-S31-P1-003,Practice Set 1,3.1,Question 3,I can construct graphical representations of systems and connect intersection points to solutions.,S31-GRAPH-SYSTEM,F1-G3,GRAPH-INFER-BEHAVIOR-01,Graph + Ordered pair,constructed response,Intro,,2,Apply,
U3-S31-P1-004,Practice Set 1,3.1,Question 4,I can construct graphical representations of systems and connect intersection points to solutions.,S31-GRAPH-SYSTEM,F1-G4,GRAPH-INFER-BEHAVIOR-01,Graph + Ordered pair,constructed response,Intro,,2,Apply,
U3-S31-P1-005,Practice Set 1,3.1,Question 5,I can construct graphical representations of systems and connect intersection points to solutions.,S31-GRAPH-SYSTEM,F1-G5,GRAPH-INFER-BEHAVIOR-01,Graph + Ordered pair,constructed response,Intro,,2,Apply,
U3-S31-P1-006,Practice Set 1,3.1,Question 6,I can use elimination to solve systems and interpret the solution type.,S31-ELIMINATION-ONE,F1-E1,PROC-DIRECT-EXECUTE-01,Standard-form equations,constructed response,Intro,,1-2,Apply,
U3-S31-P1-007,Practice Set 1,3.1,Question 7,I can use elimination to solve systems and interpret the solution type.,S31-ELIMINATION-ONE,F1-E2,PROC-DIRECT-EXECUTE-01,Standard-form equations,constructed response,Intro,,1-2,Apply,
U3-S31-P1-008,Practice Set 1,3.1,Question 8,I can use elimination to solve systems and interpret the solution type.,S31-ELIMINATION-ONE,F1-E3,PROC-DIRECT-EXECUTE-01,Standard-form equations,constructed response,Intro,,1-2,Apply,
U3-S31-P1-009,Practice Set 1,3.1,Question 9,I can use elimination to solve systems and interpret the solution type.,S31-ELIMINATION-ONE,F1-E4,PROC-DIRECT-EXECUTE-01,Standard-form equations,constructed response,Intro,,1-2,Apply,
U3-S31-P1-010,Practice Set 1,3.1,Question 10,I can use elimination to solve systems and interpret the solution type.,S31-ELIMINATION-ONE,F1-E5,PROC-DIRECT-EXECUTE-01,Standard-form equations,constructed response,Intro,,1-2,Apply,
U3-S31-P1-011,Practice Set 1,3.1,Question 11,"I can determine whether a system has one solution, no solution, or infinitely many solutions from algebraic and graphical evidence.",S31-SOLUTION-TYPE,F1-T1,CONDITION-CLASSIFY-CASE-01,Equations + Solution type,constructed response,Intro,,2,Apply,
U3-S31-P1-012,Practice Set 1,3.1,Question 12,"I can determine whether a system has one solution, no solution, or infinitely many solutions from algebraic and graphical evidence.",S31-SOLUTION-TYPE,F1-T2,CONDITION-CLASSIFY-CASE-01,Equations + Solution type,constructed response,Intro,,2,Apply,
U3-S31-P1-013,Practice Set 1,3.1,Question 13,"I can determine whether a system has one solution, no solution, or infinitely many solutions from algebraic and graphical evidence.",S31-SOLUTION-TYPE,F1-T3,CONDITION-CLASSIFY-CASE-01,Equations + Solution type,constructed response,Intro,,2,Apply,
U3-S31-P1-014,Practice Set 1,3.1,Question 14,"I can determine whether a system has one solution, no solution, or infinitely many solutions from algebraic and graphical evidence.",S31-SOLUTION-TYPE,F1-T4,CONDITION-CLASSIFY-CASE-01,Equations + Solution type,constructed response,Intro,,2,Apply,
U3-S31-P1-015,Practice Set 1,3.1,Question 15,I can construct graphical representations of systems and connect intersection points to solutions.,S31-SYSTEM-CHECK,F1-C1,REPTRANS-GRAPH-TABLE-EQUATION-01,Table + Equations,constructed response,Intro,,2,Apply,
U3-S31-P1-016,Practice Set 1,3.1,Question 16,I can construct graphical representations of systems and connect intersection points to solutions.,S31-SYSTEM-CHECK,F1-C2,REPTRANS-GRAPH-TABLE-EQUATION-01,Table + Equations,constructed response,Intro,,2,Apply,
U3-S31-P1-017,Practice Set 1,3.1,Question 17,I can construct graphical representations of systems and connect intersection points to solutions.,S31-SYSTEM-CHECK,F1-C3,REPTRANS-GRAPH-TABLE-EQUATION-01,Table + Equations,constructed response,Intro,,2,Apply,
U3-S31-P1-018,Practice Set 1,3.1,Question 18,I can construct graphical representations of systems and connect intersection points to solutions.,S31-SYSTEM-CHECK,F1-C4,REPTRANS-GRAPH-TABLE-EQUATION-01,Table + Equations,constructed response,Intro,,2,Apply,
U3-S31-P1-019,Practice Set 1,3.1,Question 19,I can use elimination to solve systems and interpret the solution type.,S31-METHOD-REASON,F1-R1,PROC-DIRECT-EXECUTE-01,Equations / claim,constructed response,Intro,,1-2,Apply,
U3-S31-P1-020,Practice Set 1,3.1,Question 20,I can use elimination to solve systems and interpret the solution type.,S31-METHOD-REASON,F1-R2,ERROR-CRITIQUE-CLAIM-01,Equations / claim,constructed response,Intro,,2-3,Analyze,
U3-S31-P1-021,Practice Set 1,3.1,Question 21,"I can determine whether a system has one solution, no solution, or infinitely many solutions from algebraic and graphical evidence.",S31-METHOD-REASON,F1-R3,ERROR-CRITIQUE-CLAIM-01,Equations / claim,constructed response,Intro,,2-3,Analyze,
U3-S31-P1-022,Practice Set 1,3.1,Question 22,I can construct graphical representations of systems and connect intersection points to solutions.,S31-BREAK-EVEN-CONTEXT,F1-X1,MODEL-COMPARE-TWO-LINEAR-01,Context + Equations,constructed response,Intro,,2-3,Analyze,
U3-S31-P1-023,Practice Set 1,3.1,Question 23,I can construct graphical representations of systems and connect intersection points to solutions.,S31-BREAK-EVEN-CONTEXT,F1-X2,MODEL-COMPARE-TWO-LINEAR-01,Context + Equations,constructed response,Intro,,2-3,Analyze,
U3-S31-P1-024,Practice Set 1,3.1,Question 24,I can construct graphical representations of systems and connect intersection points to solutions.,S31-BREAK-EVEN-CONTEXT,F1-X3,MODEL-COMPARE-TWO-LINEAR-01,Context + Equations,constructed response,Intro,,2-3,Analyze,
U3-S32-P1-001,Practice Set 1,3.2,Question 1,I can apply substitution to solve systems and interpret the ordered-pair solution.,S32-SUB-SOLVE,F1-S1,PROC-DIRECT-EXECUTE-01,Equations + Substitution work,constructed response,Intro,,1-2,Apply,
U3-S32-P1-002,Practice Set 1,3.2,Question 2,I can apply substitution to solve systems and interpret the ordered-pair solution.,S32-SUB-SOLVE,F1-S2,PROC-DIRECT-EXECUTE-01,Equations + Substitution work,constructed response,Intro,,1-2,Apply,
U3-S32-P1-003,Practice Set 1,3.2,Question 3,I can apply substitution to solve systems and interpret the ordered-pair solution.,S32-SUB-SOLVE,F1-S3,PROC-DIRECT-EXECUTE-01,Equations + Substitution work,constructed response,Intro,,1-2,Apply,
U3-S32-P1-004,Practice Set 1,3.2,Question 4,I can apply substitution to solve systems and interpret the ordered-pair solution.,S32-SUB-SOLVE,F1-S4,PROC-DIRECT-EXECUTE-01,Equations + Substitution work,constructed response,Intro,,1-2,Apply,
U3-S32-P1-005,Practice Set 1,3.2,Question 5,I can apply substitution to solve systems and interpret the ordered-pair solution.,S32-SUB-SOLVE,F1-S5,PROC-DIRECT-EXECUTE-01,Equations + Substitution work,constructed response,Intro,,1-2,Apply,
U3-S32-P1-006,Practice Set 1,3.2,Question 6,I can apply substitution to solve systems and interpret the ordered-pair solution.,S32-SUB-SOLVE,F1-S6,PROC-DIRECT-EXECUTE-01,Equations + Substitution work,constructed response,Intro,,1-2,Apply,
U3-S32-P1-007,Practice Set 1,3.2,Question 7,I can formulate a substitution plan when one equation is already written in an efficient form.,S32-SUB-PLAN,F1-P1,PROC-DIRECT-EXECUTE-01,Equation structure,constructed response,Intro,,1-2,Apply,
U3-S32-P1-008,Practice Set 1,3.2,Question 8,I can formulate a substitution plan when one equation is already written in an efficient form.,S32-SUB-PLAN,F1-P2,PROC-DIRECT-EXECUTE-01,Equation structure,constructed response,Intro,,1-2,Apply,
U3-S32-P1-009,Practice Set 1,3.2,Question 9,I can formulate a substitution plan when one equation is already written in an efficient form.,S32-SUB-PLAN,F1-P3,PROC-DIRECT-EXECUTE-01,Equation structure,constructed response,Intro,,1-2,Apply,
U3-S32-P1-010,Practice Set 1,3.2,Question 10,I can formulate a substitution plan when one equation is already written in an efficient form.,S32-SUB-PLAN,F1-P4,PROC-DIRECT-EXECUTE-01,Equation structure,constructed response,Intro,,1-2,Apply,
U3-S32-P1-011,Practice Set 1,3.2,Question 11,I can apply substitution to solve systems and interpret the ordered-pair solution.,S32-SOLUTION-CHECK,F1-C1,REPTRANS-GRAPH-TABLE-EQUATION-01,Table + Equations,constructed response,Intro,,2,Apply,
U3-S32-P1-012,Practice Set 1,3.2,Question 12,I can apply substitution to solve systems and interpret the ordered-pair solution.,S32-SOLUTION-CHECK,F1-C2,REPTRANS-GRAPH-TABLE-EQUATION-01,Table + Equations,constructed response,Intro,,2,Apply,
U3-S32-P1-013,Practice Set 1,3.2,Question 13,I can apply substitution to solve systems and interpret the ordered-pair solution.,S32-SOLUTION-CHECK,F1-C3,REPTRANS-GRAPH-TABLE-EQUATION-01,Table + Equations,constructed response,Intro,,2,Apply,
U3-S32-P1-014,Practice Set 1,3.2,Question 14,I can apply substitution to solve systems and interpret the ordered-pair solution.,S32-SOLUTION-CHECK,F1-C4,REPTRANS-GRAPH-TABLE-EQUATION-01,Table + Equations,constructed response,Intro,,2,Apply,
U3-S32-P1-015,Practice Set 1,3.2,Question 15,I can assess which algebraic method is more efficient for a given system.,S32-METHOD-CHOICE,F1-M1,COMPARE-EFFICIENCY-CONTEXT-01,Equation structures,constructed response,Intro,,1-2,Analyze,
U3-S32-P1-016,Practice Set 1,3.2,Question 16,I can assess which algebraic method is more efficient for a given system.,S32-METHOD-CHOICE,F1-M2,COMPARE-EFFICIENCY-CONTEXT-01,Equation structures,constructed response,Intro,,1-2,Analyze,
U3-S32-P1-017,Practice Set 1,3.2,Question 17,I can assess which algebraic method is more efficient for a given system.,S32-METHOD-CHOICE,F1-M3,COMPARE-EFFICIENCY-CONTEXT-01,Equation structures,constructed response,Intro,,1-2,Analyze,
U3-S32-P1-018,Practice Set 1,3.2,Question 18,I can assess which algebraic method is more efficient for a given system.,S32-METHOD-CHOICE,F1-M4,COMPARE-EFFICIENCY-CONTEXT-01,Equation structures,constructed response,Intro,,1-2,Analyze,
U3-S32-P1-019,Practice Set 1,3.2,Question 19,I can formulate a substitution plan when one equation is already written in an efficient form.,S32-SUB-ERROR,F1-E1,ERROR-DIAGNOSE-WORKED-SOLUTION-01,Worked algebra / claim,constructed response,Intro,,2-3,Analyze,
U3-S32-P1-020,Practice Set 1,3.2,Question 20,I can formulate a substitution plan when one equation is already written in an efficient form.,S32-SUB-ERROR,F1-E2,ERROR-DIAGNOSE-WORKED-SOLUTION-01,Worked algebra / claim,constructed response,Intro,,2-3,Analyze,
U3-S32-P1-021,Practice Set 1,3.2,Question 21,I can apply substitution to solve systems and interpret the ordered-pair solution.,S32-SUB-ERROR,F1-E3,ERROR-DIAGNOSE-WORKED-SOLUTION-01,Worked algebra / claim,constructed response,Intro,,2-3,Analyze,
U3-S32-P1-022,Practice Set 1,3.2,Question 22,I can formulate a substitution plan when one equation is already written in an efficient form.,S32-CONTEXT-METHOD,F1-X1,REPTRANS-TRANSLATE-VERBAL-SYMBOLIC-01,Context + Equations,constructed response,Intro,,2,Apply,
U3-S32-P1-023,Practice Set 1,3.2,Question 23,I can formulate a substitution plan when one equation is already written in an efficient form.,S32-CONTEXT-METHOD,F1-X2,REPTRANS-TRANSLATE-VERBAL-SYMBOLIC-01,Context + Equations,constructed response,Intro,,2,Apply,
U3-S32-P1-024,Practice Set 1,3.2,Question 24,I can assess which algebraic method is more efficient for a given system.,S32-CONTEXT-METHOD,F1-X3,REPTRANS-TRANSLATE-VERBAL-SYMBOLIC-01,Context + Equations,constructed response,Intro,,2,Apply,
U3-S33-P1-001,Practice Set 1,3.3,Question 1,I can build a system of equations that represents two constraints in a situation.,S33-WRITE-SYSTEM,F1-W1,REPTRANS-TRANSLATE-VERBAL-SYMBOLIC-01,Context + Equations,constructed response,Intro,,2,Apply,
U3-S33-P1-002,Practice Set 1,3.3,Question 2,I can build a system of equations that represents two constraints in a situation.,S33-WRITE-SYSTEM,F1-W2,REPTRANS-TRANSLATE-VERBAL-SYMBOLIC-01,Context + Equations,constructed response,Intro,,2,Apply,
U3-S33-P1-003,Practice Set 1,3.3,Question 3,I can build a system of equations that represents two constraints in a situation.,S33-WRITE-SYSTEM,F1-W3,REPTRANS-TRANSLATE-VERBAL-SYMBOLIC-01,Context + Equations,constructed response,Intro,,2,Apply,
U3-S33-P1-004,Practice Set 1,3.3,Question 4,I can build a system of equations that represents two constraints in a situation.,S33-WRITE-SYSTEM,F1-W4,REPTRANS-TRANSLATE-VERBAL-SYMBOLIC-01,Context + Equations,constructed response,Intro,,2,Apply,
U3-S33-P1-005,Practice Set 1,3.3,Question 5,I can build a system of equations that represents two constraints in a situation.,S33-WRITE-SYSTEM,F1-W5,REPTRANS-TRANSLATE-VERBAL-SYMBOLIC-01,Context + Equations,constructed response,Intro,,2,Apply,
U3-S33-P1-006,Practice Set 1,3.3,Question 6,I can build a system of equations that represents two constraints in a situation.,S33-WRITE-SYSTEM,F1-W6,REPTRANS-TRANSLATE-VERBAL-SYMBOLIC-01,Context + Equations,constructed response,Intro,,2,Apply,
U3-S33-P1-007,Practice Set 1,3.3,Question 7,"I can design a solution pathway that connects equations, calculations, and a contextual conclusion.",S33-MODEL-SOLVE,F1-S1,FRQ-MULTIPART-SHARED-CONTEXT-01,Context + Equations,constructed response,Intro,,2-3,Apply,
U3-S33-P1-008,Practice Set 1,3.3,Question 8,"I can design a solution pathway that connects equations, calculations, and a contextual conclusion.",S33-MODEL-SOLVE,F1-S2,FRQ-MULTIPART-SHARED-CONTEXT-01,Context + Equations,constructed response,Intro,,2-3,Apply,
U3-S33-P1-009,Practice Set 1,3.3,Question 9,"I can design a solution pathway that connects equations, calculations, and a contextual conclusion.",S33-MODEL-SOLVE,F1-S3,FRQ-MULTIPART-SHARED-CONTEXT-01,Context + Equations,constructed response,Intro,,2-3,Apply,
U3-S33-P1-010,Practice Set 1,3.3,Question 10,"I can design a solution pathway that connects equations, calculations, and a contextual conclusion.",S33-MODEL-SOLVE,F1-S4,FRQ-MULTIPART-SHARED-CONTEXT-01,Context + Equations,constructed response,Intro,,2-3,Apply,
U3-S33-P1-011,Practice Set 1,3.3,Question 11,"I can design a solution pathway that connects equations, calculations, and a contextual conclusion.",S33-MODEL-SOLVE,F1-S5,FRQ-MULTIPART-SHARED-CONTEXT-01,Context + Equations,constructed response,Intro,,2-3,Apply,
U3-S33-P1-012,Practice Set 1,3.3,Question 12,I can predict the meaning of a solution before solving from the context and variables.,S33-PREDICT-MEANING,F1-P1,REPTRANS-TRANSLATE-VERBAL-SYMBOLIC-01,Context + Variable definitions,constructed response,Intro,,2,Apply,
U3-S33-P1-013,Practice Set 1,3.3,Question 13,I can predict the meaning of a solution before solving from the context and variables.,S33-PREDICT-MEANING,F1-P2,REPTRANS-TRANSLATE-VERBAL-SYMBOLIC-01,Context + Variable definitions,constructed response,Intro,,2,Apply,
U3-S33-P1-014,Practice Set 1,3.3,Question 14,I can predict the meaning of a solution before solving from the context and variables.,S33-PREDICT-MEANING,F1-P3,REPTRANS-TRANSLATE-VERBAL-SYMBOLIC-01,Context + Variable definitions,constructed response,Intro,,2,Apply,
U3-S33-P1-015,Practice Set 1,3.3,Question 15,I can predict the meaning of a solution before solving from the context and variables.,S33-PREDICT-MEANING,F1-P4,REPTRANS-TRANSLATE-VERBAL-SYMBOLIC-01,Context + Variable definitions,constructed response,Intro,,2,Apply,
U3-S33-P1-016,Practice Set 1,3.3,Question 16,I can predict the meaning of a solution before solving from the context and variables.,S33-BREAK-EVEN-GRAPH,F1-G1,GRAPH-INFER-BEHAVIOR-01,Graph + Context,constructed response,Intro,,2,Apply,
U3-S33-P1-017,Practice Set 1,3.3,Question 17,"I can design a solution pathway that connects equations, calculations, and a contextual conclusion.",S33-BREAK-EVEN-GRAPH,F1-G2,GRAPH-INFER-BEHAVIOR-01,Graph + Context,constructed response,Intro,,2,Apply,
U3-S33-P1-018,Practice Set 1,3.3,Question 18,"I can design a solution pathway that connects equations, calculations, and a contextual conclusion.",S33-CHECK-MODEL,F1-T1,REPTRANS-GRAPH-TABLE-EQUATION-01,Table + Context constraints,constructed response,Intro,,2,Apply,
U3-S33-P1-019,Practice Set 1,3.3,Question 19,"I can design a solution pathway that connects equations, calculations, and a contextual conclusion.",S33-CHECK-MODEL,F1-T2,REPTRANS-GRAPH-TABLE-EQUATION-01,Table + Context constraints,constructed response,Intro,,2,Apply,
U3-S33-P1-020,Practice Set 1,3.3,Question 20,"I can design a solution pathway that connects equations, calculations, and a contextual conclusion.",S33-REASONABLE-SOLUTION,F1-R1,VERIFY-REASONABLENESS-01,Context + Solution reasoning,constructed response,Intro,,2,Analyze,
U3-S33-P1-021,Practice Set 1,3.3,Question 21,I can build a system of equations that represents two constraints in a situation.,S33-REASONABLE-SOLUTION,F1-R2,ERROR-CRITIQUE-CLAIM-01,Context + Solution reasoning,constructed response,Intro,,2-3,Analyze,
U3-S33-P1-022,Practice Set 1,3.3,Question 22,"I can design a solution pathway that connects equations, calculations, and a contextual conclusion.",S33-REASONABLE-SOLUTION,F1-R3,VERIFY-REASONABLENESS-01,Context + Solution reasoning,constructed response,Intro,,2,Analyze,
U3-S33-P1-023,Practice Set 1,3.3,Question 23,I can build a system of equations that represents two constraints in a situation.,S33-REVERSE-MODEL,F1-V1,TRANSFER-NOVEL-CONTEXT-01,Equations + Context creation,constructed response,Intro,,2-3,Apply,
U3-S33-P1-024,Practice Set 1,3.3,Question 24,"I can design a solution pathway that connects equations, calculations, and a contextual conclusion.",S33-REVERSE-MODEL,F1-V2,TRANSFER-NOVEL-CONTEXT-01,Equations + Context creation,constructed response,Intro,,2-3,Apply,
U3-S34-P1-001,Practice Set 1,3.4,Question 1,I can construct a boundary line and shaded region for a linear inequality.,S34-GRAPH-READ,F1-G1,GRAPH-INFER-BEHAVIOR-01,Graph + Inequality,constructed response,Intro,,2,Apply,
U3-S34-P1-002,Practice Set 1,3.4,Question 2,I can construct a boundary line and shaded region for a linear inequality.,S34-GRAPH-READ,F1-G2,GRAPH-INFER-BEHAVIOR-01,Graph + Inequality,constructed response,Intro,,2,Apply,
U3-S34-P1-003,Practice Set 1,3.4,Question 3,I can use test points to interpret which region satisfies an inequality.,S34-GRAPH-READ,F1-G3,GRAPH-INFER-BEHAVIOR-01,Graph + Inequality,constructed response,Intro,,2,Apply,
U3-S34-P1-004,Practice Set 1,3.4,Question 4,I can use test points to interpret which region satisfies an inequality.,S34-GRAPH-READ,F1-G4,GRAPH-INFER-BEHAVIOR-01,Graph + Inequality,constructed response,Intro,,2,Apply,
U3-S34-P1-005,Practice Set 1,3.4,Question 5,"I can critique a graph of a linear inequality using the boundary, shading, and solution region.",S34-GRAPH-READ,F1-G5,GRAPH-INFER-BEHAVIOR-01,Graph + Inequality,constructed response,Intro,,2,Apply,
U3-S34-P1-006,Practice Set 1,3.4,Question 6,"I can critique a graph of a linear inequality using the boundary, shading, and solution region.",S34-GRAPH-READ,F1-G6,GRAPH-INFER-BEHAVIOR-01,Graph + Inequality,constructed response,Intro,,2,Apply,
U3-S34-P1-007,Practice Set 1,3.4,Question 7,I can construct a boundary line and shaded region for a linear inequality.,S34-CONSTRUCT-FROM-INEQ,F1-C1,GRAPH-CONSTRUCT-FROM-CONSTRAINTS-01,Inequality + Student-built graph,constructed response,Intro,,2,Analyze,
U3-S34-P1-008,Practice Set 1,3.4,Question 8,I can construct a boundary line and shaded region for a linear inequality.,S34-CONSTRUCT-FROM-INEQ,F1-C2,GRAPH-CONSTRUCT-FROM-CONSTRAINTS-01,Inequality + Student-built graph,constructed response,Intro,,2,Analyze,
U3-S34-P1-009,Practice Set 1,3.4,Question 9,I can construct a boundary line and shaded region for a linear inequality.,S34-CONSTRUCT-FROM-INEQ,F1-C3,GRAPH-CONSTRUCT-FROM-CONSTRAINTS-01,Inequality + Student-built graph,constructed response,Intro,,2,Analyze,
U3-S34-P1-010,Practice Set 1,3.4,Question 10,I can construct a boundary line and shaded region for a linear inequality.,S34-CONSTRUCT-FROM-INEQ,F1-C4,GRAPH-CONSTRUCT-FROM-CONSTRAINTS-01,Inequality + Student-built graph,constructed response,Intro,,2,Analyze,
U3-S34-P1-011,Practice Set 1,3.4,Question 11,I can construct a boundary line and shaded region for a linear inequality.,S34-CONSTRUCT-FROM-INEQ,F1-C5,GRAPH-CONSTRUCT-FROM-CONSTRAINTS-01,Inequality + Student-built graph,constructed response,Intro,,2,Analyze,
U3-S34-P1-012,Practice Set 1,3.4,Question 12,I can use test points to interpret which region satisfies an inequality.,S34-TEST-POINT,F1-T1,REPTRANS-GRAPH-TABLE-EQUATION-01,Table + Inequality,constructed response,Intro,,2,Apply,
U3-S34-P1-013,Practice Set 1,3.4,Question 13,I can use test points to interpret which region satisfies an inequality.,S34-TEST-POINT,F1-T2,REPTRANS-GRAPH-TABLE-EQUATION-01,Table + Inequality,constructed response,Intro,,2,Apply,
U3-S34-P1-014,Practice Set 1,3.4,Question 14,I can use test points to interpret which region satisfies an inequality.,S34-TEST-POINT,F1-T3,REPTRANS-GRAPH-TABLE-EQUATION-01,Table + Inequality,constructed response,Intro,,2,Apply,
U3-S34-P1-015,Practice Set 1,3.4,Question 15,I can use test points to interpret which region satisfies an inequality.,S34-TEST-POINT,F1-T4,REPTRANS-GRAPH-TABLE-EQUATION-01,Table + Inequality,constructed response,Intro,,2,Apply,
U3-S34-P1-016,Practice Set 1,3.4,Question 16,I can construct a boundary line and shaded region for a linear inequality.,S34-BOUNDARY-STYLE,F1-B1,PROC-DIRECT-EXECUTE-01,Inequality + Boundary,constructed response,Intro,,1-2,Apply,
U3-S34-P1-017,Practice Set 1,3.4,Question 17,I can construct a boundary line and shaded region for a linear inequality.,S34-BOUNDARY-STYLE,F1-B2,PROC-DIRECT-EXECUTE-01,Inequality + Boundary,constructed response,Intro,,1-2,Apply,
U3-S34-P1-018,Practice Set 1,3.4,Question 18,I can construct a boundary line and shaded region for a linear inequality.,S34-BOUNDARY-STYLE,F1-B3,PROC-DIRECT-EXECUTE-01,Inequality + Boundary,constructed response,Intro,,1-2,Apply,
U3-S34-P1-019,Practice Set 1,3.4,Question 19,I can construct a boundary line and shaded region for a linear inequality.,S34-BOUNDARY-STYLE,F1-B4,PROC-DIRECT-EXECUTE-01,Inequality + Boundary,constructed response,Intro,,1-2,Apply,
U3-S34-P1-020,Practice Set 1,3.4,Question 20,I can use test points to interpret which region satisfies an inequality.,S34-CONTEXT-CONSTRAINT,F1-X1,REPTRANS-TRANSLATE-VERBAL-SYMBOLIC-01,Context + Inequality,constructed response,Intro,,2,Apply,
U3-S34-P1-021,Practice Set 1,3.4,Question 21,I can use test points to interpret which region satisfies an inequality.,S34-CONTEXT-CONSTRAINT,F1-X2,REPTRANS-TRANSLATE-VERBAL-SYMBOLIC-01,Context + Inequality,constructed response,Intro,,2,Apply,
U3-S34-P1-022,Practice Set 1,3.4,Question 22,I can use test points to interpret which region satisfies an inequality.,S34-CONTEXT-CONSTRAINT,F1-X3,REPTRANS-TRANSLATE-VERBAL-SYMBOLIC-01,Context + Inequality,constructed response,Intro,,2,Apply,
U3-S34-P1-023,Practice Set 1,3.4,Question 23,"I can critique a graph of a linear inequality using the boundary, shading, and solution region.",S34-GRAPH-TO-INEQ,F1-R1,ERROR-CRITIQUE-CLAIM-01,Graph + Inequality,constructed response,Intro,,2-3,Analyze,
U3-S34-P1-024,Practice Set 1,3.4,Question 24,"I can critique a graph of a linear inequality using the boundary, shading, and solution region.",S34-CRITIQUE-GRAPH,F1-R2,ERROR-DIAGNOSE-WORKED-SOLUTION-01,Inequality + Graph claim,constructed response,Intro,,2-3,Analyze,
U3-S35-P1-001,Practice Set 1,3.5,Question 1,I can formulate a system of inequalities that represents multiple constraints.,S35-FORMULATE-CONSTRAINTS,F1-F1,REPTRANS-TRANSLATE-VERBAL-SYMBOLIC-01,Context + Inequalities,constructed response,Intro,,2,Apply,
U3-S35-P1-002,Practice Set 1,3.5,Question 2,I can formulate a system of inequalities that represents multiple constraints.,S35-FORMULATE-CONSTRAINTS,F1-F2,REPTRANS-TRANSLATE-VERBAL-SYMBOLIC-01,Context + Inequalities,constructed response,Intro,,2,Apply,
U3-S35-P1-003,Practice Set 1,3.5,Question 3,I can formulate a system of inequalities that represents multiple constraints.,S35-FORMULATE-CONSTRAINTS,F1-F3,REPTRANS-TRANSLATE-VERBAL-SYMBOLIC-01,Context + Inequalities,constructed response,Intro,,2,Apply,
U3-S35-P1-004,Practice Set 1,3.5,Question 4,I can formulate a system of inequalities that represents multiple constraints.,S35-FORMULATE-CONSTRAINTS,F1-F4,REPTRANS-TRANSLATE-VERBAL-SYMBOLIC-01,Context + Inequalities,constructed response,Intro,,2,Apply,
U3-S35-P1-005,Practice Set 1,3.5,Question 5,I can formulate a system of inequalities that represents multiple constraints.,S35-FORMULATE-CONSTRAINTS,F1-F5,REPTRANS-TRANSLATE-VERBAL-SYMBOLIC-01,Context + Inequalities,constructed response,Intro,,2,Apply,
U3-S35-P1-006,Practice Set 1,3.5,Question 6,I can formulate a system of inequalities that represents multiple constraints.,S35-FORMULATE-CONSTRAINTS,F1-F6,REPTRANS-TRANSLATE-VERBAL-SYMBOLIC-01,Context + Inequalities,constructed response,Intro,,2,Apply,
U3-S35-P1-007,Practice Set 1,3.5,Question 7,I can extend graphing strategies to represent overlapping solution regions.,S35-OVERLAP-GRAPH,F1-G1,GRAPH-INFER-BEHAVIOR-01,Graph + Feasible region,constructed response,Intro,,2,Apply,
U3-S35-P1-008,Practice Set 1,3.5,Question 8,I can apply feasible-region reasoning to interpret possible solutions in context.,S35-OVERLAP-GRAPH,F1-G2,GRAPH-INFER-BEHAVIOR-01,Graph + Feasible region,constructed response,Intro,,2,Apply,
U3-S35-P1-009,Practice Set 1,3.5,Question 9,I can apply feasible-region reasoning to interpret possible solutions in context.,S35-OVERLAP-GRAPH,F1-G3,GRAPH-INFER-BEHAVIOR-01,Graph + Feasible region,constructed response,Intro,,2,Apply,
U3-S35-P1-010,Practice Set 1,3.5,Question 10,I can extend graphing strategies to represent overlapping solution regions.,S35-OVERLAP-GRAPH,F1-G4,GRAPH-INFER-BEHAVIOR-01,Graph + Feasible region,constructed response,Intro,,2,Apply,
U3-S35-P1-011,Practice Set 1,3.5,Question 11,I can extend graphing strategies to represent overlapping solution regions.,S35-OVERLAP-GRAPH,F1-G5,GRAPH-INFER-BEHAVIOR-01,Graph + Feasible region,constructed response,Intro,,2,Apply,
U3-S35-P1-012,Practice Set 1,3.5,Question 12,I can apply feasible-region reasoning to interpret possible solutions in context.,S35-FEASIBILITY-TABLE,F1-T1,REPTRANS-GRAPH-TABLE-EQUATION-01,Table + System of inequalities,constructed response,Intro,,2,Apply,
U3-S35-P1-013,Practice Set 1,3.5,Question 13,I can apply feasible-region reasoning to interpret possible solutions in context.,S35-FEASIBILITY-TABLE,F1-T2,REPTRANS-GRAPH-TABLE-EQUATION-01,Table + System of inequalities,constructed response,Intro,,2,Apply,
U3-S35-P1-014,Practice Set 1,3.5,Question 14,I can apply feasible-region reasoning to interpret possible solutions in context.,S35-FEASIBILITY-TABLE,F1-T3,REPTRANS-GRAPH-TABLE-EQUATION-01,Table + System of inequalities,constructed response,Intro,,2,Apply,
U3-S35-P1-015,Practice Set 1,3.5,Question 15,I can apply feasible-region reasoning to interpret possible solutions in context.,S35-FEASIBILITY-TABLE,F1-T4,REPTRANS-GRAPH-TABLE-EQUATION-01,Table + System of inequalities,constructed response,Intro,,2,Apply,
U3-S35-P1-016,Practice Set 1,3.5,Question 16,I can apply feasible-region reasoning to interpret possible solutions in context.,S35-FEASIBILITY-TABLE,F1-T5,REPTRANS-GRAPH-TABLE-EQUATION-01,Table + System of inequalities,constructed response,Intro,,2,Apply,
U3-S35-P1-017,Practice Set 1,3.5,Question 17,I can apply feasible-region reasoning to interpret possible solutions in context.,S35-TEST-FEASIBLE,F1-D1,VERIFY-REASONABLENESS-01,Context + Point testing,constructed response,Intro,,2,Analyze,
U3-S35-P1-018,Practice Set 1,3.5,Question 18,I can apply feasible-region reasoning to interpret possible solutions in context.,S35-TEST-FEASIBLE,F1-D2,VERIFY-REASONABLENESS-01,Context + Point testing,constructed response,Intro,,2,Analyze,
U3-S35-P1-019,Practice Set 1,3.5,Question 19,I can apply feasible-region reasoning to interpret possible solutions in context.,S35-TEST-FEASIBLE,F1-D3,VERIFY-REASONABLENESS-01,Context + Point testing,constructed response,Intro,,2,Analyze,
U3-S35-P1-020,Practice Set 1,3.5,Question 20,I can apply feasible-region reasoning to interpret possible solutions in context.,S35-TEST-FEASIBLE,F1-D4,VERIFY-REASONABLENESS-01,Context + Point testing,constructed response,Intro,,2,Analyze,
U3-S35-P1-021,Practice Set 1,3.5,Question 21,I can extend graphing strategies to represent overlapping solution regions.,S35-OVERLAP-ERROR,F1-C1,ERROR-CRITIQUE-CLAIM-01,Graph/constraint reasoning,constructed response,Intro,,2-3,Analyze,
U3-S35-P1-022,Practice Set 1,3.5,Question 22,I can apply feasible-region reasoning to interpret possible solutions in context.,S35-OVERLAP-ERROR,F1-C2,ERROR-CRITIQUE-CLAIM-01,Graph/constraint reasoning,constructed response,Intro,,2-3,Analyze,
U3-S35-P1-023,Practice Set 1,3.5,Question 23,I can formulate a system of inequalities that represents multiple constraints.,S35-REVERSE-FEASIBLE,F1-R1,TRANSFER-NOVEL-CONTEXT-01,Inequalities + Feasible-region reasoning,constructed response,Intro,,2-3,Apply,
U3-S35-P1-024,Practice Set 1,3.5,Question 24,I can apply feasible-region reasoning to interpret possible solutions in context.,S35-REVERSE-FEASIBLE,F1-R2,TRANSFER-NOVEL-CONTEXT-01,Inequalities + Feasible-region reasoning,constructed response,Intro,,2-3,Apply,
U3-S31-P2-001,Practice Set 2,3.1,Question 1,I can construct graphical representations of systems and connect intersection points to solutions.,S31-GRAPH-SYSTEM,F2-G1,GRAPH-INFER-BEHAVIOR-01,Graph + Ordered pair,constructed response,Intro,,2,Apply,
U3-S31-P2-002,Practice Set 2,3.1,Question 2,I can construct graphical representations of systems and connect intersection points to solutions.,S31-GRAPH-SYSTEM,F2-G2,GRAPH-INFER-BEHAVIOR-01,Graph + Ordered pair,constructed response,Intro,,2,Apply,
U3-S31-P2-003,Practice Set 2,3.1,Question 3,I can construct graphical representations of systems and connect intersection points to solutions.,S31-GRAPH-SYSTEM,F2-G3,GRAPH-INFER-BEHAVIOR-01,Graph + Ordered pair,constructed response,Intro,,2,Apply,
U3-S31-P2-004,Practice Set 2,3.1,Question 4,I can construct graphical representations of systems and connect intersection points to solutions.,S31-GRAPH-SYSTEM,F2-G4,GRAPH-INFER-BEHAVIOR-01,Graph + Ordered pair,constructed response,Intro,,2,Apply,
U3-S31-P2-005,Practice Set 2,3.1,Question 5,I can construct graphical representations of systems and connect intersection points to solutions.,S31-GRAPH-SYSTEM,F2-G5,GRAPH-INFER-BEHAVIOR-01,Graph + Ordered pair,constructed response,Intro,,2,Apply,
U3-S31-P2-006,Practice Set 2,3.1,Question 6,I can use elimination to solve systems and interpret the solution type.,S31-ELIMINATION-ONE,F2-E1,PROC-DIRECT-EXECUTE-01,Standard-form equations,constructed response,Intro,,1-2,Apply,
U3-S31-P2-007,Practice Set 2,3.1,Question 7,I can use elimination to solve systems and interpret the solution type.,S31-ELIMINATION-ONE,F2-E2,PROC-DIRECT-EXECUTE-01,Standard-form equations,constructed response,Intro,,1-2,Apply,
U3-S31-P2-008,Practice Set 2,3.1,Question 8,I can use elimination to solve systems and interpret the solution type.,S31-ELIMINATION-ONE,F2-E3,PROC-DIRECT-EXECUTE-01,Standard-form equations,constructed response,Intro,,1-2,Apply,
U3-S31-P2-009,Practice Set 2,3.1,Question 9,I can use elimination to solve systems and interpret the solution type.,S31-ELIMINATION-ONE,F2-E4,PROC-DIRECT-EXECUTE-01,Standard-form equations,constructed response,Intro,,1-2,Apply,
U3-S31-P2-010,Practice Set 2,3.1,Question 10,I can use elimination to solve systems and interpret the solution type.,S31-ELIMINATION-ONE,F2-E5,PROC-DIRECT-EXECUTE-01,Standard-form equations,constructed response,Intro,,1-2,Apply,
U3-S31-P2-011,Practice Set 2,3.1,Question 11,"I can determine whether a system has one solution, no solution, or infinitely many solutions from algebraic and graphical evidence.",S31-SOLUTION-TYPE,F2-T1,CONDITION-CLASSIFY-CASE-01,Equations + Solution type,constructed response,Intro,,2,Apply,
U3-S31-P2-012,Practice Set 2,3.1,Question 12,"I can determine whether a system has one solution, no solution, or infinitely many solutions from algebraic and graphical evidence.",S31-SOLUTION-TYPE,F2-T2,CONDITION-CLASSIFY-CASE-01,Equations + Solution type,constructed response,Intro,,2,Apply,
U3-S31-P2-013,Practice Set 2,3.1,Question 13,"I can determine whether a system has one solution, no solution, or infinitely many solutions from algebraic and graphical evidence.",S31-SOLUTION-TYPE,F2-T3,CONDITION-CLASSIFY-CASE-01,Equations + Solution type,constructed response,Intro,,2,Apply,
U3-S31-P2-014,Practice Set 2,3.1,Question 14,"I can determine whether a system has one solution, no solution, or infinitely many solutions from algebraic and graphical evidence.",S31-SOLUTION-TYPE,F2-T4,CONDITION-CLASSIFY-CASE-01,Equations + Solution type,constructed response,Intro,,2,Apply,
U3-S31-P2-015,Practice Set 2,3.1,Question 15,I can construct graphical representations of systems and connect intersection points to solutions.,S31-SYSTEM-CHECK,F2-C1,REPTRANS-GRAPH-TABLE-EQUATION-01,Table + Equations,constructed response,Intro,,2,Apply,
U3-S31-P2-016,Practice Set 2,3.1,Question 16,I can construct graphical representations of systems and connect intersection points to solutions.,S31-SYSTEM-CHECK,F2-C2,REPTRANS-GRAPH-TABLE-EQUATION-01,Table + Equations,constructed response,Intro,,2,Apply,
U3-S31-P2-017,Practice Set 2,3.1,Question 17,I can construct graphical representations of systems and connect intersection points to solutions.,S31-SYSTEM-CHECK,F2-C3,REPTRANS-GRAPH-TABLE-EQUATION-01,Table + Equations,constructed response,Intro,,2,Apply,
U3-S31-P2-018,Practice Set 2,3.1,Question 18,I can construct graphical representations of systems and connect intersection points to solutions.,S31-SYSTEM-CHECK,F2-C4,REPTRANS-GRAPH-TABLE-EQUATION-01,Table + Equations,constructed response,Intro,,2,Apply,
U3-S31-P2-019,Practice Set 2,3.1,Question 19,I can use elimination to solve systems and interpret the solution type.,S31-METHOD-REASON,F2-R1,PROC-DIRECT-EXECUTE-01,Equations / claim,constructed response,Intro,,1-2,Apply,
U3-S31-P2-020,Practice Set 2,3.1,Question 20,I can use elimination to solve systems and interpret the solution type.,S31-METHOD-REASON,F2-R2,ERROR-CRITIQUE-CLAIM-01,Equations / claim,constructed response,Intro,,2-3,Analyze,
U3-S31-P2-021,Practice Set 2,3.1,Question 21,"I can determine whether a system has one solution, no solution, or infinitely many solutions from algebraic and graphical evidence.",S31-METHOD-REASON,F2-R3,ERROR-CRITIQUE-CLAIM-01,Equations / claim,constructed response,Intro,,2-3,Analyze,
U3-S31-P2-022,Practice Set 2,3.1,Question 22,I can construct graphical representations of systems and connect intersection points to solutions.,S31-BREAK-EVEN-CONTEXT,F2-X1,MODEL-COMPARE-TWO-LINEAR-01,Context + Equations,constructed response,Intro,,2-3,Analyze,
U3-S31-P2-023,Practice Set 2,3.1,Question 23,I can construct graphical representations of systems and connect intersection points to solutions.,S31-BREAK-EVEN-CONTEXT,F2-X2,MODEL-COMPARE-TWO-LINEAR-01,Context + Equations,constructed response,Intro,,2-3,Analyze,
U3-S31-P2-024,Practice Set 2,3.1,Question 24,I can construct graphical representations of systems and connect intersection points to solutions.,S31-BREAK-EVEN-CONTEXT,F2-X3,MODEL-COMPARE-TWO-LINEAR-01,Context + Equations,constructed response,Intro,,2-3,Analyze,
U3-S32-P2-001,Practice Set 2,3.2,Question 1,I can apply substitution to solve systems and interpret the ordered-pair solution.,S32-SUB-SOLVE,F2-S1,PROC-DIRECT-EXECUTE-01,Equations + Substitution work,constructed response,Intro,,1-2,Apply,
U3-S32-P2-002,Practice Set 2,3.2,Question 2,I can apply substitution to solve systems and interpret the ordered-pair solution.,S32-SUB-SOLVE,F2-S2,PROC-DIRECT-EXECUTE-01,Equations + Substitution work,constructed response,Intro,,1-2,Apply,
U3-S32-P2-003,Practice Set 2,3.2,Question 3,I can apply substitution to solve systems and interpret the ordered-pair solution.,S32-SUB-SOLVE,F2-S3,PROC-DIRECT-EXECUTE-01,Equations + Substitution work,constructed response,Intro,,1-2,Apply,
U3-S32-P2-004,Practice Set 2,3.2,Question 4,I can apply substitution to solve systems and interpret the ordered-pair solution.,S32-SUB-SOLVE,F2-S4,PROC-DIRECT-EXECUTE-01,Equations + Substitution work,constructed response,Intro,,1-2,Apply,
U3-S32-P2-005,Practice Set 2,3.2,Question 5,I can apply substitution to solve systems and interpret the ordered-pair solution.,S32-SUB-SOLVE,F2-S5,PROC-DIRECT-EXECUTE-01,Equations + Substitution work,constructed response,Intro,,1-2,Apply,
U3-S32-P2-006,Practice Set 2,3.2,Question 6,I can apply substitution to solve systems and interpret the ordered-pair solution.,S32-SUB-SOLVE,F2-S6,PROC-DIRECT-EXECUTE-01,Equations + Substitution work,constructed response,Intro,,1-2,Apply,
U3-S32-P2-007,Practice Set 2,3.2,Question 7,I can formulate a substitution plan when one equation is already written in an efficient form.,S32-SUB-PLAN,F2-P1,PROC-DIRECT-EXECUTE-01,Equation structure,constructed response,Intro,,1-2,Apply,
U3-S32-P2-008,Practice Set 2,3.2,Question 8,I can formulate a substitution plan when one equation is already written in an efficient form.,S32-SUB-PLAN,F2-P2,PROC-DIRECT-EXECUTE-01,Equation structure,constructed response,Intro,,1-2,Apply,
U3-S32-P2-009,Practice Set 2,3.2,Question 9,I can formulate a substitution plan when one equation is already written in an efficient form.,S32-SUB-PLAN,F2-P3,PROC-DIRECT-EXECUTE-01,Equation structure,constructed response,Intro,,1-2,Apply,
U3-S32-P2-010,Practice Set 2,3.2,Question 10,I can formulate a substitution plan when one equation is already written in an efficient form.,S32-SUB-PLAN,F2-P4,PROC-DIRECT-EXECUTE-01,Equation structure,constructed response,Intro,,1-2,Apply,
U3-S32-P2-011,Practice Set 2,3.2,Question 11,I can apply substitution to solve systems and interpret the ordered-pair solution.,S32-SOLUTION-CHECK,F2-C1,REPTRANS-GRAPH-TABLE-EQUATION-01,Table + Equations,constructed response,Intro,,2,Apply,
U3-S32-P2-012,Practice Set 2,3.2,Question 12,I can apply substitution to solve systems and interpret the ordered-pair solution.,S32-SOLUTION-CHECK,F2-C2,REPTRANS-GRAPH-TABLE-EQUATION-01,Table + Equations,constructed response,Intro,,2,Apply,
U3-S32-P2-013,Practice Set 2,3.2,Question 13,I can apply substitution to solve systems and interpret the ordered-pair solution.,S32-SOLUTION-CHECK,F2-C3,REPTRANS-GRAPH-TABLE-EQUATION-01,Table + Equations,constructed response,Intro,,2,Apply,
U3-S32-P2-014,Practice Set 2,3.2,Question 14,I can apply substitution to solve systems and interpret the ordered-pair solution.,S32-SOLUTION-CHECK,F2-C4,REPTRANS-GRAPH-TABLE-EQUATION-01,Table + Equations,constructed response,Intro,,2,Apply,
U3-S32-P2-015,Practice Set 2,3.2,Question 15,I can assess which algebraic method is more efficient for a given system.,S32-METHOD-CHOICE,F2-M1,COMPARE-EFFICIENCY-CONTEXT-01,Equation structures,constructed response,Intro,,1-2,Analyze,
U3-S32-P2-016,Practice Set 2,3.2,Question 16,I can assess which algebraic method is more efficient for a given system.,S32-METHOD-CHOICE,F2-M2,COMPARE-EFFICIENCY-CONTEXT-01,Equation structures,constructed response,Intro,,1-2,Analyze,
U3-S32-P2-017,Practice Set 2,3.2,Question 17,I can assess which algebraic method is more efficient for a given system.,S32-METHOD-CHOICE,F2-M3,COMPARE-EFFICIENCY-CONTEXT-01,Equation structures,constructed response,Intro,,1-2,Analyze,
U3-S32-P2-018,Practice Set 2,3.2,Question 18,I can assess which algebraic method is more efficient for a given system.,S32-METHOD-CHOICE,F2-M4,COMPARE-EFFICIENCY-CONTEXT-01,Equation structures,constructed response,Intro,,1-2,Analyze,
U3-S32-P2-019,Practice Set 2,3.2,Question 19,I can formulate a substitution plan when one equation is already written in an efficient form.,S32-SUB-ERROR,F2-E1,ERROR-DIAGNOSE-WORKED-SOLUTION-01,Worked algebra / claim,constructed response,Intro,,2-3,Analyze,
U3-S32-P2-020,Practice Set 2,3.2,Question 20,I can formulate a substitution plan when one equation is already written in an efficient form.,S32-SUB-ERROR,F2-E2,ERROR-DIAGNOSE-WORKED-SOLUTION-01,Worked algebra / claim,constructed response,Intro,,2-3,Analyze,
U3-S32-P2-021,Practice Set 2,3.2,Question 21,I can apply substitution to solve systems and interpret the ordered-pair solution.,S32-SUB-ERROR,F2-E3,ERROR-DIAGNOSE-WORKED-SOLUTION-01,Worked algebra / claim,constructed response,Intro,,2-3,Analyze,
U3-S32-P2-022,Practice Set 2,3.2,Question 22,I can formulate a substitution plan when one equation is already written in an efficient form.,S32-CONTEXT-METHOD,F2-X1,REPTRANS-TRANSLATE-VERBAL-SYMBOLIC-01,Context + Equations,constructed response,Intro,,2,Apply,
U3-S32-P2-023,Practice Set 2,3.2,Question 23,I can formulate a substitution plan when one equation is already written in an efficient form.,S32-CONTEXT-METHOD,F2-X2,REPTRANS-TRANSLATE-VERBAL-SYMBOLIC-01,Context + Equations,constructed response,Intro,,2,Apply,
U3-S32-P2-024,Practice Set 2,3.2,Question 24,I can assess which algebraic method is more efficient for a given system.,S32-CONTEXT-METHOD,F2-X3,REPTRANS-TRANSLATE-VERBAL-SYMBOLIC-01,Context + Equations,constructed response,Intro,,2,Apply,
U3-S33-P2-001,Practice Set 2,3.3,Question 1,I can build a system of equations that represents two constraints in a situation.,S33-WRITE-SYSTEM,F2-W1,REPTRANS-TRANSLATE-VERBAL-SYMBOLIC-01,Context + Equations,constructed response,Intro,,2,Apply,
U3-S33-P2-002,Practice Set 2,3.3,Question 2,I can build a system of equations that represents two constraints in a situation.,S33-WRITE-SYSTEM,F2-W2,REPTRANS-TRANSLATE-VERBAL-SYMBOLIC-01,Context + Equations,constructed response,Intro,,2,Apply,
U3-S33-P2-003,Practice Set 2,3.3,Question 3,I can build a system of equations that represents two constraints in a situation.,S33-WRITE-SYSTEM,F2-W3,REPTRANS-TRANSLATE-VERBAL-SYMBOLIC-01,Context + Equations,constructed response,Intro,,2,Apply,
U3-S33-P2-004,Practice Set 2,3.3,Question 4,I can build a system of equations that represents two constraints in a situation.,S33-WRITE-SYSTEM,F2-W4,REPTRANS-TRANSLATE-VERBAL-SYMBOLIC-01,Context + Equations,constructed response,Intro,,2,Apply,
U3-S33-P2-005,Practice Set 2,3.3,Question 5,I can build a system of equations that represents two constraints in a situation.,S33-WRITE-SYSTEM,F2-W5,REPTRANS-TRANSLATE-VERBAL-SYMBOLIC-01,Context + Equations,constructed response,Intro,,2,Apply,
U3-S33-P2-006,Practice Set 2,3.3,Question 6,I can build a system of equations that represents two constraints in a situation.,S33-WRITE-SYSTEM,F2-W6,REPTRANS-TRANSLATE-VERBAL-SYMBOLIC-01,Context + Equations,constructed response,Intro,,2,Apply,
U3-S33-P2-007,Practice Set 2,3.3,Question 7,"I can design a solution pathway that connects equations, calculations, and a contextual conclusion.",S33-MODEL-SOLVE,F2-S1,FRQ-MULTIPART-SHARED-CONTEXT-01,Context + Equations,constructed response,Intro,,2-3,Apply,
U3-S33-P2-008,Practice Set 2,3.3,Question 8,"I can design a solution pathway that connects equations, calculations, and a contextual conclusion.",S33-MODEL-SOLVE,F2-S2,FRQ-MULTIPART-SHARED-CONTEXT-01,Context + Equations,constructed response,Intro,,2-3,Apply,
U3-S33-P2-009,Practice Set 2,3.3,Question 9,"I can design a solution pathway that connects equations, calculations, and a contextual conclusion.",S33-MODEL-SOLVE,F2-S3,FRQ-MULTIPART-SHARED-CONTEXT-01,Context + Equations,constructed response,Intro,,2-3,Apply,
U3-S33-P2-010,Practice Set 2,3.3,Question 10,"I can design a solution pathway that connects equations, calculations, and a contextual conclusion.",S33-MODEL-SOLVE,F2-S4,FRQ-MULTIPART-SHARED-CONTEXT-01,Context + Equations,constructed response,Intro,,2-3,Apply,
U3-S33-P2-011,Practice Set 2,3.3,Question 11,"I can design a solution pathway that connects equations, calculations, and a contextual conclusion.",S33-MODEL-SOLVE,F2-S5,FRQ-MULTIPART-SHARED-CONTEXT-01,Context + Equations,constructed response,Intro,,2-3,Apply,
U3-S33-P2-012,Practice Set 2,3.3,Question 12,I can predict the meaning of a solution before solving from the context and variables.,S33-PREDICT-MEANING,F2-P1,REPTRANS-TRANSLATE-VERBAL-SYMBOLIC-01,Context + Variable definitions,constructed response,Intro,,2,Apply,
U3-S33-P2-013,Practice Set 2,3.3,Question 13,I can predict the meaning of a solution before solving from the context and variables.,S33-PREDICT-MEANING,F2-P2,REPTRANS-TRANSLATE-VERBAL-SYMBOLIC-01,Context + Variable definitions,constructed response,Intro,,2,Apply,
U3-S33-P2-014,Practice Set 2,3.3,Question 14,I can predict the meaning of a solution before solving from the context and variables.,S33-PREDICT-MEANING,F2-P3,REPTRANS-TRANSLATE-VERBAL-SYMBOLIC-01,Context + Variable definitions,constructed response,Intro,,2,Apply,
U3-S33-P2-015,Practice Set 2,3.3,Question 15,I can predict the meaning of a solution before solving from the context and variables.,S33-PREDICT-MEANING,F2-P4,REPTRANS-TRANSLATE-VERBAL-SYMBOLIC-01,Context + Variable definitions,constructed response,Intro,,2,Apply,
U3-S33-P2-016,Practice Set 2,3.3,Question 16,I can predict the meaning of a solution before solving from the context and variables.,S33-BREAK-EVEN-GRAPH,F2-G1,GRAPH-INFER-BEHAVIOR-01,Graph + Context,constructed response,Intro,,2,Apply,
U3-S33-P2-017,Practice Set 2,3.3,Question 17,"I can design a solution pathway that connects equations, calculations, and a contextual conclusion.",S33-BREAK-EVEN-GRAPH,F2-G2,GRAPH-INFER-BEHAVIOR-01,Graph + Context,constructed response,Intro,,2,Apply,
U3-S33-P2-018,Practice Set 2,3.3,Question 18,"I can design a solution pathway that connects equations, calculations, and a contextual conclusion.",S33-CHECK-MODEL,F2-T1,REPTRANS-GRAPH-TABLE-EQUATION-01,Table + Context constraints,constructed response,Intro,,2,Apply,
U3-S33-P2-019,Practice Set 2,3.3,Question 19,"I can design a solution pathway that connects equations, calculations, and a contextual conclusion.",S33-CHECK-MODEL,F2-T2,REPTRANS-GRAPH-TABLE-EQUATION-01,Table + Context constraints,constructed response,Intro,,2,Apply,
U3-S33-P2-020,Practice Set 2,3.3,Question 20,"I can design a solution pathway that connects equations, calculations, and a contextual conclusion.",S33-REASONABLE-SOLUTION,F2-R1,VERIFY-REASONABLENESS-01,Context + Solution reasoning,constructed response,Intro,,2,Analyze,
U3-S33-P2-021,Practice Set 2,3.3,Question 21,I can build a system of equations that represents two constraints in a situation.,S33-REASONABLE-SOLUTION,F2-R2,ERROR-CRITIQUE-CLAIM-01,Context + Solution reasoning,constructed response,Intro,,2-3,Analyze,
U3-S33-P2-022,Practice Set 2,3.3,Question 22,"I can design a solution pathway that connects equations, calculations, and a contextual conclusion.",S33-REASONABLE-SOLUTION,F2-R3,VERIFY-REASONABLENESS-01,Context + Solution reasoning,constructed response,Intro,,2,Analyze,
U3-S33-P2-023,Practice Set 2,3.3,Question 23,I can build a system of equations that represents two constraints in a situation.,S33-REVERSE-MODEL,F2-V1,TRANSFER-NOVEL-CONTEXT-01,Equations + Context creation,constructed response,Intro,,2-3,Apply,
U3-S33-P2-024,Practice Set 2,3.3,Question 24,"I can design a solution pathway that connects equations, calculations, and a contextual conclusion.",S33-REVERSE-MODEL,F2-V2,TRANSFER-NOVEL-CONTEXT-01,Equations + Context creation,constructed response,Intro,,2-3,Apply,
U3-S34-P2-001,Practice Set 2,3.4,Question 1,I can construct a boundary line and shaded region for a linear inequality.,S34-GRAPH-READ,F2-G1,GRAPH-INFER-BEHAVIOR-01,Graph + Inequality,constructed response,Intro,,2,Apply,
U3-S34-P2-002,Practice Set 2,3.4,Question 2,I can construct a boundary line and shaded region for a linear inequality.,S34-GRAPH-READ,F2-G2,GRAPH-INFER-BEHAVIOR-01,Graph + Inequality,constructed response,Intro,,2,Apply,
U3-S34-P2-003,Practice Set 2,3.4,Question 3,I can use test points to interpret which region satisfies an inequality.,S34-GRAPH-READ,F2-G3,GRAPH-INFER-BEHAVIOR-01,Graph + Inequality,constructed response,Intro,,2,Apply,
U3-S34-P2-004,Practice Set 2,3.4,Question 4,I can use test points to interpret which region satisfies an inequality.,S34-GRAPH-READ,F2-G4,GRAPH-INFER-BEHAVIOR-01,Graph + Inequality,constructed response,Intro,,2,Apply,
U3-S34-P2-005,Practice Set 2,3.4,Question 5,"I can critique a graph of a linear inequality using the boundary, shading, and solution region.",S34-GRAPH-READ,F2-G5,GRAPH-INFER-BEHAVIOR-01,Graph + Inequality,constructed response,Intro,,2,Apply,
U3-S34-P2-006,Practice Set 2,3.4,Question 6,"I can critique a graph of a linear inequality using the boundary, shading, and solution region.",S34-GRAPH-READ,F2-G6,GRAPH-INFER-BEHAVIOR-01,Graph + Inequality,constructed response,Intro,,2,Apply,
U3-S34-P2-007,Practice Set 2,3.4,Question 7,I can construct a boundary line and shaded region for a linear inequality.,S34-CONSTRUCT-FROM-INEQ,F2-C1,GRAPH-CONSTRUCT-FROM-CONSTRAINTS-01,Inequality + Student-built graph,constructed response,Intro,,2,Analyze,
U3-S34-P2-008,Practice Set 2,3.4,Question 8,I can construct a boundary line and shaded region for a linear inequality.,S34-CONSTRUCT-FROM-INEQ,F2-C2,GRAPH-CONSTRUCT-FROM-CONSTRAINTS-01,Inequality + Student-built graph,constructed response,Intro,,2,Analyze,
U3-S34-P2-009,Practice Set 2,3.4,Question 9,I can construct a boundary line and shaded region for a linear inequality.,S34-CONSTRUCT-FROM-INEQ,F2-C3,GRAPH-CONSTRUCT-FROM-CONSTRAINTS-01,Inequality + Student-built graph,constructed response,Intro,,2,Analyze,
U3-S34-P2-010,Practice Set 2,3.4,Question 10,I can construct a boundary line and shaded region for a linear inequality.,S34-CONSTRUCT-FROM-INEQ,F2-C4,GRAPH-CONSTRUCT-FROM-CONSTRAINTS-01,Inequality + Student-built graph,constructed response,Intro,,2,Analyze,
U3-S34-P2-011,Practice Set 2,3.4,Question 11,I can construct a boundary line and shaded region for a linear inequality.,S34-CONSTRUCT-FROM-INEQ,F2-C5,GRAPH-CONSTRUCT-FROM-CONSTRAINTS-01,Inequality + Student-built graph,constructed response,Intro,,2,Analyze,
U3-S34-P2-012,Practice Set 2,3.4,Question 12,I can use test points to interpret which region satisfies an inequality.,S34-TEST-POINT,F2-T1,REPTRANS-GRAPH-TABLE-EQUATION-01,Table + Inequality,constructed response,Intro,,2,Apply,
U3-S34-P2-013,Practice Set 2,3.4,Question 13,I can use test points to interpret which region satisfies an inequality.,S34-TEST-POINT,F2-T2,REPTRANS-GRAPH-TABLE-EQUATION-01,Table + Inequality,constructed response,Intro,,2,Apply,
U3-S34-P2-014,Practice Set 2,3.4,Question 14,I can use test points to interpret which region satisfies an inequality.,S34-TEST-POINT,F2-T3,REPTRANS-GRAPH-TABLE-EQUATION-01,Table + Inequality,constructed response,Intro,,2,Apply,
U3-S34-P2-015,Practice Set 2,3.4,Question 15,I can use test points to interpret which region satisfies an inequality.,S34-TEST-POINT,F2-T4,REPTRANS-GRAPH-TABLE-EQUATION-01,Table + Inequality,constructed response,Intro,,2,Apply,
U3-S34-P2-016,Practice Set 2,3.4,Question 16,I can construct a boundary line and shaded region for a linear inequality.,S34-BOUNDARY-STYLE,F2-B1,PROC-DIRECT-EXECUTE-01,Inequality + Boundary,constructed response,Intro,,1-2,Apply,
U3-S34-P2-017,Practice Set 2,3.4,Question 17,I can construct a boundary line and shaded region for a linear inequality.,S34-BOUNDARY-STYLE,F2-B2,PROC-DIRECT-EXECUTE-01,Inequality + Boundary,constructed response,Intro,,1-2,Apply,
U3-S34-P2-018,Practice Set 2,3.4,Question 18,I can construct a boundary line and shaded region for a linear inequality.,S34-BOUNDARY-STYLE,F2-B3,PROC-DIRECT-EXECUTE-01,Inequality + Boundary,constructed response,Intro,,1-2,Apply,
U3-S34-P2-019,Practice Set 2,3.4,Question 19,I can construct a boundary line and shaded region for a linear inequality.,S34-BOUNDARY-STYLE,F2-B4,PROC-DIRECT-EXECUTE-01,Inequality + Boundary,constructed response,Intro,,1-2,Apply,
U3-S34-P2-020,Practice Set 2,3.4,Question 20,I can use test points to interpret which region satisfies an inequality.,S34-CONTEXT-CONSTRAINT,F2-X1,REPTRANS-TRANSLATE-VERBAL-SYMBOLIC-01,Context + Inequality,constructed response,Intro,,2,Apply,
U3-S34-P2-021,Practice Set 2,3.4,Question 21,I can use test points to interpret which region satisfies an inequality.,S34-CONTEXT-CONSTRAINT,F2-X2,REPTRANS-TRANSLATE-VERBAL-SYMBOLIC-01,Context + Inequality,constructed response,Intro,,2,Apply,
U3-S34-P2-022,Practice Set 2,3.4,Question 22,I can use test points to interpret which region satisfies an inequality.,S34-CONTEXT-CONSTRAINT,F2-X3,REPTRANS-TRANSLATE-VERBAL-SYMBOLIC-01,Context + Inequality,constructed response,Intro,,2,Apply,
U3-S34-P2-023,Practice Set 2,3.4,Question 23,"I can critique a graph of a linear inequality using the boundary, shading, and solution region.",S34-GRAPH-TO-INEQ,F2-R1,ERROR-CRITIQUE-CLAIM-01,Graph + Inequality,constructed response,Intro,,2-3,Analyze,
U3-S34-P2-024,Practice Set 2,3.4,Question 24,"I can critique a graph of a linear inequality using the boundary, shading, and solution region.",S34-CRITIQUE-GRAPH,F2-R2,ERROR-DIAGNOSE-WORKED-SOLUTION-01,Inequality + Graph claim,constructed response,Intro,,2-3,Analyze,
U3-S35-P2-001,Practice Set 2,3.5,Question 1,I can formulate a system of inequalities that represents multiple constraints.,S35-FORMULATE-CONSTRAINTS,F2-F1,REPTRANS-TRANSLATE-VERBAL-SYMBOLIC-01,Context + Inequalities,constructed response,Intro,,2,Apply,
U3-S35-P2-002,Practice Set 2,3.5,Question 2,I can formulate a system of inequalities that represents multiple constraints.,S35-FORMULATE-CONSTRAINTS,F2-F2,REPTRANS-TRANSLATE-VERBAL-SYMBOLIC-01,Context + Inequalities,constructed response,Intro,,2,Apply,
U3-S35-P2-003,Practice Set 2,3.5,Question 3,I can formulate a system of inequalities that represents multiple constraints.,S35-FORMULATE-CONSTRAINTS,F2-F3,REPTRANS-TRANSLATE-VERBAL-SYMBOLIC-01,Context + Inequalities,constructed response,Intro,,2,Apply,
U3-S35-P2-004,Practice Set 2,3.5,Question 4,I can formulate a system of inequalities that represents multiple constraints.,S35-FORMULATE-CONSTRAINTS,F2-F4,REPTRANS-TRANSLATE-VERBAL-SYMBOLIC-01,Context + Inequalities,constructed response,Intro,,2,Apply,
U3-S35-P2-005,Practice Set 2,3.5,Question 5,I can formulate a system of inequalities that represents multiple constraints.,S35-FORMULATE-CONSTRAINTS,F2-F5,REPTRANS-TRANSLATE-VERBAL-SYMBOLIC-01,Context + Inequalities,constructed response,Intro,,2,Apply,
U3-S35-P2-006,Practice Set 2,3.5,Question 6,I can formulate a system of inequalities that represents multiple constraints.,S35-FORMULATE-CONSTRAINTS,F2-F6,REPTRANS-TRANSLATE-VERBAL-SYMBOLIC-01,Context + Inequalities,constructed response,Intro,,2,Apply,
U3-S35-P2-007,Practice Set 2,3.5,Question 7,I can extend graphing strategies to represent overlapping solution regions.,S35-OVERLAP-GRAPH,F2-G1,GRAPH-INFER-BEHAVIOR-01,Graph + Feasible region,constructed response,Intro,,2,Apply,
U3-S35-P2-008,Practice Set 2,3.5,Question 8,I can apply feasible-region reasoning to interpret possible solutions in context.,S35-OVERLAP-GRAPH,F2-G2,GRAPH-INFER-BEHAVIOR-01,Graph + Feasible region,constructed response,Intro,,2,Apply,
U3-S35-P2-009,Practice Set 2,3.5,Question 9,I can apply feasible-region reasoning to interpret possible solutions in context.,S35-OVERLAP-GRAPH,F2-G3,GRAPH-INFER-BEHAVIOR-01,Graph + Feasible region,constructed response,Intro,,2,Apply,
U3-S35-P2-010,Practice Set 2,3.5,Question 10,I can extend graphing strategies to represent overlapping solution regions.,S35-OVERLAP-GRAPH,F2-G4,GRAPH-INFER-BEHAVIOR-01,Graph + Feasible region,constructed response,Intro,,2,Apply,
U3-S35-P2-011,Practice Set 2,3.5,Question 11,I can extend graphing strategies to represent overlapping solution regions.,S35-OVERLAP-GRAPH,F2-G5,GRAPH-INFER-BEHAVIOR-01,Graph + Feasible region,constructed response,Intro,,2,Apply,
U3-S35-P2-012,Practice Set 2,3.5,Question 12,I can apply feasible-region reasoning to interpret possible solutions in context.,S35-FEASIBILITY-TABLE,F2-T1,REPTRANS-GRAPH-TABLE-EQUATION-01,Table + System of inequalities,constructed response,Intro,,2,Apply,
U3-S35-P2-013,Practice Set 2,3.5,Question 13,I can apply feasible-region reasoning to interpret possible solutions in context.,S35-FEASIBILITY-TABLE,F2-T2,REPTRANS-GRAPH-TABLE-EQUATION-01,Table + System of inequalities,constructed response,Intro,,2,Apply,
U3-S35-P2-014,Practice Set 2,3.5,Question 14,I can apply feasible-region reasoning to interpret possible solutions in context.,S35-FEASIBILITY-TABLE,F2-T3,REPTRANS-GRAPH-TABLE-EQUATION-01,Table + System of inequalities,constructed response,Intro,,2,Apply,
U3-S35-P2-015,Practice Set 2,3.5,Question 15,I can apply feasible-region reasoning to interpret possible solutions in context.,S35-FEASIBILITY-TABLE,F2-T4,REPTRANS-GRAPH-TABLE-EQUATION-01,Table + System of inequalities,constructed response,Intro,,2,Apply,
U3-S35-P2-016,Practice Set 2,3.5,Question 16,I can apply feasible-region reasoning to interpret possible solutions in context.,S35-FEASIBILITY-TABLE,F2-T5,REPTRANS-GRAPH-TABLE-EQUATION-01,Table + System of inequalities,constructed response,Intro,,2,Apply,
U3-S35-P2-017,Practice Set 2,3.5,Question 17,I can apply feasible-region reasoning to interpret possible solutions in context.,S35-TEST-FEASIBLE,F2-D1,VERIFY-REASONABLENESS-01,Context + Point testing,constructed response,Intro,,2,Analyze,
U3-S35-P2-018,Practice Set 2,3.5,Question 18,I can apply feasible-region reasoning to interpret possible solutions in context.,S35-TEST-FEASIBLE,F2-D2,VERIFY-REASONABLENESS-01,Context + Point testing,constructed response,Intro,,2,Analyze,
U3-S35-P2-019,Practice Set 2,3.5,Question 19,I can apply feasible-region reasoning to interpret possible solutions in context.,S35-TEST-FEASIBLE,F2-D3,VERIFY-REASONABLENESS-01,Context + Point testing,constructed response,Intro,,2,Analyze,
U3-S35-P2-020,Practice Set 2,3.5,Question 20,I can apply feasible-region reasoning to interpret possible solutions in context.,S35-TEST-FEASIBLE,F2-D4,VERIFY-REASONABLENESS-01,Context + Point testing,constructed response,Intro,,2,Analyze,
U3-S35-P2-021,Practice Set 2,3.5,Question 21,I can extend graphing strategies to represent overlapping solution regions.,S35-OVERLAP-ERROR,F2-C1,ERROR-CRITIQUE-CLAIM-01,Graph/constraint reasoning,constructed response,Intro,,2-3,Analyze,
U3-S35-P2-022,Practice Set 2,3.5,Question 22,I can apply feasible-region reasoning to interpret possible solutions in context.,S35-OVERLAP-ERROR,F2-C2,ERROR-CRITIQUE-CLAIM-01,Graph/constraint reasoning,constructed response,Intro,,2-3,Analyze,
U3-S35-P2-023,Practice Set 2,3.5,Question 23,I can formulate a system of inequalities that represents multiple constraints.,S35-REVERSE-FEASIBLE,F2-R1,TRANSFER-NOVEL-CONTEXT-01,Inequalities + Feasible-region reasoning,constructed response,Intro,,2-3,Apply,
U3-S35-P2-024,Practice Set 2,3.5,Question 24,I can apply feasible-region reasoning to interpret possible solutions in context.,S35-REVERSE-FEASIBLE,F2-R2,TRANSFER-NOVEL-CONTEXT-01,Inequalities + Feasible-region reasoning,constructed response,Intro,,2-3,Apply,
U3-S31-P3-001,Practice Set 3,3.1,Question 1,I can construct graphical representations of systems and connect intersection points to solutions.,S31-GRAPH-SYSTEM,F3-G1,GRAPH-INFER-BEHAVIOR-01,Graph + Ordered pair,constructed response,Intro,,2,Apply,
U3-S31-P3-002,Practice Set 3,3.1,Question 2,I can construct graphical representations of systems and connect intersection points to solutions.,S31-GRAPH-SYSTEM,F3-G2,GRAPH-INFER-BEHAVIOR-01,Graph + Ordered pair,constructed response,Intro,,2,Apply,
U3-S31-P3-003,Practice Set 3,3.1,Question 3,I can construct graphical representations of systems and connect intersection points to solutions.,S31-GRAPH-SYSTEM,F3-G3,GRAPH-INFER-BEHAVIOR-01,Graph + Ordered pair,constructed response,Intro,,2,Apply,
U3-S31-P3-004,Practice Set 3,3.1,Question 4,I can construct graphical representations of systems and connect intersection points to solutions.,S31-GRAPH-SYSTEM,F3-G4,GRAPH-INFER-BEHAVIOR-01,Graph + Ordered pair,constructed response,Intro,,2,Apply,
U3-S31-P3-005,Practice Set 3,3.1,Question 5,I can construct graphical representations of systems and connect intersection points to solutions.,S31-GRAPH-SYSTEM,F3-G5,GRAPH-INFER-BEHAVIOR-01,Graph + Ordered pair,constructed response,Intro,,2,Apply,
U3-S31-P3-006,Practice Set 3,3.1,Question 6,I can use elimination to solve systems and interpret the solution type.,S31-ELIMINATION-ONE,F3-E1,PROC-DIRECT-EXECUTE-01,Standard-form equations,constructed response,Intro,,1-2,Apply,
U3-S31-P3-007,Practice Set 3,3.1,Question 7,I can use elimination to solve systems and interpret the solution type.,S31-ELIMINATION-ONE,F3-E2,PROC-DIRECT-EXECUTE-01,Standard-form equations,constructed response,Intro,,1-2,Apply,
U3-S31-P3-008,Practice Set 3,3.1,Question 8,I can use elimination to solve systems and interpret the solution type.,S31-ELIMINATION-ONE,F3-E3,PROC-DIRECT-EXECUTE-01,Standard-form equations,constructed response,Intro,,1-2,Apply,
U3-S31-P3-009,Practice Set 3,3.1,Question 9,I can use elimination to solve systems and interpret the solution type.,S31-ELIMINATION-ONE,F3-E4,PROC-DIRECT-EXECUTE-01,Standard-form equations,constructed response,Intro,,1-2,Apply,
U3-S31-P3-010,Practice Set 3,3.1,Question 10,I can use elimination to solve systems and interpret the solution type.,S31-ELIMINATION-ONE,F3-E5,PROC-DIRECT-EXECUTE-01,Standard-form equations,constructed response,Intro,,1-2,Apply,
U3-S31-P3-011,Practice Set 3,3.1,Question 11,"I can determine whether a system has one solution, no solution, or infinitely many solutions from algebraic and graphical evidence.",S31-SOLUTION-TYPE,F3-T1,CONDITION-CLASSIFY-CASE-01,Equations + Solution type,constructed response,Intro,,2,Apply,
U3-S31-P3-012,Practice Set 3,3.1,Question 12,"I can determine whether a system has one solution, no solution, or infinitely many solutions from algebraic and graphical evidence.",S31-SOLUTION-TYPE,F3-T2,CONDITION-CLASSIFY-CASE-01,Equations + Solution type,constructed response,Intro,,2,Apply,
U3-S31-P3-013,Practice Set 3,3.1,Question 13,"I can determine whether a system has one solution, no solution, or infinitely many solutions from algebraic and graphical evidence.",S31-SOLUTION-TYPE,F3-T3,CONDITION-CLASSIFY-CASE-01,Equations + Solution type,constructed response,Intro,,2,Apply,
U3-S31-P3-014,Practice Set 3,3.1,Question 14,"I can determine whether a system has one solution, no solution, or infinitely many solutions from algebraic and graphical evidence.",S31-SOLUTION-TYPE,F3-T4,CONDITION-CLASSIFY-CASE-01,Equations + Solution type,constructed response,Intro,,2,Apply,
U3-S31-P3-015,Practice Set 3,3.1,Question 15,I can construct graphical representations of systems and connect intersection points to solutions.,S31-SYSTEM-CHECK,F3-C1,REPTRANS-GRAPH-TABLE-EQUATION-01,Table + Equations,constructed response,Intro,,2,Apply,
U3-S31-P3-016,Practice Set 3,3.1,Question 16,I can construct graphical representations of systems and connect intersection points to solutions.,S31-SYSTEM-CHECK,F3-C2,REPTRANS-GRAPH-TABLE-EQUATION-01,Table + Equations,constructed response,Intro,,2,Apply,
U3-S31-P3-017,Practice Set 3,3.1,Question 17,I can construct graphical representations of systems and connect intersection points to solutions.,S31-SYSTEM-CHECK,F3-C3,REPTRANS-GRAPH-TABLE-EQUATION-01,Table + Equations,constructed response,Intro,,2,Apply,
U3-S31-P3-018,Practice Set 3,3.1,Question 18,I can construct graphical representations of systems and connect intersection points to solutions.,S31-SYSTEM-CHECK,F3-C4,REPTRANS-GRAPH-TABLE-EQUATION-01,Table + Equations,constructed response,Intro,,2,Apply,
U3-S31-P3-019,Practice Set 3,3.1,Question 19,I can use elimination to solve systems and interpret the solution type.,S31-METHOD-REASON,F3-R1,PROC-DIRECT-EXECUTE-01,Equations / claim,constructed response,Intro,,1-2,Apply,
U3-S31-P3-020,Practice Set 3,3.1,Question 20,I can use elimination to solve systems and interpret the solution type.,S31-METHOD-REASON,F3-R2,ERROR-CRITIQUE-CLAIM-01,Equations / claim,constructed response,Intro,,2-3,Analyze,
U3-S31-P3-021,Practice Set 3,3.1,Question 21,"I can determine whether a system has one solution, no solution, or infinitely many solutions from algebraic and graphical evidence.",S31-METHOD-REASON,F3-R3,ERROR-CRITIQUE-CLAIM-01,Equations / claim,constructed response,Intro,,2-3,Analyze,
U3-S31-P3-022,Practice Set 3,3.1,Question 22,I can construct graphical representations of systems and connect intersection points to solutions.,S31-BREAK-EVEN-CONTEXT,F3-X1,MODEL-COMPARE-TWO-LINEAR-01,Context + Equations,constructed response,Intro,,2-3,Analyze,
U3-S31-P3-023,Practice Set 3,3.1,Question 23,I can construct graphical representations of systems and connect intersection points to solutions.,S31-BREAK-EVEN-CONTEXT,F3-X2,MODEL-COMPARE-TWO-LINEAR-01,Context + Equations,constructed response,Intro,,2-3,Analyze,
U3-S31-P3-024,Practice Set 3,3.1,Question 24,I can construct graphical representations of systems and connect intersection points to solutions.,S31-BREAK-EVEN-CONTEXT,F3-X3,MODEL-COMPARE-TWO-LINEAR-01,Context + Equations,constructed response,Intro,,2-3,Analyze,
U3-S32-P3-001,Practice Set 3,3.2,Question 1,I can apply substitution to solve systems and interpret the ordered-pair solution.,S32-SUB-SOLVE,F3-S1,PROC-DIRECT-EXECUTE-01,Equations + Substitution work,constructed response,Intro,,1-2,Apply,
U3-S32-P3-002,Practice Set 3,3.2,Question 2,I can apply substitution to solve systems and interpret the ordered-pair solution.,S32-SUB-SOLVE,F3-S2,PROC-DIRECT-EXECUTE-01,Equations + Substitution work,constructed response,Intro,,1-2,Apply,
U3-S32-P3-003,Practice Set 3,3.2,Question 3,I can apply substitution to solve systems and interpret the ordered-pair solution.,S32-SUB-SOLVE,F3-S3,PROC-DIRECT-EXECUTE-01,Equations + Substitution work,constructed response,Intro,,1-2,Apply,
U3-S32-P3-004,Practice Set 3,3.2,Question 4,I can apply substitution to solve systems and interpret the ordered-pair solution.,S32-SUB-SOLVE,F3-S4,PROC-DIRECT-EXECUTE-01,Equations + Substitution work,constructed response,Intro,,1-2,Apply,
U3-S32-P3-005,Practice Set 3,3.2,Question 5,I can apply substitution to solve systems and interpret the ordered-pair solution.,S32-SUB-SOLVE,F3-S5,PROC-DIRECT-EXECUTE-01,Equations + Substitution work,constructed response,Intro,,1-2,Apply,
U3-S32-P3-006,Practice Set 3,3.2,Question 6,I can apply substitution to solve systems and interpret the ordered-pair solution.,S32-SUB-SOLVE,F3-S6,PROC-DIRECT-EXECUTE-01,Equations + Substitution work,constructed response,Intro,,1-2,Apply,
U3-S32-P3-007,Practice Set 3,3.2,Question 7,I can formulate a substitution plan when one equation is already written in an efficient form.,S32-SUB-PLAN,F3-P1,PROC-DIRECT-EXECUTE-01,Equation structure,constructed response,Intro,,1-2,Apply,
U3-S32-P3-008,Practice Set 3,3.2,Question 8,I can formulate a substitution plan when one equation is already written in an efficient form.,S32-SUB-PLAN,F3-P2,PROC-DIRECT-EXECUTE-01,Equation structure,constructed response,Intro,,1-2,Apply,
U3-S32-P3-009,Practice Set 3,3.2,Question 9,I can formulate a substitution plan when one equation is already written in an efficient form.,S32-SUB-PLAN,F3-P3,PROC-DIRECT-EXECUTE-01,Equation structure,constructed response,Intro,,1-2,Apply,
U3-S32-P3-010,Practice Set 3,3.2,Question 10,I can formulate a substitution plan when one equation is already written in an efficient form.,S32-SUB-PLAN,F3-P4,PROC-DIRECT-EXECUTE-01,Equation structure,constructed response,Intro,,1-2,Apply,
U3-S32-P3-011,Practice Set 3,3.2,Question 11,I can apply substitution to solve systems and interpret the ordered-pair solution.,S32-SOLUTION-CHECK,F3-C1,REPTRANS-GRAPH-TABLE-EQUATION-01,Table + Equations,constructed response,Intro,,2,Apply,
U3-S32-P3-012,Practice Set 3,3.2,Question 12,I can apply substitution to solve systems and interpret the ordered-pair solution.,S32-SOLUTION-CHECK,F3-C2,REPTRANS-GRAPH-TABLE-EQUATION-01,Table + Equations,constructed response,Intro,,2,Apply,
U3-S32-P3-013,Practice Set 3,3.2,Question 13,I can apply substitution to solve systems and interpret the ordered-pair solution.,S32-SOLUTION-CHECK,F3-C3,REPTRANS-GRAPH-TABLE-EQUATION-01,Table + Equations,constructed response,Intro,,2,Apply,
U3-S32-P3-014,Practice Set 3,3.2,Question 14,I can apply substitution to solve systems and interpret the ordered-pair solution.,S32-SOLUTION-CHECK,F3-C4,REPTRANS-GRAPH-TABLE-EQUATION-01,Table + Equations,constructed response,Intro,,2,Apply,
U3-S32-P3-015,Practice Set 3,3.2,Question 15,I can assess which algebraic method is more efficient for a given system.,S32-METHOD-CHOICE,F3-M1,COMPARE-EFFICIENCY-CONTEXT-01,Equation structures,constructed response,Intro,,1-2,Analyze,
U3-S32-P3-016,Practice Set 3,3.2,Question 16,I can assess which algebraic method is more efficient for a given system.,S32-METHOD-CHOICE,F3-M2,COMPARE-EFFICIENCY-CONTEXT-01,Equation structures,constructed response,Intro,,1-2,Analyze,
U3-S32-P3-017,Practice Set 3,3.2,Question 17,I can assess which algebraic method is more efficient for a given system.,S32-METHOD-CHOICE,F3-M3,COMPARE-EFFICIENCY-CONTEXT-01,Equation structures,constructed response,Intro,,1-2,Analyze,
U3-S32-P3-018,Practice Set 3,3.2,Question 18,I can assess which algebraic method is more efficient for a given system.,S32-METHOD-CHOICE,F3-M4,COMPARE-EFFICIENCY-CONTEXT-01,Equation structures,constructed response,Intro,,1-2,Analyze,
U3-S32-P3-019,Practice Set 3,3.2,Question 19,I can formulate a substitution plan when one equation is already written in an efficient form.,S32-SUB-ERROR,F3-E1,ERROR-DIAGNOSE-WORKED-SOLUTION-01,Worked algebra / claim,constructed response,Intro,,2-3,Analyze,
U3-S32-P3-020,Practice Set 3,3.2,Question 20,I can formulate a substitution plan when one equation is already written in an efficient form.,S32-SUB-ERROR,F3-E2,ERROR-DIAGNOSE-WORKED-SOLUTION-01,Worked algebra / claim,constructed response,Intro,,2-3,Analyze,
U3-S32-P3-021,Practice Set 3,3.2,Question 21,I can apply substitution to solve systems and interpret the ordered-pair solution.,S32-SUB-ERROR,F3-E3,ERROR-DIAGNOSE-WORKED-SOLUTION-01,Worked algebra / claim,constructed response,Intro,,2-3,Analyze,
U3-S32-P3-022,Practice Set 3,3.2,Question 22,I can formulate a substitution plan when one equation is already written in an efficient form.,S32-CONTEXT-METHOD,F3-X1,REPTRANS-TRANSLATE-VERBAL-SYMBOLIC-01,Context + Equations,constructed response,Intro,,2,Apply,
U3-S32-P3-023,Practice Set 3,3.2,Question 23,I can formulate a substitution plan when one equation is already written in an efficient form.,S32-CONTEXT-METHOD,F3-X2,REPTRANS-TRANSLATE-VERBAL-SYMBOLIC-01,Context + Equations,constructed response,Intro,,2,Apply,
U3-S32-P3-024,Practice Set 3,3.2,Question 24,I can assess which algebraic method is more efficient for a given system.,S32-CONTEXT-METHOD,F3-X3,REPTRANS-TRANSLATE-VERBAL-SYMBOLIC-01,Context + Equations,constructed response,Intro,,2,Apply,
U3-S33-P3-001,Practice Set 3,3.3,Question 1,I can build a system of equations that represents two constraints in a situation.,S33-WRITE-SYSTEM,F3-W1,REPTRANS-TRANSLATE-VERBAL-SYMBOLIC-01,Context + Equations,constructed response,Intro,,2,Apply,
U3-S33-P3-002,Practice Set 3,3.3,Question 2,I can build a system of equations that represents two constraints in a situation.,S33-WRITE-SYSTEM,F3-W2,REPTRANS-TRANSLATE-VERBAL-SYMBOLIC-01,Context + Equations,constructed response,Intro,,2,Apply,
U3-S33-P3-003,Practice Set 3,3.3,Question 3,I can build a system of equations that represents two constraints in a situation.,S33-WRITE-SYSTEM,F3-W3,REPTRANS-TRANSLATE-VERBAL-SYMBOLIC-01,Context + Equations,constructed response,Intro,,2,Apply,
U3-S33-P3-004,Practice Set 3,3.3,Question 4,I can build a system of equations that represents two constraints in a situation.,S33-WRITE-SYSTEM,F3-W4,REPTRANS-TRANSLATE-VERBAL-SYMBOLIC-01,Context + Equations,constructed response,Intro,,2,Apply,
U3-S33-P3-005,Practice Set 3,3.3,Question 5,I can build a system of equations that represents two constraints in a situation.,S33-WRITE-SYSTEM,F3-W5,REPTRANS-TRANSLATE-VERBAL-SYMBOLIC-01,Context + Equations,constructed response,Intro,,2,Apply,
U3-S33-P3-006,Practice Set 3,3.3,Question 6,I can build a system of equations that represents two constraints in a situation.,S33-WRITE-SYSTEM,F3-W6,REPTRANS-TRANSLATE-VERBAL-SYMBOLIC-01,Context + Equations,constructed response,Intro,,2,Apply,
U3-S33-P3-007,Practice Set 3,3.3,Question 7,"I can design a solution pathway that connects equations, calculations, and a contextual conclusion.",S33-MODEL-SOLVE,F3-S1,FRQ-MULTIPART-SHARED-CONTEXT-01,Context + Equations,constructed response,Intro,,2-3,Apply,
U3-S33-P3-008,Practice Set 3,3.3,Question 8,"I can design a solution pathway that connects equations, calculations, and a contextual conclusion.",S33-MODEL-SOLVE,F3-S2,FRQ-MULTIPART-SHARED-CONTEXT-01,Context + Equations,constructed response,Intro,,2-3,Apply,
U3-S33-P3-009,Practice Set 3,3.3,Question 9,"I can design a solution pathway that connects equations, calculations, and a contextual conclusion.",S33-MODEL-SOLVE,F3-S3,FRQ-MULTIPART-SHARED-CONTEXT-01,Context + Equations,constructed response,Intro,,2-3,Apply,
U3-S33-P3-010,Practice Set 3,3.3,Question 10,"I can design a solution pathway that connects equations, calculations, and a contextual conclusion.",S33-MODEL-SOLVE,F3-S4,FRQ-MULTIPART-SHARED-CONTEXT-01,Context + Equations,constructed response,Intro,,2-3,Apply,
U3-S33-P3-011,Practice Set 3,3.3,Question 11,"I can design a solution pathway that connects equations, calculations, and a contextual conclusion.",S33-MODEL-SOLVE,F3-S5,FRQ-MULTIPART-SHARED-CONTEXT-01,Context + Equations,constructed response,Intro,,2-3,Apply,
U3-S33-P3-012,Practice Set 3,3.3,Question 12,I can predict the meaning of a solution before solving from the context and variables.,S33-PREDICT-MEANING,F3-P1,REPTRANS-TRANSLATE-VERBAL-SYMBOLIC-01,Context + Variable definitions,constructed response,Intro,,2,Apply,
U3-S33-P3-013,Practice Set 3,3.3,Question 13,I can predict the meaning of a solution before solving from the context and variables.,S33-PREDICT-MEANING,F3-P2,REPTRANS-TRANSLATE-VERBAL-SYMBOLIC-01,Context + Variable definitions,constructed response,Intro,,2,Apply,
U3-S33-P3-014,Practice Set 3,3.3,Question 14,I can predict the meaning of a solution before solving from the context and variables.,S33-PREDICT-MEANING,F3-P3,REPTRANS-TRANSLATE-VERBAL-SYMBOLIC-01,Context + Variable definitions,constructed response,Intro,,2,Apply,
U3-S33-P3-015,Practice Set 3,3.3,Question 15,I can predict the meaning of a solution before solving from the context and variables.,S33-PREDICT-MEANING,F3-P4,REPTRANS-TRANSLATE-VERBAL-SYMBOLIC-01,Context + Variable definitions,constructed response,Intro,,2,Apply,
U3-S33-P3-016,Practice Set 3,3.3,Question 16,I can predict the meaning of a solution before solving from the context and variables.,S33-BREAK-EVEN-GRAPH,F3-G1,GRAPH-INFER-BEHAVIOR-01,Graph + Context,constructed response,Intro,,2,Apply,
U3-S33-P3-017,Practice Set 3,3.3,Question 17,"I can design a solution pathway that connects equations, calculations, and a contextual conclusion.",S33-BREAK-EVEN-GRAPH,F3-G2,GRAPH-INFER-BEHAVIOR-01,Graph + Context,constructed response,Intro,,2,Apply,
U3-S33-P3-018,Practice Set 3,3.3,Question 18,"I can design a solution pathway that connects equations, calculations, and a contextual conclusion.",S33-CHECK-MODEL,F3-T1,REPTRANS-GRAPH-TABLE-EQUATION-01,Table + Context constraints,constructed response,Intro,,2,Apply,
U3-S33-P3-019,Practice Set 3,3.3,Question 19,"I can design a solution pathway that connects equations, calculations, and a contextual conclusion.",S33-CHECK-MODEL,F3-T2,REPTRANS-GRAPH-TABLE-EQUATION-01,Table + Context constraints,constructed response,Intro,,2,Apply,
U3-S33-P3-020,Practice Set 3,3.3,Question 20,"I can design a solution pathway that connects equations, calculations, and a contextual conclusion.",S33-REASONABLE-SOLUTION,F3-R1,VERIFY-REASONABLENESS-01,Context + Solution reasoning,constructed response,Intro,,2,Analyze,
U3-S33-P3-021,Practice Set 3,3.3,Question 21,I can build a system of equations that represents two constraints in a situation.,S33-REASONABLE-SOLUTION,F3-R2,ERROR-CRITIQUE-CLAIM-01,Context + Solution reasoning,constructed response,Intro,,2-3,Analyze,
U3-S33-P3-022,Practice Set 3,3.3,Question 22,"I can design a solution pathway that connects equations, calculations, and a contextual conclusion.",S33-REASONABLE-SOLUTION,F3-R3,VERIFY-REASONABLENESS-01,Context + Solution reasoning,constructed response,Intro,,2,Analyze,
U3-S33-P3-023,Practice Set 3,3.3,Question 23,I can build a system of equations that represents two constraints in a situation.,S33-REVERSE-MODEL,F3-V1,TRANSFER-NOVEL-CONTEXT-01,Equations + Context creation,constructed response,Intro,,2-3,Apply,
U3-S33-P3-024,Practice Set 3,3.3,Question 24,"I can design a solution pathway that connects equations, calculations, and a contextual conclusion.",S33-REVERSE-MODEL,F3-V2,TRANSFER-NOVEL-CONTEXT-01,Equations + Context creation,constructed response,Intro,,2-3,Apply,
U3-S34-P3-001,Practice Set 3,3.4,Question 1,I can construct a boundary line and shaded region for a linear inequality.,S34-GRAPH-READ,F3-G1,GRAPH-INFER-BEHAVIOR-01,Graph + Inequality,constructed response,Intro,,2,Apply,
U3-S34-P3-002,Practice Set 3,3.4,Question 2,I can construct a boundary line and shaded region for a linear inequality.,S34-GRAPH-READ,F3-G2,GRAPH-INFER-BEHAVIOR-01,Graph + Inequality,constructed response,Intro,,2,Apply,
U3-S34-P3-003,Practice Set 3,3.4,Question 3,I can use test points to interpret which region satisfies an inequality.,S34-GRAPH-READ,F3-G3,GRAPH-INFER-BEHAVIOR-01,Graph + Inequality,constructed response,Intro,,2,Apply,
U3-S34-P3-004,Practice Set 3,3.4,Question 4,I can use test points to interpret which region satisfies an inequality.,S34-GRAPH-READ,F3-G4,GRAPH-INFER-BEHAVIOR-01,Graph + Inequality,constructed response,Intro,,2,Apply,
U3-S34-P3-005,Practice Set 3,3.4,Question 5,"I can critique a graph of a linear inequality using the boundary, shading, and solution region.",S34-GRAPH-READ,F3-G5,GRAPH-INFER-BEHAVIOR-01,Graph + Inequality,constructed response,Intro,,2,Apply,
U3-S34-P3-006,Practice Set 3,3.4,Question 6,"I can critique a graph of a linear inequality using the boundary, shading, and solution region.",S34-GRAPH-READ,F3-G6,GRAPH-INFER-BEHAVIOR-01,Graph + Inequality,constructed response,Intro,,2,Apply,
U3-S34-P3-007,Practice Set 3,3.4,Question 7,I can construct a boundary line and shaded region for a linear inequality.,S34-CONSTRUCT-FROM-INEQ,F3-C1,GRAPH-CONSTRUCT-FROM-CONSTRAINTS-01,Inequality + Student-built graph,constructed response,Intro,,2,Analyze,
U3-S34-P3-008,Practice Set 3,3.4,Question 8,I can construct a boundary line and shaded region for a linear inequality.,S34-CONSTRUCT-FROM-INEQ,F3-C2,GRAPH-CONSTRUCT-FROM-CONSTRAINTS-01,Inequality + Student-built graph,constructed response,Intro,,2,Analyze,
U3-S34-P3-009,Practice Set 3,3.4,Question 9,I can construct a boundary line and shaded region for a linear inequality.,S34-CONSTRUCT-FROM-INEQ,F3-C3,GRAPH-CONSTRUCT-FROM-CONSTRAINTS-01,Inequality + Student-built graph,constructed response,Intro,,2,Analyze,
U3-S34-P3-010,Practice Set 3,3.4,Question 10,I can construct a boundary line and shaded region for a linear inequality.,S34-CONSTRUCT-FROM-INEQ,F3-C4,GRAPH-CONSTRUCT-FROM-CONSTRAINTS-01,Inequality + Student-built graph,constructed response,Intro,,2,Analyze,
U3-S34-P3-011,Practice Set 3,3.4,Question 11,I can construct a boundary line and shaded region for a linear inequality.,S34-CONSTRUCT-FROM-INEQ,F3-C5,GRAPH-CONSTRUCT-FROM-CONSTRAINTS-01,Inequality + Student-built graph,constructed response,Intro,,2,Analyze,
U3-S34-P3-012,Practice Set 3,3.4,Question 12,I can use test points to interpret which region satisfies an inequality.,S34-TEST-POINT,F3-T1,REPTRANS-GRAPH-TABLE-EQUATION-01,Table + Inequality,constructed response,Intro,,2,Apply,
U3-S34-P3-013,Practice Set 3,3.4,Question 13,I can use test points to interpret which region satisfies an inequality.,S34-TEST-POINT,F3-T2,REPTRANS-GRAPH-TABLE-EQUATION-01,Table + Inequality,constructed response,Intro,,2,Apply,
U3-S34-P3-014,Practice Set 3,3.4,Question 14,I can use test points to interpret which region satisfies an inequality.,S34-TEST-POINT,F3-T3,REPTRANS-GRAPH-TABLE-EQUATION-01,Table + Inequality,constructed response,Intro,,2,Apply,
U3-S34-P3-015,Practice Set 3,3.4,Question 15,I can use test points to interpret which region satisfies an inequality.,S34-TEST-POINT,F3-T4,REPTRANS-GRAPH-TABLE-EQUATION-01,Table + Inequality,constructed response,Intro,,2,Apply,
U3-S34-P3-016,Practice Set 3,3.4,Question 16,I can construct a boundary line and shaded region for a linear inequality.,S34-BOUNDARY-STYLE,F3-B1,PROC-DIRECT-EXECUTE-01,Inequality + Boundary,constructed response,Intro,,1-2,Apply,
U3-S34-P3-017,Practice Set 3,3.4,Question 17,I can construct a boundary line and shaded region for a linear inequality.,S34-BOUNDARY-STYLE,F3-B2,PROC-DIRECT-EXECUTE-01,Inequality + Boundary,constructed response,Intro,,1-2,Apply,
U3-S34-P3-018,Practice Set 3,3.4,Question 18,I can construct a boundary line and shaded region for a linear inequality.,S34-BOUNDARY-STYLE,F3-B3,PROC-DIRECT-EXECUTE-01,Inequality + Boundary,constructed response,Intro,,1-2,Apply,
U3-S34-P3-019,Practice Set 3,3.4,Question 19,I can construct a boundary line and shaded region for a linear inequality.,S34-BOUNDARY-STYLE,F3-B4,PROC-DIRECT-EXECUTE-01,Inequality + Boundary,constructed response,Intro,,1-2,Apply,
U3-S34-P3-020,Practice Set 3,3.4,Question 20,I can use test points to interpret which region satisfies an inequality.,S34-CONTEXT-CONSTRAINT,F3-X1,REPTRANS-TRANSLATE-VERBAL-SYMBOLIC-01,Context + Inequality,constructed response,Intro,,2,Apply,
U3-S34-P3-021,Practice Set 3,3.4,Question 21,I can use test points to interpret which region satisfies an inequality.,S34-CONTEXT-CONSTRAINT,F3-X2,REPTRANS-TRANSLATE-VERBAL-SYMBOLIC-01,Context + Inequality,constructed response,Intro,,2,Apply,
U3-S34-P3-022,Practice Set 3,3.4,Question 22,I can use test points to interpret which region satisfies an inequality.,S34-CONTEXT-CONSTRAINT,F3-X3,REPTRANS-TRANSLATE-VERBAL-SYMBOLIC-01,Context + Inequality,constructed response,Intro,,2,Apply,
U3-S34-P3-023,Practice Set 3,3.4,Question 23,"I can critique a graph of a linear inequality using the boundary, shading, and solution region.",S34-GRAPH-TO-INEQ,F3-R1,ERROR-CRITIQUE-CLAIM-01,Graph + Inequality,constructed response,Intro,,2-3,Analyze,
U3-S34-P3-024,Practice Set 3,3.4,Question 24,"I can critique a graph of a linear inequality using the boundary, shading, and solution region.",S34-CRITIQUE-GRAPH,F3-R2,ERROR-DIAGNOSE-WORKED-SOLUTION-01,Inequality + Graph claim,constructed response,Intro,,2-3,Analyze,
U3-S35-P3-001,Practice Set 3,3.5,Question 1,I can formulate a system of inequalities that represents multiple constraints.,S35-FORMULATE-CONSTRAINTS,F3-F1,REPTRANS-TRANSLATE-VERBAL-SYMBOLIC-01,Context + Inequalities,constructed response,Intro,,2,Apply,
U3-S35-P3-002,Practice Set 3,3.5,Question 2,I can formulate a system of inequalities that represents multiple constraints.,S35-FORMULATE-CONSTRAINTS,F3-F2,REPTRANS-TRANSLATE-VERBAL-SYMBOLIC-01,Context + Inequalities,constructed response,Intro,,2,Apply,
U3-S35-P3-003,Practice Set 3,3.5,Question 3,I can formulate a system of inequalities that represents multiple constraints.,S35-FORMULATE-CONSTRAINTS,F3-F3,REPTRANS-TRANSLATE-VERBAL-SYMBOLIC-01,Context + Inequalities,constructed response,Intro,,2,Apply,
U3-S35-P3-004,Practice Set 3,3.5,Question 4,I can formulate a system of inequalities that represents multiple constraints.,S35-FORMULATE-CONSTRAINTS,F3-F4,REPTRANS-TRANSLATE-VERBAL-SYMBOLIC-01,Context + Inequalities,constructed response,Intro,,2,Apply,
U3-S35-P3-005,Practice Set 3,3.5,Question 5,I can formulate a system of inequalities that represents multiple constraints.,S35-FORMULATE-CONSTRAINTS,F3-F5,REPTRANS-TRANSLATE-VERBAL-SYMBOLIC-01,Context + Inequalities,constructed response,Intro,,2,Apply,
U3-S35-P3-006,Practice Set 3,3.5,Question 6,I can formulate a system of inequalities that represents multiple constraints.,S35-FORMULATE-CONSTRAINTS,F3-F6,REPTRANS-TRANSLATE-VERBAL-SYMBOLIC-01,Context + Inequalities,constructed response,Intro,,2,Apply,
U3-S35-P3-007,Practice Set 3,3.5,Question 7,I can extend graphing strategies to represent overlapping solution regions.,S35-OVERLAP-GRAPH,F3-G1,GRAPH-INFER-BEHAVIOR-01,Graph + Feasible region,constructed response,Intro,,2,Apply,
U3-S35-P3-008,Practice Set 3,3.5,Question 8,I can apply feasible-region reasoning to interpret possible solutions in context.,S35-OVERLAP-GRAPH,F3-G2,GRAPH-INFER-BEHAVIOR-01,Graph + Feasible region,constructed response,Intro,,2,Apply,
U3-S35-P3-009,Practice Set 3,3.5,Question 9,I can apply feasible-region reasoning to interpret possible solutions in context.,S35-OVERLAP-GRAPH,F3-G3,GRAPH-INFER-BEHAVIOR-01,Graph + Feasible region,constructed response,Intro,,2,Apply,
U3-S35-P3-010,Practice Set 3,3.5,Question 10,I can extend graphing strategies to represent overlapping solution regions.,S35-OVERLAP-GRAPH,F3-G4,GRAPH-INFER-BEHAVIOR-01,Graph + Feasible region,constructed response,Intro,,2,Apply,
U3-S35-P3-011,Practice Set 3,3.5,Question 11,I can extend graphing strategies to represent overlapping solution regions.,S35-OVERLAP-GRAPH,F3-G5,GRAPH-INFER-BEHAVIOR-01,Graph + Feasible region,constructed response,Intro,,2,Apply,
U3-S35-P3-012,Practice Set 3,3.5,Question 12,I can apply feasible-region reasoning to interpret possible solutions in context.,S35-FEASIBILITY-TABLE,F3-T1,REPTRANS-GRAPH-TABLE-EQUATION-01,Table + System of inequalities,constructed response,Intro,,2,Apply,
U3-S35-P3-013,Practice Set 3,3.5,Question 13,I can apply feasible-region reasoning to interpret possible solutions in context.,S35-FEASIBILITY-TABLE,F3-T2,REPTRANS-GRAPH-TABLE-EQUATION-01,Table + System of inequalities,constructed response,Intro,,2,Apply,
U3-S35-P3-014,Practice Set 3,3.5,Question 14,I can apply feasible-region reasoning to interpret possible solutions in context.,S35-FEASIBILITY-TABLE,F3-T3,REPTRANS-GRAPH-TABLE-EQUATION-01,Table + System of inequalities,constructed response,Intro,,2,Apply,
U3-S35-P3-015,Practice Set 3,3.5,Question 15,I can apply feasible-region reasoning to interpret possible solutions in context.,S35-FEASIBILITY-TABLE,F3-T4,REPTRANS-GRAPH-TABLE-EQUATION-01,Table + System of inequalities,constructed response,Intro,,2,Apply,
U3-S35-P3-016,Practice Set 3,3.5,Question 16,I can apply feasible-region reasoning to interpret possible solutions in context.,S35-FEASIBILITY-TABLE,F3-T5,REPTRANS-GRAPH-TABLE-EQUATION-01,Table + System of inequalities,constructed response,Intro,,2,Apply,
U3-S35-P3-017,Practice Set 3,3.5,Question 17,I can apply feasible-region reasoning to interpret possible solutions in context.,S35-TEST-FEASIBLE,F3-D1,VERIFY-REASONABLENESS-01,Context + Point testing,constructed response,Intro,,2,Analyze,
U3-S35-P3-018,Practice Set 3,3.5,Question 18,I can apply feasible-region reasoning to interpret possible solutions in context.,S35-TEST-FEASIBLE,F3-D2,VERIFY-REASONABLENESS-01,Context + Point testing,constructed response,Intro,,2,Analyze,
U3-S35-P3-019,Practice Set 3,3.5,Question 19,I can apply feasible-region reasoning to interpret possible solutions in context.,S35-TEST-FEASIBLE,F3-D3,VERIFY-REASONABLENESS-01,Context + Point testing,constructed response,Intro,,2,Analyze,
U3-S35-P3-020,Practice Set 3,3.5,Question 20,I can apply feasible-region reasoning to interpret possible solutions in context.,S35-TEST-FEASIBLE,F3-D4,VERIFY-REASONABLENESS-01,Context + Point testing,constructed response,Intro,,2,Analyze,
U3-S35-P3-021,Practice Set 3,3.5,Question 21,I can extend graphing strategies to represent overlapping solution regions.,S35-OVERLAP-ERROR,F3-C1,ERROR-CRITIQUE-CLAIM-01,Graph/constraint reasoning,constructed response,Intro,,2-3,Analyze,
U3-S35-P3-022,Practice Set 3,3.5,Question 22,I can apply feasible-region reasoning to interpret possible solutions in context.,S35-OVERLAP-ERROR,F3-C2,ERROR-CRITIQUE-CLAIM-01,Graph/constraint reasoning,constructed response,Intro,,2-3,Analyze,
U3-S35-P3-023,Practice Set 3,3.5,Question 23,I can formulate a system of inequalities that represents multiple constraints.,S35-REVERSE-FEASIBLE,F3-R1,TRANSFER-NOVEL-CONTEXT-01,Inequalities + Feasible-region reasoning,constructed response,Intro,,2-3,Apply,
U3-S35-P3-024,Practice Set 3,3.5,Question 24,I can apply feasible-region reasoning to interpret possible solutions in context.,S35-REVERSE-FEASIBLE,F3-R2,TRANSFER-NOVEL-CONTEXT-01,Inequalities + Feasible-region reasoning,constructed response,Intro,,2-3,Apply,
U3-S31-EP-001,Extra Practice,3.1,Question 1,I can construct graphical representations of systems and connect intersection points to solutions.,S31-GRAPH-SYSTEM,F4-G1,GRAPH-INFER-BEHAVIOR-01,Graph + Ordered pair,constructed response,Intro,,2,Apply,
U3-S31-EP-002,Extra Practice,3.1,Question 2,I can construct graphical representations of systems and connect intersection points to solutions.,S31-GRAPH-SYSTEM,F4-G2,GRAPH-INFER-BEHAVIOR-01,Graph + Ordered pair,constructed response,Intro,,2,Apply,
U3-S31-EP-003,Extra Practice,3.1,Question 3,I can construct graphical representations of systems and connect intersection points to solutions.,S31-GRAPH-SYSTEM,F4-G3,GRAPH-INFER-BEHAVIOR-01,Graph + Ordered pair,constructed response,Intro,,2,Apply,
U3-S31-EP-004,Extra Practice,3.1,Question 4,I can construct graphical representations of systems and connect intersection points to solutions.,S31-GRAPH-SYSTEM,F4-G4,GRAPH-INFER-BEHAVIOR-01,Graph + Ordered pair,constructed response,Intro,,2,Apply,
U3-S31-EP-005,Extra Practice,3.1,Question 5,I can construct graphical representations of systems and connect intersection points to solutions.,S31-GRAPH-SYSTEM,F4-G5,GRAPH-INFER-BEHAVIOR-01,Graph + Ordered pair,constructed response,Intro,,2,Apply,
U3-S31-EP-006,Extra Practice,3.1,Question 6,I can use elimination to solve systems and interpret the solution type.,S31-ELIMINATION-ONE,F4-E1,PROC-DIRECT-EXECUTE-01,Standard-form equations,constructed response,Intro,,1-2,Apply,
U3-S31-EP-007,Extra Practice,3.1,Question 7,I can use elimination to solve systems and interpret the solution type.,S31-ELIMINATION-ONE,F4-E2,PROC-DIRECT-EXECUTE-01,Standard-form equations,constructed response,Intro,,1-2,Apply,
U3-S31-EP-008,Extra Practice,3.1,Question 8,I can use elimination to solve systems and interpret the solution type.,S31-ELIMINATION-ONE,F4-E3,PROC-DIRECT-EXECUTE-01,Standard-form equations,constructed response,Intro,,1-2,Apply,
U3-S31-EP-009,Extra Practice,3.1,Question 9,I can use elimination to solve systems and interpret the solution type.,S31-ELIMINATION-ONE,F4-E4,PROC-DIRECT-EXECUTE-01,Standard-form equations,constructed response,Intro,,1-2,Apply,
U3-S31-EP-010,Extra Practice,3.1,Question 10,I can use elimination to solve systems and interpret the solution type.,S31-ELIMINATION-ONE,F4-E5,PROC-DIRECT-EXECUTE-01,Standard-form equations,constructed response,Intro,,1-2,Apply,
U3-S31-EP-011,Extra Practice,3.1,Question 11,"I can determine whether a system has one solution, no solution, or infinitely many solutions from algebraic and graphical evidence.",S31-SOLUTION-TYPE,F4-T1,CONDITION-CLASSIFY-CASE-01,Equations + Solution type,constructed response,Intro,,2,Apply,
U3-S31-EP-012,Extra Practice,3.1,Question 12,"I can determine whether a system has one solution, no solution, or infinitely many solutions from algebraic and graphical evidence.",S31-SOLUTION-TYPE,F4-T2,CONDITION-CLASSIFY-CASE-01,Equations + Solution type,constructed response,Intro,,2,Apply,
U3-S31-EP-013,Extra Practice,3.1,Question 13,"I can determine whether a system has one solution, no solution, or infinitely many solutions from algebraic and graphical evidence.",S31-SOLUTION-TYPE,F4-T3,CONDITION-CLASSIFY-CASE-01,Equations + Solution type,constructed response,Intro,,2,Apply,
U3-S31-EP-014,Extra Practice,3.1,Question 14,"I can determine whether a system has one solution, no solution, or infinitely many solutions from algebraic and graphical evidence.",S31-SOLUTION-TYPE,F4-T4,CONDITION-CLASSIFY-CASE-01,Equations + Solution type,constructed response,Intro,,2,Apply,
U3-S31-EP-015,Extra Practice,3.1,Question 15,I can construct graphical representations of systems and connect intersection points to solutions.,S31-SYSTEM-CHECK,F4-C1,REPTRANS-GRAPH-TABLE-EQUATION-01,Table + Equations,constructed response,Intro,,2,Apply,
U3-S31-EP-016,Extra Practice,3.1,Question 16,I can construct graphical representations of systems and connect intersection points to solutions.,S31-SYSTEM-CHECK,F4-C2,REPTRANS-GRAPH-TABLE-EQUATION-01,Table + Equations,constructed response,Intro,,2,Apply,
U3-S31-EP-017,Extra Practice,3.1,Question 17,I can construct graphical representations of systems and connect intersection points to solutions.,S31-SYSTEM-CHECK,F4-C3,REPTRANS-GRAPH-TABLE-EQUATION-01,Table + Equations,constructed response,Intro,,2,Apply,
U3-S31-EP-018,Extra Practice,3.1,Question 18,I can construct graphical representations of systems and connect intersection points to solutions.,S31-SYSTEM-CHECK,F4-C4,REPTRANS-GRAPH-TABLE-EQUATION-01,Table + Equations,constructed response,Intro,,2,Apply,
U3-S31-EP-019,Extra Practice,3.1,Question 19,I can use elimination to solve systems and interpret the solution type.,S31-METHOD-REASON,F4-R1,PROC-DIRECT-EXECUTE-01,Equations / claim,constructed response,Intro,,1-2,Apply,
U3-S31-EP-020,Extra Practice,3.1,Question 20,I can use elimination to solve systems and interpret the solution type.,S31-METHOD-REASON,F4-R2,ERROR-CRITIQUE-CLAIM-01,Equations / claim,constructed response,Intro,,2-3,Analyze,
U3-S31-EP-021,Extra Practice,3.1,Question 21,"I can determine whether a system has one solution, no solution, or infinitely many solutions from algebraic and graphical evidence.",S31-METHOD-REASON,F4-R3,ERROR-CRITIQUE-CLAIM-01,Equations / claim,constructed response,Intro,,2-3,Analyze,
U3-S31-EP-022,Extra Practice,3.1,Question 22,I can construct graphical representations of systems and connect intersection points to solutions.,S31-BREAK-EVEN-CONTEXT,F4-X1,MODEL-COMPARE-TWO-LINEAR-01,Context + Equations,constructed response,Intro,,2-3,Analyze,
U3-S31-EP-023,Extra Practice,3.1,Question 23,I can construct graphical representations of systems and connect intersection points to solutions.,S31-BREAK-EVEN-CONTEXT,F4-X2,MODEL-COMPARE-TWO-LINEAR-01,Context + Equations,constructed response,Intro,,2-3,Analyze,
U3-S31-EP-024,Extra Practice,3.1,Question 24,I can construct graphical representations of systems and connect intersection points to solutions.,S31-BREAK-EVEN-CONTEXT,F4-X3,MODEL-COMPARE-TWO-LINEAR-01,Context + Equations,constructed response,Intro,,2-3,Analyze,
U3-S32-EP-001,Extra Practice,3.2,Question 1,I can apply substitution to solve systems and interpret the ordered-pair solution.,S32-SUB-SOLVE,F4-S1,PROC-DIRECT-EXECUTE-01,Equations + Substitution work,constructed response,Intro,,1-2,Apply,
U3-S32-EP-002,Extra Practice,3.2,Question 2,I can apply substitution to solve systems and interpret the ordered-pair solution.,S32-SUB-SOLVE,F4-S2,PROC-DIRECT-EXECUTE-01,Equations + Substitution work,constructed response,Intro,,1-2,Apply,
U3-S32-EP-003,Extra Practice,3.2,Question 3,I can apply substitution to solve systems and interpret the ordered-pair solution.,S32-SUB-SOLVE,F4-S3,PROC-DIRECT-EXECUTE-01,Equations + Substitution work,constructed response,Intro,,1-2,Apply,
U3-S32-EP-004,Extra Practice,3.2,Question 4,I can apply substitution to solve systems and interpret the ordered-pair solution.,S32-SUB-SOLVE,F4-S4,PROC-DIRECT-EXECUTE-01,Equations + Substitution work,constructed response,Intro,,1-2,Apply,
U3-S32-EP-005,Extra Practice,3.2,Question 5,I can apply substitution to solve systems and interpret the ordered-pair solution.,S32-SUB-SOLVE,F4-S5,PROC-DIRECT-EXECUTE-01,Equations + Substitution work,constructed response,Intro,,1-2,Apply,
U3-S32-EP-006,Extra Practice,3.2,Question 6,I can apply substitution to solve systems and interpret the ordered-pair solution.,S32-SUB-SOLVE,F4-S6,PROC-DIRECT-EXECUTE-01,Equations + Substitution work,constructed response,Intro,,1-2,Apply,
U3-S32-EP-007,Extra Practice,3.2,Question 7,I can formulate a substitution plan when one equation is already written in an efficient form.,S32-SUB-PLAN,F4-P1,PROC-DIRECT-EXECUTE-01,Equation structure,constructed response,Intro,,1-2,Apply,
U3-S32-EP-008,Extra Practice,3.2,Question 8,I can formulate a substitution plan when one equation is already written in an efficient form.,S32-SUB-PLAN,F4-P2,PROC-DIRECT-EXECUTE-01,Equation structure,constructed response,Intro,,1-2,Apply,
U3-S32-EP-009,Extra Practice,3.2,Question 9,I can formulate a substitution plan when one equation is already written in an efficient form.,S32-SUB-PLAN,F4-P3,PROC-DIRECT-EXECUTE-01,Equation structure,constructed response,Intro,,1-2,Apply,
U3-S32-EP-010,Extra Practice,3.2,Question 10,I can formulate a substitution plan when one equation is already written in an efficient form.,S32-SUB-PLAN,F4-P4,PROC-DIRECT-EXECUTE-01,Equation structure,constructed response,Intro,,1-2,Apply,
U3-S32-EP-011,Extra Practice,3.2,Question 11,I can apply substitution to solve systems and interpret the ordered-pair solution.,S32-SOLUTION-CHECK,F4-C1,REPTRANS-GRAPH-TABLE-EQUATION-01,Table + Equations,constructed response,Intro,,2,Apply,
U3-S32-EP-012,Extra Practice,3.2,Question 12,I can apply substitution to solve systems and interpret the ordered-pair solution.,S32-SOLUTION-CHECK,F4-C2,REPTRANS-GRAPH-TABLE-EQUATION-01,Table + Equations,constructed response,Intro,,2,Apply,
U3-S32-EP-013,Extra Practice,3.2,Question 13,I can apply substitution to solve systems and interpret the ordered-pair solution.,S32-SOLUTION-CHECK,F4-C3,REPTRANS-GRAPH-TABLE-EQUATION-01,Table + Equations,constructed response,Intro,,2,Apply,
U3-S32-EP-014,Extra Practice,3.2,Question 14,I can apply substitution to solve systems and interpret the ordered-pair solution.,S32-SOLUTION-CHECK,F4-C4,REPTRANS-GRAPH-TABLE-EQUATION-01,Table + Equations,constructed response,Intro,,2,Apply,
U3-S32-EP-015,Extra Practice,3.2,Question 15,I can assess which algebraic method is more efficient for a given system.,S32-METHOD-CHOICE,F4-M1,COMPARE-EFFICIENCY-CONTEXT-01,Equation structures,constructed response,Intro,,1-2,Analyze,
U3-S32-EP-016,Extra Practice,3.2,Question 16,I can assess which algebraic method is more efficient for a given system.,S32-METHOD-CHOICE,F4-M2,COMPARE-EFFICIENCY-CONTEXT-01,Equation structures,constructed response,Intro,,1-2,Analyze,
U3-S32-EP-017,Extra Practice,3.2,Question 17,I can assess which algebraic method is more efficient for a given system.,S32-METHOD-CHOICE,F4-M3,COMPARE-EFFICIENCY-CONTEXT-01,Equation structures,constructed response,Intro,,1-2,Analyze,
U3-S32-EP-018,Extra Practice,3.2,Question 18,I can assess which algebraic method is more efficient for a given system.,S32-METHOD-CHOICE,F4-M4,COMPARE-EFFICIENCY-CONTEXT-01,Equation structures,constructed response,Intro,,1-2,Analyze,
U3-S32-EP-019,Extra Practice,3.2,Question 19,I can formulate a substitution plan when one equation is already written in an efficient form.,S32-SUB-ERROR,F4-E1,ERROR-DIAGNOSE-WORKED-SOLUTION-01,Worked algebra / claim,constructed response,Intro,,2-3,Analyze,
U3-S32-EP-020,Extra Practice,3.2,Question 20,I can formulate a substitution plan when one equation is already written in an efficient form.,S32-SUB-ERROR,F4-E2,ERROR-DIAGNOSE-WORKED-SOLUTION-01,Worked algebra / claim,constructed response,Intro,,2-3,Analyze,
U3-S32-EP-021,Extra Practice,3.2,Question 21,I can apply substitution to solve systems and interpret the ordered-pair solution.,S32-SUB-ERROR,F4-E3,ERROR-DIAGNOSE-WORKED-SOLUTION-01,Worked algebra / claim,constructed response,Intro,,2-3,Analyze,
U3-S32-EP-022,Extra Practice,3.2,Question 22,I can formulate a substitution plan when one equation is already written in an efficient form.,S32-CONTEXT-METHOD,F4-X1,REPTRANS-TRANSLATE-VERBAL-SYMBOLIC-01,Context + Equations,constructed response,Intro,,2,Apply,
U3-S32-EP-023,Extra Practice,3.2,Question 23,I can formulate a substitution plan when one equation is already written in an efficient form.,S32-CONTEXT-METHOD,F4-X2,REPTRANS-TRANSLATE-VERBAL-SYMBOLIC-01,Context + Equations,constructed response,Intro,,2,Apply,
U3-S32-EP-024,Extra Practice,3.2,Question 24,I can assess which algebraic method is more efficient for a given system.,S32-CONTEXT-METHOD,F4-X3,REPTRANS-TRANSLATE-VERBAL-SYMBOLIC-01,Context + Equations,constructed response,Intro,,2,Apply,
U3-S33-EP-001,Extra Practice,3.3,Question 1,I can build a system of equations that represents two constraints in a situation.,S33-WRITE-SYSTEM,F4-W1,REPTRANS-TRANSLATE-VERBAL-SYMBOLIC-01,Context + Equations,constructed response,Intro,,2,Apply,
U3-S33-EP-002,Extra Practice,3.3,Question 2,I can build a system of equations that represents two constraints in a situation.,S33-WRITE-SYSTEM,F4-W2,REPTRANS-TRANSLATE-VERBAL-SYMBOLIC-01,Context + Equations,constructed response,Intro,,2,Apply,
U3-S33-EP-003,Extra Practice,3.3,Question 3,I can build a system of equations that represents two constraints in a situation.,S33-WRITE-SYSTEM,F4-W3,REPTRANS-TRANSLATE-VERBAL-SYMBOLIC-01,Context + Equations,constructed response,Intro,,2,Apply,
U3-S33-EP-004,Extra Practice,3.3,Question 4,I can build a system of equations that represents two constraints in a situation.,S33-WRITE-SYSTEM,F4-W4,REPTRANS-TRANSLATE-VERBAL-SYMBOLIC-01,Context + Equations,constructed response,Intro,,2,Apply,
U3-S33-EP-005,Extra Practice,3.3,Question 5,I can build a system of equations that represents two constraints in a situation.,S33-WRITE-SYSTEM,F4-W5,REPTRANS-TRANSLATE-VERBAL-SYMBOLIC-01,Context + Equations,constructed response,Intro,,2,Apply,
U3-S33-EP-006,Extra Practice,3.3,Question 6,I can build a system of equations that represents two constraints in a situation.,S33-WRITE-SYSTEM,F4-W6,REPTRANS-TRANSLATE-VERBAL-SYMBOLIC-01,Context + Equations,constructed response,Intro,,2,Apply,
U3-S33-EP-007,Extra Practice,3.3,Question 7,"I can design a solution pathway that connects equations, calculations, and a contextual conclusion.",S33-MODEL-SOLVE,F4-S1,FRQ-MULTIPART-SHARED-CONTEXT-01,Context + Equations,constructed response,Intro,,2-3,Apply,
U3-S33-EP-008,Extra Practice,3.3,Question 8,"I can design a solution pathway that connects equations, calculations, and a contextual conclusion.",S33-MODEL-SOLVE,F4-S2,FRQ-MULTIPART-SHARED-CONTEXT-01,Context + Equations,constructed response,Intro,,2-3,Apply,
U3-S33-EP-009,Extra Practice,3.3,Question 9,"I can design a solution pathway that connects equations, calculations, and a contextual conclusion.",S33-MODEL-SOLVE,F4-S3,FRQ-MULTIPART-SHARED-CONTEXT-01,Context + Equations,constructed response,Intro,,2-3,Apply,
U3-S33-EP-010,Extra Practice,3.3,Question 10,"I can design a solution pathway that connects equations, calculations, and a contextual conclusion.",S33-MODEL-SOLVE,F4-S4,FRQ-MULTIPART-SHARED-CONTEXT-01,Context + Equations,constructed response,Intro,,2-3,Apply,
U3-S33-EP-011,Extra Practice,3.3,Question 11,"I can design a solution pathway that connects equations, calculations, and a contextual conclusion.",S33-MODEL-SOLVE,F4-S5,FRQ-MULTIPART-SHARED-CONTEXT-01,Context + Equations,constructed response,Intro,,2-3,Apply,
U3-S33-EP-012,Extra Practice,3.3,Question 12,I can predict the meaning of a solution before solving from the context and variables.,S33-PREDICT-MEANING,F4-P1,REPTRANS-TRANSLATE-VERBAL-SYMBOLIC-01,Context + Variable definitions,constructed response,Intro,,2,Apply,
U3-S33-EP-013,Extra Practice,3.3,Question 13,I can predict the meaning of a solution before solving from the context and variables.,S33-PREDICT-MEANING,F4-P2,REPTRANS-TRANSLATE-VERBAL-SYMBOLIC-01,Context + Variable definitions,constructed response,Intro,,2,Apply,
U3-S33-EP-014,Extra Practice,3.3,Question 14,I can predict the meaning of a solution before solving from the context and variables.,S33-PREDICT-MEANING,F4-P3,REPTRANS-TRANSLATE-VERBAL-SYMBOLIC-01,Context + Variable definitions,constructed response,Intro,,2,Apply,
U3-S33-EP-015,Extra Practice,3.3,Question 15,I can predict the meaning of a solution before solving from the context and variables.,S33-PREDICT-MEANING,F4-P4,REPTRANS-TRANSLATE-VERBAL-SYMBOLIC-01,Context + Variable definitions,constructed response,Intro,,2,Apply,
U3-S33-EP-016,Extra Practice,3.3,Question 16,I can predict the meaning of a solution before solving from the context and variables.,S33-BREAK-EVEN-GRAPH,F4-G1,GRAPH-INFER-BEHAVIOR-01,Graph + Context,constructed response,Intro,,2,Apply,
U3-S33-EP-017,Extra Practice,3.3,Question 17,"I can design a solution pathway that connects equations, calculations, and a contextual conclusion.",S33-BREAK-EVEN-GRAPH,F4-G2,GRAPH-INFER-BEHAVIOR-01,Graph + Context,constructed response,Intro,,2,Apply,
U3-S33-EP-018,Extra Practice,3.3,Question 18,"I can design a solution pathway that connects equations, calculations, and a contextual conclusion.",S33-CHECK-MODEL,F4-T1,REPTRANS-GRAPH-TABLE-EQUATION-01,Table + Context constraints,constructed response,Intro,,2,Apply,
U3-S33-EP-019,Extra Practice,3.3,Question 19,"I can design a solution pathway that connects equations, calculations, and a contextual conclusion.",S33-CHECK-MODEL,F4-T2,REPTRANS-GRAPH-TABLE-EQUATION-01,Table + Context constraints,constructed response,Intro,,2,Apply,
U3-S33-EP-020,Extra Practice,3.3,Question 20,"I can design a solution pathway that connects equations, calculations, and a contextual conclusion.",S33-REASONABLE-SOLUTION,F4-R1,VERIFY-REASONABLENESS-01,Context + Solution reasoning,constructed response,Intro,,2,Analyze,
U3-S33-EP-021,Extra Practice,3.3,Question 21,I can build a system of equations that represents two constraints in a situation.,S33-REASONABLE-SOLUTION,F4-R2,ERROR-CRITIQUE-CLAIM-01,Context + Solution reasoning,constructed response,Intro,,2-3,Analyze,
U3-S33-EP-022,Extra Practice,3.3,Question 22,"I can design a solution pathway that connects equations, calculations, and a contextual conclusion.",S33-REASONABLE-SOLUTION,F4-R3,VERIFY-REASONABLENESS-01,Context + Solution reasoning,constructed response,Intro,,2,Analyze,
U3-S33-EP-023,Extra Practice,3.3,Question 23,I can build a system of equations that represents two constraints in a situation.,S33-REVERSE-MODEL,F4-V1,TRANSFER-NOVEL-CONTEXT-01,Equations + Context creation,constructed response,Intro,,2-3,Apply,
U3-S33-EP-024,Extra Practice,3.3,Question 24,"I can design a solution pathway that connects equations, calculations, and a contextual conclusion.",S33-REVERSE-MODEL,F4-V2,TRANSFER-NOVEL-CONTEXT-01,Equations + Context creation,constructed response,Intro,,2-3,Apply,
U3-S34-EP-001,Extra Practice,3.4,Question 1,I can construct a boundary line and shaded region for a linear inequality.,S34-GRAPH-READ,F4-G1,GRAPH-INFER-BEHAVIOR-01,Graph + Inequality,constructed response,Intro,,2,Apply,
U3-S34-EP-002,Extra Practice,3.4,Question 2,I can construct a boundary line and shaded region for a linear inequality.,S34-GRAPH-READ,F4-G2,GRAPH-INFER-BEHAVIOR-01,Graph + Inequality,constructed response,Intro,,2,Apply,
U3-S34-EP-003,Extra Practice,3.4,Question 3,I can use test points to interpret which region satisfies an inequality.,S34-GRAPH-READ,F4-G3,GRAPH-INFER-BEHAVIOR-01,Graph + Inequality,constructed response,Intro,,2,Apply,
U3-S34-EP-004,Extra Practice,3.4,Question 4,I can use test points to interpret which region satisfies an inequality.,S34-GRAPH-READ,F4-G4,GRAPH-INFER-BEHAVIOR-01,Graph + Inequality,constructed response,Intro,,2,Apply,
U3-S34-EP-005,Extra Practice,3.4,Question 5,"I can critique a graph of a linear inequality using the boundary, shading, and solution region.",S34-GRAPH-READ,F4-G5,GRAPH-INFER-BEHAVIOR-01,Graph + Inequality,constructed response,Intro,,2,Apply,
U3-S34-EP-006,Extra Practice,3.4,Question 6,"I can critique a graph of a linear inequality using the boundary, shading, and solution region.",S34-GRAPH-READ,F4-G6,GRAPH-INFER-BEHAVIOR-01,Graph + Inequality,constructed response,Intro,,2,Apply,
U3-S34-EP-007,Extra Practice,3.4,Question 7,I can construct a boundary line and shaded region for a linear inequality.,S34-CONSTRUCT-FROM-INEQ,F4-C1,GRAPH-CONSTRUCT-FROM-CONSTRAINTS-01,Inequality + Student-built graph,constructed response,Intro,,2,Analyze,
U3-S34-EP-008,Extra Practice,3.4,Question 8,I can construct a boundary line and shaded region for a linear inequality.,S34-CONSTRUCT-FROM-INEQ,F4-C2,GRAPH-CONSTRUCT-FROM-CONSTRAINTS-01,Inequality + Student-built graph,constructed response,Intro,,2,Analyze,
U3-S34-EP-009,Extra Practice,3.4,Question 9,I can construct a boundary line and shaded region for a linear inequality.,S34-CONSTRUCT-FROM-INEQ,F4-C3,GRAPH-CONSTRUCT-FROM-CONSTRAINTS-01,Inequality + Student-built graph,constructed response,Intro,,2,Analyze,
U3-S34-EP-010,Extra Practice,3.4,Question 10,I can construct a boundary line and shaded region for a linear inequality.,S34-CONSTRUCT-FROM-INEQ,F4-C4,GRAPH-CONSTRUCT-FROM-CONSTRAINTS-01,Inequality + Student-built graph,constructed response,Intro,,2,Analyze,
U3-S34-EP-011,Extra Practice,3.4,Question 11,I can construct a boundary line and shaded region for a linear inequality.,S34-CONSTRUCT-FROM-INEQ,F4-C5,GRAPH-CONSTRUCT-FROM-CONSTRAINTS-01,Inequality + Student-built graph,constructed response,Intro,,2,Analyze,
U3-S34-EP-012,Extra Practice,3.4,Question 12,I can use test points to interpret which region satisfies an inequality.,S34-TEST-POINT,F4-T1,REPTRANS-GRAPH-TABLE-EQUATION-01,Table + Inequality,constructed response,Intro,,2,Apply,
U3-S34-EP-013,Extra Practice,3.4,Question 13,I can use test points to interpret which region satisfies an inequality.,S34-TEST-POINT,F4-T2,REPTRANS-GRAPH-TABLE-EQUATION-01,Table + Inequality,constructed response,Intro,,2,Apply,
U3-S34-EP-014,Extra Practice,3.4,Question 14,I can use test points to interpret which region satisfies an inequality.,S34-TEST-POINT,F4-T3,REPTRANS-GRAPH-TABLE-EQUATION-01,Table + Inequality,constructed response,Intro,,2,Apply,
U3-S34-EP-015,Extra Practice,3.4,Question 15,I can use test points to interpret which region satisfies an inequality.,S34-TEST-POINT,F4-T4,REPTRANS-GRAPH-TABLE-EQUATION-01,Table + Inequality,constructed response,Intro,,2,Apply,
U3-S34-EP-016,Extra Practice,3.4,Question 16,I can construct a boundary line and shaded region for a linear inequality.,S34-BOUNDARY-STYLE,F4-B1,PROC-DIRECT-EXECUTE-01,Inequality + Boundary,constructed response,Intro,,1-2,Apply,
U3-S34-EP-017,Extra Practice,3.4,Question 17,I can construct a boundary line and shaded region for a linear inequality.,S34-BOUNDARY-STYLE,F4-B2,PROC-DIRECT-EXECUTE-01,Inequality + Boundary,constructed response,Intro,,1-2,Apply,
U3-S34-EP-018,Extra Practice,3.4,Question 18,I can construct a boundary line and shaded region for a linear inequality.,S34-BOUNDARY-STYLE,F4-B3,PROC-DIRECT-EXECUTE-01,Inequality + Boundary,constructed response,Intro,,1-2,Apply,
U3-S34-EP-019,Extra Practice,3.4,Question 19,I can construct a boundary line and shaded region for a linear inequality.,S34-BOUNDARY-STYLE,F4-B4,PROC-DIRECT-EXECUTE-01,Inequality + Boundary,constructed response,Intro,,1-2,Apply,
U3-S34-EP-020,Extra Practice,3.4,Question 20,I can use test points to interpret which region satisfies an inequality.,S34-CONTEXT-CONSTRAINT,F4-X1,REPTRANS-TRANSLATE-VERBAL-SYMBOLIC-01,Context + Inequality,constructed response,Intro,,2,Apply,
U3-S34-EP-021,Extra Practice,3.4,Question 21,I can use test points to interpret which region satisfies an inequality.,S34-CONTEXT-CONSTRAINT,F4-X2,REPTRANS-TRANSLATE-VERBAL-SYMBOLIC-01,Context + Inequality,constructed response,Intro,,2,Apply,
U3-S34-EP-022,Extra Practice,3.4,Question 22,I can use test points to interpret which region satisfies an inequality.,S34-CONTEXT-CONSTRAINT,F4-X3,REPTRANS-TRANSLATE-VERBAL-SYMBOLIC-01,Context + Inequality,constructed response,Intro,,2,Apply,
U3-S34-EP-023,Extra Practice,3.4,Question 23,"I can critique a graph of a linear inequality using the boundary, shading, and solution region.",S34-GRAPH-TO-INEQ,F4-R1,ERROR-CRITIQUE-CLAIM-01,Graph + Inequality,constructed response,Intro,,2-3,Analyze,
U3-S34-EP-024,Extra Practice,3.4,Question 24,"I can critique a graph of a linear inequality using the boundary, shading, and solution region.",S34-CRITIQUE-GRAPH,F4-R2,ERROR-DIAGNOSE-WORKED-SOLUTION-01,Inequality + Graph claim,constructed response,Intro,,2-3,Analyze,
U3-S35-EP-001,Extra Practice,3.5,Question 1,I can formulate a system of inequalities that represents multiple constraints.,S35-FORMULATE-CONSTRAINTS,F4-F1,REPTRANS-TRANSLATE-VERBAL-SYMBOLIC-01,Context + Inequalities,constructed response,Intro,,2,Apply,
U3-S35-EP-002,Extra Practice,3.5,Question 2,I can formulate a system of inequalities that represents multiple constraints.,S35-FORMULATE-CONSTRAINTS,F4-F2,REPTRANS-TRANSLATE-VERBAL-SYMBOLIC-01,Context + Inequalities,constructed response,Intro,,2,Apply,
U3-S35-EP-003,Extra Practice,3.5,Question 3,I can formulate a system of inequalities that represents multiple constraints.,S35-FORMULATE-CONSTRAINTS,F4-F3,REPTRANS-TRANSLATE-VERBAL-SYMBOLIC-01,Context + Inequalities,constructed response,Intro,,2,Apply,
U3-S35-EP-004,Extra Practice,3.5,Question 4,I can formulate a system of inequalities that represents multiple constraints.,S35-FORMULATE-CONSTRAINTS,F4-F4,REPTRANS-TRANSLATE-VERBAL-SYMBOLIC-01,Context + Inequalities,constructed response,Intro,,2,Apply,
U3-S35-EP-005,Extra Practice,3.5,Question 5,I can formulate a system of inequalities that represents multiple constraints.,S35-FORMULATE-CONSTRAINTS,F4-F5,REPTRANS-TRANSLATE-VERBAL-SYMBOLIC-01,Context + Inequalities,constructed response,Intro,,2,Apply,
U3-S35-EP-006,Extra Practice,3.5,Question 6,I can formulate a system of inequalities that represents multiple constraints.,S35-FORMULATE-CONSTRAINTS,F4-F6,REPTRANS-TRANSLATE-VERBAL-SYMBOLIC-01,Context + Inequalities,constructed response,Intro,,2,Apply,
U3-S35-EP-007,Extra Practice,3.5,Question 7,I can extend graphing strategies to represent overlapping solution regions.,S35-OVERLAP-GRAPH,F4-G1,GRAPH-INFER-BEHAVIOR-01,Graph + Feasible region,constructed response,Intro,,2,Apply,
U3-S35-EP-008,Extra Practice,3.5,Question 8,I can apply feasible-region reasoning to interpret possible solutions in context.,S35-OVERLAP-GRAPH,F4-G2,GRAPH-INFER-BEHAVIOR-01,Graph + Feasible region,constructed response,Intro,,2,Apply,
U3-S35-EP-009,Extra Practice,3.5,Question 9,I can apply feasible-region reasoning to interpret possible solutions in context.,S35-OVERLAP-GRAPH,F4-G3,GRAPH-INFER-BEHAVIOR-01,Graph + Feasible region,constructed response,Intro,,2,Apply,
U3-S35-EP-010,Extra Practice,3.5,Question 10,I can extend graphing strategies to represent overlapping solution regions.,S35-OVERLAP-GRAPH,F4-G4,GRAPH-INFER-BEHAVIOR-01,Graph + Feasible region,constructed response,Intro,,2,Apply,
U3-S35-EP-011,Extra Practice,3.5,Question 11,I can extend graphing strategies to represent overlapping solution regions.,S35-OVERLAP-GRAPH,F4-G5,GRAPH-INFER-BEHAVIOR-01,Graph + Feasible region,constructed response,Intro,,2,Apply,
U3-S35-EP-012,Extra Practice,3.5,Question 12,I can apply feasible-region reasoning to interpret possible solutions in context.,S35-FEASIBILITY-TABLE,F4-T1,REPTRANS-GRAPH-TABLE-EQUATION-01,Table + System of inequalities,constructed response,Intro,,2,Apply,
U3-S35-EP-013,Extra Practice,3.5,Question 13,I can apply feasible-region reasoning to interpret possible solutions in context.,S35-FEASIBILITY-TABLE,F4-T2,REPTRANS-GRAPH-TABLE-EQUATION-01,Table + System of inequalities,constructed response,Intro,,2,Apply,
U3-S35-EP-014,Extra Practice,3.5,Question 14,I can apply feasible-region reasoning to interpret possible solutions in context.,S35-FEASIBILITY-TABLE,F4-T3,REPTRANS-GRAPH-TABLE-EQUATION-01,Table + System of inequalities,constructed response,Intro,,2,Apply,
U3-S35-EP-015,Extra Practice,3.5,Question 15,I can apply feasible-region reasoning to interpret possible solutions in context.,S35-FEASIBILITY-TABLE,F4-T4,REPTRANS-GRAPH-TABLE-EQUATION-01,Table + System of inequalities,constructed response,Intro,,2,Apply,
U3-S35-EP-016,Extra Practice,3.5,Question 16,I can apply feasible-region reasoning to interpret possible solutions in context.,S35-FEASIBILITY-TABLE,F4-T5,REPTRANS-GRAPH-TABLE-EQUATION-01,Table + System of inequalities,constructed response,Intro,,2,Apply,
U3-S35-EP-017,Extra Practice,3.5,Question 17,I can apply feasible-region reasoning to interpret possible solutions in context.,S35-TEST-FEASIBLE,F4-D1,VERIFY-REASONABLENESS-01,Context + Point testing,constructed response,Intro,,2,Analyze,
U3-S35-EP-018,Extra Practice,3.5,Question 18,I can apply feasible-region reasoning to interpret possible solutions in context.,S35-TEST-FEASIBLE,F4-D2,VERIFY-REASONABLENESS-01,Context + Point testing,constructed response,Intro,,2,Analyze,
U3-S35-EP-019,Extra Practice,3.5,Question 19,I can apply feasible-region reasoning to interpret possible solutions in context.,S35-TEST-FEASIBLE,F4-D3,VERIFY-REASONABLENESS-01,Context + Point testing,constructed response,Intro,,2,Analyze,
U3-S35-EP-020,Extra Practice,3.5,Question 20,I can apply feasible-region reasoning to interpret possible solutions in context.,S35-TEST-FEASIBLE,F4-D4,VERIFY-REASONABLENESS-01,Context + Point testing,constructed response,Intro,,2,Analyze,
U3-S35-EP-021,Extra Practice,3.5,Question 21,I can extend graphing strategies to represent overlapping solution regions.,S35-OVERLAP-ERROR,F4-C1,ERROR-CRITIQUE-CLAIM-01,Graph/constraint reasoning,constructed response,Intro,,2-3,Analyze,
U3-S35-EP-022,Extra Practice,3.5,Question 22,I can apply feasible-region reasoning to interpret possible solutions in context.,S35-OVERLAP-ERROR,F4-C2,ERROR-CRITIQUE-CLAIM-01,Graph/constraint reasoning,constructed response,Intro,,2-3,Analyze,
U3-S35-EP-023,Extra Practice,3.5,Question 23,I can formulate a system of inequalities that represents multiple constraints.,S35-REVERSE-FEASIBLE,F4-R1,TRANSFER-NOVEL-CONTEXT-01,Inequalities + Feasible-region reasoning,constructed response,Intro,,2-3,Apply,
U3-S35-EP-024,Extra Practice,3.5,Question 24,I can apply feasible-region reasoning to interpret possible solutions in context.,S35-REVERSE-FEASIBLE,F4-R2,TRANSFER-NOVEL-CONTEXT-01,Inequalities + Feasible-region reasoning,constructed response,Intro,,2-3,Apply,
U3-S31-CYU-001,CYU,3.1,CYU 1,I can construct graphical representations of systems and connect intersection points to solutions.,S31-GRAPH-SYSTEM,CYU1,GRAPH-INFER-BEHAVIOR-01,Graph,constructed response,Intro,,2,Apply,
U3-S31-CYU-002,CYU,3.1,CYU 2,I can use elimination to solve systems and interpret the solution type.,S31-ELIMINATION-ONE,CYU2,PROC-DIRECT-EXECUTE-01,Equations,constructed response,Intro,,1-2,Apply,
U3-S31-CYU-003,CYU,3.1,CYU 3,"I can determine whether a system has one solution, no solution, or infinitely many solutions from algebraic and graphical evidence.",S31-SOLUTION-TYPE,CYU3,PROC-DIRECT-EXECUTE-01,Equations,constructed response,Intro,,1-2,Apply,
U3-S31-CYU-004,CYU,3.1,CYU 4,I can construct graphical representations of systems and connect intersection points to solutions.,S31-SYSTEM-CHECK,CYU4,REPTRANS-GRAPH-TABLE-EQUATION-01,Table,constructed response,Intro,,2,Apply,
U3-S31-CYU-005,CYU,3.1,CYU 5,"I can determine whether a system has one solution, no solution, or infinitely many solutions from algebraic and graphical evidence.",S31-SOLUTION-TYPE,CYU5,GRAPH-INFER-BEHAVIOR-01,Graph reasoning,constructed response,Intro,,2,Apply,
U3-S31-CYU-006,CYU,3.1,CYU 6,I can use elimination to solve systems and interpret the solution type.,S31-ELIMINATION-PLAN,CYU6,PROC-DIRECT-EXECUTE-01,Equations,constructed response,Intro,,1-2,Apply,
U3-S32-CYU-001,CYU,3.2,CYU 1,I can formulate a substitution plan when one equation is already written in an efficient form.,S32-SUB-PLAN,CYU1,PROC-DIRECT-EXECUTE-01,Equations,constructed response,Intro,,1-2,Apply,
U3-S32-CYU-002,CYU,3.2,CYU 2,I can apply substitution to solve systems and interpret the ordered-pair solution.,S32-SUB-SOLVE,CYU2,PROC-DIRECT-EXECUTE-01,Equations,constructed response,Intro,,1-2,Apply,
U3-S32-CYU-003,CYU,3.2,CYU 3,I can apply substitution to solve systems and interpret the ordered-pair solution.,S32-SOLUTION-CHECK,CYU3,REPTRANS-GRAPH-TABLE-EQUATION-01,Table,constructed response,Intro,,2,Apply,
U3-S32-CYU-004,CYU,3.2,CYU 4,I can assess which algebraic method is more efficient for a given system.,S32-METHOD-CHOICE,CYU4,PROC-DIRECT-EXECUTE-01,Equations,constructed response,Intro,,1-2,Apply,
U3-S32-CYU-005,CYU,3.2,CYU 5,I can formulate a substitution plan when one equation is already written in an efficient form.,S32-SUB-ERROR,CYU5,PROC-DIRECT-EXECUTE-01,Worked algebra,constructed response,Intro,,1-2,Apply,
U3-S32-CYU-006,CYU,3.2,CYU 6,I can apply substitution to solve systems and interpret the ordered-pair solution.,S32-CONTEXT-INTERPRET,CYU6,PROC-DIRECT-EXECUTE-01,Context,constructed response,Intro,,1-2,Apply,
U3-S33-CYU-001,CYU,3.3,CYU 1,I can build a system of equations that represents two constraints in a situation.,S33-WRITE-SYSTEM,CYU1,PROC-DIRECT-EXECUTE-01,Context,constructed response,Intro,,1-2,Apply,
U3-S33-CYU-002,CYU,3.3,CYU 2,I can predict the meaning of a solution before solving from the context and variables.,S33-PREDICT-MEANING,CYU2,PROC-DIRECT-EXECUTE-01,Context,constructed response,Intro,,1-2,Apply,
U3-S33-CYU-003,CYU,3.3,CYU 3,"I can design a solution pathway that connects equations, calculations, and a contextual conclusion.",S33-MODEL-SOLVE,CYU3,PROC-DIRECT-EXECUTE-01,Context + equations,constructed response,Intro,,1-2,Apply,
U3-S33-CYU-004,CYU,3.3,CYU 4,"I can design a solution pathway that connects equations, calculations, and a contextual conclusion.",S33-CHECK-MODEL,CYU4,REPTRANS-GRAPH-TABLE-EQUATION-01,Table,constructed response,Intro,,2,Apply,
U3-S33-CYU-005,CYU,3.3,CYU 5,I can predict the meaning of a solution before solving from the context and variables.,S33-BREAK-EVEN-GRAPH,CYU5,GRAPH-INFER-BEHAVIOR-01,Graph,constructed response,Intro,,2,Apply,
U3-S33-CYU-006,CYU,3.3,CYU 6,"I can design a solution pathway that connects equations, calculations, and a contextual conclusion.",S33-REASONABLE-SOLUTION,CYU6,PROC-DIRECT-EXECUTE-01,Context,constructed response,Intro,,1-2,Apply,
U3-S34-CYU-001,CYU,3.4,CYU 1,I can construct a boundary line and shaded region for a linear inequality.,S34-GRAPH-READ,CYU1,GRAPH-INFER-BEHAVIOR-01,Graph,constructed response,Intro,,2,Apply,
U3-S34-CYU-002,CYU,3.4,CYU 2,I can construct a boundary line and shaded region for a linear inequality.,S34-BOUNDARY-STYLE,CYU2,PROC-DIRECT-EXECUTE-01,Inequality,constructed response,Intro,,1-2,Apply,
U3-S34-CYU-003,CYU,3.4,CYU 3,I can use test points to interpret which region satisfies an inequality.,S34-TEST-POINT,CYU3,REPTRANS-GRAPH-TABLE-EQUATION-01,Table,constructed response,Intro,,2,Apply,
U3-S34-CYU-004,CYU,3.4,CYU 4,"I can critique a graph of a linear inequality using the boundary, shading, and solution region.",S34-CRITIQUE-GRAPH,CYU4,PROC-DIRECT-EXECUTE-01,Claim,constructed response,Intro,,1-2,Apply,
U3-S34-CYU-005,CYU,3.4,CYU 5,I can use test points to interpret which region satisfies an inequality.,S34-CONTEXT-CONSTRAINT,CYU5,PROC-DIRECT-EXECUTE-01,Context,constructed response,Intro,,1-2,Apply,
U3-S34-CYU-006,CYU,3.4,CYU 6,"I can critique a graph of a linear inequality using the boundary, shading, and solution region.",S34-CRITIQUE-GRAPH,CYU6,PROC-DIRECT-EXECUTE-01,Reasoning,constructed response,Intro,,1-2,Apply,
U3-S35-CYU-001,CYU,3.5,CYU 1,I can formulate a system of inequalities that represents multiple constraints.,S35-FORMULATE-CONSTRAINTS,CYU1,PROC-DIRECT-EXECUTE-01,Context,constructed response,Intro,,1-2,Apply,
U3-S35-CYU-002,CYU,3.5,CYU 2,I can extend graphing strategies to represent overlapping solution regions.,S35-OVERLAP-GRAPH,CYU2,GRAPH-INFER-BEHAVIOR-01,Graph,constructed response,Intro,,2,Apply,
U3-S35-CYU-003,CYU,3.5,CYU 3,I can apply feasible-region reasoning to interpret possible solutions in context.,S35-FEASIBILITY-TABLE,CYU3,REPTRANS-GRAPH-TABLE-EQUATION-01,Table,constructed response,Intro,,2,Apply,
U3-S35-CYU-004,CYU,3.5,CYU 4,I can apply feasible-region reasoning to interpret possible solutions in context.,S35-TEST-FEASIBLE,CYU4,PROC-DIRECT-EXECUTE-01,Point testing,constructed response,Intro,,1-2,Apply,
U3-S35-CYU-005,CYU,3.5,CYU 5,I can extend graphing strategies to represent overlapping solution regions.,S35-OVERLAP-ERROR,CYU5,PROC-DIRECT-EXECUTE-01,Claim,constructed response,Intro,,1-2,Apply,
U3-S35-CYU-006,CYU,3.5,CYU 6,I can apply feasible-region reasoning to interpret possible solutions in context.,S35-EMPTY-FEASIBLE,CYU6,PROC-DIRECT-EXECUTE-01,Context,constructed response,Intro,,1-2,Apply,
U3-S31-WU1-001,Warm-Up 1,3.1,Warm-Up 1 Q1,"Accurately perform operations with integers, fractions, and decimals while interpreting results in mathematical and contextual situations.",DIAMOND-INTEGER-RETRIEVAL,WU1-Q1,FACTORPAIR-SUM-PRODUCT-PUZZLE-01,Diamond diagram,constructed response,Retrieval,,1-2,Apply,
U3-S31-WU1-002,Warm-Up 1,3.1,Warm-Up 1 Q2,Graph linear functions and interpret key features.,3.1-REVIEW-RETRIEVAL,WU1-Q2,PROC-DIRECT-EXECUTE-01,Review representation,constructed response,Review,,1-2,Apply,
U3-S31-WU1-003,Warm-Up 1,3.1,Warm-Up 1 Q3,Graph linear functions and interpret key features.,3.1-REVIEW-RETRIEVAL,WU1-Q3,PROC-DIRECT-EXECUTE-01,Review representation,constructed response,Review,,1-2,Apply,
U3-S31-WU1-004,Warm-Up 1,3.1,Warm-Up 1 Q4,Graph linear functions and interpret key features.,3.1-REVIEW-RETRIEVAL,WU1-Q4,PROC-DIRECT-EXECUTE-01,Review representation,constructed response,Review,,1-2,Apply,
U3-S31-WU2-001,Warm-Up 2,3.1,Warm-Up 2 Q1,I can construct graphical representations of systems and connect intersection points to solutions.,3.1-INTRO-RETRIEVAL,WU2-Q1,PROC-DIRECT-EXECUTE-01,Current-section representation,constructed response,Intro,,1-2,Apply,
U3-S31-WU2-002,Warm-Up 2,3.1,Warm-Up 2 Q2,I can use elimination to solve systems and interpret the solution type.,3.1-INTRO-RETRIEVAL,WU2-Q2,PROC-DIRECT-EXECUTE-01,Current-section representation,constructed response,Intro,,1-2,Apply,
U3-S31-WU2-003,Warm-Up 2,3.1,Warm-Up 2 Q3,Graph linear functions and interpret key features.,3.1-REVIEW-RETRIEVAL,WU2-Q3,PROC-DIRECT-EXECUTE-01,Review representation,constructed response,Review,,1-2,Apply,
U3-S31-WU2-004,Warm-Up 2,3.1,Warm-Up 2 Q4,"Connect tables, graphs, equations, and contexts that represent the same relationship.",3.1-MASTERY-RETRIEVAL,WU2-Q4,PROC-DIRECT-EXECUTE-01,Mastery representation,constructed response,Mastery,U3-MG01,1-2,Apply,
U3-S31-WU3-001,Warm-Up 3,3.1,Warm-Up 3 Q1,"I can determine whether a system has one solution, no solution, or infinitely many solutions from algebraic and graphical evidence.",3.1-INTRO-RETRIEVAL,WU3-Q1,PROC-DIRECT-EXECUTE-01,Current-section representation,constructed response,Intro,,1-2,Apply,
U3-S31-WU3-002,Warm-Up 3,3.1,Warm-Up 3 Q2,Graph linear functions and interpret key features.,3.1-REVIEW-RETRIEVAL,WU3-Q2,PROC-DIRECT-EXECUTE-01,Review representation,constructed response,Review,,1-2,Apply,
U3-S31-WU3-003,Warm-Up 3,3.1,Warm-Up 3 Q3,"Connect tables, graphs, equations, and contexts that represent the same relationship.",3.1-MASTERY-RETRIEVAL,WU3-Q3,PROC-DIRECT-EXECUTE-01,Mastery representation,constructed response,Mastery,U3-MG01,1-2,Apply,
U3-S31-WU3-004,Warm-Up 3,3.1,Warm-Up 3 Q4,"Connect tables, graphs, equations, and contexts that represent the same relationship.",3.1-MASTERY-RETRIEVAL,WU3-Q4,PROC-DIRECT-EXECUTE-01,Mastery representation,constructed response,Mastery,U3-MG01,1-2,Apply,
U3-S31-ETA-001,Exit Ticket A,3.1,Exit Ticket A Q1,I can construct graphical representations of systems and connect intersection points to solutions.,3.1-EXIT-INTRO,ETA-Q1,EVIDENCE-SHORT-MICROSET-01,Current-section representation,constructed response,Intro,,1-2,Apply,
U3-S31-ETA-002,Exit Ticket A,3.1,Exit Ticket A Q2,I can use elimination to solve systems and interpret the solution type.,3.1-EXIT-INTRO,ETA-Q2,EVIDENCE-SHORT-MICROSET-01,Current-section representation,constructed response,Intro,,1-2,Apply,
U3-S31-ETA-003,Exit Ticket A,3.1,Exit Ticket A Q3,"I can determine whether a system has one solution, no solution, or infinitely many solutions from algebraic and graphical evidence.",3.1-EXIT-INTRO,ETA-Q3,EVIDENCE-SHORT-MICROSET-01,Current-section representation,constructed response,Intro,,1-2,Apply,
U3-S31-ETA-004,Exit Ticket A,3.1,Exit Ticket A Q4,I can construct graphical representations of systems and connect intersection points to solutions.,3.1-EXIT-INTRO,ETA-Q4,EVIDENCE-SHORT-MICROSET-01,Current-section representation,constructed response,Intro,,1-2,Apply,
U3-S31-ETB-001,Exit Ticket B,3.1,Exit Ticket B Q1,Graph linear functions and interpret key features.,3.1-EXIT-REVIEW,ETB-Q1,EVIDENCE-SHORT-MICROSET-01,Review representation,constructed response,Review,,1-2,Apply,
U3-S31-ETB-002,Exit Ticket B,3.1,Exit Ticket B Q2,Graph linear functions and interpret key features.,3.1-EXIT-REVIEW,ETB-Q2,EVIDENCE-SHORT-MICROSET-01,Review representation,constructed response,Review,,1-2,Apply,
U3-S31-ETB-003,Exit Ticket B,3.1,Exit Ticket B Q3,Graph linear functions and interpret key features.,3.1-EXIT-REVIEW,ETB-Q3,EVIDENCE-SHORT-MICROSET-01,Review representation,constructed response,Review,,1-2,Apply,
U3-S31-ETB-004,Exit Ticket B,3.1,Exit Ticket B Q4,Graph linear functions and interpret key features.,3.1-EXIT-REVIEW,ETB-Q4,EVIDENCE-SHORT-MICROSET-01,Review representation,constructed response,Review,,1-2,Apply,
U3-S31-ETC-001,Exit Ticket C,3.1,Exit Ticket C Q1,"Connect tables, graphs, equations, and contexts that represent the same relationship.",3.1-EXIT-MASTERY,ETC-Q1,EVIDENCE-SHORT-MICROSET-01,Mastery representation,constructed response,Mastery,U3-MG01,1-2,Apply,
U3-S31-ETC-002,Exit Ticket C,3.1,Exit Ticket C Q2,"Connect tables, graphs, equations, and contexts that represent the same relationship.",3.1-EXIT-MASTERY,ETC-Q2,EVIDENCE-SHORT-MICROSET-01,Mastery representation,constructed response,Mastery,U3-MG01,1-2,Apply,
U3-S31-ETC-003,Exit Ticket C,3.1,Exit Ticket C Q3,"Connect tables, graphs, equations, and contexts that represent the same relationship.",3.1-EXIT-MASTERY,ETC-Q3,EVIDENCE-SHORT-MICROSET-01,Mastery representation,constructed response,Mastery,U3-MG01,1-2,Apply,
U3-S31-ETC-004,Exit Ticket C,3.1,Exit Ticket C Q4,"Connect tables, graphs, equations, and contexts that represent the same relationship.",3.1-EXIT-MASTERY,ETC-Q4,EVIDENCE-SHORT-MICROSET-01,Mastery representation,constructed response,Mastery,U3-MG01,1-2,Apply,
U3-S32-WU1-001,Warm-Up 1,3.2,Warm-Up 1 Q1,"Accurately perform operations with integers, fractions, and decimals while interpreting results in mathematical and contextual situations.",DIAMOND-INTEGER-RETRIEVAL,WU1-Q1,FACTORPAIR-SUM-PRODUCT-PUZZLE-01,Diamond diagram,constructed response,Retrieval,,1-2,Apply,
U3-S32-WU1-002,Warm-Up 1,3.2,Warm-Up 1 Q2,"Write linear equations from graphs, tables, and situations.",3.2-REVIEW-RETRIEVAL,WU1-Q2,PROC-DIRECT-EXECUTE-01,Review representation,constructed response,Review,,1-2,Apply,
U3-S32-WU1-003,Warm-Up 1,3.2,Warm-Up 1 Q3,"Write linear equations from graphs, tables, and situations.",3.2-REVIEW-RETRIEVAL,WU1-Q3,PROC-DIRECT-EXECUTE-01,Review representation,constructed response,Review,,1-2,Apply,
U3-S32-WU1-004,Warm-Up 1,3.2,Warm-Up 1 Q4,"Write linear equations from graphs, tables, and situations.",3.2-REVIEW-RETRIEVAL,WU1-Q4,PROC-DIRECT-EXECUTE-01,Review representation,constructed response,Review,,1-2,Apply,
U3-S32-WU2-001,Warm-Up 2,3.2,Warm-Up 2 Q1,I can formulate a substitution plan when one equation is already written in an efficient form.,3.2-INTRO-RETRIEVAL,WU2-Q1,PROC-DIRECT-EXECUTE-01,Current-section representation,constructed response,Intro,,1-2,Apply,
U3-S32-WU2-002,Warm-Up 2,3.2,Warm-Up 2 Q2,I can apply substitution to solve systems and interpret the ordered-pair solution.,3.2-INTRO-RETRIEVAL,WU2-Q2,PROC-DIRECT-EXECUTE-01,Current-section representation,constructed response,Intro,,1-2,Apply,
U3-S32-WU2-003,Warm-Up 2,3.2,Warm-Up 2 Q3,"Write linear equations from graphs, tables, and situations.",3.2-REVIEW-RETRIEVAL,WU2-Q3,PROC-DIRECT-EXECUTE-01,Review representation,constructed response,Review,,1-2,Apply,
U3-S32-WU2-004,Warm-Up 2,3.2,Warm-Up 2 Q4,"Interpret and rewrite algebraic expressions by identifying structure, meaning, and equivalent forms.",3.2-MASTERY-RETRIEVAL,WU2-Q4,PROC-DIRECT-EXECUTE-01,Mastery representation,constructed response,Mastery,U3-MG03,1-2,Apply,
U3-S32-WU3-001,Warm-Up 3,3.2,Warm-Up 3 Q1,I can assess which algebraic method is more efficient for a given system.,3.2-INTRO-RETRIEVAL,WU3-Q1,PROC-DIRECT-EXECUTE-01,Current-section representation,constructed response,Intro,,1-2,Apply,
U3-S32-WU3-002,Warm-Up 3,3.2,Warm-Up 3 Q2,"Write linear equations from graphs, tables, and situations.",3.2-REVIEW-RETRIEVAL,WU3-Q2,PROC-DIRECT-EXECUTE-01,Review representation,constructed response,Review,,1-2,Apply,
U3-S32-WU3-003,Warm-Up 3,3.2,Warm-Up 3 Q3,"Interpret and rewrite algebraic expressions by identifying structure, meaning, and equivalent forms.",3.2-MASTERY-RETRIEVAL,WU3-Q3,PROC-DIRECT-EXECUTE-01,Mastery representation,constructed response,Mastery,U3-MG03,1-2,Apply,
U3-S32-WU3-004,Warm-Up 3,3.2,Warm-Up 3 Q4,"Interpret and rewrite algebraic expressions by identifying structure, meaning, and equivalent forms.",3.2-MASTERY-RETRIEVAL,WU3-Q4,PROC-DIRECT-EXECUTE-01,Mastery representation,constructed response,Mastery,U3-MG03,1-2,Apply,
U3-S32-ETA-001,Exit Ticket A,3.2,Exit Ticket A Q1,I can formulate a substitution plan when one equation is already written in an efficient form.,3.2-EXIT-INTRO,ETA-Q1,EVIDENCE-SHORT-MICROSET-01,Current-section representation,constructed response,Intro,,1-2,Apply,
U3-S32-ETA-002,Exit Ticket A,3.2,Exit Ticket A Q2,I can apply substitution to solve systems and interpret the ordered-pair solution.,3.2-EXIT-INTRO,ETA-Q2,EVIDENCE-SHORT-MICROSET-01,Current-section representation,constructed response,Intro,,1-2,Apply,
U3-S32-ETA-003,Exit Ticket A,3.2,Exit Ticket A Q3,I can assess which algebraic method is more efficient for a given system.,3.2-EXIT-INTRO,ETA-Q3,EVIDENCE-SHORT-MICROSET-01,Current-section representation,constructed response,Intro,,1-2,Apply,
U3-S32-ETA-004,Exit Ticket A,3.2,Exit Ticket A Q4,I can apply substitution to solve systems and interpret the ordered-pair solution.,3.2-EXIT-INTRO,ETA-Q4,EVIDENCE-SHORT-MICROSET-01,Current-section representation,constructed response,Intro,,1-2,Apply,
U3-S32-ETB-001,Exit Ticket B,3.2,Exit Ticket B Q1,"Write linear equations from graphs, tables, and situations.",3.2-EXIT-REVIEW,ETB-Q1,EVIDENCE-SHORT-MICROSET-01,Review representation,constructed response,Review,,1-2,Apply,
U3-S32-ETB-002,Exit Ticket B,3.2,Exit Ticket B Q2,"Write linear equations from graphs, tables, and situations.",3.2-EXIT-REVIEW,ETB-Q2,EVIDENCE-SHORT-MICROSET-01,Review representation,constructed response,Review,,1-2,Apply,
U3-S32-ETB-003,Exit Ticket B,3.2,Exit Ticket B Q3,"Write linear equations from graphs, tables, and situations.",3.2-EXIT-REVIEW,ETB-Q3,EVIDENCE-SHORT-MICROSET-01,Review representation,constructed response,Review,,1-2,Apply,
U3-S32-ETB-004,Exit Ticket B,3.2,Exit Ticket B Q4,"Write linear equations from graphs, tables, and situations.",3.2-EXIT-REVIEW,ETB-Q4,EVIDENCE-SHORT-MICROSET-01,Review representation,constructed response,Review,,1-2,Apply,
U3-S32-ETC-001,Exit Ticket C,3.2,Exit Ticket C Q1,"Interpret and rewrite algebraic expressions by identifying structure, meaning, and equivalent forms.",3.2-EXIT-MASTERY,ETC-Q1,EVIDENCE-SHORT-MICROSET-01,Mastery representation,constructed response,Mastery,U3-MG03,1-2,Apply,
U3-S32-ETC-002,Exit Ticket C,3.2,Exit Ticket C Q2,"Interpret and rewrite algebraic expressions by identifying structure, meaning, and equivalent forms.",3.2-EXIT-MASTERY,ETC-Q2,EVIDENCE-SHORT-MICROSET-01,Mastery representation,constructed response,Mastery,U3-MG03,1-2,Apply,
U3-S32-ETC-003,Exit Ticket C,3.2,Exit Ticket C Q3,"Interpret and rewrite algebraic expressions by identifying structure, meaning, and equivalent forms.",3.2-EXIT-MASTERY,ETC-Q3,EVIDENCE-SHORT-MICROSET-01,Mastery representation,constructed response,Mastery,U3-MG03,1-2,Apply,
U3-S32-ETC-004,Exit Ticket C,3.2,Exit Ticket C Q4,"Interpret and rewrite algebraic expressions by identifying structure, meaning, and equivalent forms.",3.2-EXIT-MASTERY,ETC-Q4,EVIDENCE-SHORT-MICROSET-01,Mastery representation,constructed response,Mastery,U3-MG03,1-2,Apply,
U3-S33-WU1-001,Warm-Up 1,3.3,Warm-Up 1 Q1,"Accurately perform operations with integers, fractions, and decimals while interpreting results in mathematical and contextual situations.",DIAMOND-INTEGER-RETRIEVAL,WU1-Q1,FACTORPAIR-SUM-PRODUCT-PUZZLE-01,Diamond diagram,constructed response,Retrieval,,1-2,Apply,
U3-S33-WU1-002,Warm-Up 1,3.3,Warm-Up 1 Q2,Use linear models to represent and interpret real-world data.,3.3-REVIEW-RETRIEVAL,WU1-Q2,PROC-DIRECT-EXECUTE-01,Review representation,constructed response,Review,,1-2,Apply,
U3-S33-WU1-003,Warm-Up 1,3.3,Warm-Up 1 Q3,Use linear models to represent and interpret real-world data.,3.3-REVIEW-RETRIEVAL,WU1-Q3,PROC-DIRECT-EXECUTE-01,Review representation,constructed response,Review,,1-2,Apply,
U3-S33-WU1-004,Warm-Up 1,3.3,Warm-Up 1 Q4,Use linear models to represent and interpret real-world data.,3.3-REVIEW-RETRIEVAL,WU1-Q4,PROC-DIRECT-EXECUTE-01,Review representation,constructed response,Review,,1-2,Apply,
U3-S33-WU2-001,Warm-Up 2,3.3,Warm-Up 2 Q1,I can build a system of equations that represents two constraints in a situation.,3.3-INTRO-RETRIEVAL,WU2-Q1,PROC-DIRECT-EXECUTE-01,Current-section representation,constructed response,Intro,,1-2,Apply,
U3-S33-WU2-002,Warm-Up 2,3.3,Warm-Up 2 Q2,I can predict the meaning of a solution before solving from the context and variables.,3.3-INTRO-RETRIEVAL,WU2-Q2,PROC-DIRECT-EXECUTE-01,Current-section representation,constructed response,Intro,,1-2,Apply,
U3-S33-WU2-003,Warm-Up 2,3.3,Warm-Up 2 Q3,Use linear models to represent and interpret real-world data.,3.3-REVIEW-RETRIEVAL,WU2-Q3,PROC-DIRECT-EXECUTE-01,Review representation,constructed response,Review,,1-2,Apply,
U3-S33-WU2-004,Warm-Up 2,3.3,Warm-Up 2 Q4,"Write, solve, and interpret equations that model situations.",3.3-MASTERY-RETRIEVAL,WU2-Q4,PROC-DIRECT-EXECUTE-01,Mastery representation,constructed response,Mastery,U3-MG04,1-2,Apply,
U3-S33-WU3-001,Warm-Up 3,3.3,Warm-Up 3 Q1,"I can design a solution pathway that connects equations, calculations, and a contextual conclusion.",3.3-INTRO-RETRIEVAL,WU3-Q1,PROC-DIRECT-EXECUTE-01,Current-section representation,constructed response,Intro,,1-2,Apply,
U3-S33-WU3-002,Warm-Up 3,3.3,Warm-Up 3 Q2,Use linear models to represent and interpret real-world data.,3.3-REVIEW-RETRIEVAL,WU3-Q2,PROC-DIRECT-EXECUTE-01,Review representation,constructed response,Review,,1-2,Apply,
U3-S33-WU3-003,Warm-Up 3,3.3,Warm-Up 3 Q3,"Write, solve, and interpret equations that model situations.",3.3-MASTERY-RETRIEVAL,WU3-Q3,PROC-DIRECT-EXECUTE-01,Mastery representation,constructed response,Mastery,U3-MG04,1-2,Apply,
U3-S33-WU3-004,Warm-Up 3,3.3,Warm-Up 3 Q4,"Write, solve, and interpret equations that model situations.",3.3-MASTERY-RETRIEVAL,WU3-Q4,PROC-DIRECT-EXECUTE-01,Mastery representation,constructed response,Mastery,U3-MG04,1-2,Apply,
U3-S33-ETA-001,Exit Ticket A,3.3,Exit Ticket A Q1,I can build a system of equations that represents two constraints in a situation.,3.3-EXIT-INTRO,ETA-Q1,EVIDENCE-SHORT-MICROSET-01,Current-section representation,constructed response,Intro,,1-2,Apply,
U3-S33-ETA-002,Exit Ticket A,3.3,Exit Ticket A Q2,I can predict the meaning of a solution before solving from the context and variables.,3.3-EXIT-INTRO,ETA-Q2,EVIDENCE-SHORT-MICROSET-01,Current-section representation,constructed response,Intro,,1-2,Apply,
U3-S33-ETA-003,Exit Ticket A,3.3,Exit Ticket A Q3,"I can design a solution pathway that connects equations, calculations, and a contextual conclusion.",3.3-EXIT-INTRO,ETA-Q3,EVIDENCE-SHORT-MICROSET-01,Current-section representation,constructed response,Intro,,1-2,Apply,
U3-S33-ETA-004,Exit Ticket A,3.3,Exit Ticket A Q4,"I can design a solution pathway that connects equations, calculations, and a contextual conclusion.",3.3-EXIT-INTRO,ETA-Q4,EVIDENCE-SHORT-MICROSET-01,Current-section representation,constructed response,Intro,,1-2,Apply,
U3-S33-ETB-001,Exit Ticket B,3.3,Exit Ticket B Q1,Use linear models to represent and interpret real-world data.,3.3-EXIT-REVIEW,ETB-Q1,EVIDENCE-SHORT-MICROSET-01,Review representation,constructed response,Review,,1-2,Apply,
U3-S33-ETB-002,Exit Ticket B,3.3,Exit Ticket B Q2,Use linear models to represent and interpret real-world data.,3.3-EXIT-REVIEW,ETB-Q2,EVIDENCE-SHORT-MICROSET-01,Review representation,constructed response,Review,,1-2,Apply,
U3-S33-ETB-003,Exit Ticket B,3.3,Exit Ticket B Q3,Use linear models to represent and interpret real-world data.,3.3-EXIT-REVIEW,ETB-Q3,EVIDENCE-SHORT-MICROSET-01,Review representation,constructed response,Review,,1-2,Apply,
U3-S33-ETB-004,Exit Ticket B,3.3,Exit Ticket B Q4,Use linear models to represent and interpret real-world data.,3.3-EXIT-REVIEW,ETB-Q4,EVIDENCE-SHORT-MICROSET-01,Review representation,constructed response,Review,,1-2,Apply,
U3-S33-ETC-001,Exit Ticket C,3.3,Exit Ticket C Q1,"Write, solve, and interpret equations that model situations.",3.3-EXIT-MASTERY,ETC-Q1,EVIDENCE-SHORT-MICROSET-01,Mastery representation,constructed response,Mastery,U3-MG04,1-2,Apply,
U3-S33-ETC-002,Exit Ticket C,3.3,Exit Ticket C Q2,"Write, solve, and interpret equations that model situations.",3.3-EXIT-MASTERY,ETC-Q2,EVIDENCE-SHORT-MICROSET-01,Mastery representation,constructed response,Mastery,U3-MG04,1-2,Apply,
U3-S33-ETC-003,Exit Ticket C,3.3,Exit Ticket C Q3,"Write, solve, and interpret equations that model situations.",3.3-EXIT-MASTERY,ETC-Q3,EVIDENCE-SHORT-MICROSET-01,Mastery representation,constructed response,Mastery,U3-MG04,1-2,Apply,
U3-S33-ETC-004,Exit Ticket C,3.3,Exit Ticket C Q4,"Write, solve, and interpret equations that model situations.",3.3-EXIT-MASTERY,ETC-Q4,EVIDENCE-SHORT-MICROSET-01,Mastery representation,constructed response,Mastery,U3-MG04,1-2,Apply,
U3-S34-WU1-001,Warm-Up 1,3.4,Warm-Up 1 Q1,"Accurately perform operations with integers, fractions, and decimals while interpreting results in mathematical and contextual situations.",DIAMOND-INTEGER-RETRIEVAL,WU1-Q1,FACTORPAIR-SUM-PRODUCT-PUZZLE-01,Diamond diagram,constructed response,Retrieval,,1-2,Apply,
U3-S34-WU1-002,Warm-Up 1,3.4,Warm-Up 1 Q2,Interpret slope as a measure of constant rate of change.,3.4-REVIEW-RETRIEVAL,WU1-Q2,PROC-DIRECT-EXECUTE-01,Review representation,constructed response,Review,,1-2,Apply,
U3-S34-WU1-003,Warm-Up 1,3.4,Warm-Up 1 Q3,Interpret slope as a measure of constant rate of change.,3.4-REVIEW-RETRIEVAL,WU1-Q3,PROC-DIRECT-EXECUTE-01,Review representation,constructed response,Review,,1-2,Apply,
U3-S34-WU1-004,Warm-Up 1,3.4,Warm-Up 1 Q4,Interpret slope as a measure of constant rate of change.,3.4-REVIEW-RETRIEVAL,WU1-Q4,PROC-DIRECT-EXECUTE-01,Review representation,constructed response,Review,,1-2,Apply,
U3-S34-WU2-001,Warm-Up 2,3.4,Warm-Up 2 Q1,I can construct a boundary line and shaded region for a linear inequality.,3.4-INTRO-RETRIEVAL,WU2-Q1,PROC-DIRECT-EXECUTE-01,Current-section representation,constructed response,Intro,,1-2,Apply,
U3-S34-WU2-002,Warm-Up 2,3.4,Warm-Up 2 Q2,I can use test points to interpret which region satisfies an inequality.,3.4-INTRO-RETRIEVAL,WU2-Q2,PROC-DIRECT-EXECUTE-01,Current-section representation,constructed response,Intro,,1-2,Apply,
U3-S34-WU2-003,Warm-Up 2,3.4,Warm-Up 2 Q3,Interpret slope as a measure of constant rate of change.,3.4-REVIEW-RETRIEVAL,WU2-Q3,PROC-DIRECT-EXECUTE-01,Review representation,constructed response,Review,,1-2,Apply,
U3-S34-WU2-004,Warm-Up 2,3.4,Warm-Up 2 Q4,"Recognize common function families from graphs, tables, equations, and contexts.",3.4-MASTERY-RETRIEVAL,WU2-Q4,PROC-DIRECT-EXECUTE-01,Mastery representation,constructed response,Mastery,U3-MG02,1-2,Apply,
U3-S34-WU3-001,Warm-Up 3,3.4,Warm-Up 3 Q1,"I can critique a graph of a linear inequality using the boundary, shading, and solution region.",3.4-INTRO-RETRIEVAL,WU3-Q1,PROC-DIRECT-EXECUTE-01,Current-section representation,constructed response,Intro,,1-2,Apply,
U3-S34-WU3-002,Warm-Up 3,3.4,Warm-Up 3 Q2,Interpret slope as a measure of constant rate of change.,3.4-REVIEW-RETRIEVAL,WU3-Q2,PROC-DIRECT-EXECUTE-01,Review representation,constructed response,Review,,1-2,Apply,
U3-S34-WU3-003,Warm-Up 3,3.4,Warm-Up 3 Q3,"Recognize common function families from graphs, tables, equations, and contexts.",3.4-MASTERY-RETRIEVAL,WU3-Q3,PROC-DIRECT-EXECUTE-01,Mastery representation,constructed response,Mastery,U3-MG02,1-2,Apply,
U3-S34-WU3-004,Warm-Up 3,3.4,Warm-Up 3 Q4,"Recognize common function families from graphs, tables, equations, and contexts.",3.4-MASTERY-RETRIEVAL,WU3-Q4,PROC-DIRECT-EXECUTE-01,Mastery representation,constructed response,Mastery,U3-MG02,1-2,Apply,
U3-S34-ETA-001,Exit Ticket A,3.4,Exit Ticket A Q1,I can construct a boundary line and shaded region for a linear inequality.,3.4-EXIT-INTRO,ETA-Q1,EVIDENCE-SHORT-MICROSET-01,Current-section representation,constructed response,Intro,,1-2,Apply,
U3-S34-ETA-002,Exit Ticket A,3.4,Exit Ticket A Q2,I can use test points to interpret which region satisfies an inequality.,3.4-EXIT-INTRO,ETA-Q2,EVIDENCE-SHORT-MICROSET-01,Current-section representation,constructed response,Intro,,1-2,Apply,
U3-S34-ETA-003,Exit Ticket A,3.4,Exit Ticket A Q3,"I can critique a graph of a linear inequality using the boundary, shading, and solution region.",3.4-EXIT-INTRO,ETA-Q3,EVIDENCE-SHORT-MICROSET-01,Current-section representation,constructed response,Intro,,1-2,Apply,
U3-S34-ETA-004,Exit Ticket A,3.4,Exit Ticket A Q4,I can construct a boundary line and shaded region for a linear inequality.,3.4-EXIT-INTRO,ETA-Q4,EVIDENCE-SHORT-MICROSET-01,Current-section representation,constructed response,Intro,,1-2,Apply,
U3-S34-ETB-001,Exit Ticket B,3.4,Exit Ticket B Q1,Interpret slope as a measure of constant rate of change.,3.4-EXIT-REVIEW,ETB-Q1,EVIDENCE-SHORT-MICROSET-01,Review representation,constructed response,Review,,1-2,Apply,
U3-S34-ETB-002,Exit Ticket B,3.4,Exit Ticket B Q2,Interpret slope as a measure of constant rate of change.,3.4-EXIT-REVIEW,ETB-Q2,EVIDENCE-SHORT-MICROSET-01,Review representation,constructed response,Review,,1-2,Apply,
U3-S34-ETB-003,Exit Ticket B,3.4,Exit Ticket B Q3,Interpret slope as a measure of constant rate of change.,3.4-EXIT-REVIEW,ETB-Q3,EVIDENCE-SHORT-MICROSET-01,Review representation,constructed response,Review,,1-2,Apply,
U3-S34-ETB-004,Exit Ticket B,3.4,Exit Ticket B Q4,Interpret slope as a measure of constant rate of change.,3.4-EXIT-REVIEW,ETB-Q4,EVIDENCE-SHORT-MICROSET-01,Review representation,constructed response,Review,,1-2,Apply,
U3-S34-ETC-001,Exit Ticket C,3.4,Exit Ticket C Q1,"Recognize common function families from graphs, tables, equations, and contexts.",3.4-EXIT-MASTERY,ETC-Q1,EVIDENCE-SHORT-MICROSET-01,Mastery representation,constructed response,Mastery,U3-MG02,1-2,Apply,
U3-S34-ETC-002,Exit Ticket C,3.4,Exit Ticket C Q2,"Recognize common function families from graphs, tables, equations, and contexts.",3.4-EXIT-MASTERY,ETC-Q2,EVIDENCE-SHORT-MICROSET-01,Mastery representation,constructed response,Mastery,U3-MG02,1-2,Apply,
U3-S34-ETC-003,Exit Ticket C,3.4,Exit Ticket C Q3,"Recognize common function families from graphs, tables, equations, and contexts.",3.4-EXIT-MASTERY,ETC-Q3,EVIDENCE-SHORT-MICROSET-01,Mastery representation,constructed response,Mastery,U3-MG02,1-2,Apply,
U3-S34-ETC-004,Exit Ticket C,3.4,Exit Ticket C Q4,"Recognize common function families from graphs, tables, equations, and contexts.",3.4-EXIT-MASTERY,ETC-Q4,EVIDENCE-SHORT-MICROSET-01,Mastery representation,constructed response,Mastery,U3-MG02,1-2,Apply,
U3-S35-WU1-001,Warm-Up 1,3.5,Warm-Up 1 Q1,"Accurately perform operations with integers, fractions, and decimals while interpreting results in mathematical and contextual situations.",DIAMOND-INTEGER-RETRIEVAL,WU1-Q1,FACTORPAIR-SUM-PRODUCT-PUZZLE-01,Diamond diagram,constructed response,Retrieval,,1-2,Apply,
U3-S35-WU1-002,Warm-Up 1,3.5,Warm-Up 1 Q2,Analyze and compare linear relationships using multiple representations.,3.5-REVIEW-RETRIEVAL,WU1-Q2,PROC-DIRECT-EXECUTE-01,Review representation,constructed response,Review,,1-2,Apply,
U3-S35-WU1-003,Warm-Up 1,3.5,Warm-Up 1 Q3,Analyze and compare linear relationships using multiple representations.,3.5-REVIEW-RETRIEVAL,WU1-Q3,PROC-DIRECT-EXECUTE-01,Review representation,constructed response,Review,,1-2,Apply,
U3-S35-WU1-004,Warm-Up 1,3.5,Warm-Up 1 Q4,Analyze and compare linear relationships using multiple representations.,3.5-REVIEW-RETRIEVAL,WU1-Q4,PROC-DIRECT-EXECUTE-01,Review representation,constructed response,Review,,1-2,Apply,
U3-S35-WU2-001,Warm-Up 2,3.5,Warm-Up 2 Q1,I can formulate a system of inequalities that represents multiple constraints.,3.5-INTRO-RETRIEVAL,WU2-Q1,PROC-DIRECT-EXECUTE-01,Current-section representation,constructed response,Intro,,1-2,Apply,
U3-S35-WU2-002,Warm-Up 2,3.5,Warm-Up 2 Q2,I can extend graphing strategies to represent overlapping solution regions.,3.5-INTRO-RETRIEVAL,WU2-Q2,PROC-DIRECT-EXECUTE-01,Current-section representation,constructed response,Intro,,1-2,Apply,
U3-S35-WU2-003,Warm-Up 2,3.5,Warm-Up 2 Q3,Analyze and compare linear relationships using multiple representations.,3.5-REVIEW-RETRIEVAL,WU2-Q3,PROC-DIRECT-EXECUTE-01,Review representation,constructed response,Review,,1-2,Apply,
U3-S35-WU2-004,Warm-Up 2,3.5,Warm-Up 2 Q4,Interpret functions as rules that connect inputs and outputs without relying on formal domain and range language.,3.5-MASTERY-RETRIEVAL,WU2-Q4,PROC-DIRECT-EXECUTE-01,Mastery representation,constructed response,Mastery,U3-MG02,1-2,Apply,
U3-S35-WU3-001,Warm-Up 3,3.5,Warm-Up 3 Q1,I can apply feasible-region reasoning to interpret possible solutions in context.,3.5-INTRO-RETRIEVAL,WU3-Q1,PROC-DIRECT-EXECUTE-01,Current-section representation,constructed response,Intro,,1-2,Apply,
U3-S35-WU3-002,Warm-Up 3,3.5,Warm-Up 3 Q2,Analyze and compare linear relationships using multiple representations.,3.5-REVIEW-RETRIEVAL,WU3-Q2,PROC-DIRECT-EXECUTE-01,Review representation,constructed response,Review,,1-2,Apply,
U3-S35-WU3-003,Warm-Up 3,3.5,Warm-Up 3 Q3,Interpret functions as rules that connect inputs and outputs without relying on formal domain and range language.,3.5-MASTERY-RETRIEVAL,WU3-Q3,PROC-DIRECT-EXECUTE-01,Mastery representation,constructed response,Mastery,U3-MG02,1-2,Apply,
U3-S35-WU3-004,Warm-Up 3,3.5,Warm-Up 3 Q4,Interpret functions as rules that connect inputs and outputs without relying on formal domain and range language.,3.5-MASTERY-RETRIEVAL,WU3-Q4,PROC-DIRECT-EXECUTE-01,Mastery representation,constructed response,Mastery,U3-MG02,1-2,Apply,
U3-S35-ETA-001,Exit Ticket A,3.5,Exit Ticket A Q1,I can formulate a system of inequalities that represents multiple constraints.,3.5-EXIT-INTRO,ETA-Q1,EVIDENCE-SHORT-MICROSET-01,Current-section representation,constructed response,Intro,,1-2,Apply,
U3-S35-ETA-002,Exit Ticket A,3.5,Exit Ticket A Q2,I can extend graphing strategies to represent overlapping solution regions.,3.5-EXIT-INTRO,ETA-Q2,EVIDENCE-SHORT-MICROSET-01,Current-section representation,constructed response,Intro,,1-2,Apply,
U3-S35-ETA-003,Exit Ticket A,3.5,Exit Ticket A Q3,I can apply feasible-region reasoning to interpret possible solutions in context.,3.5-EXIT-INTRO,ETA-Q3,EVIDENCE-SHORT-MICROSET-01,Current-section representation,constructed response,Intro,,1-2,Apply,
U3-S35-ETA-004,Exit Ticket A,3.5,Exit Ticket A Q4,I can apply feasible-region reasoning to interpret possible solutions in context.,3.5-EXIT-INTRO,ETA-Q4,EVIDENCE-SHORT-MICROSET-01,Current-section representation,constructed response,Intro,,1-2,Apply,
U3-S35-ETB-001,Exit Ticket B,3.5,Exit Ticket B Q1,Analyze and compare linear relationships using multiple representations.,3.5-EXIT-REVIEW,ETB-Q1,EVIDENCE-SHORT-MICROSET-01,Review representation,constructed response,Review,,1-2,Apply,
U3-S35-ETB-002,Exit Ticket B,3.5,Exit Ticket B Q2,Analyze and compare linear relationships using multiple representations.,3.5-EXIT-REVIEW,ETB-Q2,EVIDENCE-SHORT-MICROSET-01,Review representation,constructed response,Review,,1-2,Apply,
U3-S35-ETB-003,Exit Ticket B,3.5,Exit Ticket B Q3,Analyze and compare linear relationships using multiple representations.,3.5-EXIT-REVIEW,ETB-Q3,EVIDENCE-SHORT-MICROSET-01,Review representation,constructed response,Review,,1-2,Apply,
U3-S35-ETB-004,Exit Ticket B,3.5,Exit Ticket B Q4,Analyze and compare linear relationships using multiple representations.,3.5-EXIT-REVIEW,ETB-Q4,EVIDENCE-SHORT-MICROSET-01,Review representation,constructed response,Review,,1-2,Apply,
U3-S35-ETC-001,Exit Ticket C,3.5,Exit Ticket C Q1,Interpret functions as rules that connect inputs and outputs without relying on formal domain and range language.,3.5-EXIT-MASTERY,ETC-Q1,EVIDENCE-SHORT-MICROSET-01,Mastery representation,constructed response,Mastery,U3-MG02,1-2,Apply,
U3-S35-ETC-002,Exit Ticket C,3.5,Exit Ticket C Q2,Interpret functions as rules that connect inputs and outputs without relying on formal domain and range language.,3.5-EXIT-MASTERY,ETC-Q2,EVIDENCE-SHORT-MICROSET-01,Mastery representation,constructed response,Mastery,U3-MG02,1-2,Apply,
U3-S35-ETC-003,Exit Ticket C,3.5,Exit Ticket C Q3,Interpret functions as rules that connect inputs and outputs without relying on formal domain and range language.,3.5-EXIT-MASTERY,ETC-Q3,EVIDENCE-SHORT-MICROSET-01,Mastery representation,constructed response,Mastery,U3-MG02,1-2,Apply,
U3-S35-ETC-004,Exit Ticket C,3.5,Exit Ticket C Q4,Interpret functions as rules that connect inputs and outputs without relying on formal domain and range language.,3.5-EXIT-MASTERY,ETC-Q4,EVIDENCE-SHORT-MICROSET-01,Mastery representation,constructed response,Mastery,U3-MG02,1-2,Apply,
U3-SUM-V1-Q01,Secure Summative V1,Summative,V1 Question 1,"Connect tables, graphs, equations, and contexts that represent the same relationship and use evidence to determine whether representations agree.",SUM-REP-TABLE-EQ,V1-REP-TABLE-EQ,REPTRANS-GRAPH-TABLE-EQUATION-01,Table + Equations,constructed response,Summative,U3-MG01,2,Apply,V1
U3-SUM-V1-Q02,Secure Summative V1,Summative,V1 Question 2,"Connect tables, graphs, equations, and contexts that represent the same relationship and use evidence to determine whether representations agree.",SUM-REP-GRAPH-AGREE,V1-REP-GRAPH-AGREE,GRAPH-INFER-BEHAVIOR-01,Graph + Equation,constructed response,Summative,U3-MG01,2,Apply,V1
U3-SUM-V1-Q03,Secure Summative V1,Summative,V1 Question 3,"Interpret functions through inputs, outputs, rules, and family features, and distinguish common function families using representation evidence.",SUM-FUNCTION-RULE,V1-FUNCTION-RULE,PATTERN-GENERALIZE-CLOSED-FORM-01,Input-output table + Rule,constructed response,Summative,U3-MG02,1-2,Apply,V1
U3-SUM-V1-Q04,Secure Summative V1,Summative,V1 Question 4,"Interpret functions through inputs, outputs, rules, and family features, and distinguish common function families using representation evidence.",SUM-FUNCTION-FAMILY,V1-FUNCTION-FAMILY,CONDITION-CLASSIFY-CASE-01,Table + Family evidence,constructed response,Summative,U3-MG02,2,Apply,V1
U3-SUM-V1-Q05,Secure Summative V1,Summative,V1 Question 5,"Interpret functions through inputs, outputs, rules, and family features, and distinguish common function families using representation evidence.",SUM-FUNCTION-CLAIM,V1-FUNCTION-CLAIM,ERROR-CRITIQUE-CLAIM-01,Claim + Representation reasoning,constructed response,Summative,U3-MG02,2-3,Analyze,V1
U3-SUM-V1-Q06,Secure Summative V1,Summative,V1 Question 6,"Interpret and rewrite algebraic expressions by using structure, grouping, properties, substitution, and equivalent forms.",SUM-EXPR-STRUCTURE,V1-EXPR-STRUCTURE,PROC-DIRECT-EXECUTE-01,Expression,constructed response,Summative,U3-MG03,1-2,Apply,V1
U3-SUM-V1-Q07,Secure Summative V1,Summative,V1 Question 7,"Interpret and rewrite algebraic expressions by using structure, grouping, properties, substitution, and equivalent forms.",SUM-EXPR-EQUIV,V1-EXPR-EQUIV,VERIFY-REASONABLENESS-01,Expression + Substitution,constructed response,Summative,U3-MG03,2,Analyze,V1
U3-SUM-V1-Q08,Secure Summative V1,Summative,V1 Question 8,"Write, solve, and interpret equations that model situations and judge whether solutions are reasonable in context.",SUM-EQUATION-MODEL,V1-EQUATION-MODEL,MODEL-COMPARE-TWO-LINEAR-01,Context + Equation,constructed response,Summative,U3-MG04,2-3,Analyze,V1
U3-SUM-V1-Q09,Secure Summative V1,Summative,V1 Question 9,"Write, solve, and interpret equations that model situations and judge whether solutions are reasonable in context.",SUM-EQUATION-REASONABLE,V1-EQUATION-REASONABLE,VERIFY-REASONABLENESS-01,Context + Equation + Reasonableness,constructed response,Summative,U3-MG04,2,Analyze,V1
U3-SUM-V1-Q10,Secure Summative V1,Summative,V1 Question 10,"Connect tables, graphs, equations, and contexts that represent the same relationship and use evidence to determine whether representations agree.",SUM-INTEGRATED,V1-INTEGRATED,FRQ-MULTIPART-SHARED-CONTEXT-01,Table + Equation + Context,constructed response,Summative,U3-MG01,2-3,Apply,V1
U3-SUM-V2-Q01,Secure Summative V2,Summative,V2 Question 1,"Interpret and rewrite algebraic expressions by using structure, grouping, properties, substitution, and equivalent forms.",SUM-EXPR-STRUCTURE,V2-EXPR-STRUCTURE,PROC-DIRECT-EXECUTE-01,Expression,constructed response,Summative,U3-MG03,1-2,Apply,V2
U3-SUM-V2-Q02,Secure Summative V2,Summative,V2 Question 2,"Connect tables, graphs, equations, and contexts that represent the same relationship and use evidence to determine whether representations agree.",SUM-REP-TABLE-EQ,V2-REP-TABLE-EQ,REPTRANS-GRAPH-TABLE-EQUATION-01,Table + Equations,constructed response,Summative,U3-MG01,2,Apply,V2
U3-SUM-V2-Q03,Secure Summative V2,Summative,V2 Question 3,"Write, solve, and interpret equations that model situations and judge whether solutions are reasonable in context.",SUM-EQUATION-MODEL,V2-EQUATION-MODEL,MODEL-COMPARE-TWO-LINEAR-01,Context + Equation,constructed response,Summative,U3-MG04,2-3,Analyze,V2
U3-SUM-V2-Q04,Secure Summative V2,Summative,V2 Question 4,"Interpret functions through inputs, outputs, rules, and family features, and distinguish common function families using representation evidence.",SUM-FUNCTION-FAMILY,V2-FUNCTION-FAMILY,CONDITION-CLASSIFY-CASE-01,Table + Family evidence,constructed response,Summative,U3-MG02,2,Apply,V2
U3-SUM-V2-Q05,Secure Summative V2,Summative,V2 Question 5,"Connect tables, graphs, equations, and contexts that represent the same relationship and use evidence to determine whether representations agree.",SUM-REP-GRAPH-AGREE,V2-REP-GRAPH-AGREE,GRAPH-INFER-BEHAVIOR-01,Graph + Equation,constructed response,Summative,U3-MG01,2,Apply,V2
U3-SUM-V2-Q06,Secure Summative V2,Summative,V2 Question 6,"Write, solve, and interpret equations that model situations and judge whether solutions are reasonable in context.",SUM-EQUATION-REASONABLE,V2-EQUATION-REASONABLE,VERIFY-REASONABLENESS-01,Context + Equation + Reasonableness,constructed response,Summative,U3-MG04,2,Analyze,V2
U3-SUM-V2-Q07,Secure Summative V2,Summative,V2 Question 7,"Interpret functions through inputs, outputs, rules, and family features, and distinguish common function families using representation evidence.",SUM-FUNCTION-CLAIM,V2-FUNCTION-CLAIM,ERROR-CRITIQUE-CLAIM-01,Claim + Representation reasoning,constructed response,Summative,U3-MG02,2-3,Analyze,V2
U3-SUM-V2-Q08,Secure Summative V2,Summative,V2 Question 8,"Interpret functions through inputs, outputs, rules, and family features, and distinguish common function families using representation evidence.",SUM-FUNCTION-RULE,V2-FUNCTION-RULE,PATTERN-GENERALIZE-CLOSED-FORM-01,Input-output table + Rule,constructed response,Summative,U3-MG02,1-2,Apply,V2
U3-SUM-V2-Q09,Secure Summative V2,Summative,V2 Question 9,"Connect tables, graphs, equations, and contexts that represent the same relationship and use evidence to determine whether representations agree.",SUM-INTEGRATED,V2-INTEGRATED,FRQ-MULTIPART-SHARED-CONTEXT-01,Table + Equation + Context,constructed response,Summative,U3-MG01,2-3,Apply,V2
U3-SUM-V2-Q10,Secure Summative V2,Summative,V2 Question 10,"Interpret and rewrite algebraic expressions by using structure, grouping, properties, substitution, and equivalent forms.",SUM-EXPR-EQUIV,V2-EXPR-EQUIV,VERIFY-REASONABLENESS-01,Expression + Substitution,constructed response,Summative,U3-MG03,2,Analyze,V2
U3-SUM-V3-Q01,Secure Summative V3,Summative,V3 Question 1,"Interpret functions through inputs, outputs, rules, and family features, and distinguish common function families using representation evidence.",SUM-FUNCTION-FAMILY,V3-FUNCTION-FAMILY,CONDITION-CLASSIFY-CASE-01,Table + Family evidence,constructed response,Summative,U3-MG02,2,Apply,V3
U3-SUM-V3-Q02,Secure Summative V3,Summative,V3 Question 2,"Interpret and rewrite algebraic expressions by using structure, grouping, properties, substitution, and equivalent forms.",SUM-EXPR-EQUIV,V3-EXPR-EQUIV,VERIFY-REASONABLENESS-01,Expression + Substitution,constructed response,Summative,U3-MG03,2,Analyze,V3
U3-SUM-V3-Q03,Secure Summative V3,Summative,V3 Question 3,"Connect tables, graphs, equations, and contexts that represent the same relationship and use evidence to determine whether representations agree.",SUM-REP-GRAPH-AGREE,V3-REP-GRAPH-AGREE,GRAPH-INFER-BEHAVIOR-01,Graph + Equation,constructed response,Summative,U3-MG01,2,Apply,V3
U3-SUM-V3-Q04,Secure Summative V3,Summative,V3 Question 4,"Write, solve, and interpret equations that model situations and judge whether solutions are reasonable in context.",SUM-EQUATION-REASONABLE,V3-EQUATION-REASONABLE,VERIFY-REASONABLENESS-01,Context + Equation + Reasonableness,constructed response,Summative,U3-MG04,2,Analyze,V3
U3-SUM-V3-Q05,Secure Summative V3,Summative,V3 Question 5,"Interpret and rewrite algebraic expressions by using structure, grouping, properties, substitution, and equivalent forms.",SUM-EXPR-STRUCTURE,V3-EXPR-STRUCTURE,PROC-DIRECT-EXECUTE-01,Expression,constructed response,Summative,U3-MG03,1-2,Apply,V3
U3-SUM-V3-Q06,Secure Summative V3,Summative,V3 Question 6,"Connect tables, graphs, equations, and contexts that represent the same relationship and use evidence to determine whether representations agree.",SUM-REP-TABLE-EQ,V3-REP-TABLE-EQ,REPTRANS-GRAPH-TABLE-EQUATION-01,Table + Equations,constructed response,Summative,U3-MG01,2,Apply,V3
U3-SUM-V3-Q07,Secure Summative V3,Summative,V3 Question 7,"Connect tables, graphs, equations, and contexts that represent the same relationship and use evidence to determine whether representations agree.",SUM-INTEGRATED,V3-INTEGRATED,FRQ-MULTIPART-SHARED-CONTEXT-01,Table + Equation + Context,constructed response,Summative,U3-MG01,2-3,Apply,V3
U3-SUM-V3-Q08,Secure Summative V3,Summative,V3 Question 8,"Interpret functions through inputs, outputs, rules, and family features, and distinguish common function families using representation evidence.",SUM-FUNCTION-CLAIM,V3-FUNCTION-CLAIM,ERROR-CRITIQUE-CLAIM-01,Claim + Representation reasoning,constructed response,Summative,U3-MG02,2-3,Analyze,V3
U3-SUM-V3-Q09,Secure Summative V3,Summative,V3 Question 9,"Write, solve, and interpret equations that model situations and judge whether solutions are reasonable in context.",SUM-EQUATION-MODEL,V3-EQUATION-MODEL,MODEL-COMPARE-TWO-LINEAR-01,Context + Equation,constructed response,Summative,U3-MG04,2-3,Analyze,V3
U3-SUM-V3-Q10,Secure Summative V3,Summative,V3 Question 10,"Interpret functions through inputs, outputs, rules, and family features, and distinguish common function families using representation evidence.",SUM-FUNCTION-RULE,V3-FUNCTION-RULE,PATTERN-GENERALIZE-CLOSED-FORM-01,Input-output table + Rule,constructed response,Summative,U3-MG02,1-2,Apply,V3
U3-SUM-V4-Q01,Secure Summative V4,Summative,V4 Question 1,"Write, solve, and interpret equations that model situations and judge whether solutions are reasonable in context.",SUM-EQUATION-REASONABLE,V4-EQUATION-REASONABLE,VERIFY-REASONABLENESS-01,Context + Equation + Reasonableness,constructed response,Summative,U3-MG04,2,Analyze,V4
U3-SUM-V4-Q02,Secure Summative V4,Summative,V4 Question 2,"Interpret functions through inputs, outputs, rules, and family features, and distinguish common function families using representation evidence.",SUM-FUNCTION-RULE,V4-FUNCTION-RULE,PATTERN-GENERALIZE-CLOSED-FORM-01,Input-output table + Rule,constructed response,Summative,U3-MG02,1-2,Apply,V4
U3-SUM-V4-Q03,Secure Summative V4,Summative,V4 Question 3,"Interpret functions through inputs, outputs, rules, and family features, and distinguish common function families using representation evidence.",SUM-FUNCTION-CLAIM,V4-FUNCTION-CLAIM,ERROR-CRITIQUE-CLAIM-01,Claim + Representation reasoning,constructed response,Summative,U3-MG02,2-3,Analyze,V4
U3-SUM-V4-Q04,Secure Summative V4,Summative,V4 Question 4,"Connect tables, graphs, equations, and contexts that represent the same relationship and use evidence to determine whether representations agree.",SUM-REP-TABLE-EQ,V4-REP-TABLE-EQ,REPTRANS-GRAPH-TABLE-EQUATION-01,Table + Equations,constructed response,Summative,U3-MG01,2,Apply,V4
U3-SUM-V4-Q05,Secure Summative V4,Summative,V4 Question 5,"Interpret and rewrite algebraic expressions by using structure, grouping, properties, substitution, and equivalent forms.",SUM-EXPR-EQUIV,V4-EXPR-EQUIV,VERIFY-REASONABLENESS-01,Expression + Substitution,constructed response,Summative,U3-MG03,2,Analyze,V4
U3-SUM-V4-Q06,Secure Summative V4,Summative,V4 Question 6,"Connect tables, graphs, equations, and contexts that represent the same relationship and use evidence to determine whether representations agree.",SUM-INTEGRATED,V4-INTEGRATED,FRQ-MULTIPART-SHARED-CONTEXT-01,Table + Equation + Context,constructed response,Summative,U3-MG01,2-3,Apply,V4
U3-SUM-V4-Q07,Secure Summative V4,Summative,V4 Question 7,"Connect tables, graphs, equations, and contexts that represent the same relationship and use evidence to determine whether representations agree.",SUM-REP-GRAPH-AGREE,V4-REP-GRAPH-AGREE,GRAPH-INFER-BEHAVIOR-01,Graph + Equation,constructed response,Summative,U3-MG01,2,Apply,V4
U3-SUM-V4-Q08,Secure Summative V4,Summative,V4 Question 8,"Interpret and rewrite algebraic expressions by using structure, grouping, properties, substitution, and equivalent forms.",SUM-EXPR-STRUCTURE,V4-EXPR-STRUCTURE,PROC-DIRECT-EXECUTE-01,Expression,constructed response,Summative,U3-MG03,1-2,Apply,V4
U3-SUM-V4-Q09,Secure Summative V4,Summative,V4 Question 9,"Interpret functions through inputs, outputs, rules, and family features, and distinguish common function families using representation evidence.",SUM-FUNCTION-FAMILY,V4-FUNCTION-FAMILY,CONDITION-CLASSIFY-CASE-01,Table + Family evidence,constructed response,Summative,U3-MG02,2,Apply,V4
U3-SUM-V4-Q10,Secure Summative V4,Summative,V4 Question 10,"Write, solve, and interpret equations that model situations and judge whether solutions are reasonable in context.",SUM-EQUATION-MODEL,V4-EQUATION-MODEL,MODEL-COMPARE-TWO-LINEAR-01,Context + Equation,constructed response,Summative,U3-MG04,2-3,Analyze,V4
U3-SUM-V5-Q01,Secure Summative V5,Summative,V5 Question 1,"Interpret and rewrite algebraic expressions by using structure, grouping, properties, substitution, and equivalent forms.",SUM-ALT-EXPR-FACTOR,V5-ALT-EXPR-FACTOR,PROC-DIRECT-EXECUTE-01,Expression + Structure,constructed response,Summative,U3-MG03,1-2,Apply,V5
U3-SUM-V5-Q02,Secure Summative V5,Summative,V5 Question 2,"Interpret functions through inputs, outputs, rules, and family features, and distinguish common function families using representation evidence.",SUM-ALT-FAMILY-PATTERN,V5-ALT-FAMILY-PATTERN,CONDITION-CLASSIFY-CASE-01,Table + Family evidence,constructed response,Summative,U3-MG02,2,Apply,V5
U3-SUM-V5-Q03,Secure Summative V5,Summative,V5 Question 3,"Write, solve, and interpret equations that model situations and judge whether solutions are reasonable in context.",SUM-ALT-EQ-AGE,V5-ALT-EQ-AGE,VERIFY-REASONABLENESS-01,Context + Equation,constructed response,Summative,U3-MG04,2,Analyze,V5
U3-SUM-V5-Q04,Secure Summative V5,Summative,V5 Question 4,"Interpret functions through inputs, outputs, rules, and family features, and distinguish common function families using representation evidence.",SUM-ALT-MAPPING,V5-ALT-MAPPING,PATTERN-GENERALIZE-CLOSED-FORM-01,Table + Rule,constructed response,Summative,U3-MG02,1-2,Apply,V5
U3-SUM-V5-Q05,Secure Summative V5,Summative,V5 Question 5,"Interpret functions through inputs, outputs, rules, and family features, and distinguish common function families using representation evidence.",SUM-ALT-RULE-INVERSE,V5-ALT-RULE-INVERSE,INVERSE-GIVEN-OUTPUT-FIND-INPUT-01,Equation + Input-output reasoning,constructed response,Summative,U3-MG02,1-2,Apply,V5
U3-SUM-V5-Q06,Secure Summative V5,Summative,V5 Question 6,"Connect tables, graphs, equations, and contexts that represent the same relationship and use evidence to determine whether representations agree.",SUM-ALT-REP-CONTEXT,V5-ALT-REP-CONTEXT,REPTRANS-GRAPH-TABLE-EQUATION-01,Context + Equation + Student-built table,constructed response,Summative,U3-MG01,2,Apply,V5
U3-SUM-V5-Q07,Secure Summative V5,Summative,V5 Question 7,"Write, solve, and interpret equations that model situations and judge whether solutions are reasonable in context.",SUM-ALT-EQ-RATE,V5-ALT-EQ-RATE,MODEL-COMPARE-TWO-LINEAR-01,Context + Equation,constructed response,Summative,U3-MG04,2-3,Analyze,V5
U3-SUM-V5-Q08,Secure Summative V5,Summative,V5 Question 8,"Connect tables, graphs, equations, and contexts that represent the same relationship and use evidence to determine whether representations agree.",SUM-ALT-REP-MISMATCH,V5-ALT-REP-MISMATCH,ERROR-CRITIQUE-CLAIM-01,Table + Equation + Critique,constructed response,Summative,U3-MG01,2-3,Analyze,V5
U3-SUM-V5-Q09,Secure Summative V5,Summative,V5 Question 9,"Connect tables, graphs, equations, and contexts that represent the same relationship and use evidence to determine whether representations agree.",SUM-ALT-INTEGRATED,V5-ALT-INTEGRATED,FRQ-MULTIPART-SHARED-CONTEXT-01,Table + Context + Equation,constructed response,Summative,U3-MG01,2-3,Apply,V5
U3-SUM-V5-Q10,Secure Summative V5,Summative,V5 Question 10,"Interpret and rewrite algebraic expressions by using structure, grouping, properties, substitution, and equivalent forms.",SUM-ALT-EXPR-CONTEXT,V5-ALT-EXPR-CONTEXT,PROC-DIRECT-EXECUTE-01,Expression,constructed response,Summative,U3-MG03,1-2,Apply,V5
U3-SUM-V6-Q01,Secure Summative V6,Summative,V6 Question 1,"Write, solve, and interpret equations that model situations and judge whether solutions are reasonable in context.",SUM-ALT-EQ-RATE,V6-ALT-EQ-RATE,MODEL-COMPARE-TWO-LINEAR-01,Context + Equation,constructed response,Summative,U3-MG04,2-3,Analyze,V6
U3-SUM-V6-Q02,Secure Summative V6,Summative,V6 Question 2,"Connect tables, graphs, equations, and contexts that represent the same relationship and use evidence to determine whether representations agree.",SUM-ALT-REP-MISMATCH,V6-ALT-REP-MISMATCH,ERROR-CRITIQUE-CLAIM-01,Table + Equation + Critique,constructed response,Summative,U3-MG01,2-3,Analyze,V6
U3-SUM-V6-Q03,Secure Summative V6,Summative,V6 Question 3,"Interpret and rewrite algebraic expressions by using structure, grouping, properties, substitution, and equivalent forms.",SUM-ALT-EXPR-CONTEXT,V6-ALT-EXPR-CONTEXT,PROC-DIRECT-EXECUTE-01,Expression,constructed response,Summative,U3-MG03,1-2,Apply,V6
U3-SUM-V6-Q04,Secure Summative V6,Summative,V6 Question 4,"Interpret functions through inputs, outputs, rules, and family features, and distinguish common function families using representation evidence.",SUM-ALT-RULE-INVERSE,V6-ALT-RULE-INVERSE,INVERSE-GIVEN-OUTPUT-FIND-INPUT-01,Equation + Input-output reasoning,constructed response,Summative,U3-MG02,1-2,Apply,V6
U3-SUM-V6-Q05,Secure Summative V6,Summative,V6 Question 5,"Interpret functions through inputs, outputs, rules, and family features, and distinguish common function families using representation evidence.",SUM-ALT-MAPPING,V6-ALT-MAPPING,PATTERN-GENERALIZE-CLOSED-FORM-01,Table + Rule,constructed response,Summative,U3-MG02,1-2,Apply,V6
U3-SUM-V6-Q06,Secure Summative V6,Summative,V6 Question 6,"Write, solve, and interpret equations that model situations and judge whether solutions are reasonable in context.",SUM-ALT-EQ-AGE,V6-ALT-EQ-AGE,VERIFY-REASONABLENESS-01,Context + Equation,constructed response,Summative,U3-MG04,2,Analyze,V6
U3-SUM-V6-Q07,Secure Summative V6,Summative,V6 Question 7,"Interpret functions through inputs, outputs, rules, and family features, and distinguish common function families using representation evidence.",SUM-ALT-FAMILY-PATTERN,V6-ALT-FAMILY-PATTERN,CONDITION-CLASSIFY-CASE-01,Table + Family evidence,constructed response,Summative,U3-MG02,2,Apply,V6
U3-SUM-V6-Q08,Secure Summative V6,Summative,V6 Question 8,"Connect tables, graphs, equations, and contexts that represent the same relationship and use evidence to determine whether representations agree.",SUM-ALT-INTEGRATED,V6-ALT-INTEGRATED,FRQ-MULTIPART-SHARED-CONTEXT-01,Table + Context + Equation,constructed response,Summative,U3-MG01,2-3,Apply,V6
U3-SUM-V6-Q09,Secure Summative V6,Summative,V6 Question 9,"Connect tables, graphs, equations, and contexts that represent the same relationship and use evidence to determine whether representations agree.",SUM-ALT-REP-CONTEXT,V6-ALT-REP-CONTEXT,REPTRANS-GRAPH-TABLE-EQUATION-01,Context + Equation + Student-built table,constructed response,Summative,U3-MG01,2,Apply,V6
U3-SUM-V6-Q10,Secure Summative V6,Summative,V6 Question 10,"Interpret and rewrite algebraic expressions by using structure, grouping, properties, substitution, and equivalent forms.",SUM-ALT-EXPR-FACTOR,V6-ALT-EXPR-FACTOR,PROC-DIRECT-EXECUTE-01,Expression + Structure,constructed response,Summative,U3-MG03,1-2,Apply,V6
