bank_id,destination,section,label,exact_target,mastery_goal,spiral_stage,question_family_id,variation,task_architecture,representation,response_type,security,summative_version
u5_51_001,WTC,5.1,WTC,Students will identify common factors and use structure to rewrite polynomial expressions.,,Intro,WTC-STRUCTURE-GCF,shared-expression,COHERENT-MULTIPART-SHARED-STIMULUS-01,Equation,constructed/open response,instructional,
u5_52_001,WTC,5.2,WTC,"Students will factor quadratic trinomials using patterns, products, sums, and structure.",,Intro,WTC-PRODUCT-SUM-AREA,rectangle,REPTRANS-AREA-EQUATION-01,Area model,constructed/open response,instructional,
u5_53_001,WTC,5.3,WTC,Students will recognize and factor special polynomial patterns.,,Intro,WTC-PERFECT-SQUARE-AREA,square,REPTRANS-AREA-EQUATION-01,Area model,constructed/open response,instructional,
u5_54_001,WTC,5.4,WTC,"Students will connect factors, zeros, intercepts, and graphs of quadratic functions.",,Intro,WTC-GRAPH-FACTORS-ZEROS,graph-factors,REPTRANS-GRAPH-EQUATION-01,Graph,constructed/open response,instructional,
u5_55_001,WTC,5.5,WTC,"Students will compare standard, vertex, and factored forms of quadratic functions and determine which form best reveals key features.",,Intro,WTC-COMPARE-FORMS,three-forms-one-graph,COMPARE-MODEL-SELECTION-01,Graph + Equation,constructed/open response,instructional,
u5_51_002,Notes Example,5.1,Notes Example 1,I can construct equivalent polynomial expressions by factoring out a greatest common factor.,,Intro,S51-GCF-2TERM,example-1,direct-procedure,Equation,constructed/open response,instructional,
u5_51_003,Notes YTI,5.1,Notes YTI 1,I can construct equivalent polynomial expressions by factoring out a greatest common factor.,,Intro,S51-GCF-2TERM,yti-1,direct-procedure,Equation,constructed/open response,instructional,
u5_51_004,Notes Example,5.1,Notes Example 2,I can construct equivalent polynomial expressions by factoring out a greatest common factor.,,Intro,S51-GCF-VARIABLE,example-2,direct-procedure,Equation,constructed/open response,instructional,
u5_51_005,Notes YTI,5.1,Notes YTI 2,I can construct equivalent polynomial expressions by factoring out a greatest common factor.,,Intro,S51-GCF-VARIABLE,yti-2,direct-procedure,Equation,constructed/open response,instructional,
u5_51_006,Notes Example,5.1,Notes Example 3,I can apply structure to rewrite polynomial expressions in a more useful form.,,Intro,S51-STRUCTURE-3TERM,example-3,direct-procedure,Equation,constructed/open response,instructional,
u5_51_007,Notes YTI,5.1,Notes YTI 3,I can apply structure to rewrite polynomial expressions in a more useful form.,,Intro,S51-STRUCTURE-3TERM,yti-3,direct-procedure,Equation,constructed/open response,instructional,
u5_51_008,Notes Example,5.1,Notes Example 4,I can determine whether a rewritten expression is reasonable by checking common factors and equivalent products.,,Intro,S51-VERIFY,example-4,REPRESENTATION-CONNECTION-01,Equation,constructed/open response,instructional,
u5_51_009,Notes YTI,5.1,Notes YTI 4,I can determine whether a rewritten expression is reasonable by checking common factors and equivalent products.,,Intro,S51-VERIFY,yti-4,REPRESENTATION-CONNECTION-01,Equation,constructed/open response,instructional,
u5_51_010,Notes Example,5.1,Notes Example 5,I can apply structure to rewrite polynomial expressions in a more useful form.,,Intro,S51-TERM-TABLE,example-5,REPRESENTATION-CONNECTION-01,Table,constructed/open response,instructional,
u5_51_011,Notes YTI,5.1,Notes YTI 5,I can apply structure to rewrite polynomial expressions in a more useful form.,,Intro,S51-TERM-TABLE,yti-5,REPRESENTATION-CONNECTION-01,Table,constructed/open response,instructional,
u5_51_012,Notes Example,5.1,Notes Example 6,I can determine whether a rewritten expression is reasonable by checking common factors and equivalent products.,,Intro,S51-ERROR-GCF,example-6,REPRESENTATION-CONNECTION-01,Equation,constructed/open response,instructional,
u5_51_013,Notes YTI,5.1,Notes YTI 6,I can determine whether a rewritten expression is reasonable by checking common factors and equivalent products.,,Intro,S51-ERROR-GCF,yti-6,REPRESENTATION-CONNECTION-01,Equation,constructed/open response,instructional,
u5_52_002,Notes Example,5.2,Notes Example 1,I can build factored forms of quadratic trinomials using product-sum relationships.,,Intro,S52-MONIC-POS,example-1,direct-procedure,Equation,constructed/open response,instructional,
u5_52_003,Notes YTI,5.2,Notes YTI 1,I can build factored forms of quadratic trinomials using product-sum relationships.,,Intro,S52-MONIC-POS,yti-1,direct-procedure,Equation,constructed/open response,instructional,
u5_52_004,Notes Example,5.2,Notes Example 2,I can build factored forms of quadratic trinomials using product-sum relationships.,,Intro,S52-MONIC-MIX,example-2,direct-procedure,Equation,constructed/open response,instructional,
u5_52_005,Notes YTI,5.2,Notes YTI 2,I can build factored forms of quadratic trinomials using product-sum relationships.,,Intro,S52-MONIC-MIX,yti-2,direct-procedure,Equation,constructed/open response,instructional,
u5_52_006,Notes Example,5.2,Notes Example 3,I can use patterns in coefficients and constants to factor quadratic trinomials.,,Intro,S52-NONMONIC,example-3,direct-procedure,Equation,constructed/open response,instructional,
u5_52_007,Notes YTI,5.2,Notes YTI 3,I can use patterns in coefficients and constants to factor quadratic trinomials.,,Intro,S52-NONMONIC,yti-3,direct-procedure,Equation,constructed/open response,instructional,
u5_52_008,Notes Example,5.2,Notes Example 4,I can use patterns in coefficients and constants to factor quadratic trinomials.,,Intro,S52-PRODUCT-SUM-TABLE,example-4,REPRESENTATION-CONNECTION-01,Table,constructed/open response,instructional,
u5_52_009,Notes YTI,5.2,Notes YTI 4,I can use patterns in coefficients and constants to factor quadratic trinomials.,,Intro,S52-PRODUCT-SUM-TABLE,yti-4,REPRESENTATION-CONNECTION-01,Equation,constructed/open response,instructional,
u5_52_010,Notes Example,5.2,Notes Example 5,I can predict missing factors or terms by extending product-sum reasoning.,,Intro,S52-MISSING-FACTOR,example-5,REPRESENTATION-CONNECTION-01,Equation,constructed/open response,instructional,
u5_52_011,Notes YTI,5.2,Notes YTI 5,I can predict missing factors or terms by extending product-sum reasoning.,,Intro,S52-MISSING-FACTOR,yti-5,REPRESENTATION-CONNECTION-01,Equation,constructed/open response,instructional,
u5_52_012,Notes Example,5.2,Notes Example 6,I can predict missing factors or terms by extending product-sum reasoning.,,Intro,S52-ERROR-PRODUCT-SUM,example-6,REPRESENTATION-CONNECTION-01,Equation,constructed/open response,instructional,
u5_52_013,Notes YTI,5.2,Notes YTI 6,I can predict missing factors or terms by extending product-sum reasoning.,,Intro,S52-ERROR-PRODUCT-SUM,yti-6,REPRESENTATION-CONNECTION-01,Equation,constructed/open response,instructional,
u5_53_002,Notes Example,5.3,Notes Example 1,I can apply difference-of-squares and perfect-square-trinomial patterns.,,Intro,S53-DIFF-SQUARES,example-1,direct-procedure,Equation,constructed/open response,instructional,
u5_53_003,Notes YTI,5.3,Notes YTI 1,I can apply difference-of-squares and perfect-square-trinomial patterns.,,Intro,S53-DIFF-SQUARES,yti-1,direct-procedure,Equation,constructed/open response,instructional,
u5_53_004,Notes Example,5.3,Notes Example 2,I can apply difference-of-squares and perfect-square-trinomial patterns.,,Intro,S53-PERFECT-SQUARE,example-2,direct-procedure,Equation,constructed/open response,instructional,
u5_53_005,Notes YTI,5.3,Notes YTI 2,I can apply difference-of-squares and perfect-square-trinomial patterns.,,Intro,S53-PERFECT-SQUARE,yti-2,direct-procedure,Equation,constructed/open response,instructional,
u5_53_006,Notes Example,5.3,Notes Example 3,I can assess whether a polynomial fits a special factoring pattern before rewriting it.,,Intro,S53-PATTERN-CHECK,example-3,REPRESENTATION-CONNECTION-01,Equation,constructed/open response,instructional,
u5_53_007,Notes YTI,5.3,Notes YTI 3,I can assess whether a polynomial fits a special factoring pattern before rewriting it.,,Intro,S53-PATTERN-CHECK,yti-3,REPRESENTATION-CONNECTION-01,Equation,constructed/open response,instructional,
u5_53_008,Notes Example,5.3,Notes Example 4,I can design a strategy for factoring special polynomial patterns.,,Intro,S53-GCF-THEN-SPECIAL,example-4,REPRESENTATION-CONNECTION-01,Equation,constructed/open response,instructional,
u5_53_009,Notes YTI,5.3,Notes YTI 4,I can design a strategy for factoring special polynomial patterns.,,Intro,S53-GCF-THEN-SPECIAL,yti-4,REPRESENTATION-CONNECTION-01,Equation,constructed/open response,instructional,
u5_53_010,Notes Example,5.3,Notes Example 5,I can assess whether a polynomial fits a special factoring pattern before rewriting it.,,Intro,S53-REVERSE-PATTERN,example-5,REPRESENTATION-CONNECTION-01,Equation,constructed/open response,instructional,
u5_53_011,Notes YTI,5.3,Notes YTI 5,I can assess whether a polynomial fits a special factoring pattern before rewriting it.,,Intro,S53-REVERSE-PATTERN,yti-5,REPRESENTATION-CONNECTION-01,Equation,constructed/open response,instructional,
u5_53_012,Notes Example,5.3,Notes Example 6,I can design a strategy for factoring special polynomial patterns.,,Intro,S53-LOOKALIKE-COMPARE,example-6,REPRESENTATION-CONNECTION-01,Equation,constructed/open response,instructional,
u5_53_013,Notes YTI,5.3,Notes YTI 6,I can design a strategy for factoring special polynomial patterns.,,Intro,S53-LOOKALIKE-COMPARE,yti-6,REPRESENTATION-CONNECTION-01,Equation,constructed/open response,instructional,
u5_54_002,Notes Example,5.4,Notes Example 1,I can use factored form to predict zeros and x-intercepts of quadratic graphs.,,Intro,S54-FACTORS-TO-ZEROS,example-1,direct-procedure,Equation,constructed/open response,instructional,
u5_54_003,Notes YTI,5.4,Notes YTI 1,I can use factored form to predict zeros and x-intercepts of quadratic graphs.,,Intro,S54-FACTORS-TO-ZEROS,yti-1,direct-procedure,Equation,constructed/open response,instructional,
u5_54_004,Notes Example,5.4,Notes Example 2,I can formulate quadratic functions in factored form from zeros or intercepts.,,Intro,S54-ZEROS-TO-FACTORS,example-2,direct-procedure,Equation,constructed/open response,instructional,
u5_54_005,Notes YTI,5.4,Notes YTI 2,I can formulate quadratic functions in factored form from zeros or intercepts.,,Intro,S54-ZEROS-TO-FACTORS,yti-2,direct-procedure,Equation,constructed/open response,instructional,
u5_54_006,Notes Example,5.4,Notes Example 3,"I can extend connections among factors, zeros, intercepts, and graph behavior.",,Intro,S54-GRAPH-TO-FACTORS,example-3,REPRESENTATION-CONNECTION-01,Graph,constructed/open response,instructional,
u5_54_007,Notes YTI,5.4,Notes YTI 3,"I can extend connections among factors, zeros, intercepts, and graph behavior.",,Intro,S54-GRAPH-TO-FACTORS,yti-3,REPRESENTATION-CONNECTION-01,Equation,constructed/open response,instructional,
u5_54_008,Notes Example,5.4,Notes Example 4,"I can extend connections among factors, zeros, intercepts, and graph behavior.",,Intro,S54-TABLE-ZEROS,example-4,REPRESENTATION-CONNECTION-01,Table,constructed/open response,instructional,
u5_54_009,Notes YTI,5.4,Notes YTI 4,"I can extend connections among factors, zeros, intercepts, and graph behavior.",,Intro,S54-TABLE-ZEROS,yti-4,REPRESENTATION-CONNECTION-01,Table,constructed/open response,instructional,
u5_54_010,Notes Example,5.4,Notes Example 5,I can use factored form to predict zeros and x-intercepts of quadratic graphs.,,Intro,S54-ZERO-PRODUCT,example-5,REPRESENTATION-CONNECTION-01,Equation,constructed/open response,instructional,
u5_54_011,Notes YTI,5.4,Notes YTI 5,I can use factored form to predict zeros and x-intercepts of quadratic graphs.,,Intro,S54-ZERO-PRODUCT,yti-5,REPRESENTATION-CONNECTION-01,Equation,constructed/open response,instructional,
u5_54_012,Notes Example,5.4,Notes Example 6,I can formulate quadratic functions in factored form from zeros or intercepts.,,Intro,S54-DETERMINE-A,example-6,REPRESENTATION-CONNECTION-01,Equation,constructed/open response,instructional,
u5_54_013,Notes YTI,5.4,Notes YTI 6,I can formulate quadratic functions in factored form from zeros or intercepts.,,Intro,S54-DETERMINE-A,yti-6,REPRESENTATION-CONNECTION-01,Equation,constructed/open response,instructional,
u5_55_002,Notes Example,5.5,Notes Example 1,"I can interpret standard, vertex, and factored forms to read key features of quadratic functions.",,Intro,S55-VERTEX-FROM-FORM,example-1,direct-procedure,Equation,constructed/open response,instructional,
u5_55_003,Notes YTI,5.5,Notes YTI 1,"I can interpret standard, vertex, and factored forms to read key features of quadratic functions.",,Intro,S55-VERTEX-FROM-FORM,yti-1,direct-procedure,Equation,constructed/open response,instructional,
u5_55_004,Notes Example,5.5,Notes Example 2,"I can interpret standard, vertex, and factored forms to read key features of quadratic functions.",,Intro,S55-ZEROS-FROM-FORM,example-2,direct-procedure,Equation,constructed/open response,instructional,
u5_55_005,Notes YTI,5.5,Notes YTI 2,"I can interpret standard, vertex, and factored forms to read key features of quadratic functions.",,Intro,S55-ZEROS-FROM-FORM,yti-2,direct-procedure,Equation,constructed/open response,instructional,
u5_55_006,Notes Example,5.5,Notes Example 3,"I can interpret standard, vertex, and factored forms to read key features of quadratic functions.",,Intro,S55-YINTERCEPT-STANDARD,example-3,direct-procedure,Equation,constructed/open response,instructional,
u5_55_007,Notes YTI,5.5,Notes YTI 3,"I can interpret standard, vertex, and factored forms to read key features of quadratic functions.",,Intro,S55-YINTERCEPT-STANDARD,yti-3,direct-procedure,Equation,constructed/open response,instructional,
u5_55_008,Notes Example,5.5,Notes Example 4,I can construct equivalent quadratic forms to reveal different key features.,,Intro,S55-FACTORED-TO-STANDARD,example-4,direct-procedure,Equation,constructed/open response,instructional,
u5_55_009,Notes YTI,5.5,Notes YTI 4,I can construct equivalent quadratic forms to reveal different key features.,,Intro,S55-FACTORED-TO-STANDARD,yti-4,direct-procedure,Equation,constructed/open response,instructional,
u5_55_010,Notes Example,5.5,Notes Example 5,"I can interpret standard, vertex, and factored forms to read key features of quadratic functions.",,Intro,S55-FORM-FEATURE-MATCH,example-5,REPRESENTATION-CONNECTION-01,Graph + Equation,constructed/open response,instructional,
u5_55_011,Notes YTI,5.5,Notes YTI 5,"I can interpret standard, vertex, and factored forms to read key features of quadratic functions.",,Intro,S55-FORM-FEATURE-MATCH,yti-5,REPRESENTATION-CONNECTION-01,Equation,constructed/open response,instructional,
u5_55_012,Notes Example,5.5,Notes Example 6,I can critique which quadratic form best supports a given question or context.,,Intro,S55-CHOOSE-FORM,example-6,REPRESENTATION-CONNECTION-01,Context,constructed/open response,instructional,
u5_55_013,Notes YTI,5.5,Notes YTI 6,I can critique which quadratic form best supports a given question or context.,,Intro,S55-CHOOSE-FORM,yti-6,REPRESENTATION-CONNECTION-01,Context,constructed/open response,instructional,
u5_51_014,Practice Set 1,5.1,Practice Set 1 — 1,I can construct equivalent polynomial expressions by factoring out a greatest common factor.,,Intro,S51-GCF-2TERM,form1-q01,direct-procedure,Equation,constructed/open response,instructional,
u5_51_015,Practice Set 1,5.1,Practice Set 1 — 2,I can construct equivalent polynomial expressions by factoring out a greatest common factor.,,Intro,S51-GCF-2TERM,form1-q02,direct-procedure,Equation,constructed/open response,instructional,
u5_51_016,Practice Set 1,5.1,Practice Set 1 — 3,I can construct equivalent polynomial expressions by factoring out a greatest common factor.,,Intro,S51-GCF-2TERM,form1-q03,direct-procedure,Equation,constructed/open response,instructional,
u5_51_017,Practice Set 1,5.1,Practice Set 1 — 4,I can construct equivalent polynomial expressions by factoring out a greatest common factor.,,Intro,S51-GCF-2TERM,form1-q04,direct-procedure,Equation,constructed/open response,instructional,
u5_51_018,Practice Set 1,5.1,Practice Set 1 — 5,I can construct equivalent polynomial expressions by factoring out a greatest common factor.,,Intro,S51-GCF-3TERM,form1-q05,direct-procedure,Equation,constructed/open response,instructional,
u5_51_019,Practice Set 1,5.1,Practice Set 1 — 6,I can construct equivalent polynomial expressions by factoring out a greatest common factor.,,Intro,S51-GCF-3TERM,form1-q06,direct-procedure,Equation,constructed/open response,instructional,
u5_51_020,Practice Set 1,5.1,Practice Set 1 — 7,I can construct equivalent polynomial expressions by factoring out a greatest common factor.,,Intro,S51-GCF-3TERM,form1-q07,direct-procedure,Equation,constructed/open response,instructional,
u5_51_021,Practice Set 1,5.1,Practice Set 1 — 8,I can construct equivalent polynomial expressions by factoring out a greatest common factor.,,Intro,S51-GCF-3TERM,form1-q08,direct-procedure,Equation,constructed/open response,instructional,
u5_51_022,Practice Set 1,5.1,Practice Set 1 — 9,I can construct equivalent polynomial expressions by factoring out a greatest common factor.,,Intro,S51-GCF-VARIABLE,form1-q09,direct-procedure,Equation,constructed/open response,instructional,
u5_51_023,Practice Set 1,5.1,Practice Set 1 — 10,I can construct equivalent polynomial expressions by factoring out a greatest common factor.,,Intro,S51-GCF-VARIABLE,form1-q10,direct-procedure,Equation,constructed/open response,instructional,
u5_51_024,Practice Set 1,5.1,Practice Set 1 — 11,I can construct equivalent polynomial expressions by factoring out a greatest common factor.,,Intro,S51-GCF-VARIABLE,form1-q11,direct-procedure,Equation,constructed/open response,instructional,
u5_51_025,Practice Set 1,5.1,Practice Set 1 — 12,I can construct equivalent polynomial expressions by factoring out a greatest common factor.,,Intro,S51-GCF-VARIABLE,form1-q12,direct-procedure,Equation,constructed/open response,instructional,
u5_51_026,Practice Set 1,5.1,Practice Set 1 — 13,I can apply structure to rewrite polynomial expressions in a more useful form.,,Intro,S51-TERM-TABLE,form1-q13,REPTRANS-TABLE-EQUATION-01,Table,constructed/open response,instructional,
u5_51_027,Practice Set 1,5.1,Practice Set 1 — 14,I can apply structure to rewrite polynomial expressions in a more useful form.,,Intro,S51-MISSING-FACTOR,form1-q14,INVERSE-REVERSE-REASONING-01,Equation,constructed/open response,instructional,
u5_51_028,Practice Set 1,5.1,Practice Set 1 — 15,I can determine whether a rewritten expression is reasonable by checking common factors and equivalent products.,,Intro,S51-VERIFY,form1-q15,direct-procedure,Equation,constructed/open response,instructional,
u5_51_029,Practice Set 1,5.1,Practice Set 1 — 16,I can determine whether a rewritten expression is reasonable by checking common factors and equivalent products.,,Intro,S51-ERROR-GCF,form1-q16,ERROR-DIAGNOSE-WORKED-SOLUTION-01,Equation,constructed/open response,instructional,
u5_51_030,Practice Set 1,5.1,Practice Set 1 — 17,I can construct equivalent polynomial expressions by factoring out a greatest common factor.,,Intro,S51-NEGATIVE-GCF,form1-q17,direct-procedure,Equation,constructed/open response,instructional,
u5_51_031,Practice Set 1,5.1,Practice Set 1 — 18,I can apply structure to rewrite polynomial expressions in a more useful form.,,Intro,S51-AREA-STRUCTURE,form1-q18,REPTRANS-CONTEXT-EQUATION-01,Context,constructed/open response,instructional,
u5_51_032,Practice Set 1,5.1,Practice Set 1 — 19,I can determine whether a rewritten expression is reasonable by checking common factors and equivalent products.,,Intro,S51-COMPARE-FORMS,form1-q19,COMPARE-MODEL-SELECTION-01,Equation,constructed/open response,instructional,
u5_51_033,Practice Set 1,5.1,Practice Set 1 — 20,I can apply structure to rewrite polynomial expressions in a more useful form.,,Intro,S51-REVERSE-EXPAND,form1-q20,INVERSE-REVERSE-REASONING-01,Equation,constructed/open response,instructional,
u5_51_034,Practice Set 1,5.1,Practice Set 1 — 21,I can construct equivalent polynomial expressions by factoring out a greatest common factor.,,Intro,S51-GCF-3TERM,form1-q21,direct-procedure,Equation,constructed/open response,instructional,
u5_51_035,Practice Set 1,5.1,Practice Set 1 — 22,I can determine whether a rewritten expression is reasonable by checking common factors and equivalent products.,,Intro,S51-VERIFY,form1-q22,direct-procedure,Equation,constructed/open response,instructional,
u5_51_036,Practice Set 1,5.1,Practice Set 1 — 23,I can apply structure to rewrite polynomial expressions in a more useful form.,,Intro,S51-SHARED-QUANTITY,form1-q23,REPTRANS-CONTEXT-EQUATION-01,Context,constructed/open response,instructional,
u5_51_037,Practice Set 1,5.1,Practice Set 1 — 24,I can determine whether a rewritten expression is reasonable by checking common factors and equivalent products.,,Intro,S51-CRITIQUE-GCF,form1-q24,COMPARE-MODEL-SELECTION-01,Equation,constructed/open response,instructional,
u5_51_038,Practice Set 2,5.1,Practice Set 2 — 1,I can construct equivalent polynomial expressions by factoring out a greatest common factor.,,Intro,S51-GCF-2TERM,form2-q01,direct-procedure,Equation,constructed/open response,instructional,
u5_51_039,Practice Set 2,5.1,Practice Set 2 — 2,I can construct equivalent polynomial expressions by factoring out a greatest common factor.,,Intro,S51-GCF-2TERM,form2-q02,direct-procedure,Equation,constructed/open response,instructional,
u5_51_040,Practice Set 2,5.1,Practice Set 2 — 3,I can construct equivalent polynomial expressions by factoring out a greatest common factor.,,Intro,S51-GCF-2TERM,form2-q03,direct-procedure,Equation,constructed/open response,instructional,
u5_51_041,Practice Set 2,5.1,Practice Set 2 — 4,I can construct equivalent polynomial expressions by factoring out a greatest common factor.,,Intro,S51-GCF-2TERM,form2-q04,direct-procedure,Equation,constructed/open response,instructional,
u5_51_042,Practice Set 2,5.1,Practice Set 2 — 5,I can construct equivalent polynomial expressions by factoring out a greatest common factor.,,Intro,S51-GCF-3TERM,form2-q05,direct-procedure,Equation,constructed/open response,instructional,
u5_51_043,Practice Set 2,5.1,Practice Set 2 — 6,I can construct equivalent polynomial expressions by factoring out a greatest common factor.,,Intro,S51-GCF-3TERM,form2-q06,direct-procedure,Equation,constructed/open response,instructional,
u5_51_044,Practice Set 2,5.1,Practice Set 2 — 7,I can construct equivalent polynomial expressions by factoring out a greatest common factor.,,Intro,S51-GCF-3TERM,form2-q07,direct-procedure,Equation,constructed/open response,instructional,
u5_51_045,Practice Set 2,5.1,Practice Set 2 — 8,I can construct equivalent polynomial expressions by factoring out a greatest common factor.,,Intro,S51-GCF-3TERM,form2-q08,direct-procedure,Equation,constructed/open response,instructional,
u5_51_046,Practice Set 2,5.1,Practice Set 2 — 9,I can construct equivalent polynomial expressions by factoring out a greatest common factor.,,Intro,S51-GCF-VARIABLE,form2-q09,direct-procedure,Equation,constructed/open response,instructional,
u5_51_047,Practice Set 2,5.1,Practice Set 2 — 10,I can construct equivalent polynomial expressions by factoring out a greatest common factor.,,Intro,S51-GCF-VARIABLE,form2-q10,direct-procedure,Equation,constructed/open response,instructional,
u5_51_048,Practice Set 2,5.1,Practice Set 2 — 11,I can construct equivalent polynomial expressions by factoring out a greatest common factor.,,Intro,S51-GCF-VARIABLE,form2-q11,direct-procedure,Equation,constructed/open response,instructional,
u5_51_049,Practice Set 2,5.1,Practice Set 2 — 12,I can construct equivalent polynomial expressions by factoring out a greatest common factor.,,Intro,S51-GCF-VARIABLE,form2-q12,direct-procedure,Equation,constructed/open response,instructional,
u5_51_050,Practice Set 2,5.1,Practice Set 2 — 13,I can apply structure to rewrite polynomial expressions in a more useful form.,,Intro,S51-TERM-TABLE,form2-q13,REPTRANS-TABLE-EQUATION-01,Table,constructed/open response,instructional,
u5_51_051,Practice Set 2,5.1,Practice Set 2 — 14,I can apply structure to rewrite polynomial expressions in a more useful form.,,Intro,S51-MISSING-FACTOR,form2-q14,INVERSE-REVERSE-REASONING-01,Equation,constructed/open response,instructional,
u5_51_052,Practice Set 2,5.1,Practice Set 2 — 15,I can determine whether a rewritten expression is reasonable by checking common factors and equivalent products.,,Intro,S51-VERIFY,form2-q15,direct-procedure,Equation,constructed/open response,instructional,
u5_51_053,Practice Set 2,5.1,Practice Set 2 — 16,I can determine whether a rewritten expression is reasonable by checking common factors and equivalent products.,,Intro,S51-ERROR-GCF,form2-q16,ERROR-DIAGNOSE-WORKED-SOLUTION-01,Equation,constructed/open response,instructional,
u5_51_054,Practice Set 2,5.1,Practice Set 2 — 17,I can construct equivalent polynomial expressions by factoring out a greatest common factor.,,Intro,S51-NEGATIVE-GCF,form2-q17,direct-procedure,Equation,constructed/open response,instructional,
u5_51_055,Practice Set 2,5.1,Practice Set 2 — 18,I can apply structure to rewrite polynomial expressions in a more useful form.,,Intro,S51-AREA-STRUCTURE,form2-q18,REPTRANS-CONTEXT-EQUATION-01,Context,constructed/open response,instructional,
u5_51_056,Practice Set 2,5.1,Practice Set 2 — 19,I can determine whether a rewritten expression is reasonable by checking common factors and equivalent products.,,Intro,S51-COMPARE-FORMS,form2-q19,COMPARE-MODEL-SELECTION-01,Equation,constructed/open response,instructional,
u5_51_057,Practice Set 2,5.1,Practice Set 2 — 20,I can apply structure to rewrite polynomial expressions in a more useful form.,,Intro,S51-REVERSE-EXPAND,form2-q20,INVERSE-REVERSE-REASONING-01,Equation,constructed/open response,instructional,
u5_51_058,Practice Set 2,5.1,Practice Set 2 — 21,I can construct equivalent polynomial expressions by factoring out a greatest common factor.,,Intro,S51-GCF-3TERM,form2-q21,direct-procedure,Equation,constructed/open response,instructional,
u5_51_059,Practice Set 2,5.1,Practice Set 2 — 22,I can determine whether a rewritten expression is reasonable by checking common factors and equivalent products.,,Intro,S51-VERIFY,form2-q22,direct-procedure,Equation,constructed/open response,instructional,
u5_51_060,Practice Set 2,5.1,Practice Set 2 — 23,I can apply structure to rewrite polynomial expressions in a more useful form.,,Intro,S51-SHARED-QUANTITY,form2-q23,REPTRANS-CONTEXT-EQUATION-01,Context,constructed/open response,instructional,
u5_51_061,Practice Set 2,5.1,Practice Set 2 — 24,I can determine whether a rewritten expression is reasonable by checking common factors and equivalent products.,,Intro,S51-CRITIQUE-GCF,form2-q24,COMPARE-MODEL-SELECTION-01,Equation,constructed/open response,instructional,
u5_51_062,Practice Set 3,5.1,Practice Set 3 — 1,I can construct equivalent polynomial expressions by factoring out a greatest common factor.,,Intro,S51-GCF-2TERM,form3-q01,direct-procedure,Equation,constructed/open response,instructional,
u5_51_063,Practice Set 3,5.1,Practice Set 3 — 2,I can construct equivalent polynomial expressions by factoring out a greatest common factor.,,Intro,S51-GCF-2TERM,form3-q02,direct-procedure,Equation,constructed/open response,instructional,
u5_51_064,Practice Set 3,5.1,Practice Set 3 — 3,I can construct equivalent polynomial expressions by factoring out a greatest common factor.,,Intro,S51-GCF-2TERM,form3-q03,direct-procedure,Equation,constructed/open response,instructional,
u5_51_065,Practice Set 3,5.1,Practice Set 3 — 4,I can construct equivalent polynomial expressions by factoring out a greatest common factor.,,Intro,S51-GCF-2TERM,form3-q04,direct-procedure,Equation,constructed/open response,instructional,
u5_51_066,Practice Set 3,5.1,Practice Set 3 — 5,I can construct equivalent polynomial expressions by factoring out a greatest common factor.,,Intro,S51-GCF-3TERM,form3-q05,direct-procedure,Equation,constructed/open response,instructional,
u5_51_067,Practice Set 3,5.1,Practice Set 3 — 6,I can construct equivalent polynomial expressions by factoring out a greatest common factor.,,Intro,S51-GCF-3TERM,form3-q06,direct-procedure,Equation,constructed/open response,instructional,
u5_51_068,Practice Set 3,5.1,Practice Set 3 — 7,I can construct equivalent polynomial expressions by factoring out a greatest common factor.,,Intro,S51-GCF-3TERM,form3-q07,direct-procedure,Equation,constructed/open response,instructional,
u5_51_069,Practice Set 3,5.1,Practice Set 3 — 8,I can construct equivalent polynomial expressions by factoring out a greatest common factor.,,Intro,S51-GCF-3TERM,form3-q08,direct-procedure,Equation,constructed/open response,instructional,
u5_51_070,Practice Set 3,5.1,Practice Set 3 — 9,I can construct equivalent polynomial expressions by factoring out a greatest common factor.,,Intro,S51-GCF-VARIABLE,form3-q09,direct-procedure,Equation,constructed/open response,instructional,
u5_51_071,Practice Set 3,5.1,Practice Set 3 — 10,I can construct equivalent polynomial expressions by factoring out a greatest common factor.,,Intro,S51-GCF-VARIABLE,form3-q10,direct-procedure,Equation,constructed/open response,instructional,
u5_51_072,Practice Set 3,5.1,Practice Set 3 — 11,I can construct equivalent polynomial expressions by factoring out a greatest common factor.,,Intro,S51-GCF-VARIABLE,form3-q11,direct-procedure,Equation,constructed/open response,instructional,
u5_51_073,Practice Set 3,5.1,Practice Set 3 — 12,I can construct equivalent polynomial expressions by factoring out a greatest common factor.,,Intro,S51-GCF-VARIABLE,form3-q12,direct-procedure,Equation,constructed/open response,instructional,
u5_51_074,Practice Set 3,5.1,Practice Set 3 — 13,I can apply structure to rewrite polynomial expressions in a more useful form.,,Intro,S51-TERM-TABLE,form3-q13,REPTRANS-TABLE-EQUATION-01,Table,constructed/open response,instructional,
u5_51_075,Practice Set 3,5.1,Practice Set 3 — 14,I can apply structure to rewrite polynomial expressions in a more useful form.,,Intro,S51-MISSING-FACTOR,form3-q14,INVERSE-REVERSE-REASONING-01,Equation,constructed/open response,instructional,
u5_51_076,Practice Set 3,5.1,Practice Set 3 — 15,I can determine whether a rewritten expression is reasonable by checking common factors and equivalent products.,,Intro,S51-VERIFY,form3-q15,direct-procedure,Equation,constructed/open response,instructional,
u5_51_077,Practice Set 3,5.1,Practice Set 3 — 16,I can determine whether a rewritten expression is reasonable by checking common factors and equivalent products.,,Intro,S51-ERROR-GCF,form3-q16,ERROR-DIAGNOSE-WORKED-SOLUTION-01,Equation,constructed/open response,instructional,
u5_51_078,Practice Set 3,5.1,Practice Set 3 — 17,I can construct equivalent polynomial expressions by factoring out a greatest common factor.,,Intro,S51-NEGATIVE-GCF,form3-q17,direct-procedure,Equation,constructed/open response,instructional,
u5_51_079,Practice Set 3,5.1,Practice Set 3 — 18,I can apply structure to rewrite polynomial expressions in a more useful form.,,Intro,S51-AREA-STRUCTURE,form3-q18,REPTRANS-CONTEXT-EQUATION-01,Context,constructed/open response,instructional,
u5_51_080,Practice Set 3,5.1,Practice Set 3 — 19,I can determine whether a rewritten expression is reasonable by checking common factors and equivalent products.,,Intro,S51-COMPARE-FORMS,form3-q19,COMPARE-MODEL-SELECTION-01,Equation,constructed/open response,instructional,
u5_51_081,Practice Set 3,5.1,Practice Set 3 — 20,I can apply structure to rewrite polynomial expressions in a more useful form.,,Intro,S51-REVERSE-EXPAND,form3-q20,INVERSE-REVERSE-REASONING-01,Equation,constructed/open response,instructional,
u5_51_082,Practice Set 3,5.1,Practice Set 3 — 21,I can construct equivalent polynomial expressions by factoring out a greatest common factor.,,Intro,S51-GCF-3TERM,form3-q21,direct-procedure,Equation,constructed/open response,instructional,
u5_51_083,Practice Set 3,5.1,Practice Set 3 — 22,I can determine whether a rewritten expression is reasonable by checking common factors and equivalent products.,,Intro,S51-VERIFY,form3-q22,direct-procedure,Equation,constructed/open response,instructional,
u5_51_084,Practice Set 3,5.1,Practice Set 3 — 23,I can apply structure to rewrite polynomial expressions in a more useful form.,,Intro,S51-SHARED-QUANTITY,form3-q23,REPTRANS-CONTEXT-EQUATION-01,Context,constructed/open response,instructional,
u5_51_085,Practice Set 3,5.1,Practice Set 3 — 24,I can determine whether a rewritten expression is reasonable by checking common factors and equivalent products.,,Intro,S51-CRITIQUE-GCF,form3-q24,COMPARE-MODEL-SELECTION-01,Equation,constructed/open response,instructional,
u5_51_086,Extra Practice,5.1,Extra Practice — 1,I can construct equivalent polynomial expressions by factoring out a greatest common factor.,,Intro,S51-GCF-2TERM,form4-q01,direct-procedure,Equation,constructed/open response,instructional,
u5_51_087,Extra Practice,5.1,Extra Practice — 2,I can construct equivalent polynomial expressions by factoring out a greatest common factor.,,Intro,S51-GCF-2TERM,form4-q02,direct-procedure,Equation,constructed/open response,instructional,
u5_51_088,Extra Practice,5.1,Extra Practice — 3,I can construct equivalent polynomial expressions by factoring out a greatest common factor.,,Intro,S51-GCF-2TERM,form4-q03,direct-procedure,Equation,constructed/open response,instructional,
u5_51_089,Extra Practice,5.1,Extra Practice — 4,I can construct equivalent polynomial expressions by factoring out a greatest common factor.,,Intro,S51-GCF-2TERM,form4-q04,direct-procedure,Equation,constructed/open response,instructional,
u5_51_090,Extra Practice,5.1,Extra Practice — 5,I can construct equivalent polynomial expressions by factoring out a greatest common factor.,,Intro,S51-GCF-3TERM,form4-q05,direct-procedure,Equation,constructed/open response,instructional,
u5_51_091,Extra Practice,5.1,Extra Practice — 6,I can construct equivalent polynomial expressions by factoring out a greatest common factor.,,Intro,S51-GCF-3TERM,form4-q06,direct-procedure,Equation,constructed/open response,instructional,
u5_51_092,Extra Practice,5.1,Extra Practice — 7,I can construct equivalent polynomial expressions by factoring out a greatest common factor.,,Intro,S51-GCF-3TERM,form4-q07,direct-procedure,Equation,constructed/open response,instructional,
u5_51_093,Extra Practice,5.1,Extra Practice — 8,I can construct equivalent polynomial expressions by factoring out a greatest common factor.,,Intro,S51-GCF-3TERM,form4-q08,direct-procedure,Equation,constructed/open response,instructional,
u5_51_094,Extra Practice,5.1,Extra Practice — 9,I can construct equivalent polynomial expressions by factoring out a greatest common factor.,,Intro,S51-GCF-VARIABLE,form4-q09,direct-procedure,Equation,constructed/open response,instructional,
u5_51_095,Extra Practice,5.1,Extra Practice — 10,I can construct equivalent polynomial expressions by factoring out a greatest common factor.,,Intro,S51-GCF-VARIABLE,form4-q10,direct-procedure,Equation,constructed/open response,instructional,
u5_51_096,Extra Practice,5.1,Extra Practice — 11,I can construct equivalent polynomial expressions by factoring out a greatest common factor.,,Intro,S51-GCF-VARIABLE,form4-q11,direct-procedure,Equation,constructed/open response,instructional,
u5_51_097,Extra Practice,5.1,Extra Practice — 12,I can construct equivalent polynomial expressions by factoring out a greatest common factor.,,Intro,S51-GCF-VARIABLE,form4-q12,direct-procedure,Equation,constructed/open response,instructional,
u5_51_098,Extra Practice,5.1,Extra Practice — 13,I can apply structure to rewrite polynomial expressions in a more useful form.,,Intro,S51-TERM-TABLE,form4-q13,REPTRANS-TABLE-EQUATION-01,Table,constructed/open response,instructional,
u5_51_099,Extra Practice,5.1,Extra Practice — 14,I can apply structure to rewrite polynomial expressions in a more useful form.,,Intro,S51-MISSING-FACTOR,form4-q14,INVERSE-REVERSE-REASONING-01,Equation,constructed/open response,instructional,
u5_51_100,Extra Practice,5.1,Extra Practice — 15,I can determine whether a rewritten expression is reasonable by checking common factors and equivalent products.,,Intro,S51-VERIFY,form4-q15,direct-procedure,Equation,constructed/open response,instructional,
u5_51_101,Extra Practice,5.1,Extra Practice — 16,I can determine whether a rewritten expression is reasonable by checking common factors and equivalent products.,,Intro,S51-ERROR-GCF,form4-q16,ERROR-DIAGNOSE-WORKED-SOLUTION-01,Equation,constructed/open response,instructional,
u5_51_102,Extra Practice,5.1,Extra Practice — 17,I can construct equivalent polynomial expressions by factoring out a greatest common factor.,,Intro,S51-NEGATIVE-GCF,form4-q17,direct-procedure,Equation,constructed/open response,instructional,
u5_51_103,Extra Practice,5.1,Extra Practice — 18,I can apply structure to rewrite polynomial expressions in a more useful form.,,Intro,S51-AREA-STRUCTURE,form4-q18,REPTRANS-CONTEXT-EQUATION-01,Context,constructed/open response,instructional,
u5_51_104,Extra Practice,5.1,Extra Practice — 19,I can determine whether a rewritten expression is reasonable by checking common factors and equivalent products.,,Intro,S51-COMPARE-FORMS,form4-q19,COMPARE-MODEL-SELECTION-01,Equation,constructed/open response,instructional,
u5_51_105,Extra Practice,5.1,Extra Practice — 20,I can apply structure to rewrite polynomial expressions in a more useful form.,,Intro,S51-REVERSE-EXPAND,form4-q20,INVERSE-REVERSE-REASONING-01,Equation,constructed/open response,instructional,
u5_51_106,Extra Practice,5.1,Extra Practice — 21,I can construct equivalent polynomial expressions by factoring out a greatest common factor.,,Intro,S51-GCF-3TERM,form4-q21,direct-procedure,Equation,constructed/open response,instructional,
u5_51_107,Extra Practice,5.1,Extra Practice — 22,I can determine whether a rewritten expression is reasonable by checking common factors and equivalent products.,,Intro,S51-VERIFY,form4-q22,direct-procedure,Equation,constructed/open response,instructional,
u5_51_108,Extra Practice,5.1,Extra Practice — 23,I can apply structure to rewrite polynomial expressions in a more useful form.,,Intro,S51-SHARED-QUANTITY,form4-q23,REPTRANS-CONTEXT-EQUATION-01,Context,constructed/open response,instructional,
u5_51_109,Extra Practice,5.1,Extra Practice — 24,I can determine whether a rewritten expression is reasonable by checking common factors and equivalent products.,,Intro,S51-CRITIQUE-GCF,form4-q24,COMPARE-MODEL-SELECTION-01,Equation,constructed/open response,instructional,
u5_52_014,Practice Set 1,5.2,Practice Set 1 — 1,I can build factored forms of quadratic trinomials using product-sum relationships.,,Intro,S52-MONIC,form1-q01,direct-procedure,Equation,constructed/open response,instructional,
u5_52_015,Practice Set 1,5.2,Practice Set 1 — 2,I can build factored forms of quadratic trinomials using product-sum relationships.,,Intro,S52-MONIC,form1-q02,direct-procedure,Equation,constructed/open response,instructional,
u5_52_016,Practice Set 1,5.2,Practice Set 1 — 3,I can build factored forms of quadratic trinomials using product-sum relationships.,,Intro,S52-MONIC,form1-q03,direct-procedure,Equation,constructed/open response,instructional,
u5_52_017,Practice Set 1,5.2,Practice Set 1 — 4,I can build factored forms of quadratic trinomials using product-sum relationships.,,Intro,S52-MONIC,form1-q04,direct-procedure,Equation,constructed/open response,instructional,
u5_52_018,Practice Set 1,5.2,Practice Set 1 — 5,I can build factored forms of quadratic trinomials using product-sum relationships.,,Intro,S52-MONIC,form1-q05,direct-procedure,Equation,constructed/open response,instructional,
u5_52_019,Practice Set 1,5.2,Practice Set 1 — 6,I can build factored forms of quadratic trinomials using product-sum relationships.,,Intro,S52-MONIC,form1-q06,direct-procedure,Equation,constructed/open response,instructional,
u5_52_020,Practice Set 1,5.2,Practice Set 1 — 7,I can build factored forms of quadratic trinomials using product-sum relationships.,,Intro,S52-MONIC,form1-q07,direct-procedure,Equation,constructed/open response,instructional,
u5_52_021,Practice Set 1,5.2,Practice Set 1 — 8,I can build factored forms of quadratic trinomials using product-sum relationships.,,Intro,S52-MONIC,form1-q08,direct-procedure,Equation,constructed/open response,instructional,
u5_52_022,Practice Set 1,5.2,Practice Set 1 — 9,I can use patterns in coefficients and constants to factor quadratic trinomials.,,Intro,S52-NONMONIC,form1-q09,direct-procedure,Equation,constructed/open response,instructional,
u5_52_023,Practice Set 1,5.2,Practice Set 1 — 10,I can use patterns in coefficients and constants to factor quadratic trinomials.,,Intro,S52-NONMONIC,form1-q10,direct-procedure,Equation,constructed/open response,instructional,
u5_52_024,Practice Set 1,5.2,Practice Set 1 — 11,I can use patterns in coefficients and constants to factor quadratic trinomials.,,Intro,S52-NONMONIC,form1-q11,direct-procedure,Equation,constructed/open response,instructional,
u5_52_025,Practice Set 1,5.2,Practice Set 1 — 12,I can use patterns in coefficients and constants to factor quadratic trinomials.,,Intro,S52-NONMONIC,form1-q12,direct-procedure,Equation,constructed/open response,instructional,
u5_52_026,Practice Set 1,5.2,Practice Set 1 — 13,I can use patterns in coefficients and constants to factor quadratic trinomials.,,Intro,S52-NONMONIC,form1-q13,direct-procedure,Equation,constructed/open response,instructional,
u5_52_027,Practice Set 1,5.2,Practice Set 1 — 14,I can use patterns in coefficients and constants to factor quadratic trinomials.,,Intro,S52-NONMONIC,form1-q14,direct-procedure,Equation,constructed/open response,instructional,
u5_52_028,Practice Set 1,5.2,Practice Set 1 — 15,I can build factored forms of quadratic trinomials using product-sum relationships.,,Intro,S52-PRODUCT-SUM-TABLE,form1-q15,REPTRANS-TABLE-EQUATION-01,Table,constructed/open response,instructional,
u5_52_029,Practice Set 1,5.2,Practice Set 1 — 16,I can build factored forms of quadratic trinomials using product-sum relationships.,,Intro,S52-PRODUCT-SUM-TABLE,form1-q16,REPTRANS-TABLE-EQUATION-01,Equation,constructed/open response,instructional,
u5_52_030,Practice Set 1,5.2,Practice Set 1 — 17,I can predict missing factors or terms by extending product-sum reasoning.,,Intro,S52-MISSING-FACTOR,form1-q17,INVERSE-REVERSE-REASONING-01,Equation,constructed/open response,instructional,
u5_52_031,Practice Set 1,5.2,Practice Set 1 — 18,I can predict missing factors or terms by extending product-sum reasoning.,,Intro,S52-MISSING-CONSTANT,form1-q18,INVERSE-REVERSE-REASONING-01,Equation,constructed/open response,instructional,
u5_52_032,Practice Set 1,5.2,Practice Set 1 — 19,I can use patterns in coefficients and constants to factor quadratic trinomials.,,Intro,S52-VERIFY,form1-q19,ERROR-DIAGNOSE-WORKED-SOLUTION-01,Equation,constructed/open response,instructional,
u5_52_033,Practice Set 1,5.2,Practice Set 1 — 20,I can use patterns in coefficients and constants to factor quadratic trinomials.,,Intro,S52-AREA-MODEL,form1-q20,REPTRANS-CONTEXT-EQUATION-01,Context,constructed/open response,instructional,
u5_52_034,Practice Set 1,5.2,Practice Set 1 — 21,I can build factored forms of quadratic trinomials using product-sum relationships.,,Intro,S52-MONIC,form1-q21,direct-procedure,Equation,constructed/open response,instructional,
u5_52_035,Practice Set 1,5.2,Practice Set 1 — 22,I can build factored forms of quadratic trinomials using product-sum relationships.,,Intro,S52-MONIC,form1-q22,direct-procedure,Equation,constructed/open response,instructional,
u5_52_036,Practice Set 1,5.2,Practice Set 1 — 23,I can predict missing factors or terms by extending product-sum reasoning.,,Intro,S52-COMPARE-PAIRS,form1-q23,COMPARE-MODEL-SELECTION-01,Equation,constructed/open response,instructional,
u5_52_037,Practice Set 1,5.2,Practice Set 1 — 24,I can predict missing factors or terms by extending product-sum reasoning.,,Intro,S52-SIGN-REASONING,form1-q24,direct-procedure,Equation,constructed/open response,instructional,
u5_52_038,Practice Set 2,5.2,Practice Set 2 — 1,I can build factored forms of quadratic trinomials using product-sum relationships.,,Intro,S52-MONIC,form2-q01,direct-procedure,Equation,constructed/open response,instructional,
u5_52_039,Practice Set 2,5.2,Practice Set 2 — 2,I can build factored forms of quadratic trinomials using product-sum relationships.,,Intro,S52-MONIC,form2-q02,direct-procedure,Equation,constructed/open response,instructional,
u5_52_040,Practice Set 2,5.2,Practice Set 2 — 3,I can build factored forms of quadratic trinomials using product-sum relationships.,,Intro,S52-MONIC,form2-q03,direct-procedure,Equation,constructed/open response,instructional,
u5_52_041,Practice Set 2,5.2,Practice Set 2 — 4,I can build factored forms of quadratic trinomials using product-sum relationships.,,Intro,S52-MONIC,form2-q04,direct-procedure,Equation,constructed/open response,instructional,
u5_52_042,Practice Set 2,5.2,Practice Set 2 — 5,I can build factored forms of quadratic trinomials using product-sum relationships.,,Intro,S52-MONIC,form2-q05,direct-procedure,Equation,constructed/open response,instructional,
u5_52_043,Practice Set 2,5.2,Practice Set 2 — 6,I can build factored forms of quadratic trinomials using product-sum relationships.,,Intro,S52-MONIC,form2-q06,direct-procedure,Equation,constructed/open response,instructional,
u5_52_044,Practice Set 2,5.2,Practice Set 2 — 7,I can build factored forms of quadratic trinomials using product-sum relationships.,,Intro,S52-MONIC,form2-q07,direct-procedure,Equation,constructed/open response,instructional,
u5_52_045,Practice Set 2,5.2,Practice Set 2 — 8,I can build factored forms of quadratic trinomials using product-sum relationships.,,Intro,S52-MONIC,form2-q08,direct-procedure,Equation,constructed/open response,instructional,
u5_52_046,Practice Set 2,5.2,Practice Set 2 — 9,I can use patterns in coefficients and constants to factor quadratic trinomials.,,Intro,S52-NONMONIC,form2-q09,direct-procedure,Equation,constructed/open response,instructional,
u5_52_047,Practice Set 2,5.2,Practice Set 2 — 10,I can use patterns in coefficients and constants to factor quadratic trinomials.,,Intro,S52-NONMONIC,form2-q10,direct-procedure,Equation,constructed/open response,instructional,
u5_52_048,Practice Set 2,5.2,Practice Set 2 — 11,I can use patterns in coefficients and constants to factor quadratic trinomials.,,Intro,S52-NONMONIC,form2-q11,direct-procedure,Equation,constructed/open response,instructional,
u5_52_049,Practice Set 2,5.2,Practice Set 2 — 12,I can use patterns in coefficients and constants to factor quadratic trinomials.,,Intro,S52-NONMONIC,form2-q12,direct-procedure,Equation,constructed/open response,instructional,
u5_52_050,Practice Set 2,5.2,Practice Set 2 — 13,I can use patterns in coefficients and constants to factor quadratic trinomials.,,Intro,S52-NONMONIC,form2-q13,direct-procedure,Equation,constructed/open response,instructional,
u5_52_051,Practice Set 2,5.2,Practice Set 2 — 14,I can use patterns in coefficients and constants to factor quadratic trinomials.,,Intro,S52-NONMONIC,form2-q14,direct-procedure,Equation,constructed/open response,instructional,
u5_52_052,Practice Set 2,5.2,Practice Set 2 — 15,I can build factored forms of quadratic trinomials using product-sum relationships.,,Intro,S52-PRODUCT-SUM-TABLE,form2-q15,REPTRANS-TABLE-EQUATION-01,Table,constructed/open response,instructional,
u5_52_053,Practice Set 2,5.2,Practice Set 2 — 16,I can build factored forms of quadratic trinomials using product-sum relationships.,,Intro,S52-PRODUCT-SUM-TABLE,form2-q16,REPTRANS-TABLE-EQUATION-01,Equation,constructed/open response,instructional,
u5_52_054,Practice Set 2,5.2,Practice Set 2 — 17,I can predict missing factors or terms by extending product-sum reasoning.,,Intro,S52-MISSING-FACTOR,form2-q17,INVERSE-REVERSE-REASONING-01,Equation,constructed/open response,instructional,
u5_52_055,Practice Set 2,5.2,Practice Set 2 — 18,I can predict missing factors or terms by extending product-sum reasoning.,,Intro,S52-MISSING-CONSTANT,form2-q18,INVERSE-REVERSE-REASONING-01,Equation,constructed/open response,instructional,
u5_52_056,Practice Set 2,5.2,Practice Set 2 — 19,I can use patterns in coefficients and constants to factor quadratic trinomials.,,Intro,S52-VERIFY,form2-q19,ERROR-DIAGNOSE-WORKED-SOLUTION-01,Equation,constructed/open response,instructional,
u5_52_057,Practice Set 2,5.2,Practice Set 2 — 20,I can use patterns in coefficients and constants to factor quadratic trinomials.,,Intro,S52-AREA-MODEL,form2-q20,REPTRANS-CONTEXT-EQUATION-01,Context,constructed/open response,instructional,
u5_52_058,Practice Set 2,5.2,Practice Set 2 — 21,I can build factored forms of quadratic trinomials using product-sum relationships.,,Intro,S52-MONIC,form2-q21,direct-procedure,Equation,constructed/open response,instructional,
u5_52_059,Practice Set 2,5.2,Practice Set 2 — 22,I can build factored forms of quadratic trinomials using product-sum relationships.,,Intro,S52-MONIC,form2-q22,direct-procedure,Equation,constructed/open response,instructional,
u5_52_060,Practice Set 2,5.2,Practice Set 2 — 23,I can predict missing factors or terms by extending product-sum reasoning.,,Intro,S52-COMPARE-PAIRS,form2-q23,COMPARE-MODEL-SELECTION-01,Equation,constructed/open response,instructional,
u5_52_061,Practice Set 2,5.2,Practice Set 2 — 24,I can predict missing factors or terms by extending product-sum reasoning.,,Intro,S52-SIGN-REASONING,form2-q24,direct-procedure,Equation,constructed/open response,instructional,
u5_52_062,Practice Set 3,5.2,Practice Set 3 — 1,I can build factored forms of quadratic trinomials using product-sum relationships.,,Intro,S52-MONIC,form3-q01,direct-procedure,Equation,constructed/open response,instructional,
u5_52_063,Practice Set 3,5.2,Practice Set 3 — 2,I can build factored forms of quadratic trinomials using product-sum relationships.,,Intro,S52-MONIC,form3-q02,direct-procedure,Equation,constructed/open response,instructional,
u5_52_064,Practice Set 3,5.2,Practice Set 3 — 3,I can build factored forms of quadratic trinomials using product-sum relationships.,,Intro,S52-MONIC,form3-q03,direct-procedure,Equation,constructed/open response,instructional,
u5_52_065,Practice Set 3,5.2,Practice Set 3 — 4,I can build factored forms of quadratic trinomials using product-sum relationships.,,Intro,S52-MONIC,form3-q04,direct-procedure,Equation,constructed/open response,instructional,
u5_52_066,Practice Set 3,5.2,Practice Set 3 — 5,I can build factored forms of quadratic trinomials using product-sum relationships.,,Intro,S52-MONIC,form3-q05,direct-procedure,Equation,constructed/open response,instructional,
u5_52_067,Practice Set 3,5.2,Practice Set 3 — 6,I can build factored forms of quadratic trinomials using product-sum relationships.,,Intro,S52-MONIC,form3-q06,direct-procedure,Equation,constructed/open response,instructional,
u5_52_068,Practice Set 3,5.2,Practice Set 3 — 7,I can build factored forms of quadratic trinomials using product-sum relationships.,,Intro,S52-MONIC,form3-q07,direct-procedure,Equation,constructed/open response,instructional,
u5_52_069,Practice Set 3,5.2,Practice Set 3 — 8,I can build factored forms of quadratic trinomials using product-sum relationships.,,Intro,S52-MONIC,form3-q08,direct-procedure,Equation,constructed/open response,instructional,
u5_52_070,Practice Set 3,5.2,Practice Set 3 — 9,I can use patterns in coefficients and constants to factor quadratic trinomials.,,Intro,S52-NONMONIC,form3-q09,direct-procedure,Equation,constructed/open response,instructional,
u5_52_071,Practice Set 3,5.2,Practice Set 3 — 10,I can use patterns in coefficients and constants to factor quadratic trinomials.,,Intro,S52-NONMONIC,form3-q10,direct-procedure,Equation,constructed/open response,instructional,
u5_52_072,Practice Set 3,5.2,Practice Set 3 — 11,I can use patterns in coefficients and constants to factor quadratic trinomials.,,Intro,S52-NONMONIC,form3-q11,direct-procedure,Equation,constructed/open response,instructional,
u5_52_073,Practice Set 3,5.2,Practice Set 3 — 12,I can use patterns in coefficients and constants to factor quadratic trinomials.,,Intro,S52-NONMONIC,form3-q12,direct-procedure,Equation,constructed/open response,instructional,
u5_52_074,Practice Set 3,5.2,Practice Set 3 — 13,I can use patterns in coefficients and constants to factor quadratic trinomials.,,Intro,S52-NONMONIC,form3-q13,direct-procedure,Equation,constructed/open response,instructional,
u5_52_075,Practice Set 3,5.2,Practice Set 3 — 14,I can use patterns in coefficients and constants to factor quadratic trinomials.,,Intro,S52-NONMONIC,form3-q14,direct-procedure,Equation,constructed/open response,instructional,
u5_52_076,Practice Set 3,5.2,Practice Set 3 — 15,I can build factored forms of quadratic trinomials using product-sum relationships.,,Intro,S52-PRODUCT-SUM-TABLE,form3-q15,REPTRANS-TABLE-EQUATION-01,Table,constructed/open response,instructional,
u5_52_077,Practice Set 3,5.2,Practice Set 3 — 16,I can build factored forms of quadratic trinomials using product-sum relationships.,,Intro,S52-PRODUCT-SUM-TABLE,form3-q16,REPTRANS-TABLE-EQUATION-01,Equation,constructed/open response,instructional,
u5_52_078,Practice Set 3,5.2,Practice Set 3 — 17,I can predict missing factors or terms by extending product-sum reasoning.,,Intro,S52-MISSING-FACTOR,form3-q17,INVERSE-REVERSE-REASONING-01,Equation,constructed/open response,instructional,
u5_52_079,Practice Set 3,5.2,Practice Set 3 — 18,I can predict missing factors or terms by extending product-sum reasoning.,,Intro,S52-MISSING-CONSTANT,form3-q18,INVERSE-REVERSE-REASONING-01,Equation,constructed/open response,instructional,
u5_52_080,Practice Set 3,5.2,Practice Set 3 — 19,I can use patterns in coefficients and constants to factor quadratic trinomials.,,Intro,S52-VERIFY,form3-q19,ERROR-DIAGNOSE-WORKED-SOLUTION-01,Equation,constructed/open response,instructional,
u5_52_081,Practice Set 3,5.2,Practice Set 3 — 20,I can use patterns in coefficients and constants to factor quadratic trinomials.,,Intro,S52-AREA-MODEL,form3-q20,REPTRANS-CONTEXT-EQUATION-01,Context,constructed/open response,instructional,
u5_52_082,Practice Set 3,5.2,Practice Set 3 — 21,I can build factored forms of quadratic trinomials using product-sum relationships.,,Intro,S52-MONIC,form3-q21,direct-procedure,Equation,constructed/open response,instructional,
u5_52_083,Practice Set 3,5.2,Practice Set 3 — 22,I can build factored forms of quadratic trinomials using product-sum relationships.,,Intro,S52-MONIC,form3-q22,direct-procedure,Equation,constructed/open response,instructional,
u5_52_084,Practice Set 3,5.2,Practice Set 3 — 23,I can predict missing factors or terms by extending product-sum reasoning.,,Intro,S52-COMPARE-PAIRS,form3-q23,COMPARE-MODEL-SELECTION-01,Equation,constructed/open response,instructional,
u5_52_085,Practice Set 3,5.2,Practice Set 3 — 24,I can predict missing factors or terms by extending product-sum reasoning.,,Intro,S52-SIGN-REASONING,form3-q24,direct-procedure,Equation,constructed/open response,instructional,
u5_52_086,Extra Practice,5.2,Extra Practice — 1,I can build factored forms of quadratic trinomials using product-sum relationships.,,Intro,S52-MONIC,form4-q01,direct-procedure,Equation,constructed/open response,instructional,
u5_52_087,Extra Practice,5.2,Extra Practice — 2,I can build factored forms of quadratic trinomials using product-sum relationships.,,Intro,S52-MONIC,form4-q02,direct-procedure,Equation,constructed/open response,instructional,
u5_52_088,Extra Practice,5.2,Extra Practice — 3,I can build factored forms of quadratic trinomials using product-sum relationships.,,Intro,S52-MONIC,form4-q03,direct-procedure,Equation,constructed/open response,instructional,
u5_52_089,Extra Practice,5.2,Extra Practice — 4,I can build factored forms of quadratic trinomials using product-sum relationships.,,Intro,S52-MONIC,form4-q04,direct-procedure,Equation,constructed/open response,instructional,
u5_52_090,Extra Practice,5.2,Extra Practice — 5,I can build factored forms of quadratic trinomials using product-sum relationships.,,Intro,S52-MONIC,form4-q05,direct-procedure,Equation,constructed/open response,instructional,
u5_52_091,Extra Practice,5.2,Extra Practice — 6,I can build factored forms of quadratic trinomials using product-sum relationships.,,Intro,S52-MONIC,form4-q06,direct-procedure,Equation,constructed/open response,instructional,
u5_52_092,Extra Practice,5.2,Extra Practice — 7,I can build factored forms of quadratic trinomials using product-sum relationships.,,Intro,S52-MONIC,form4-q07,direct-procedure,Equation,constructed/open response,instructional,
u5_52_093,Extra Practice,5.2,Extra Practice — 8,I can build factored forms of quadratic trinomials using product-sum relationships.,,Intro,S52-MONIC,form4-q08,direct-procedure,Equation,constructed/open response,instructional,
u5_52_094,Extra Practice,5.2,Extra Practice — 9,I can use patterns in coefficients and constants to factor quadratic trinomials.,,Intro,S52-NONMONIC,form4-q09,direct-procedure,Equation,constructed/open response,instructional,
u5_52_095,Extra Practice,5.2,Extra Practice — 10,I can use patterns in coefficients and constants to factor quadratic trinomials.,,Intro,S52-NONMONIC,form4-q10,direct-procedure,Equation,constructed/open response,instructional,
u5_52_096,Extra Practice,5.2,Extra Practice — 11,I can use patterns in coefficients and constants to factor quadratic trinomials.,,Intro,S52-NONMONIC,form4-q11,direct-procedure,Equation,constructed/open response,instructional,
u5_52_097,Extra Practice,5.2,Extra Practice — 12,I can use patterns in coefficients and constants to factor quadratic trinomials.,,Intro,S52-NONMONIC,form4-q12,direct-procedure,Equation,constructed/open response,instructional,
u5_52_098,Extra Practice,5.2,Extra Practice — 13,I can use patterns in coefficients and constants to factor quadratic trinomials.,,Intro,S52-NONMONIC,form4-q13,direct-procedure,Equation,constructed/open response,instructional,
u5_52_099,Extra Practice,5.2,Extra Practice — 14,I can use patterns in coefficients and constants to factor quadratic trinomials.,,Intro,S52-NONMONIC,form4-q14,direct-procedure,Equation,constructed/open response,instructional,
u5_52_100,Extra Practice,5.2,Extra Practice — 15,I can build factored forms of quadratic trinomials using product-sum relationships.,,Intro,S52-PRODUCT-SUM-TABLE,form4-q15,REPTRANS-TABLE-EQUATION-01,Table,constructed/open response,instructional,
u5_52_101,Extra Practice,5.2,Extra Practice — 16,I can build factored forms of quadratic trinomials using product-sum relationships.,,Intro,S52-PRODUCT-SUM-TABLE,form4-q16,REPTRANS-TABLE-EQUATION-01,Equation,constructed/open response,instructional,
u5_52_102,Extra Practice,5.2,Extra Practice — 17,I can predict missing factors or terms by extending product-sum reasoning.,,Intro,S52-MISSING-FACTOR,form4-q17,INVERSE-REVERSE-REASONING-01,Equation,constructed/open response,instructional,
u5_52_103,Extra Practice,5.2,Extra Practice — 18,I can predict missing factors or terms by extending product-sum reasoning.,,Intro,S52-MISSING-CONSTANT,form4-q18,INVERSE-REVERSE-REASONING-01,Equation,constructed/open response,instructional,
u5_52_104,Extra Practice,5.2,Extra Practice — 19,I can use patterns in coefficients and constants to factor quadratic trinomials.,,Intro,S52-VERIFY,form4-q19,ERROR-DIAGNOSE-WORKED-SOLUTION-01,Equation,constructed/open response,instructional,
u5_52_105,Extra Practice,5.2,Extra Practice — 20,I can use patterns in coefficients and constants to factor quadratic trinomials.,,Intro,S52-AREA-MODEL,form4-q20,REPTRANS-CONTEXT-EQUATION-01,Context,constructed/open response,instructional,
u5_52_106,Extra Practice,5.2,Extra Practice — 21,I can build factored forms of quadratic trinomials using product-sum relationships.,,Intro,S52-MONIC,form4-q21,direct-procedure,Equation,constructed/open response,instructional,
u5_52_107,Extra Practice,5.2,Extra Practice — 22,I can build factored forms of quadratic trinomials using product-sum relationships.,,Intro,S52-MONIC,form4-q22,direct-procedure,Equation,constructed/open response,instructional,
u5_52_108,Extra Practice,5.2,Extra Practice — 23,I can predict missing factors or terms by extending product-sum reasoning.,,Intro,S52-COMPARE-PAIRS,form4-q23,COMPARE-MODEL-SELECTION-01,Equation,constructed/open response,instructional,
u5_52_109,Extra Practice,5.2,Extra Practice — 24,I can predict missing factors or terms by extending product-sum reasoning.,,Intro,S52-SIGN-REASONING,form4-q24,direct-procedure,Equation,constructed/open response,instructional,
u5_53_014,Practice Set 1,5.3,Practice Set 1 — 1,I can apply difference-of-squares and perfect-square-trinomial patterns.,,Intro,S53-DIFF-SQUARES,form1-q01,direct-procedure,Equation,constructed/open response,instructional,
u5_53_015,Practice Set 1,5.3,Practice Set 1 — 2,I can apply difference-of-squares and perfect-square-trinomial patterns.,,Intro,S53-DIFF-SQUARES,form1-q02,direct-procedure,Equation,constructed/open response,instructional,
u5_53_016,Practice Set 1,5.3,Practice Set 1 — 3,I can apply difference-of-squares and perfect-square-trinomial patterns.,,Intro,S53-DIFF-SQUARES,form1-q03,direct-procedure,Equation,constructed/open response,instructional,
u5_53_017,Practice Set 1,5.3,Practice Set 1 — 4,I can apply difference-of-squares and perfect-square-trinomial patterns.,,Intro,S53-DIFF-SQUARES,form1-q04,direct-procedure,Equation,constructed/open response,instructional,
u5_53_018,Practice Set 1,5.3,Practice Set 1 — 5,I can apply difference-of-squares and perfect-square-trinomial patterns.,,Intro,S53-DIFF-SQUARES,form1-q05,direct-procedure,Equation,constructed/open response,instructional,
u5_53_019,Practice Set 1,5.3,Practice Set 1 — 6,I can apply difference-of-squares and perfect-square-trinomial patterns.,,Intro,S53-DIFF-SQUARES,form1-q06,direct-procedure,Equation,constructed/open response,instructional,
u5_53_020,Practice Set 1,5.3,Practice Set 1 — 7,I can apply difference-of-squares and perfect-square-trinomial patterns.,,Intro,S53-PERFECT-SQUARE,form1-q07,direct-procedure,Equation,constructed/open response,instructional,
u5_53_021,Practice Set 1,5.3,Practice Set 1 — 8,I can apply difference-of-squares and perfect-square-trinomial patterns.,,Intro,S53-PERFECT-SQUARE,form1-q08,direct-procedure,Equation,constructed/open response,instructional,
u5_53_022,Practice Set 1,5.3,Practice Set 1 — 9,I can apply difference-of-squares and perfect-square-trinomial patterns.,,Intro,S53-PERFECT-SQUARE,form1-q09,direct-procedure,Equation,constructed/open response,instructional,
u5_53_023,Practice Set 1,5.3,Practice Set 1 — 10,I can apply difference-of-squares and perfect-square-trinomial patterns.,,Intro,S53-PERFECT-SQUARE,form1-q10,direct-procedure,Equation,constructed/open response,instructional,
u5_53_024,Practice Set 1,5.3,Practice Set 1 — 11,I can apply difference-of-squares and perfect-square-trinomial patterns.,,Intro,S53-PERFECT-SQUARE,form1-q11,direct-procedure,Equation,constructed/open response,instructional,
u5_53_025,Practice Set 1,5.3,Practice Set 1 — 12,I can apply difference-of-squares and perfect-square-trinomial patterns.,,Intro,S53-PERFECT-SQUARE,form1-q12,direct-procedure,Equation,constructed/open response,instructional,
u5_53_026,Practice Set 1,5.3,Practice Set 1 — 13,I can assess whether a polynomial fits a special factoring pattern before rewriting it.,,Intro,S53-PATTERN-CHECK,form1-q13,direct-procedure,Equation,constructed/open response,instructional,
u5_53_027,Practice Set 1,5.3,Practice Set 1 — 14,I can assess whether a polynomial fits a special factoring pattern before rewriting it.,,Intro,S53-PATTERN-CHECK,form1-q14,direct-procedure,Equation,constructed/open response,instructional,
u5_53_028,Practice Set 1,5.3,Practice Set 1 — 15,I can assess whether a polynomial fits a special factoring pattern before rewriting it.,,Intro,S53-LOOKALIKE-COMPARE,form1-q15,COMPARE-MODEL-SELECTION-01,Equation,constructed/open response,instructional,
u5_53_029,Practice Set 1,5.3,Practice Set 1 — 16,I can assess whether a polynomial fits a special factoring pattern before rewriting it.,,Intro,S53-ERROR-PATTERN,form1-q16,ERROR-DIAGNOSE-WORKED-SOLUTION-01,Equation,constructed/open response,instructional,
u5_53_030,Practice Set 1,5.3,Practice Set 1 — 17,I can design a strategy for factoring special polynomial patterns.,,Intro,S53-GCF-THEN-SPECIAL,form1-q17,direct-procedure,Equation,constructed/open response,instructional,
u5_53_031,Practice Set 1,5.3,Practice Set 1 — 18,I can design a strategy for factoring special polynomial patterns.,,Intro,S53-GCF-THEN-SPECIAL,form1-q18,direct-procedure,Equation,constructed/open response,instructional,
u5_53_032,Practice Set 1,5.3,Practice Set 1 — 19,I can design a strategy for factoring special polynomial patterns.,,Intro,S53-GCF-THEN-SPECIAL,form1-q19,direct-procedure,Equation,constructed/open response,instructional,
u5_53_033,Practice Set 1,5.3,Practice Set 1 — 20,I can design a strategy for factoring special polynomial patterns.,,Intro,S53-GCF-THEN-SPECIAL,form1-q20,direct-procedure,Equation,constructed/open response,instructional,
u5_53_034,Practice Set 1,5.3,Practice Set 1 — 21,I can assess whether a polynomial fits a special factoring pattern before rewriting it.,,Intro,S53-REVERSE-PATTERN,form1-q21,INVERSE-REVERSE-REASONING-01,Equation,constructed/open response,instructional,
u5_53_035,Practice Set 1,5.3,Practice Set 1 — 22,I can assess whether a polynomial fits a special factoring pattern before rewriting it.,,Intro,S53-REVERSE-PATTERN,form1-q22,INVERSE-REVERSE-REASONING-01,Equation,constructed/open response,instructional,
u5_53_036,Practice Set 1,5.3,Practice Set 1 — 23,I can assess whether a polynomial fits a special factoring pattern before rewriting it.,,Intro,S53-REVERSE-EXPAND,form1-q23,INVERSE-REVERSE-REASONING-01,Equation,constructed/open response,instructional,
u5_53_037,Practice Set 1,5.3,Practice Set 1 — 24,I can assess whether a polynomial fits a special factoring pattern before rewriting it.,,Intro,S53-REVERSE-EXPAND,form1-q24,INVERSE-REVERSE-REASONING-01,Equation,constructed/open response,instructional,
u5_53_038,Practice Set 2,5.3,Practice Set 2 — 1,I can apply difference-of-squares and perfect-square-trinomial patterns.,,Intro,S53-DIFF-SQUARES,form2-q01,direct-procedure,Equation,constructed/open response,instructional,
u5_53_039,Practice Set 2,5.3,Practice Set 2 — 2,I can apply difference-of-squares and perfect-square-trinomial patterns.,,Intro,S53-DIFF-SQUARES,form2-q02,direct-procedure,Equation,constructed/open response,instructional,
u5_53_040,Practice Set 2,5.3,Practice Set 2 — 3,I can apply difference-of-squares and perfect-square-trinomial patterns.,,Intro,S53-DIFF-SQUARES,form2-q03,direct-procedure,Equation,constructed/open response,instructional,
u5_53_041,Practice Set 2,5.3,Practice Set 2 — 4,I can apply difference-of-squares and perfect-square-trinomial patterns.,,Intro,S53-DIFF-SQUARES,form2-q04,direct-procedure,Equation,constructed/open response,instructional,
u5_53_042,Practice Set 2,5.3,Practice Set 2 — 5,I can apply difference-of-squares and perfect-square-trinomial patterns.,,Intro,S53-DIFF-SQUARES,form2-q05,direct-procedure,Equation,constructed/open response,instructional,
u5_53_043,Practice Set 2,5.3,Practice Set 2 — 6,I can apply difference-of-squares and perfect-square-trinomial patterns.,,Intro,S53-DIFF-SQUARES,form2-q06,direct-procedure,Equation,constructed/open response,instructional,
u5_53_044,Practice Set 2,5.3,Practice Set 2 — 7,I can apply difference-of-squares and perfect-square-trinomial patterns.,,Intro,S53-PERFECT-SQUARE,form2-q07,direct-procedure,Equation,constructed/open response,instructional,
u5_53_045,Practice Set 2,5.3,Practice Set 2 — 8,I can apply difference-of-squares and perfect-square-trinomial patterns.,,Intro,S53-PERFECT-SQUARE,form2-q08,direct-procedure,Equation,constructed/open response,instructional,
u5_53_046,Practice Set 2,5.3,Practice Set 2 — 9,I can apply difference-of-squares and perfect-square-trinomial patterns.,,Intro,S53-PERFECT-SQUARE,form2-q09,direct-procedure,Equation,constructed/open response,instructional,
u5_53_047,Practice Set 2,5.3,Practice Set 2 — 10,I can apply difference-of-squares and perfect-square-trinomial patterns.,,Intro,S53-PERFECT-SQUARE,form2-q10,direct-procedure,Equation,constructed/open response,instructional,
u5_53_048,Practice Set 2,5.3,Practice Set 2 — 11,I can apply difference-of-squares and perfect-square-trinomial patterns.,,Intro,S53-PERFECT-SQUARE,form2-q11,direct-procedure,Equation,constructed/open response,instructional,
u5_53_049,Practice Set 2,5.3,Practice Set 2 — 12,I can apply difference-of-squares and perfect-square-trinomial patterns.,,Intro,S53-PERFECT-SQUARE,form2-q12,direct-procedure,Equation,constructed/open response,instructional,
u5_53_050,Practice Set 2,5.3,Practice Set 2 — 13,I can assess whether a polynomial fits a special factoring pattern before rewriting it.,,Intro,S53-PATTERN-CHECK,form2-q13,direct-procedure,Equation,constructed/open response,instructional,
u5_53_051,Practice Set 2,5.3,Practice Set 2 — 14,I can assess whether a polynomial fits a special factoring pattern before rewriting it.,,Intro,S53-PATTERN-CHECK,form2-q14,direct-procedure,Equation,constructed/open response,instructional,
u5_53_052,Practice Set 2,5.3,Practice Set 2 — 15,I can assess whether a polynomial fits a special factoring pattern before rewriting it.,,Intro,S53-LOOKALIKE-COMPARE,form2-q15,COMPARE-MODEL-SELECTION-01,Equation,constructed/open response,instructional,
u5_53_053,Practice Set 2,5.3,Practice Set 2 — 16,I can assess whether a polynomial fits a special factoring pattern before rewriting it.,,Intro,S53-ERROR-PATTERN,form2-q16,ERROR-DIAGNOSE-WORKED-SOLUTION-01,Equation,constructed/open response,instructional,
u5_53_054,Practice Set 2,5.3,Practice Set 2 — 17,I can design a strategy for factoring special polynomial patterns.,,Intro,S53-GCF-THEN-SPECIAL,form2-q17,direct-procedure,Equation,constructed/open response,instructional,
u5_53_055,Practice Set 2,5.3,Practice Set 2 — 18,I can design a strategy for factoring special polynomial patterns.,,Intro,S53-GCF-THEN-SPECIAL,form2-q18,direct-procedure,Equation,constructed/open response,instructional,
u5_53_056,Practice Set 2,5.3,Practice Set 2 — 19,I can design a strategy for factoring special polynomial patterns.,,Intro,S53-GCF-THEN-SPECIAL,form2-q19,direct-procedure,Equation,constructed/open response,instructional,
u5_53_057,Practice Set 2,5.3,Practice Set 2 — 20,I can design a strategy for factoring special polynomial patterns.,,Intro,S53-GCF-THEN-SPECIAL,form2-q20,direct-procedure,Equation,constructed/open response,instructional,
u5_53_058,Practice Set 2,5.3,Practice Set 2 — 21,I can assess whether a polynomial fits a special factoring pattern before rewriting it.,,Intro,S53-REVERSE-PATTERN,form2-q21,INVERSE-REVERSE-REASONING-01,Equation,constructed/open response,instructional,
u5_53_059,Practice Set 2,5.3,Practice Set 2 — 22,I can assess whether a polynomial fits a special factoring pattern before rewriting it.,,Intro,S53-REVERSE-PATTERN,form2-q22,INVERSE-REVERSE-REASONING-01,Equation,constructed/open response,instructional,
u5_53_060,Practice Set 2,5.3,Practice Set 2 — 23,I can assess whether a polynomial fits a special factoring pattern before rewriting it.,,Intro,S53-REVERSE-EXPAND,form2-q23,INVERSE-REVERSE-REASONING-01,Equation,constructed/open response,instructional,
u5_53_061,Practice Set 2,5.3,Practice Set 2 — 24,I can assess whether a polynomial fits a special factoring pattern before rewriting it.,,Intro,S53-REVERSE-EXPAND,form2-q24,INVERSE-REVERSE-REASONING-01,Equation,constructed/open response,instructional,
u5_53_062,Practice Set 3,5.3,Practice Set 3 — 1,I can apply difference-of-squares and perfect-square-trinomial patterns.,,Intro,S53-DIFF-SQUARES,form3-q01,direct-procedure,Equation,constructed/open response,instructional,
u5_53_063,Practice Set 3,5.3,Practice Set 3 — 2,I can apply difference-of-squares and perfect-square-trinomial patterns.,,Intro,S53-DIFF-SQUARES,form3-q02,direct-procedure,Equation,constructed/open response,instructional,
u5_53_064,Practice Set 3,5.3,Practice Set 3 — 3,I can apply difference-of-squares and perfect-square-trinomial patterns.,,Intro,S53-DIFF-SQUARES,form3-q03,direct-procedure,Equation,constructed/open response,instructional,
u5_53_065,Practice Set 3,5.3,Practice Set 3 — 4,I can apply difference-of-squares and perfect-square-trinomial patterns.,,Intro,S53-DIFF-SQUARES,form3-q04,direct-procedure,Equation,constructed/open response,instructional,
u5_53_066,Practice Set 3,5.3,Practice Set 3 — 5,I can apply difference-of-squares and perfect-square-trinomial patterns.,,Intro,S53-DIFF-SQUARES,form3-q05,direct-procedure,Equation,constructed/open response,instructional,
u5_53_067,Practice Set 3,5.3,Practice Set 3 — 6,I can apply difference-of-squares and perfect-square-trinomial patterns.,,Intro,S53-DIFF-SQUARES,form3-q06,direct-procedure,Equation,constructed/open response,instructional,
u5_53_068,Practice Set 3,5.3,Practice Set 3 — 7,I can apply difference-of-squares and perfect-square-trinomial patterns.,,Intro,S53-PERFECT-SQUARE,form3-q07,direct-procedure,Equation,constructed/open response,instructional,
u5_53_069,Practice Set 3,5.3,Practice Set 3 — 8,I can apply difference-of-squares and perfect-square-trinomial patterns.,,Intro,S53-PERFECT-SQUARE,form3-q08,direct-procedure,Equation,constructed/open response,instructional,
u5_53_070,Practice Set 3,5.3,Practice Set 3 — 9,I can apply difference-of-squares and perfect-square-trinomial patterns.,,Intro,S53-PERFECT-SQUARE,form3-q09,direct-procedure,Equation,constructed/open response,instructional,
u5_53_071,Practice Set 3,5.3,Practice Set 3 — 10,I can apply difference-of-squares and perfect-square-trinomial patterns.,,Intro,S53-PERFECT-SQUARE,form3-q10,direct-procedure,Equation,constructed/open response,instructional,
u5_53_072,Practice Set 3,5.3,Practice Set 3 — 11,I can apply difference-of-squares and perfect-square-trinomial patterns.,,Intro,S53-PERFECT-SQUARE,form3-q11,direct-procedure,Equation,constructed/open response,instructional,
u5_53_073,Practice Set 3,5.3,Practice Set 3 — 12,I can apply difference-of-squares and perfect-square-trinomial patterns.,,Intro,S53-PERFECT-SQUARE,form3-q12,direct-procedure,Equation,constructed/open response,instructional,
u5_53_074,Practice Set 3,5.3,Practice Set 3 — 13,I can assess whether a polynomial fits a special factoring pattern before rewriting it.,,Intro,S53-PATTERN-CHECK,form3-q13,direct-procedure,Equation,constructed/open response,instructional,
u5_53_075,Practice Set 3,5.3,Practice Set 3 — 14,I can assess whether a polynomial fits a special factoring pattern before rewriting it.,,Intro,S53-PATTERN-CHECK,form3-q14,direct-procedure,Equation,constructed/open response,instructional,
u5_53_076,Practice Set 3,5.3,Practice Set 3 — 15,I can assess whether a polynomial fits a special factoring pattern before rewriting it.,,Intro,S53-LOOKALIKE-COMPARE,form3-q15,COMPARE-MODEL-SELECTION-01,Equation,constructed/open response,instructional,
u5_53_077,Practice Set 3,5.3,Practice Set 3 — 16,I can assess whether a polynomial fits a special factoring pattern before rewriting it.,,Intro,S53-ERROR-PATTERN,form3-q16,ERROR-DIAGNOSE-WORKED-SOLUTION-01,Equation,constructed/open response,instructional,
u5_53_078,Practice Set 3,5.3,Practice Set 3 — 17,I can design a strategy for factoring special polynomial patterns.,,Intro,S53-GCF-THEN-SPECIAL,form3-q17,direct-procedure,Equation,constructed/open response,instructional,
u5_53_079,Practice Set 3,5.3,Practice Set 3 — 18,I can design a strategy for factoring special polynomial patterns.,,Intro,S53-GCF-THEN-SPECIAL,form3-q18,direct-procedure,Equation,constructed/open response,instructional,
u5_53_080,Practice Set 3,5.3,Practice Set 3 — 19,I can design a strategy for factoring special polynomial patterns.,,Intro,S53-GCF-THEN-SPECIAL,form3-q19,direct-procedure,Equation,constructed/open response,instructional,
u5_53_081,Practice Set 3,5.3,Practice Set 3 — 20,I can design a strategy for factoring special polynomial patterns.,,Intro,S53-GCF-THEN-SPECIAL,form3-q20,direct-procedure,Equation,constructed/open response,instructional,
u5_53_082,Practice Set 3,5.3,Practice Set 3 — 21,I can assess whether a polynomial fits a special factoring pattern before rewriting it.,,Intro,S53-REVERSE-PATTERN,form3-q21,INVERSE-REVERSE-REASONING-01,Equation,constructed/open response,instructional,
u5_53_083,Practice Set 3,5.3,Practice Set 3 — 22,I can assess whether a polynomial fits a special factoring pattern before rewriting it.,,Intro,S53-REVERSE-PATTERN,form3-q22,INVERSE-REVERSE-REASONING-01,Equation,constructed/open response,instructional,
u5_53_084,Practice Set 3,5.3,Practice Set 3 — 23,I can assess whether a polynomial fits a special factoring pattern before rewriting it.,,Intro,S53-REVERSE-EXPAND,form3-q23,INVERSE-REVERSE-REASONING-01,Equation,constructed/open response,instructional,
u5_53_085,Practice Set 3,5.3,Practice Set 3 — 24,I can assess whether a polynomial fits a special factoring pattern before rewriting it.,,Intro,S53-REVERSE-EXPAND,form3-q24,INVERSE-REVERSE-REASONING-01,Equation,constructed/open response,instructional,
u5_53_086,Extra Practice,5.3,Extra Practice — 1,I can apply difference-of-squares and perfect-square-trinomial patterns.,,Intro,S53-DIFF-SQUARES,form4-q01,direct-procedure,Equation,constructed/open response,instructional,
u5_53_087,Extra Practice,5.3,Extra Practice — 2,I can apply difference-of-squares and perfect-square-trinomial patterns.,,Intro,S53-DIFF-SQUARES,form4-q02,direct-procedure,Equation,constructed/open response,instructional,
u5_53_088,Extra Practice,5.3,Extra Practice — 3,I can apply difference-of-squares and perfect-square-trinomial patterns.,,Intro,S53-DIFF-SQUARES,form4-q03,direct-procedure,Equation,constructed/open response,instructional,
u5_53_089,Extra Practice,5.3,Extra Practice — 4,I can apply difference-of-squares and perfect-square-trinomial patterns.,,Intro,S53-DIFF-SQUARES,form4-q04,direct-procedure,Equation,constructed/open response,instructional,
u5_53_090,Extra Practice,5.3,Extra Practice — 5,I can apply difference-of-squares and perfect-square-trinomial patterns.,,Intro,S53-DIFF-SQUARES,form4-q05,direct-procedure,Equation,constructed/open response,instructional,
u5_53_091,Extra Practice,5.3,Extra Practice — 6,I can apply difference-of-squares and perfect-square-trinomial patterns.,,Intro,S53-DIFF-SQUARES,form4-q06,direct-procedure,Equation,constructed/open response,instructional,
u5_53_092,Extra Practice,5.3,Extra Practice — 7,I can apply difference-of-squares and perfect-square-trinomial patterns.,,Intro,S53-PERFECT-SQUARE,form4-q07,direct-procedure,Equation,constructed/open response,instructional,
u5_53_093,Extra Practice,5.3,Extra Practice — 8,I can apply difference-of-squares and perfect-square-trinomial patterns.,,Intro,S53-PERFECT-SQUARE,form4-q08,direct-procedure,Equation,constructed/open response,instructional,
u5_53_094,Extra Practice,5.3,Extra Practice — 9,I can apply difference-of-squares and perfect-square-trinomial patterns.,,Intro,S53-PERFECT-SQUARE,form4-q09,direct-procedure,Equation,constructed/open response,instructional,
u5_53_095,Extra Practice,5.3,Extra Practice — 10,I can apply difference-of-squares and perfect-square-trinomial patterns.,,Intro,S53-PERFECT-SQUARE,form4-q10,direct-procedure,Equation,constructed/open response,instructional,
u5_53_096,Extra Practice,5.3,Extra Practice — 11,I can apply difference-of-squares and perfect-square-trinomial patterns.,,Intro,S53-PERFECT-SQUARE,form4-q11,direct-procedure,Equation,constructed/open response,instructional,
u5_53_097,Extra Practice,5.3,Extra Practice — 12,I can apply difference-of-squares and perfect-square-trinomial patterns.,,Intro,S53-PERFECT-SQUARE,form4-q12,direct-procedure,Equation,constructed/open response,instructional,
u5_53_098,Extra Practice,5.3,Extra Practice — 13,I can assess whether a polynomial fits a special factoring pattern before rewriting it.,,Intro,S53-PATTERN-CHECK,form4-q13,direct-procedure,Equation,constructed/open response,instructional,
u5_53_099,Extra Practice,5.3,Extra Practice — 14,I can assess whether a polynomial fits a special factoring pattern before rewriting it.,,Intro,S53-PATTERN-CHECK,form4-q14,direct-procedure,Equation,constructed/open response,instructional,
u5_53_100,Extra Practice,5.3,Extra Practice — 15,I can assess whether a polynomial fits a special factoring pattern before rewriting it.,,Intro,S53-LOOKALIKE-COMPARE,form4-q15,COMPARE-MODEL-SELECTION-01,Equation,constructed/open response,instructional,
u5_53_101,Extra Practice,5.3,Extra Practice — 16,I can assess whether a polynomial fits a special factoring pattern before rewriting it.,,Intro,S53-ERROR-PATTERN,form4-q16,ERROR-DIAGNOSE-WORKED-SOLUTION-01,Equation,constructed/open response,instructional,
u5_53_102,Extra Practice,5.3,Extra Practice — 17,I can design a strategy for factoring special polynomial patterns.,,Intro,S53-GCF-THEN-SPECIAL,form4-q17,direct-procedure,Equation,constructed/open response,instructional,
u5_53_103,Extra Practice,5.3,Extra Practice — 18,I can design a strategy for factoring special polynomial patterns.,,Intro,S53-GCF-THEN-SPECIAL,form4-q18,direct-procedure,Equation,constructed/open response,instructional,
u5_53_104,Extra Practice,5.3,Extra Practice — 19,I can design a strategy for factoring special polynomial patterns.,,Intro,S53-GCF-THEN-SPECIAL,form4-q19,direct-procedure,Equation,constructed/open response,instructional,
u5_53_105,Extra Practice,5.3,Extra Practice — 20,I can design a strategy for factoring special polynomial patterns.,,Intro,S53-GCF-THEN-SPECIAL,form4-q20,direct-procedure,Equation,constructed/open response,instructional,
u5_53_106,Extra Practice,5.3,Extra Practice — 21,I can assess whether a polynomial fits a special factoring pattern before rewriting it.,,Intro,S53-REVERSE-PATTERN,form4-q21,INVERSE-REVERSE-REASONING-01,Equation,constructed/open response,instructional,
u5_53_107,Extra Practice,5.3,Extra Practice — 22,I can assess whether a polynomial fits a special factoring pattern before rewriting it.,,Intro,S53-REVERSE-PATTERN,form4-q22,INVERSE-REVERSE-REASONING-01,Equation,constructed/open response,instructional,
u5_53_108,Extra Practice,5.3,Extra Practice — 23,I can assess whether a polynomial fits a special factoring pattern before rewriting it.,,Intro,S53-REVERSE-EXPAND,form4-q23,INVERSE-REVERSE-REASONING-01,Equation,constructed/open response,instructional,
u5_53_109,Extra Practice,5.3,Extra Practice — 24,I can assess whether a polynomial fits a special factoring pattern before rewriting it.,,Intro,S53-REVERSE-EXPAND,form4-q24,INVERSE-REVERSE-REASONING-01,Equation,constructed/open response,instructional,
u5_54_014,Practice Set 1,5.4,Practice Set 1 — 1,I can use factored form to predict zeros and x-intercepts of quadratic graphs.,,Intro,S54-FACTORS-TO-ZEROS,form1-q01,direct-procedure,Equation,constructed/open response,instructional,
u5_54_015,Practice Set 1,5.4,Practice Set 1 — 2,I can use factored form to predict zeros and x-intercepts of quadratic graphs.,,Intro,S54-FACTORS-TO-ZEROS,form1-q02,direct-procedure,Equation,constructed/open response,instructional,
u5_54_016,Practice Set 1,5.4,Practice Set 1 — 3,I can use factored form to predict zeros and x-intercepts of quadratic graphs.,,Intro,S54-FACTORS-TO-ZEROS,form1-q03,direct-procedure,Equation,constructed/open response,instructional,
u5_54_017,Practice Set 1,5.4,Practice Set 1 — 4,I can use factored form to predict zeros and x-intercepts of quadratic graphs.,,Intro,S54-FACTORS-TO-ZEROS,form1-q04,direct-procedure,Equation,constructed/open response,instructional,
u5_54_018,Practice Set 1,5.4,Practice Set 1 — 5,I can formulate quadratic functions in factored form from zeros or intercepts.,,Intro,S54-ZEROS-TO-FACTORS,form1-q05,direct-procedure,Equation,constructed/open response,instructional,
u5_54_019,Practice Set 1,5.4,Practice Set 1 — 6,I can formulate quadratic functions in factored form from zeros or intercepts.,,Intro,S54-ZEROS-TO-FACTORS,form1-q06,direct-procedure,Equation,constructed/open response,instructional,
u5_54_020,Practice Set 1,5.4,Practice Set 1 — 7,I can formulate quadratic functions in factored form from zeros or intercepts.,,Intro,S54-ZEROS-TO-FACTORS,form1-q07,direct-procedure,Equation,constructed/open response,instructional,
u5_54_021,Practice Set 1,5.4,Practice Set 1 — 8,I can formulate quadratic functions in factored form from zeros or intercepts.,,Intro,S54-ZEROS-TO-FACTORS,form1-q08,direct-procedure,Equation,constructed/open response,instructional,
u5_54_022,Practice Set 1,5.4,Practice Set 1 — 9,I can use factored form to predict zeros and x-intercepts of quadratic graphs.,,Intro,S54-ZERO-PRODUCT,form1-q09,direct-procedure,Equation,constructed/open response,instructional,
u5_54_023,Practice Set 1,5.4,Practice Set 1 — 10,I can use factored form to predict zeros and x-intercepts of quadratic graphs.,,Intro,S54-ZERO-PRODUCT,form1-q10,direct-procedure,Equation,constructed/open response,instructional,
u5_54_024,Practice Set 1,5.4,Practice Set 1 — 11,I can use factored form to predict zeros and x-intercepts of quadratic graphs.,,Intro,S54-ZERO-PRODUCT,form1-q11,direct-procedure,Equation,constructed/open response,instructional,
u5_54_025,Practice Set 1,5.4,Practice Set 1 — 12,I can use factored form to predict zeros and x-intercepts of quadratic graphs.,,Intro,S54-ZERO-PRODUCT,form1-q12,direct-procedure,Equation,constructed/open response,instructional,
u5_54_026,Practice Set 1,5.4,Practice Set 1 — 13,"I can extend connections among factors, zeros, intercepts, and graph behavior.",,Intro,S54-TABLE-ZEROS,form1-q13,REPTRANS-TABLE-EQUATION-01,Table,constructed/open response,instructional,
u5_54_027,Practice Set 1,5.4,Practice Set 1 — 14,"I can extend connections among factors, zeros, intercepts, and graph behavior.",,Intro,S54-GRAPH-TO-FACTORS,form1-q14,REPTRANS-GRAPH-EQUATION-01,Graph,constructed/open response,instructional,
u5_54_028,Practice Set 1,5.4,Practice Set 1 — 15,I can formulate quadratic functions in factored form from zeros or intercepts.,,Intro,S54-DETERMINE-A,form1-q15,direct-procedure,Equation,constructed/open response,instructional,
u5_54_029,Practice Set 1,5.4,Practice Set 1 — 16,I can formulate quadratic functions in factored form from zeros or intercepts.,,Intro,S54-DETERMINE-A,form1-q16,direct-procedure,Equation,constructed/open response,instructional,
u5_54_030,Practice Set 1,5.4,Practice Set 1 — 17,I can formulate quadratic functions in factored form from zeros or intercepts.,,Intro,S54-DETERMINE-A,form1-q17,direct-procedure,Equation,constructed/open response,instructional,
u5_54_031,Practice Set 1,5.4,Practice Set 1 — 18,"I can extend connections among factors, zeros, intercepts, and graph behavior.",,Intro,S54-CONTEXT-ZEROS,form1-q18,REPTRANS-CONTEXT-EQUATION-01,Context,constructed/open response,instructional,
u5_54_032,Practice Set 1,5.4,Practice Set 1 — 19,"I can extend connections among factors, zeros, intercepts, and graph behavior.",,Intro,S54-CONTEXT-INTERPRET,form1-q19,REPTRANS-CONTEXT-EQUATION-01,Context,constructed/open response,instructional,
u5_54_033,Practice Set 1,5.4,Practice Set 1 — 20,"I can extend connections among factors, zeros, intercepts, and graph behavior.",,Intro,S54-ERROR-ZEROS,form1-q20,ERROR-DIAGNOSE-WORKED-SOLUTION-01,Equation,constructed/open response,instructional,
u5_54_034,Practice Set 1,5.4,Practice Set 1 — 21,I can use factored form to predict zeros and x-intercepts of quadratic graphs.,,Intro,S54-FACTORS-TO-ZEROS,form1-q21,direct-procedure,Equation,constructed/open response,instructional,
u5_54_035,Practice Set 1,5.4,Practice Set 1 — 22,I can formulate quadratic functions in factored form from zeros or intercepts.,,Intro,S54-ZEROS-TO-FACTORS,form1-q22,direct-procedure,Equation,constructed/open response,instructional,
u5_54_036,Practice Set 1,5.4,Practice Set 1 — 23,"I can extend connections among factors, zeros, intercepts, and graph behavior.",,Intro,S54-COMPARE-A,form1-q23,COMPARE-MODEL-SELECTION-01,Equation,constructed/open response,instructional,
u5_54_037,Practice Set 1,5.4,Practice Set 1 — 24,"I can extend connections among factors, zeros, intercepts, and graph behavior.",,Intro,S54-TABLE-TO-FACTORS,form1-q24,REPTRANS-TABLE-EQUATION-01,Table,constructed/open response,instructional,
u5_54_038,Practice Set 2,5.4,Practice Set 2 — 1,I can use factored form to predict zeros and x-intercepts of quadratic graphs.,,Intro,S54-FACTORS-TO-ZEROS,form2-q01,direct-procedure,Equation,constructed/open response,instructional,
u5_54_039,Practice Set 2,5.4,Practice Set 2 — 2,I can use factored form to predict zeros and x-intercepts of quadratic graphs.,,Intro,S54-FACTORS-TO-ZEROS,form2-q02,direct-procedure,Equation,constructed/open response,instructional,
u5_54_040,Practice Set 2,5.4,Practice Set 2 — 3,I can use factored form to predict zeros and x-intercepts of quadratic graphs.,,Intro,S54-FACTORS-TO-ZEROS,form2-q03,direct-procedure,Equation,constructed/open response,instructional,
u5_54_041,Practice Set 2,5.4,Practice Set 2 — 4,I can use factored form to predict zeros and x-intercepts of quadratic graphs.,,Intro,S54-FACTORS-TO-ZEROS,form2-q04,direct-procedure,Equation,constructed/open response,instructional,
u5_54_042,Practice Set 2,5.4,Practice Set 2 — 5,I can formulate quadratic functions in factored form from zeros or intercepts.,,Intro,S54-ZEROS-TO-FACTORS,form2-q05,direct-procedure,Equation,constructed/open response,instructional,
u5_54_043,Practice Set 2,5.4,Practice Set 2 — 6,I can formulate quadratic functions in factored form from zeros or intercepts.,,Intro,S54-ZEROS-TO-FACTORS,form2-q06,direct-procedure,Equation,constructed/open response,instructional,
u5_54_044,Practice Set 2,5.4,Practice Set 2 — 7,I can formulate quadratic functions in factored form from zeros or intercepts.,,Intro,S54-ZEROS-TO-FACTORS,form2-q07,direct-procedure,Equation,constructed/open response,instructional,
u5_54_045,Practice Set 2,5.4,Practice Set 2 — 8,I can formulate quadratic functions in factored form from zeros or intercepts.,,Intro,S54-ZEROS-TO-FACTORS,form2-q08,direct-procedure,Equation,constructed/open response,instructional,
u5_54_046,Practice Set 2,5.4,Practice Set 2 — 9,I can use factored form to predict zeros and x-intercepts of quadratic graphs.,,Intro,S54-ZERO-PRODUCT,form2-q09,direct-procedure,Equation,constructed/open response,instructional,
u5_54_047,Practice Set 2,5.4,Practice Set 2 — 10,I can use factored form to predict zeros and x-intercepts of quadratic graphs.,,Intro,S54-ZERO-PRODUCT,form2-q10,direct-procedure,Equation,constructed/open response,instructional,
u5_54_048,Practice Set 2,5.4,Practice Set 2 — 11,I can use factored form to predict zeros and x-intercepts of quadratic graphs.,,Intro,S54-ZERO-PRODUCT,form2-q11,direct-procedure,Equation,constructed/open response,instructional,
u5_54_049,Practice Set 2,5.4,Practice Set 2 — 12,I can use factored form to predict zeros and x-intercepts of quadratic graphs.,,Intro,S54-ZERO-PRODUCT,form2-q12,direct-procedure,Equation,constructed/open response,instructional,
u5_54_050,Practice Set 2,5.4,Practice Set 2 — 13,"I can extend connections among factors, zeros, intercepts, and graph behavior.",,Intro,S54-TABLE-ZEROS,form2-q13,REPTRANS-TABLE-EQUATION-01,Table,constructed/open response,instructional,
u5_54_051,Practice Set 2,5.4,Practice Set 2 — 14,"I can extend connections among factors, zeros, intercepts, and graph behavior.",,Intro,S54-GRAPH-TO-FACTORS,form2-q14,REPTRANS-GRAPH-EQUATION-01,Graph,constructed/open response,instructional,
u5_54_052,Practice Set 2,5.4,Practice Set 2 — 15,I can formulate quadratic functions in factored form from zeros or intercepts.,,Intro,S54-DETERMINE-A,form2-q15,direct-procedure,Equation,constructed/open response,instructional,
u5_54_053,Practice Set 2,5.4,Practice Set 2 — 16,I can formulate quadratic functions in factored form from zeros or intercepts.,,Intro,S54-DETERMINE-A,form2-q16,direct-procedure,Equation,constructed/open response,instructional,
u5_54_054,Practice Set 2,5.4,Practice Set 2 — 17,I can formulate quadratic functions in factored form from zeros or intercepts.,,Intro,S54-DETERMINE-A,form2-q17,direct-procedure,Equation,constructed/open response,instructional,
u5_54_055,Practice Set 2,5.4,Practice Set 2 — 18,"I can extend connections among factors, zeros, intercepts, and graph behavior.",,Intro,S54-CONTEXT-ZEROS,form2-q18,REPTRANS-CONTEXT-EQUATION-01,Context,constructed/open response,instructional,
u5_54_056,Practice Set 2,5.4,Practice Set 2 — 19,"I can extend connections among factors, zeros, intercepts, and graph behavior.",,Intro,S54-CONTEXT-INTERPRET,form2-q19,REPTRANS-CONTEXT-EQUATION-01,Context,constructed/open response,instructional,
u5_54_057,Practice Set 2,5.4,Practice Set 2 — 20,"I can extend connections among factors, zeros, intercepts, and graph behavior.",,Intro,S54-ERROR-ZEROS,form2-q20,ERROR-DIAGNOSE-WORKED-SOLUTION-01,Equation,constructed/open response,instructional,
u5_54_058,Practice Set 2,5.4,Practice Set 2 — 21,I can use factored form to predict zeros and x-intercepts of quadratic graphs.,,Intro,S54-FACTORS-TO-ZEROS,form2-q21,direct-procedure,Equation,constructed/open response,instructional,
u5_54_059,Practice Set 2,5.4,Practice Set 2 — 22,I can formulate quadratic functions in factored form from zeros or intercepts.,,Intro,S54-ZEROS-TO-FACTORS,form2-q22,direct-procedure,Equation,constructed/open response,instructional,
u5_54_060,Practice Set 2,5.4,Practice Set 2 — 23,"I can extend connections among factors, zeros, intercepts, and graph behavior.",,Intro,S54-COMPARE-A,form2-q23,COMPARE-MODEL-SELECTION-01,Equation,constructed/open response,instructional,
u5_54_061,Practice Set 2,5.4,Practice Set 2 — 24,"I can extend connections among factors, zeros, intercepts, and graph behavior.",,Intro,S54-TABLE-TO-FACTORS,form2-q24,REPTRANS-TABLE-EQUATION-01,Table,constructed/open response,instructional,
u5_54_062,Practice Set 3,5.4,Practice Set 3 — 1,I can use factored form to predict zeros and x-intercepts of quadratic graphs.,,Intro,S54-FACTORS-TO-ZEROS,form3-q01,direct-procedure,Equation,constructed/open response,instructional,
u5_54_063,Practice Set 3,5.4,Practice Set 3 — 2,I can use factored form to predict zeros and x-intercepts of quadratic graphs.,,Intro,S54-FACTORS-TO-ZEROS,form3-q02,direct-procedure,Equation,constructed/open response,instructional,
u5_54_064,Practice Set 3,5.4,Practice Set 3 — 3,I can use factored form to predict zeros and x-intercepts of quadratic graphs.,,Intro,S54-FACTORS-TO-ZEROS,form3-q03,direct-procedure,Equation,constructed/open response,instructional,
u5_54_065,Practice Set 3,5.4,Practice Set 3 — 4,I can use factored form to predict zeros and x-intercepts of quadratic graphs.,,Intro,S54-FACTORS-TO-ZEROS,form3-q04,direct-procedure,Equation,constructed/open response,instructional,
u5_54_066,Practice Set 3,5.4,Practice Set 3 — 5,I can formulate quadratic functions in factored form from zeros or intercepts.,,Intro,S54-ZEROS-TO-FACTORS,form3-q05,direct-procedure,Equation,constructed/open response,instructional,
u5_54_067,Practice Set 3,5.4,Practice Set 3 — 6,I can formulate quadratic functions in factored form from zeros or intercepts.,,Intro,S54-ZEROS-TO-FACTORS,form3-q06,direct-procedure,Equation,constructed/open response,instructional,
u5_54_068,Practice Set 3,5.4,Practice Set 3 — 7,I can formulate quadratic functions in factored form from zeros or intercepts.,,Intro,S54-ZEROS-TO-FACTORS,form3-q07,direct-procedure,Equation,constructed/open response,instructional,
u5_54_069,Practice Set 3,5.4,Practice Set 3 — 8,I can formulate quadratic functions in factored form from zeros or intercepts.,,Intro,S54-ZEROS-TO-FACTORS,form3-q08,direct-procedure,Equation,constructed/open response,instructional,
u5_54_070,Practice Set 3,5.4,Practice Set 3 — 9,I can use factored form to predict zeros and x-intercepts of quadratic graphs.,,Intro,S54-ZERO-PRODUCT,form3-q09,direct-procedure,Equation,constructed/open response,instructional,
u5_54_071,Practice Set 3,5.4,Practice Set 3 — 10,I can use factored form to predict zeros and x-intercepts of quadratic graphs.,,Intro,S54-ZERO-PRODUCT,form3-q10,direct-procedure,Equation,constructed/open response,instructional,
u5_54_072,Practice Set 3,5.4,Practice Set 3 — 11,I can use factored form to predict zeros and x-intercepts of quadratic graphs.,,Intro,S54-ZERO-PRODUCT,form3-q11,direct-procedure,Equation,constructed/open response,instructional,
u5_54_073,Practice Set 3,5.4,Practice Set 3 — 12,I can use factored form to predict zeros and x-intercepts of quadratic graphs.,,Intro,S54-ZERO-PRODUCT,form3-q12,direct-procedure,Equation,constructed/open response,instructional,
u5_54_074,Practice Set 3,5.4,Practice Set 3 — 13,"I can extend connections among factors, zeros, intercepts, and graph behavior.",,Intro,S54-TABLE-ZEROS,form3-q13,REPTRANS-TABLE-EQUATION-01,Table,constructed/open response,instructional,
u5_54_075,Practice Set 3,5.4,Practice Set 3 — 14,"I can extend connections among factors, zeros, intercepts, and graph behavior.",,Intro,S54-GRAPH-TO-FACTORS,form3-q14,REPTRANS-GRAPH-EQUATION-01,Graph,constructed/open response,instructional,
u5_54_076,Practice Set 3,5.4,Practice Set 3 — 15,I can formulate quadratic functions in factored form from zeros or intercepts.,,Intro,S54-DETERMINE-A,form3-q15,direct-procedure,Equation,constructed/open response,instructional,
u5_54_077,Practice Set 3,5.4,Practice Set 3 — 16,I can formulate quadratic functions in factored form from zeros or intercepts.,,Intro,S54-DETERMINE-A,form3-q16,direct-procedure,Equation,constructed/open response,instructional,
u5_54_078,Practice Set 3,5.4,Practice Set 3 — 17,I can formulate quadratic functions in factored form from zeros or intercepts.,,Intro,S54-DETERMINE-A,form3-q17,direct-procedure,Equation,constructed/open response,instructional,
u5_54_079,Practice Set 3,5.4,Practice Set 3 — 18,"I can extend connections among factors, zeros, intercepts, and graph behavior.",,Intro,S54-CONTEXT-ZEROS,form3-q18,REPTRANS-CONTEXT-EQUATION-01,Context,constructed/open response,instructional,
u5_54_080,Practice Set 3,5.4,Practice Set 3 — 19,"I can extend connections among factors, zeros, intercepts, and graph behavior.",,Intro,S54-CONTEXT-INTERPRET,form3-q19,REPTRANS-CONTEXT-EQUATION-01,Context,constructed/open response,instructional,
u5_54_081,Practice Set 3,5.4,Practice Set 3 — 20,"I can extend connections among factors, zeros, intercepts, and graph behavior.",,Intro,S54-ERROR-ZEROS,form3-q20,ERROR-DIAGNOSE-WORKED-SOLUTION-01,Equation,constructed/open response,instructional,
u5_54_082,Practice Set 3,5.4,Practice Set 3 — 21,I can use factored form to predict zeros and x-intercepts of quadratic graphs.,,Intro,S54-FACTORS-TO-ZEROS,form3-q21,direct-procedure,Equation,constructed/open response,instructional,
u5_54_083,Practice Set 3,5.4,Practice Set 3 — 22,I can formulate quadratic functions in factored form from zeros or intercepts.,,Intro,S54-ZEROS-TO-FACTORS,form3-q22,direct-procedure,Equation,constructed/open response,instructional,
u5_54_084,Practice Set 3,5.4,Practice Set 3 — 23,"I can extend connections among factors, zeros, intercepts, and graph behavior.",,Intro,S54-COMPARE-A,form3-q23,COMPARE-MODEL-SELECTION-01,Equation,constructed/open response,instructional,
u5_54_085,Practice Set 3,5.4,Practice Set 3 — 24,"I can extend connections among factors, zeros, intercepts, and graph behavior.",,Intro,S54-TABLE-TO-FACTORS,form3-q24,REPTRANS-TABLE-EQUATION-01,Table,constructed/open response,instructional,
u5_54_086,Extra Practice,5.4,Extra Practice — 1,I can use factored form to predict zeros and x-intercepts of quadratic graphs.,,Intro,S54-FACTORS-TO-ZEROS,form4-q01,direct-procedure,Equation,constructed/open response,instructional,
u5_54_087,Extra Practice,5.4,Extra Practice — 2,I can use factored form to predict zeros and x-intercepts of quadratic graphs.,,Intro,S54-FACTORS-TO-ZEROS,form4-q02,direct-procedure,Equation,constructed/open response,instructional,
u5_54_088,Extra Practice,5.4,Extra Practice — 3,I can use factored form to predict zeros and x-intercepts of quadratic graphs.,,Intro,S54-FACTORS-TO-ZEROS,form4-q03,direct-procedure,Equation,constructed/open response,instructional,
u5_54_089,Extra Practice,5.4,Extra Practice — 4,I can use factored form to predict zeros and x-intercepts of quadratic graphs.,,Intro,S54-FACTORS-TO-ZEROS,form4-q04,direct-procedure,Equation,constructed/open response,instructional,
u5_54_090,Extra Practice,5.4,Extra Practice — 5,I can formulate quadratic functions in factored form from zeros or intercepts.,,Intro,S54-ZEROS-TO-FACTORS,form4-q05,direct-procedure,Equation,constructed/open response,instructional,
u5_54_091,Extra Practice,5.4,Extra Practice — 6,I can formulate quadratic functions in factored form from zeros or intercepts.,,Intro,S54-ZEROS-TO-FACTORS,form4-q06,direct-procedure,Equation,constructed/open response,instructional,
u5_54_092,Extra Practice,5.4,Extra Practice — 7,I can formulate quadratic functions in factored form from zeros or intercepts.,,Intro,S54-ZEROS-TO-FACTORS,form4-q07,direct-procedure,Equation,constructed/open response,instructional,
u5_54_093,Extra Practice,5.4,Extra Practice — 8,I can formulate quadratic functions in factored form from zeros or intercepts.,,Intro,S54-ZEROS-TO-FACTORS,form4-q08,direct-procedure,Equation,constructed/open response,instructional,
u5_54_094,Extra Practice,5.4,Extra Practice — 9,I can use factored form to predict zeros and x-intercepts of quadratic graphs.,,Intro,S54-ZERO-PRODUCT,form4-q09,direct-procedure,Equation,constructed/open response,instructional,
u5_54_095,Extra Practice,5.4,Extra Practice — 10,I can use factored form to predict zeros and x-intercepts of quadratic graphs.,,Intro,S54-ZERO-PRODUCT,form4-q10,direct-procedure,Equation,constructed/open response,instructional,
u5_54_096,Extra Practice,5.4,Extra Practice — 11,I can use factored form to predict zeros and x-intercepts of quadratic graphs.,,Intro,S54-ZERO-PRODUCT,form4-q11,direct-procedure,Equation,constructed/open response,instructional,
u5_54_097,Extra Practice,5.4,Extra Practice — 12,I can use factored form to predict zeros and x-intercepts of quadratic graphs.,,Intro,S54-ZERO-PRODUCT,form4-q12,direct-procedure,Equation,constructed/open response,instructional,
u5_54_098,Extra Practice,5.4,Extra Practice — 13,"I can extend connections among factors, zeros, intercepts, and graph behavior.",,Intro,S54-TABLE-ZEROS,form4-q13,REPTRANS-TABLE-EQUATION-01,Table,constructed/open response,instructional,
u5_54_099,Extra Practice,5.4,Extra Practice — 14,"I can extend connections among factors, zeros, intercepts, and graph behavior.",,Intro,S54-GRAPH-TO-FACTORS,form4-q14,REPTRANS-GRAPH-EQUATION-01,Graph,constructed/open response,instructional,
u5_54_100,Extra Practice,5.4,Extra Practice — 15,I can formulate quadratic functions in factored form from zeros or intercepts.,,Intro,S54-DETERMINE-A,form4-q15,direct-procedure,Equation,constructed/open response,instructional,
u5_54_101,Extra Practice,5.4,Extra Practice — 16,I can formulate quadratic functions in factored form from zeros or intercepts.,,Intro,S54-DETERMINE-A,form4-q16,direct-procedure,Equation,constructed/open response,instructional,
u5_54_102,Extra Practice,5.4,Extra Practice — 17,I can formulate quadratic functions in factored form from zeros or intercepts.,,Intro,S54-DETERMINE-A,form4-q17,direct-procedure,Equation,constructed/open response,instructional,
u5_54_103,Extra Practice,5.4,Extra Practice — 18,"I can extend connections among factors, zeros, intercepts, and graph behavior.",,Intro,S54-CONTEXT-ZEROS,form4-q18,REPTRANS-CONTEXT-EQUATION-01,Context,constructed/open response,instructional,
u5_54_104,Extra Practice,5.4,Extra Practice — 19,"I can extend connections among factors, zeros, intercepts, and graph behavior.",,Intro,S54-CONTEXT-INTERPRET,form4-q19,REPTRANS-CONTEXT-EQUATION-01,Context,constructed/open response,instructional,
u5_54_105,Extra Practice,5.4,Extra Practice — 20,"I can extend connections among factors, zeros, intercepts, and graph behavior.",,Intro,S54-ERROR-ZEROS,form4-q20,ERROR-DIAGNOSE-WORKED-SOLUTION-01,Equation,constructed/open response,instructional,
u5_54_106,Extra Practice,5.4,Extra Practice — 21,I can use factored form to predict zeros and x-intercepts of quadratic graphs.,,Intro,S54-FACTORS-TO-ZEROS,form4-q21,direct-procedure,Equation,constructed/open response,instructional,
u5_54_107,Extra Practice,5.4,Extra Practice — 22,I can formulate quadratic functions in factored form from zeros or intercepts.,,Intro,S54-ZEROS-TO-FACTORS,form4-q22,direct-procedure,Equation,constructed/open response,instructional,
u5_54_108,Extra Practice,5.4,Extra Practice — 23,"I can extend connections among factors, zeros, intercepts, and graph behavior.",,Intro,S54-COMPARE-A,form4-q23,COMPARE-MODEL-SELECTION-01,Equation,constructed/open response,instructional,
u5_54_109,Extra Practice,5.4,Extra Practice — 24,"I can extend connections among factors, zeros, intercepts, and graph behavior.",,Intro,S54-TABLE-TO-FACTORS,form4-q24,REPTRANS-TABLE-EQUATION-01,Table,constructed/open response,instructional,
u5_55_014,Practice Set 1,5.5,Practice Set 1 — 1,"I can interpret standard, vertex, and factored forms to read key features of quadratic functions.",,Intro,S55-VERTEX-FROM-FORM,form1-q01,direct-procedure,Equation,constructed/open response,instructional,
u5_55_015,Practice Set 1,5.5,Practice Set 1 — 2,"I can interpret standard, vertex, and factored forms to read key features of quadratic functions.",,Intro,S55-VERTEX-FROM-FORM,form1-q02,direct-procedure,Equation,constructed/open response,instructional,
u5_55_016,Practice Set 1,5.5,Practice Set 1 — 3,"I can interpret standard, vertex, and factored forms to read key features of quadratic functions.",,Intro,S55-ZEROS-FROM-FORM,form1-q03,direct-procedure,Equation,constructed/open response,instructional,
u5_55_017,Practice Set 1,5.5,Practice Set 1 — 4,"I can interpret standard, vertex, and factored forms to read key features of quadratic functions.",,Intro,S55-ZEROS-FROM-FORM,form1-q04,direct-procedure,Equation,constructed/open response,instructional,
u5_55_018,Practice Set 1,5.5,Practice Set 1 — 5,"I can interpret standard, vertex, and factored forms to read key features of quadratic functions.",,Intro,S55-YINTERCEPT-STANDARD,form1-q05,direct-procedure,Equation,constructed/open response,instructional,
u5_55_019,Practice Set 1,5.5,Practice Set 1 — 6,"I can interpret standard, vertex, and factored forms to read key features of quadratic functions.",,Intro,S55-YINTERCEPT-STANDARD,form1-q06,direct-procedure,Equation,constructed/open response,instructional,
u5_55_020,Practice Set 1,5.5,Practice Set 1 — 7,I can construct equivalent quadratic forms to reveal different key features.,,Intro,S55-FACTORED-TO-STANDARD,form1-q07,direct-procedure,Equation,constructed/open response,instructional,
u5_55_021,Practice Set 1,5.5,Practice Set 1 — 8,I can construct equivalent quadratic forms to reveal different key features.,,Intro,S55-FACTORED-TO-STANDARD,form1-q08,direct-procedure,Equation,constructed/open response,instructional,
u5_55_022,Practice Set 1,5.5,Practice Set 1 — 9,I can construct equivalent quadratic forms to reveal different key features.,,Intro,S55-FACTORED-TO-STANDARD,form1-q09,direct-procedure,Equation,constructed/open response,instructional,
u5_55_023,Practice Set 1,5.5,Practice Set 1 — 10,I can construct equivalent quadratic forms to reveal different key features.,,Intro,S55-STANDARD-TO-FACTORED,form1-q10,direct-procedure,Equation,constructed/open response,instructional,
u5_55_024,Practice Set 1,5.5,Practice Set 1 — 11,I can construct equivalent quadratic forms to reveal different key features.,,Intro,S55-STANDARD-TO-FACTORED,form1-q11,direct-procedure,Equation,constructed/open response,instructional,
u5_55_025,Practice Set 1,5.5,Practice Set 1 — 12,I can construct equivalent quadratic forms to reveal different key features.,,Intro,S55-STANDARD-TO-FACTORED,form1-q12,direct-procedure,Equation,constructed/open response,instructional,
u5_55_026,Practice Set 1,5.5,Practice Set 1 — 13,I can critique which quadratic form best supports a given question or context.,,Intro,S55-CHOOSE-FORM,form1-q13,COMPARE-MODEL-SELECTION-01,Context,constructed/open response,instructional,
u5_55_027,Practice Set 1,5.5,Practice Set 1 — 14,I can critique which quadratic form best supports a given question or context.,,Intro,S55-CHOOSE-FORM,form1-q14,COMPARE-MODEL-SELECTION-01,Context,constructed/open response,instructional,
u5_55_028,Practice Set 1,5.5,Practice Set 1 — 15,I can critique which quadratic form best supports a given question or context.,,Intro,S55-CHOOSE-FORM,form1-q15,COMPARE-MODEL-SELECTION-01,Context,constructed/open response,instructional,
u5_55_029,Practice Set 1,5.5,Practice Set 1 — 16,I can critique which quadratic form best supports a given question or context.,,Intro,S55-CRITIQUE-FORM,form1-q16,ERROR-DIAGNOSE-WORKED-SOLUTION-01,Context,constructed/open response,instructional,
u5_55_030,Practice Set 1,5.5,Practice Set 1 — 17,"I can interpret standard, vertex, and factored forms to read key features of quadratic functions.",,Intro,S55-GRAPH-FEATURE,form1-q17,REPTRANS-GRAPH-EQUATION-01,Graph,constructed/open response,instructional,
u5_55_031,Practice Set 1,5.5,Practice Set 1 — 18,"I can interpret standard, vertex, and factored forms to read key features of quadratic functions.",,Intro,S55-TABLE-TO-VERTEX,form1-q18,REPTRANS-TABLE-EQUATION-01,Table,constructed/open response,instructional,
u5_55_032,Practice Set 1,5.5,Practice Set 1 — 19,I can construct equivalent quadratic forms to reveal different key features.,,Intro,S55-VERIFY-EQUIVALENCE,form1-q19,direct-procedure,Equation,constructed/open response,instructional,
u5_55_033,Practice Set 1,5.5,Practice Set 1 — 20,"I can interpret standard, vertex, and factored forms to read key features of quadratic functions.",,Intro,S55-FORM-FEATURE-MATCH,form1-q20,direct-procedure,Equation,constructed/open response,instructional,
u5_55_034,Practice Set 1,5.5,Practice Set 1 — 21,"I can interpret standard, vertex, and factored forms to read key features of quadratic functions.",,Intro,S55-FORM-FEATURE-MATCH,form1-q21,direct-procedure,Equation,constructed/open response,instructional,
u5_55_035,Practice Set 1,5.5,Practice Set 1 — 22,I can critique which quadratic form best supports a given question or context.,,Intro,S55-CONTEXT-FORM,form1-q22,REPTRANS-CONTEXT-EQUATION-01,Context,constructed/open response,instructional,
u5_55_036,Practice Set 1,5.5,Practice Set 1 — 23,I can critique which quadratic form best supports a given question or context.,,Intro,S55-CONTEXT-FORM,form1-q23,COMPARE-MODEL-SELECTION-01,Context,constructed/open response,instructional,
u5_55_037,Practice Set 1,5.5,Practice Set 1 — 24,I can construct equivalent quadratic forms to reveal different key features.,,Intro,S55-VERTEX-TO-FACTORED,form1-q24,direct-procedure,Equation,constructed/open response,instructional,
u5_55_038,Practice Set 2,5.5,Practice Set 2 — 1,"I can interpret standard, vertex, and factored forms to read key features of quadratic functions.",,Intro,S55-VERTEX-FROM-FORM,form2-q01,direct-procedure,Equation,constructed/open response,instructional,
u5_55_039,Practice Set 2,5.5,Practice Set 2 — 2,"I can interpret standard, vertex, and factored forms to read key features of quadratic functions.",,Intro,S55-VERTEX-FROM-FORM,form2-q02,direct-procedure,Equation,constructed/open response,instructional,
u5_55_040,Practice Set 2,5.5,Practice Set 2 — 3,"I can interpret standard, vertex, and factored forms to read key features of quadratic functions.",,Intro,S55-ZEROS-FROM-FORM,form2-q03,direct-procedure,Equation,constructed/open response,instructional,
u5_55_041,Practice Set 2,5.5,Practice Set 2 — 4,"I can interpret standard, vertex, and factored forms to read key features of quadratic functions.",,Intro,S55-ZEROS-FROM-FORM,form2-q04,direct-procedure,Equation,constructed/open response,instructional,
u5_55_042,Practice Set 2,5.5,Practice Set 2 — 5,"I can interpret standard, vertex, and factored forms to read key features of quadratic functions.",,Intro,S55-YINTERCEPT-STANDARD,form2-q05,direct-procedure,Equation,constructed/open response,instructional,
u5_55_043,Practice Set 2,5.5,Practice Set 2 — 6,"I can interpret standard, vertex, and factored forms to read key features of quadratic functions.",,Intro,S55-YINTERCEPT-STANDARD,form2-q06,direct-procedure,Equation,constructed/open response,instructional,
u5_55_044,Practice Set 2,5.5,Practice Set 2 — 7,I can construct equivalent quadratic forms to reveal different key features.,,Intro,S55-FACTORED-TO-STANDARD,form2-q07,direct-procedure,Equation,constructed/open response,instructional,
u5_55_045,Practice Set 2,5.5,Practice Set 2 — 8,I can construct equivalent quadratic forms to reveal different key features.,,Intro,S55-FACTORED-TO-STANDARD,form2-q08,direct-procedure,Equation,constructed/open response,instructional,
u5_55_046,Practice Set 2,5.5,Practice Set 2 — 9,I can construct equivalent quadratic forms to reveal different key features.,,Intro,S55-FACTORED-TO-STANDARD,form2-q09,direct-procedure,Equation,constructed/open response,instructional,
u5_55_047,Practice Set 2,5.5,Practice Set 2 — 10,I can construct equivalent quadratic forms to reveal different key features.,,Intro,S55-STANDARD-TO-FACTORED,form2-q10,direct-procedure,Equation,constructed/open response,instructional,
u5_55_048,Practice Set 2,5.5,Practice Set 2 — 11,I can construct equivalent quadratic forms to reveal different key features.,,Intro,S55-STANDARD-TO-FACTORED,form2-q11,direct-procedure,Equation,constructed/open response,instructional,
u5_55_049,Practice Set 2,5.5,Practice Set 2 — 12,I can construct equivalent quadratic forms to reveal different key features.,,Intro,S55-STANDARD-TO-FACTORED,form2-q12,direct-procedure,Equation,constructed/open response,instructional,
u5_55_050,Practice Set 2,5.5,Practice Set 2 — 13,I can critique which quadratic form best supports a given question or context.,,Intro,S55-CHOOSE-FORM,form2-q13,COMPARE-MODEL-SELECTION-01,Context,constructed/open response,instructional,
u5_55_051,Practice Set 2,5.5,Practice Set 2 — 14,I can critique which quadratic form best supports a given question or context.,,Intro,S55-CHOOSE-FORM,form2-q14,COMPARE-MODEL-SELECTION-01,Context,constructed/open response,instructional,
u5_55_052,Practice Set 2,5.5,Practice Set 2 — 15,I can critique which quadratic form best supports a given question or context.,,Intro,S55-CHOOSE-FORM,form2-q15,COMPARE-MODEL-SELECTION-01,Context,constructed/open response,instructional,
u5_55_053,Practice Set 2,5.5,Practice Set 2 — 16,I can critique which quadratic form best supports a given question or context.,,Intro,S55-CRITIQUE-FORM,form2-q16,ERROR-DIAGNOSE-WORKED-SOLUTION-01,Context,constructed/open response,instructional,
u5_55_054,Practice Set 2,5.5,Practice Set 2 — 17,"I can interpret standard, vertex, and factored forms to read key features of quadratic functions.",,Intro,S55-GRAPH-FEATURE,form2-q17,REPTRANS-GRAPH-EQUATION-01,Graph,constructed/open response,instructional,
u5_55_055,Practice Set 2,5.5,Practice Set 2 — 18,"I can interpret standard, vertex, and factored forms to read key features of quadratic functions.",,Intro,S55-TABLE-TO-VERTEX,form2-q18,REPTRANS-TABLE-EQUATION-01,Table,constructed/open response,instructional,
u5_55_056,Practice Set 2,5.5,Practice Set 2 — 19,I can construct equivalent quadratic forms to reveal different key features.,,Intro,S55-VERIFY-EQUIVALENCE,form2-q19,direct-procedure,Equation,constructed/open response,instructional,
u5_55_057,Practice Set 2,5.5,Practice Set 2 — 20,"I can interpret standard, vertex, and factored forms to read key features of quadratic functions.",,Intro,S55-FORM-FEATURE-MATCH,form2-q20,direct-procedure,Equation,constructed/open response,instructional,
u5_55_058,Practice Set 2,5.5,Practice Set 2 — 21,"I can interpret standard, vertex, and factored forms to read key features of quadratic functions.",,Intro,S55-FORM-FEATURE-MATCH,form2-q21,direct-procedure,Equation,constructed/open response,instructional,
u5_55_059,Practice Set 2,5.5,Practice Set 2 — 22,I can critique which quadratic form best supports a given question or context.,,Intro,S55-CONTEXT-FORM,form2-q22,REPTRANS-CONTEXT-EQUATION-01,Context,constructed/open response,instructional,
u5_55_060,Practice Set 2,5.5,Practice Set 2 — 23,I can critique which quadratic form best supports a given question or context.,,Intro,S55-CONTEXT-FORM,form2-q23,COMPARE-MODEL-SELECTION-01,Context,constructed/open response,instructional,
u5_55_061,Practice Set 2,5.5,Practice Set 2 — 24,I can construct equivalent quadratic forms to reveal different key features.,,Intro,S55-VERTEX-TO-FACTORED,form2-q24,direct-procedure,Equation,constructed/open response,instructional,
u5_55_062,Practice Set 3,5.5,Practice Set 3 — 1,"I can interpret standard, vertex, and factored forms to read key features of quadratic functions.",,Intro,S55-VERTEX-FROM-FORM,form3-q01,direct-procedure,Equation,constructed/open response,instructional,
u5_55_063,Practice Set 3,5.5,Practice Set 3 — 2,"I can interpret standard, vertex, and factored forms to read key features of quadratic functions.",,Intro,S55-VERTEX-FROM-FORM,form3-q02,direct-procedure,Equation,constructed/open response,instructional,
u5_55_064,Practice Set 3,5.5,Practice Set 3 — 3,"I can interpret standard, vertex, and factored forms to read key features of quadratic functions.",,Intro,S55-ZEROS-FROM-FORM,form3-q03,direct-procedure,Equation,constructed/open response,instructional,
u5_55_065,Practice Set 3,5.5,Practice Set 3 — 4,"I can interpret standard, vertex, and factored forms to read key features of quadratic functions.",,Intro,S55-ZEROS-FROM-FORM,form3-q04,direct-procedure,Equation,constructed/open response,instructional,
u5_55_066,Practice Set 3,5.5,Practice Set 3 — 5,"I can interpret standard, vertex, and factored forms to read key features of quadratic functions.",,Intro,S55-YINTERCEPT-STANDARD,form3-q05,direct-procedure,Equation,constructed/open response,instructional,
u5_55_067,Practice Set 3,5.5,Practice Set 3 — 6,"I can interpret standard, vertex, and factored forms to read key features of quadratic functions.",,Intro,S55-YINTERCEPT-STANDARD,form3-q06,direct-procedure,Equation,constructed/open response,instructional,
u5_55_068,Practice Set 3,5.5,Practice Set 3 — 7,I can construct equivalent quadratic forms to reveal different key features.,,Intro,S55-FACTORED-TO-STANDARD,form3-q07,direct-procedure,Equation,constructed/open response,instructional,
u5_55_069,Practice Set 3,5.5,Practice Set 3 — 8,I can construct equivalent quadratic forms to reveal different key features.,,Intro,S55-FACTORED-TO-STANDARD,form3-q08,direct-procedure,Equation,constructed/open response,instructional,
u5_55_070,Practice Set 3,5.5,Practice Set 3 — 9,I can construct equivalent quadratic forms to reveal different key features.,,Intro,S55-FACTORED-TO-STANDARD,form3-q09,direct-procedure,Equation,constructed/open response,instructional,
u5_55_071,Practice Set 3,5.5,Practice Set 3 — 10,I can construct equivalent quadratic forms to reveal different key features.,,Intro,S55-STANDARD-TO-FACTORED,form3-q10,direct-procedure,Equation,constructed/open response,instructional,
u5_55_072,Practice Set 3,5.5,Practice Set 3 — 11,I can construct equivalent quadratic forms to reveal different key features.,,Intro,S55-STANDARD-TO-FACTORED,form3-q11,direct-procedure,Equation,constructed/open response,instructional,
u5_55_073,Practice Set 3,5.5,Practice Set 3 — 12,I can construct equivalent quadratic forms to reveal different key features.,,Intro,S55-STANDARD-TO-FACTORED,form3-q12,direct-procedure,Equation,constructed/open response,instructional,
u5_55_074,Practice Set 3,5.5,Practice Set 3 — 13,I can critique which quadratic form best supports a given question or context.,,Intro,S55-CHOOSE-FORM,form3-q13,COMPARE-MODEL-SELECTION-01,Context,constructed/open response,instructional,
u5_55_075,Practice Set 3,5.5,Practice Set 3 — 14,I can critique which quadratic form best supports a given question or context.,,Intro,S55-CHOOSE-FORM,form3-q14,COMPARE-MODEL-SELECTION-01,Context,constructed/open response,instructional,
u5_55_076,Practice Set 3,5.5,Practice Set 3 — 15,I can critique which quadratic form best supports a given question or context.,,Intro,S55-CHOOSE-FORM,form3-q15,COMPARE-MODEL-SELECTION-01,Context,constructed/open response,instructional,
u5_55_077,Practice Set 3,5.5,Practice Set 3 — 16,I can critique which quadratic form best supports a given question or context.,,Intro,S55-CRITIQUE-FORM,form3-q16,ERROR-DIAGNOSE-WORKED-SOLUTION-01,Context,constructed/open response,instructional,
u5_55_078,Practice Set 3,5.5,Practice Set 3 — 17,"I can interpret standard, vertex, and factored forms to read key features of quadratic functions.",,Intro,S55-GRAPH-FEATURE,form3-q17,REPTRANS-GRAPH-EQUATION-01,Graph,constructed/open response,instructional,
u5_55_079,Practice Set 3,5.5,Practice Set 3 — 18,"I can interpret standard, vertex, and factored forms to read key features of quadratic functions.",,Intro,S55-TABLE-TO-VERTEX,form3-q18,REPTRANS-TABLE-EQUATION-01,Table,constructed/open response,instructional,
u5_55_080,Practice Set 3,5.5,Practice Set 3 — 19,I can construct equivalent quadratic forms to reveal different key features.,,Intro,S55-VERIFY-EQUIVALENCE,form3-q19,direct-procedure,Equation,constructed/open response,instructional,
u5_55_081,Practice Set 3,5.5,Practice Set 3 — 20,"I can interpret standard, vertex, and factored forms to read key features of quadratic functions.",,Intro,S55-FORM-FEATURE-MATCH,form3-q20,direct-procedure,Equation,constructed/open response,instructional,
u5_55_082,Practice Set 3,5.5,Practice Set 3 — 21,"I can interpret standard, vertex, and factored forms to read key features of quadratic functions.",,Intro,S55-FORM-FEATURE-MATCH,form3-q21,direct-procedure,Equation,constructed/open response,instructional,
u5_55_083,Practice Set 3,5.5,Practice Set 3 — 22,I can critique which quadratic form best supports a given question or context.,,Intro,S55-CONTEXT-FORM,form3-q22,REPTRANS-CONTEXT-EQUATION-01,Context,constructed/open response,instructional,
u5_55_084,Practice Set 3,5.5,Practice Set 3 — 23,I can critique which quadratic form best supports a given question or context.,,Intro,S55-CONTEXT-FORM,form3-q23,COMPARE-MODEL-SELECTION-01,Context,constructed/open response,instructional,
u5_55_085,Practice Set 3,5.5,Practice Set 3 — 24,I can construct equivalent quadratic forms to reveal different key features.,,Intro,S55-VERTEX-TO-FACTORED,form3-q24,direct-procedure,Equation,constructed/open response,instructional,
u5_55_086,Extra Practice,5.5,Extra Practice — 1,"I can interpret standard, vertex, and factored forms to read key features of quadratic functions.",,Intro,S55-VERTEX-FROM-FORM,form4-q01,direct-procedure,Equation,constructed/open response,instructional,
u5_55_087,Extra Practice,5.5,Extra Practice — 2,"I can interpret standard, vertex, and factored forms to read key features of quadratic functions.",,Intro,S55-VERTEX-FROM-FORM,form4-q02,direct-procedure,Equation,constructed/open response,instructional,
u5_55_088,Extra Practice,5.5,Extra Practice — 3,"I can interpret standard, vertex, and factored forms to read key features of quadratic functions.",,Intro,S55-ZEROS-FROM-FORM,form4-q03,direct-procedure,Equation,constructed/open response,instructional,
u5_55_089,Extra Practice,5.5,Extra Practice — 4,"I can interpret standard, vertex, and factored forms to read key features of quadratic functions.",,Intro,S55-ZEROS-FROM-FORM,form4-q04,direct-procedure,Equation,constructed/open response,instructional,
u5_55_090,Extra Practice,5.5,Extra Practice — 5,"I can interpret standard, vertex, and factored forms to read key features of quadratic functions.",,Intro,S55-YINTERCEPT-STANDARD,form4-q05,direct-procedure,Equation,constructed/open response,instructional,
u5_55_091,Extra Practice,5.5,Extra Practice — 6,"I can interpret standard, vertex, and factored forms to read key features of quadratic functions.",,Intro,S55-YINTERCEPT-STANDARD,form4-q06,direct-procedure,Equation,constructed/open response,instructional,
u5_55_092,Extra Practice,5.5,Extra Practice — 7,I can construct equivalent quadratic forms to reveal different key features.,,Intro,S55-FACTORED-TO-STANDARD,form4-q07,direct-procedure,Equation,constructed/open response,instructional,
u5_55_093,Extra Practice,5.5,Extra Practice — 8,I can construct equivalent quadratic forms to reveal different key features.,,Intro,S55-FACTORED-TO-STANDARD,form4-q08,direct-procedure,Equation,constructed/open response,instructional,
u5_55_094,Extra Practice,5.5,Extra Practice — 9,I can construct equivalent quadratic forms to reveal different key features.,,Intro,S55-FACTORED-TO-STANDARD,form4-q09,direct-procedure,Equation,constructed/open response,instructional,
u5_55_095,Extra Practice,5.5,Extra Practice — 10,I can construct equivalent quadratic forms to reveal different key features.,,Intro,S55-STANDARD-TO-FACTORED,form4-q10,direct-procedure,Equation,constructed/open response,instructional,
u5_55_096,Extra Practice,5.5,Extra Practice — 11,I can construct equivalent quadratic forms to reveal different key features.,,Intro,S55-STANDARD-TO-FACTORED,form4-q11,direct-procedure,Equation,constructed/open response,instructional,
u5_55_097,Extra Practice,5.5,Extra Practice — 12,I can construct equivalent quadratic forms to reveal different key features.,,Intro,S55-STANDARD-TO-FACTORED,form4-q12,direct-procedure,Equation,constructed/open response,instructional,
u5_55_098,Extra Practice,5.5,Extra Practice — 13,I can critique which quadratic form best supports a given question or context.,,Intro,S55-CHOOSE-FORM,form4-q13,COMPARE-MODEL-SELECTION-01,Context,constructed/open response,instructional,
u5_55_099,Extra Practice,5.5,Extra Practice — 14,I can critique which quadratic form best supports a given question or context.,,Intro,S55-CHOOSE-FORM,form4-q14,COMPARE-MODEL-SELECTION-01,Context,constructed/open response,instructional,
u5_55_100,Extra Practice,5.5,Extra Practice — 15,I can critique which quadratic form best supports a given question or context.,,Intro,S55-CHOOSE-FORM,form4-q15,COMPARE-MODEL-SELECTION-01,Context,constructed/open response,instructional,
u5_55_101,Extra Practice,5.5,Extra Practice — 16,I can critique which quadratic form best supports a given question or context.,,Intro,S55-CRITIQUE-FORM,form4-q16,ERROR-DIAGNOSE-WORKED-SOLUTION-01,Context,constructed/open response,instructional,
u5_55_102,Extra Practice,5.5,Extra Practice — 17,"I can interpret standard, vertex, and factored forms to read key features of quadratic functions.",,Intro,S55-GRAPH-FEATURE,form4-q17,REPTRANS-GRAPH-EQUATION-01,Graph,constructed/open response,instructional,
u5_55_103,Extra Practice,5.5,Extra Practice — 18,"I can interpret standard, vertex, and factored forms to read key features of quadratic functions.",,Intro,S55-TABLE-TO-VERTEX,form4-q18,REPTRANS-TABLE-EQUATION-01,Table,constructed/open response,instructional,
u5_55_104,Extra Practice,5.5,Extra Practice — 19,I can construct equivalent quadratic forms to reveal different key features.,,Intro,S55-VERIFY-EQUIVALENCE,form4-q19,direct-procedure,Equation,constructed/open response,instructional,
u5_55_105,Extra Practice,5.5,Extra Practice — 20,"I can interpret standard, vertex, and factored forms to read key features of quadratic functions.",,Intro,S55-FORM-FEATURE-MATCH,form4-q20,direct-procedure,Equation,constructed/open response,instructional,
u5_55_106,Extra Practice,5.5,Extra Practice — 21,"I can interpret standard, vertex, and factored forms to read key features of quadratic functions.",,Intro,S55-FORM-FEATURE-MATCH,form4-q21,direct-procedure,Equation,constructed/open response,instructional,
u5_55_107,Extra Practice,5.5,Extra Practice — 22,I can critique which quadratic form best supports a given question or context.,,Intro,S55-CONTEXT-FORM,form4-q22,REPTRANS-CONTEXT-EQUATION-01,Context,constructed/open response,instructional,
u5_55_108,Extra Practice,5.5,Extra Practice — 23,I can critique which quadratic form best supports a given question or context.,,Intro,S55-CONTEXT-FORM,form4-q23,COMPARE-MODEL-SELECTION-01,Context,constructed/open response,instructional,
u5_55_109,Extra Practice,5.5,Extra Practice — 24,I can construct equivalent quadratic forms to reveal different key features.,,Intro,S55-VERTEX-TO-FACTORED,form4-q24,direct-procedure,Equation,constructed/open response,instructional,
u5_51_110,CYU,5.1,CYU — 1,I can construct equivalent polynomial expressions by factoring out a greatest common factor.,,Intro,S51-GCF-2TERM,cyu-1,direct-procedure,Equation,constructed/open response,instructional,
u5_51_111,CYU,5.1,CYU — 2,I can construct equivalent polynomial expressions by factoring out a greatest common factor.,,Intro,S51-GCF-VARIABLE,cyu-2,direct-procedure,Equation,constructed/open response,instructional,
u5_51_112,CYU,5.1,CYU — 3,I can apply structure to rewrite polynomial expressions in a more useful form.,,Intro,S51-STRUCTURE-3TERM,cyu-3,direct-procedure,Equation,constructed/open response,instructional,
u5_51_113,CYU,5.1,CYU — 4,I can apply structure to rewrite polynomial expressions in a more useful form.,,Intro,S51-TERM-TABLE,cyu-4,REPRESENTATION-CONNECTION-01,Table,constructed/open response,instructional,
u5_51_114,CYU,5.1,CYU — 5,I can determine whether a rewritten expression is reasonable by checking common factors and equivalent products.,,Intro,S51-VERIFY,cyu-5,REPRESENTATION-CONNECTION-01,Equation,constructed/open response,instructional,
u5_51_115,CYU,5.1,CYU — 6,I can determine whether a rewritten expression is reasonable by checking common factors and equivalent products.,,Intro,S51-ERROR-GCF,cyu-6,REPRESENTATION-CONNECTION-01,Equation,constructed/open response,instructional,
u5_52_110,CYU,5.2,CYU — 1,I can build factored forms of quadratic trinomials using product-sum relationships.,,Intro,S52-MONIC,cyu-1,direct-procedure,Equation,constructed/open response,instructional,
u5_52_111,CYU,5.2,CYU — 2,I can build factored forms of quadratic trinomials using product-sum relationships.,,Intro,S52-MONIC,cyu-2,direct-procedure,Equation,constructed/open response,instructional,
u5_52_112,CYU,5.2,CYU — 3,I can use patterns in coefficients and constants to factor quadratic trinomials.,,Intro,S52-NONMONIC,cyu-3,direct-procedure,Equation,constructed/open response,instructional,
u5_52_113,CYU,5.2,CYU — 4,I can use patterns in coefficients and constants to factor quadratic trinomials.,,Intro,S52-PRODUCT-SUM-TABLE,cyu-4,REPRESENTATION-CONNECTION-01,Equation,constructed/open response,instructional,
u5_52_114,CYU,5.2,CYU — 5,I can predict missing factors or terms by extending product-sum reasoning.,,Intro,S52-MISSING-FACTOR,cyu-5,REPRESENTATION-CONNECTION-01,Equation,constructed/open response,instructional,
u5_52_115,CYU,5.2,CYU — 6,I can predict missing factors or terms by extending product-sum reasoning.,,Intro,S52-VERIFY,cyu-6,REPRESENTATION-CONNECTION-01,Equation,constructed/open response,instructional,
u5_53_110,CYU,5.3,CYU — 1,I can design a strategy for factoring special polynomial patterns.,,Intro,S53-DIFF-SQUARES,cyu-1,direct-procedure,Equation,constructed/open response,instructional,
u5_53_111,CYU,5.3,CYU — 2,I can design a strategy for factoring special polynomial patterns.,,Intro,S53-PERFECT-SQUARE,cyu-2,direct-procedure,Equation,constructed/open response,instructional,
u5_53_112,CYU,5.3,CYU — 3,I can apply difference-of-squares and perfect-square-trinomial patterns.,,Intro,S53-DIFF-SQUARES,cyu-3,direct-procedure,Equation,constructed/open response,instructional,
u5_53_113,CYU,5.3,CYU — 4,I can apply difference-of-squares and perfect-square-trinomial patterns.,,Intro,S53-GCF-THEN-SPECIAL,cyu-4,REPRESENTATION-CONNECTION-01,Equation,constructed/open response,instructional,
u5_53_114,CYU,5.3,CYU — 5,I can assess whether a polynomial fits a special factoring pattern before rewriting it.,,Intro,S53-PATTERN-CHECK,cyu-5,REPRESENTATION-CONNECTION-01,Equation,constructed/open response,instructional,
u5_53_115,CYU,5.3,CYU — 6,I can assess whether a polynomial fits a special factoring pattern before rewriting it.,,Intro,S53-REVERSE-PATTERN,cyu-6,REPRESENTATION-CONNECTION-01,Equation,constructed/open response,instructional,
u5_54_110,CYU,5.4,CYU — 1,I can formulate quadratic functions in factored form from zeros or intercepts.,,Intro,S54-FACTORS-TO-ZEROS,cyu-1,direct-procedure,Equation,constructed/open response,instructional,
u5_54_111,CYU,5.4,CYU — 2,I can formulate quadratic functions in factored form from zeros or intercepts.,,Intro,S54-ZEROS-TO-FACTORS,cyu-2,direct-procedure,Equation,constructed/open response,instructional,
u5_54_112,CYU,5.4,CYU — 3,I can use factored form to predict zeros and x-intercepts of quadratic graphs.,,Intro,S54-ZERO-PRODUCT,cyu-3,direct-procedure,Equation,constructed/open response,instructional,
u5_54_113,CYU,5.4,CYU — 4,I can use factored form to predict zeros and x-intercepts of quadratic graphs.,,Intro,S54-TABLE-ZEROS,cyu-4,REPRESENTATION-CONNECTION-01,Table,constructed/open response,instructional,
u5_54_114,CYU,5.4,CYU — 5,"I can extend connections among factors, zeros, intercepts, and graph behavior.",,Intro,S54-DETERMINE-A,cyu-5,REPRESENTATION-CONNECTION-01,Equation,constructed/open response,instructional,
u5_54_115,CYU,5.4,CYU — 6,"I can extend connections among factors, zeros, intercepts, and graph behavior.",,Intro,S54-ERROR-ZEROS,cyu-6,REPRESENTATION-CONNECTION-01,Equation,constructed/open response,instructional,
u5_55_110,CYU,5.5,CYU — 1,I can construct equivalent quadratic forms to reveal different key features.,,Intro,S55-VERTEX-FROM-FORM,cyu-1,direct-procedure,Equation,constructed/open response,instructional,
u5_55_111,CYU,5.5,CYU — 2,I can construct equivalent quadratic forms to reveal different key features.,,Intro,S55-ZEROS-FROM-FORM,cyu-2,direct-procedure,Equation,constructed/open response,instructional,
u5_55_112,CYU,5.5,CYU — 3,"I can interpret standard, vertex, and factored forms to read key features of quadratic functions.",,Intro,S55-YINTERCEPT-STANDARD,cyu-3,direct-procedure,Equation,constructed/open response,instructional,
u5_55_113,CYU,5.5,CYU — 4,"I can interpret standard, vertex, and factored forms to read key features of quadratic functions.",,Intro,S55-FACTORED-TO-STANDARD,cyu-4,REPRESENTATION-CONNECTION-01,Equation,constructed/open response,instructional,
u5_55_114,CYU,5.5,CYU — 5,I can critique which quadratic form best supports a given question or context.,,Intro,S55-CHOOSE-FORM,cyu-5,REPRESENTATION-CONNECTION-01,Equation,constructed/open response,instructional,
u5_55_115,CYU,5.5,CYU — 6,I can critique which quadratic form best supports a given question or context.,,Intro,S55-CHOOSE-FORM,cyu-6,REPRESENTATION-CONNECTION-01,Equation,constructed/open response,instructional,
u5_51_116,Warm-Up 1,5.1,Warm-Up 1 — 1,"Add, subtract, and multiply polynomial expressions.",,Review,5.1-DIAMOND,wu1-diamond,REPRESENTATION-CONNECTION-01,Equation,constructed/open response,instructional,
u5_51_117,Warm-Up 1,5.1,Warm-Up 1 — 2,"Add, subtract, and multiply polynomial expressions.",,Review,5.1-REVIEW,wu1-2,direct-procedure,Equation,constructed/open response,instructional,
u5_51_118,Warm-Up 1,5.1,Warm-Up 1 — 3,"Add, subtract, and multiply polynomial expressions.",,Review,5.1-REVIEW,wu1-3,direct-procedure,Equation,constructed/open response,instructional,
u5_51_119,Warm-Up 1,5.1,Warm-Up 1 — 4,"Add, subtract, and multiply polynomial expressions.",,Review,5.1-REVIEW,wu1-4,direct-procedure,Equation,constructed/open response,instructional,
u5_51_120,Warm-Up 2,5.1,Warm-Up 2 — 1,I can construct equivalent polynomial expressions by factoring out a greatest common factor.,,Intro,5.1-INTRO-RETRIEVAL,wu2-1,direct-procedure,Equation,constructed/open response,instructional,
u5_51_121,Warm-Up 2,5.1,Warm-Up 2 — 2,I can apply structure to rewrite polynomial expressions in a more useful form.,,Intro,5.1-INTRO-RETRIEVAL,wu2-2,direct-procedure,Equation,constructed/open response,instructional,
u5_51_122,Warm-Up 2,5.1,Warm-Up 2 — 3,"Add, subtract, and multiply polynomial expressions.",,Review,5.1-REVIEW,wu2-3,direct-procedure,Equation,constructed/open response,instructional,
u5_51_123,Warm-Up 2,5.1,Warm-Up 2 — 4,Solve systems using substitution and choose efficient forms for solving.,U5-MG01,Mastery,5.1-MASTERY-RETRIEVAL,wu2-4,direct-procedure,Equation,constructed/open response,instructional,
u5_51_124,Warm-Up 3,5.1,Warm-Up 3 — 1,I can apply structure to rewrite polynomial expressions in a more useful form.,,Intro,5.1-INTRO-RETRIEVAL,wu3-1,direct-procedure,Equation,constructed/open response,instructional,
u5_51_125,Warm-Up 3,5.1,Warm-Up 3 — 2,"Add, subtract, and multiply polynomial expressions.",,Review,5.1-REVIEW,wu3-2,direct-procedure,Equation,constructed/open response,instructional,
u5_51_126,Warm-Up 3,5.1,Warm-Up 3 — 3,Solve systems using substitution and choose efficient forms for solving.,U5-MG01,Mastery,5.1-MASTERY-RETRIEVAL,wu3-3,direct-procedure,Equation,constructed/open response,instructional,
u5_51_127,Warm-Up 3,5.1,Warm-Up 3 — 4,Solve systems using substitution and choose efficient forms for solving.,U5-MG01,Mastery,5.1-MASTERY-RETRIEVAL,wu3-4,direct-procedure,Equation,constructed/open response,instructional,
u5_52_116,Warm-Up 1,5.2,Warm-Up 1 — 1,Connect polynomial expressions to quadratic graphs and key features.,,Review,5.2-DIAMOND,wu1-diamond,REPRESENTATION-CONNECTION-01,Equation,constructed/open response,instructional,
u5_52_117,Warm-Up 1,5.2,Warm-Up 1 — 2,Connect polynomial expressions to quadratic graphs and key features.,,Review,5.2-REVIEW,wu1-2,direct-procedure,Equation,constructed/open response,instructional,
u5_52_118,Warm-Up 1,5.2,Warm-Up 1 — 3,Connect polynomial expressions to quadratic graphs and key features.,,Review,5.2-REVIEW,wu1-3,direct-procedure,Equation,constructed/open response,instructional,
u5_52_119,Warm-Up 1,5.2,Warm-Up 1 — 4,Connect polynomial expressions to quadratic graphs and key features.,,Review,5.2-REVIEW,wu1-4,direct-procedure,Equation,constructed/open response,instructional,
u5_52_120,Warm-Up 2,5.2,Warm-Up 2 — 1,I can build factored forms of quadratic trinomials using product-sum relationships.,,Intro,5.2-INTRO-RETRIEVAL,wu2-1,direct-procedure,Equation,constructed/open response,instructional,
u5_52_121,Warm-Up 2,5.2,Warm-Up 2 — 2,I can use patterns in coefficients and constants to factor quadratic trinomials.,,Intro,5.2-INTRO-RETRIEVAL,wu2-2,direct-procedure,Equation,constructed/open response,instructional,
u5_52_122,Warm-Up 2,5.2,Warm-Up 2 — 3,Connect polynomial expressions to quadratic graphs and key features.,,Review,5.2-REVIEW,wu2-3,direct-procedure,Equation,constructed/open response,instructional,
u5_52_123,Warm-Up 2,5.2,Warm-Up 2 — 4,Solve systems graphically and by elimination while interpreting the meaning of different solution types.,U5-MG01,Mastery,5.2-MASTERY-RETRIEVAL,wu2-4,direct-procedure,Equation,constructed/open response,instructional,
u5_52_124,Warm-Up 3,5.2,Warm-Up 3 — 1,I can use patterns in coefficients and constants to factor quadratic trinomials.,,Intro,5.2-INTRO-RETRIEVAL,wu3-1,direct-procedure,Equation,constructed/open response,instructional,
u5_52_125,Warm-Up 3,5.2,Warm-Up 3 — 2,Connect polynomial expressions to quadratic graphs and key features.,,Review,5.2-REVIEW,wu3-2,direct-procedure,Equation,constructed/open response,instructional,
u5_52_126,Warm-Up 3,5.2,Warm-Up 3 — 3,Solve systems graphically and by elimination while interpreting the meaning of different solution types.,U5-MG01,Mastery,5.2-MASTERY-RETRIEVAL,wu3-3,direct-procedure,Equation,constructed/open response,instructional,
u5_52_127,Warm-Up 3,5.2,Warm-Up 3 — 4,Solve systems graphically and by elimination while interpreting the meaning of different solution types.,U5-MG01,Mastery,5.2-MASTERY-RETRIEVAL,wu3-4,direct-procedure,Equation,constructed/open response,instructional,
u5_53_116,Warm-Up 1,5.3,Warm-Up 1 — 1,"Identify common function families from graphs, equations, tables, and contexts.",,Review,5.3-DIAMOND,wu1-diamond,REPRESENTATION-CONNECTION-01,Equation,constructed/open response,instructional,
u5_53_117,Warm-Up 1,5.3,Warm-Up 1 — 2,"Identify common function families from graphs, equations, tables, and contexts.",,Review,5.3-REVIEW,wu1-2,direct-procedure,Equation,constructed/open response,instructional,
u5_53_118,Warm-Up 1,5.3,Warm-Up 1 — 3,"Identify common function families from graphs, equations, tables, and contexts.",,Review,5.3-REVIEW,wu1-3,direct-procedure,Equation,constructed/open response,instructional,
u5_53_119,Warm-Up 1,5.3,Warm-Up 1 — 4,"Identify common function families from graphs, equations, tables, and contexts.",,Review,5.3-REVIEW,wu1-4,direct-procedure,Equation,constructed/open response,instructional,
u5_53_120,Warm-Up 2,5.3,Warm-Up 2 — 1,I can design a strategy for factoring special polynomial patterns.,,Intro,5.3-INTRO-RETRIEVAL,wu2-1,direct-procedure,Equation,constructed/open response,instructional,
u5_53_121,Warm-Up 2,5.3,Warm-Up 2 — 2,I can apply difference-of-squares and perfect-square-trinomial patterns.,,Intro,5.3-INTRO-RETRIEVAL,wu2-2,direct-procedure,Equation,constructed/open response,instructional,
u5_53_122,Warm-Up 2,5.3,Warm-Up 2 — 3,"Identify common function families from graphs, equations, tables, and contexts.",,Review,5.3-REVIEW,wu2-3,direct-procedure,Equation,constructed/open response,instructional,
u5_53_123,Warm-Up 2,5.3,Warm-Up 2 — 4,Create and solve systems that model real-world situations.,U5-MG02,Mastery,5.3-MASTERY-RETRIEVAL,wu2-4,direct-procedure,Equation,constructed/open response,instructional,
u5_53_124,Warm-Up 3,5.3,Warm-Up 3 — 1,I can apply difference-of-squares and perfect-square-trinomial patterns.,,Intro,5.3-INTRO-RETRIEVAL,wu3-1,direct-procedure,Equation,constructed/open response,instructional,
u5_53_125,Warm-Up 3,5.3,Warm-Up 3 — 2,"Identify common function families from graphs, equations, tables, and contexts.",,Review,5.3-REVIEW,wu3-2,direct-procedure,Equation,constructed/open response,instructional,
u5_53_126,Warm-Up 3,5.3,Warm-Up 3 — 3,Create and solve systems that model real-world situations.,U5-MG02,Mastery,5.3-MASTERY-RETRIEVAL,wu3-3,direct-procedure,Equation,constructed/open response,instructional,
u5_53_127,Warm-Up 3,5.3,Warm-Up 3 — 4,Create and solve systems that model real-world situations.,U5-MG02,Mastery,5.3-MASTERY-RETRIEVAL,wu3-4,direct-procedure,Equation,constructed/open response,instructional,
u5_54_116,Warm-Up 1,5.4,Warm-Up 1 — 1,Graph and write translated functions using key points and key features.,,Review,5.4-DIAMOND,wu1-diamond,REPRESENTATION-CONNECTION-01,Equation,constructed/open response,instructional,
u5_54_117,Warm-Up 1,5.4,Warm-Up 1 — 2,Graph and write translated functions using key points and key features.,,Review,5.4-REVIEW,wu1-2,direct-procedure,Equation,constructed/open response,instructional,
u5_54_118,Warm-Up 1,5.4,Warm-Up 1 — 3,Graph and write translated functions using key points and key features.,,Review,5.4-REVIEW,wu1-3,direct-procedure,Equation,constructed/open response,instructional,
u5_54_119,Warm-Up 1,5.4,Warm-Up 1 — 4,Graph and write translated functions using key points and key features.,,Review,5.4-REVIEW,wu1-4,direct-procedure,Equation,constructed/open response,instructional,
u5_54_120,Warm-Up 2,5.4,Warm-Up 2 — 1,I can formulate quadratic functions in factored form from zeros or intercepts.,,Intro,5.4-INTRO-RETRIEVAL,wu2-1,direct-procedure,Equation,constructed/open response,instructional,
u5_54_121,Warm-Up 2,5.4,Warm-Up 2 — 2,I can use factored form to predict zeros and x-intercepts of quadratic graphs.,,Intro,5.4-INTRO-RETRIEVAL,wu2-2,direct-procedure,Equation,constructed/open response,instructional,
u5_54_122,Warm-Up 2,5.4,Warm-Up 2 — 3,Graph and write translated functions using key points and key features.,,Review,5.4-REVIEW,wu2-3,direct-procedure,Equation,constructed/open response,instructional,
u5_54_123,Warm-Up 2,5.4,Warm-Up 2 — 4,Graph and interpret linear inequalities.,U5-MG03,Mastery,5.4-MASTERY-RETRIEVAL,wu2-4,direct-procedure,Equation,constructed/open response,instructional,
u5_54_124,Warm-Up 3,5.4,Warm-Up 3 — 1,I can use factored form to predict zeros and x-intercepts of quadratic graphs.,,Intro,5.4-INTRO-RETRIEVAL,wu3-1,direct-procedure,Equation,constructed/open response,instructional,
u5_54_125,Warm-Up 3,5.4,Warm-Up 3 — 2,Graph and write translated functions using key points and key features.,,Review,5.4-REVIEW,wu3-2,direct-procedure,Equation,constructed/open response,instructional,
u5_54_126,Warm-Up 3,5.4,Warm-Up 3 — 3,Graph and interpret linear inequalities.,U5-MG03,Mastery,5.4-MASTERY-RETRIEVAL,wu3-3,direct-procedure,Equation,constructed/open response,instructional,
u5_54_127,Warm-Up 3,5.4,Warm-Up 3 — 4,Graph and interpret linear inequalities.,U5-MG03,Mastery,5.4-MASTERY-RETRIEVAL,wu3-4,direct-procedure,Equation,constructed/open response,instructional,
u5_55_116,Warm-Up 1,5.5,Warm-Up 1 — 1,"Analyze and graph transformations involving stretches, compressions, and reflections.",,Review,5.5-DIAMOND,wu1-diamond,REPRESENTATION-CONNECTION-01,Equation,constructed/open response,instructional,
u5_55_117,Warm-Up 1,5.5,Warm-Up 1 — 2,"Analyze and graph transformations involving stretches, compressions, and reflections.",,Review,5.5-REVIEW,wu1-2,direct-procedure,Equation,constructed/open response,instructional,
u5_55_118,Warm-Up 1,5.5,Warm-Up 1 — 3,"Analyze and graph transformations involving stretches, compressions, and reflections.",,Review,5.5-REVIEW,wu1-3,direct-procedure,Equation,constructed/open response,instructional,
u5_55_119,Warm-Up 1,5.5,Warm-Up 1 — 4,"Analyze and graph transformations involving stretches, compressions, and reflections.",,Review,5.5-REVIEW,wu1-4,direct-procedure,Equation,constructed/open response,instructional,
u5_55_120,Warm-Up 2,5.5,Warm-Up 2 — 1,I can construct equivalent quadratic forms to reveal different key features.,,Intro,5.5-INTRO-RETRIEVAL,wu2-1,direct-procedure,Equation,constructed/open response,instructional,
u5_55_121,Warm-Up 2,5.5,Warm-Up 2 — 2,"I can interpret standard, vertex, and factored forms to read key features of quadratic functions.",,Intro,5.5-INTRO-RETRIEVAL,wu2-2,direct-procedure,Equation,constructed/open response,instructional,
u5_55_122,Warm-Up 2,5.5,Warm-Up 2 — 3,"Analyze and graph transformations involving stretches, compressions, and reflections.",,Review,5.5-REVIEW,wu2-3,direct-procedure,Equation,constructed/open response,instructional,
u5_55_123,Warm-Up 2,5.5,Warm-Up 2 — 4,Analyze and interpret systems of linear inequalities.,U5-MG04,Mastery,5.5-MASTERY-RETRIEVAL,wu2-4,direct-procedure,Equation,constructed/open response,instructional,
u5_55_124,Warm-Up 3,5.5,Warm-Up 3 — 1,"I can interpret standard, vertex, and factored forms to read key features of quadratic functions.",,Intro,5.5-INTRO-RETRIEVAL,wu3-1,direct-procedure,Equation,constructed/open response,instructional,
u5_55_125,Warm-Up 3,5.5,Warm-Up 3 — 2,"Analyze and graph transformations involving stretches, compressions, and reflections.",,Review,5.5-REVIEW,wu3-2,direct-procedure,Equation,constructed/open response,instructional,
u5_55_126,Warm-Up 3,5.5,Warm-Up 3 — 3,Analyze and interpret systems of linear inequalities.,U5-MG04,Mastery,5.5-MASTERY-RETRIEVAL,wu3-3,direct-procedure,Equation,constructed/open response,instructional,
u5_55_127,Warm-Up 3,5.5,Warm-Up 3 — 4,Analyze and interpret systems of linear inequalities.,U5-MG04,Mastery,5.5-MASTERY-RETRIEVAL,wu3-4,direct-procedure,Equation,constructed/open response,instructional,
u5_51_128,Exit Ticket A,5.1,Exit Ticket A — 1,I can construct equivalent polynomial expressions by factoring out a greatest common factor.,,Intro,5.1-ETA,eta-1,direct-procedure,Equation,constructed/open response,instructional,
u5_51_129,Exit Ticket A,5.1,Exit Ticket A — 2,I can construct equivalent polynomial expressions by factoring out a greatest common factor.,,Intro,5.1-ETA,eta-2,direct-procedure,Equation,constructed/open response,instructional,
u5_51_130,Exit Ticket A,5.1,Exit Ticket A — 3,I can apply structure to rewrite polynomial expressions in a more useful form.,,Intro,5.1-ETA,eta-3,direct-procedure,Equation,constructed/open response,instructional,
u5_51_131,Exit Ticket A,5.1,Exit Ticket A — 4,I can determine whether a rewritten expression is reasonable by checking common factors and equivalent products.,,Intro,5.1-ETA,eta-4,REPRESENTATION-CONNECTION-01,Equation,constructed/open response,instructional,
u5_51_132,Exit Ticket B,5.1,Exit Ticket B — 1,"Add, subtract, and multiply polynomial expressions.",,Review,5.1-ETB,etb-1,direct-procedure,Equation,constructed/open response,instructional,
u5_51_133,Exit Ticket B,5.1,Exit Ticket B — 2,"Add, subtract, and multiply polynomial expressions.",,Review,5.1-ETB,etb-2,direct-procedure,Equation,constructed/open response,instructional,
u5_51_134,Exit Ticket B,5.1,Exit Ticket B — 3,"Add, subtract, and multiply polynomial expressions.",,Review,5.1-ETB,etb-3,direct-procedure,Equation,constructed/open response,instructional,
u5_51_135,Exit Ticket B,5.1,Exit Ticket B — 4,"Add, subtract, and multiply polynomial expressions.",,Review,5.1-ETB,etb-4,direct-procedure,Equation,constructed/open response,instructional,
u5_51_136,Exit Ticket C,5.1,Exit Ticket C — 1,"Solve systems of linear equations graphically and algebraically, choose efficient methods, and interpret one, none, or infinitely many solutions.",U5-MG01,Mastery,5.1-ETC-U5-MG01,etc-1,EVIDENCE-CONSTRUCTED-RESPONSE-01,Equation,constructed/open response,instructional,
u5_51_137,Exit Ticket C,5.1,Exit Ticket C — 2,"Solve systems of linear equations graphically and algebraically, choose efficient methods, and interpret one, none, or infinitely many solutions.",U5-MG01,Mastery,5.1-ETC-U5-MG01,etc-2,EVIDENCE-CONSTRUCTED-RESPONSE-01,Equation,constructed/open response,instructional,
u5_51_138,Exit Ticket C,5.1,Exit Ticket C — 3,"Solve systems of linear equations graphically and algebraically, choose efficient methods, and interpret one, none, or infinitely many solutions.",U5-MG01,Mastery,5.1-ETC-U5-MG01,etc-3,EVIDENCE-CONSTRUCTED-RESPONSE-01,Equation,constructed/open response,instructional,
u5_51_139,Exit Ticket C,5.1,Exit Ticket C — 4,"Solve systems of linear equations graphically and algebraically, choose efficient methods, and interpret one, none, or infinitely many solutions.",U5-MG01,Mastery,5.1-ETC-U5-MG01,etc-4,EVIDENCE-CONSTRUCTED-RESPONSE-01,Equation,constructed/open response,instructional,
u5_52_128,Exit Ticket A,5.2,Exit Ticket A — 1,I can build factored forms of quadratic trinomials using product-sum relationships.,,Intro,5.2-ETA,eta-1,direct-procedure,Equation,constructed/open response,instructional,
u5_52_129,Exit Ticket A,5.2,Exit Ticket A — 2,I can build factored forms of quadratic trinomials using product-sum relationships.,,Intro,5.2-ETA,eta-2,direct-procedure,Equation,constructed/open response,instructional,
u5_52_130,Exit Ticket A,5.2,Exit Ticket A — 3,I can use patterns in coefficients and constants to factor quadratic trinomials.,,Intro,5.2-ETA,eta-3,direct-procedure,Equation,constructed/open response,instructional,
u5_52_131,Exit Ticket A,5.2,Exit Ticket A — 4,I can predict missing factors or terms by extending product-sum reasoning.,,Intro,5.2-ETA,eta-4,REPRESENTATION-CONNECTION-01,Equation,constructed/open response,instructional,
u5_52_132,Exit Ticket B,5.2,Exit Ticket B — 1,Connect polynomial expressions to quadratic graphs and key features.,,Review,5.2-ETB,etb-1,direct-procedure,Graph,constructed/open response,instructional,
u5_52_133,Exit Ticket B,5.2,Exit Ticket B — 2,Connect polynomial expressions to quadratic graphs and key features.,,Review,5.2-ETB,etb-2,direct-procedure,Equation,constructed/open response,instructional,
u5_52_134,Exit Ticket B,5.2,Exit Ticket B — 3,Connect polynomial expressions to quadratic graphs and key features.,,Review,5.2-ETB,etb-3,direct-procedure,Equation,constructed/open response,instructional,
u5_52_135,Exit Ticket B,5.2,Exit Ticket B — 4,Connect polynomial expressions to quadratic graphs and key features.,,Review,5.2-ETB,etb-4,direct-procedure,Equation,constructed/open response,instructional,
u5_52_136,Exit Ticket C,5.2,Exit Ticket C — 1,"Solve systems of linear equations graphically and algebraically, choose efficient methods, and interpret one, none, or infinitely many solutions.",U5-MG01,Mastery,5.2-ETC-U5-MG01,etc-1,EVIDENCE-CONSTRUCTED-RESPONSE-01,Equation,constructed/open response,instructional,
u5_52_137,Exit Ticket C,5.2,Exit Ticket C — 2,"Solve systems of linear equations graphically and algebraically, choose efficient methods, and interpret one, none, or infinitely many solutions.",U5-MG01,Mastery,5.2-ETC-U5-MG01,etc-2,EVIDENCE-CONSTRUCTED-RESPONSE-01,Equation,constructed/open response,instructional,
u5_52_138,Exit Ticket C,5.2,Exit Ticket C — 3,"Solve systems of linear equations graphically and algebraically, choose efficient methods, and interpret one, none, or infinitely many solutions.",U5-MG01,Mastery,5.2-ETC-U5-MG01,etc-3,EVIDENCE-CONSTRUCTED-RESPONSE-01,Equation,constructed/open response,instructional,
u5_52_139,Exit Ticket C,5.2,Exit Ticket C — 4,"Solve systems of linear equations graphically and algebraically, choose efficient methods, and interpret one, none, or infinitely many solutions.",U5-MG01,Mastery,5.2-ETC-U5-MG01,etc-4,EVIDENCE-CONSTRUCTED-RESPONSE-01,Graph,constructed/open response,instructional,
u5_53_128,Exit Ticket A,5.3,Exit Ticket A — 1,I can apply difference-of-squares and perfect-square-trinomial patterns.,,Intro,5.3-ETA,eta-1,direct-procedure,Equation,constructed/open response,instructional,
u5_53_129,Exit Ticket A,5.3,Exit Ticket A — 2,I can apply difference-of-squares and perfect-square-trinomial patterns.,,Intro,5.3-ETA,eta-2,direct-procedure,Equation,constructed/open response,instructional,
u5_53_130,Exit Ticket A,5.3,Exit Ticket A — 3,I can design a strategy for factoring special polynomial patterns.,,Intro,5.3-ETA,eta-3,direct-procedure,Equation,constructed/open response,instructional,
u5_53_131,Exit Ticket A,5.3,Exit Ticket A — 4,I can assess whether a polynomial fits a special factoring pattern before rewriting it.,,Intro,5.3-ETA,eta-4,REPRESENTATION-CONNECTION-01,Equation,constructed/open response,instructional,
u5_53_132,Exit Ticket B,5.3,Exit Ticket B — 1,"Identify common function families from graphs, equations, tables, and contexts.",,Review,5.3-ETB,etb-1,direct-procedure,Equation,constructed/open response,instructional,
u5_53_133,Exit Ticket B,5.3,Exit Ticket B — 2,"Identify common function families from graphs, equations, tables, and contexts.",,Review,5.3-ETB,etb-2,direct-procedure,Graph,constructed/open response,instructional,
u5_53_134,Exit Ticket B,5.3,Exit Ticket B — 3,"Identify common function families from graphs, equations, tables, and contexts.",,Review,5.3-ETB,etb-3,direct-procedure,Table,constructed/open response,instructional,
u5_53_135,Exit Ticket B,5.3,Exit Ticket B — 4,"Identify common function families from graphs, equations, tables, and contexts.",,Review,5.3-ETB,etb-4,direct-procedure,Context,constructed/open response,instructional,
u5_53_136,Exit Ticket C,5.3,Exit Ticket C — 1,"Write and solve systems that model two constraints in a situation, define variables, and interpret the ordered-pair solution.",U5-MG02,Mastery,5.3-ETC-U5-MG02,etc-1,EVIDENCE-CONSTRUCTED-RESPONSE-01,Context,constructed/open response,instructional,
u5_53_137,Exit Ticket C,5.3,Exit Ticket C — 2,"Write and solve systems that model two constraints in a situation, define variables, and interpret the ordered-pair solution.",U5-MG02,Mastery,5.3-ETC-U5-MG02,etc-2,EVIDENCE-CONSTRUCTED-RESPONSE-01,Context,constructed/open response,instructional,
u5_53_138,Exit Ticket C,5.3,Exit Ticket C — 3,"Write and solve systems that model two constraints in a situation, define variables, and interpret the ordered-pair solution.",U5-MG02,Mastery,5.3-ETC-U5-MG02,etc-3,EVIDENCE-CONSTRUCTED-RESPONSE-01,Context,constructed/open response,instructional,
u5_53_139,Exit Ticket C,5.3,Exit Ticket C — 4,"Write and solve systems that model two constraints in a situation, define variables, and interpret the ordered-pair solution.",U5-MG02,Mastery,5.3-ETC-U5-MG02,etc-4,EVIDENCE-CONSTRUCTED-RESPONSE-01,Context,constructed/open response,instructional,
u5_54_128,Exit Ticket A,5.4,Exit Ticket A — 1,I can use factored form to predict zeros and x-intercepts of quadratic graphs.,,Intro,5.4-ETA,eta-1,direct-procedure,Equation,constructed/open response,instructional,
u5_54_129,Exit Ticket A,5.4,Exit Ticket A — 2,I can formulate quadratic functions in factored form from zeros or intercepts.,,Intro,5.4-ETA,eta-2,direct-procedure,Equation,constructed/open response,instructional,
u5_54_130,Exit Ticket A,5.4,Exit Ticket A — 3,I can use factored form to predict zeros and x-intercepts of quadratic graphs.,,Intro,5.4-ETA,eta-3,direct-procedure,Equation,constructed/open response,instructional,
u5_54_131,Exit Ticket A,5.4,Exit Ticket A — 4,"I can extend connections among factors, zeros, intercepts, and graph behavior.",,Intro,5.4-ETA,eta-4,REPRESENTATION-CONNECTION-01,Table,constructed/open response,instructional,
u5_54_132,Exit Ticket B,5.4,Exit Ticket B — 1,Graph and write translated functions using key points and key features.,,Review,5.4-ETB,etb-1,direct-procedure,Equation,constructed/open response,instructional,
u5_54_133,Exit Ticket B,5.4,Exit Ticket B — 2,Graph and write translated functions using key points and key features.,,Review,5.4-ETB,etb-2,direct-procedure,Equation,constructed/open response,instructional,
u5_54_134,Exit Ticket B,5.4,Exit Ticket B — 3,Graph and write translated functions using key points and key features.,,Review,5.4-ETB,etb-3,direct-procedure,Equation,constructed/open response,instructional,
u5_54_135,Exit Ticket B,5.4,Exit Ticket B — 4,Graph and write translated functions using key points and key features.,,Review,5.4-ETB,etb-4,direct-procedure,Equation,constructed/open response,instructional,
u5_54_136,Exit Ticket C,5.4,Exit Ticket C — 1,Graph linear inequalities with correct boundary lines and shading and use test points to interpret solution regions.,U5-MG03,Mastery,5.4-ETC-U5-MG03,etc-1,EVIDENCE-CONSTRUCTED-RESPONSE-01,Graph,constructed/open response,instructional,
u5_54_137,Exit Ticket C,5.4,Exit Ticket C — 2,Graph linear inequalities with correct boundary lines and shading and use test points to interpret solution regions.,U5-MG03,Mastery,5.4-ETC-U5-MG03,etc-2,EVIDENCE-CONSTRUCTED-RESPONSE-01,Equation,constructed/open response,instructional,
u5_54_138,Exit Ticket C,5.4,Exit Ticket C — 3,Graph linear inequalities with correct boundary lines and shading and use test points to interpret solution regions.,U5-MG03,Mastery,5.4-ETC-U5-MG03,etc-3,EVIDENCE-CONSTRUCTED-RESPONSE-01,Equation,constructed/open response,instructional,
u5_54_139,Exit Ticket C,5.4,Exit Ticket C — 4,Graph linear inequalities with correct boundary lines and shading and use test points to interpret solution regions.,U5-MG03,Mastery,5.4-ETC-U5-MG03,etc-4,EVIDENCE-CONSTRUCTED-RESPONSE-01,Equation,constructed/open response,instructional,
u5_55_128,Exit Ticket A,5.5,Exit Ticket A — 1,"I can interpret standard, vertex, and factored forms to read key features of quadratic functions.",,Intro,5.5-ETA,eta-1,direct-procedure,Equation,constructed/open response,instructional,
u5_55_129,Exit Ticket A,5.5,Exit Ticket A — 2,"I can interpret standard, vertex, and factored forms to read key features of quadratic functions.",,Intro,5.5-ETA,eta-2,direct-procedure,Equation,constructed/open response,instructional,
u5_55_130,Exit Ticket A,5.5,Exit Ticket A — 3,"I can interpret standard, vertex, and factored forms to read key features of quadratic functions.",,Intro,5.5-ETA,eta-3,direct-procedure,Equation,constructed/open response,instructional,
u5_55_131,Exit Ticket A,5.5,Exit Ticket A — 4,I can critique which quadratic form best supports a given question or context.,,Intro,5.5-ETA,eta-4,REPRESENTATION-CONNECTION-01,Equation,constructed/open response,instructional,
u5_55_132,Exit Ticket B,5.5,Exit Ticket B — 1,"Analyze and graph transformations involving stretches, compressions, and reflections.",,Review,5.5-ETB,etb-1,direct-procedure,Equation,constructed/open response,instructional,
u5_55_133,Exit Ticket B,5.5,Exit Ticket B — 2,"Analyze and graph transformations involving stretches, compressions, and reflections.",,Review,5.5-ETB,etb-2,direct-procedure,Equation,constructed/open response,instructional,
u5_55_134,Exit Ticket B,5.5,Exit Ticket B — 3,"Analyze and graph transformations involving stretches, compressions, and reflections.",,Review,5.5-ETB,etb-3,direct-procedure,Equation,constructed/open response,instructional,
u5_55_135,Exit Ticket B,5.5,Exit Ticket B — 4,"Analyze and graph transformations involving stretches, compressions, and reflections.",,Review,5.5-ETB,etb-4,direct-procedure,Equation,constructed/open response,instructional,
u5_55_136,Exit Ticket C,5.5,Exit Ticket C — 1,"Represent systems of linear inequalities, identify feasible regions, and interpret feasible and non-feasible solutions in context.",U5-MG04,Mastery,5.5-ETC-U5-MG04,etc-1,EVIDENCE-CONSTRUCTED-RESPONSE-01,Graph,constructed/open response,instructional,
u5_55_137,Exit Ticket C,5.5,Exit Ticket C — 2,"Represent systems of linear inequalities, identify feasible regions, and interpret feasible and non-feasible solutions in context.",U5-MG04,Mastery,5.5-ETC-U5-MG04,etc-2,EVIDENCE-CONSTRUCTED-RESPONSE-01,Equation,constructed/open response,instructional,
u5_55_138,Exit Ticket C,5.5,Exit Ticket C — 3,"Represent systems of linear inequalities, identify feasible regions, and interpret feasible and non-feasible solutions in context.",U5-MG04,Mastery,5.5-ETC-U5-MG04,etc-3,EVIDENCE-CONSTRUCTED-RESPONSE-01,Equation,constructed/open response,instructional,
u5_55_139,Exit Ticket C,5.5,Exit Ticket C — 4,"Represent systems of linear inequalities, identify feasible regions, and interpret feasible and non-feasible solutions in context.",U5-MG04,Mastery,5.5-ETC-U5-MG04,etc-4,EVIDENCE-CONSTRUCTED-RESPONSE-01,Context,constructed/open response,instructional,
u5_sum_v1_01,Secure Summative,5.5,V1 1,"Solve systems of linear equations graphically and algebraically, choose efficient methods, and interpret one, none, or infinitely many solutions.",U5-MG01,Mastery,SUM-MG01-SOLVE,V1-1,SUM-MG01-SOLVE,Equation,constructed/open response,summative-secure,V1
u5_sum_v1_02,Secure Summative,5.5,V1 2,"Write and solve systems that model two constraints in a situation, define variables, and interpret the ordered-pair solution.",U5-MG02,Mastery,SUM-MG02-MODEL,V1-2,SUM-MG02-MODEL,Context,constructed/open response,summative-secure,V1
u5_sum_v1_03,Secure Summative,5.5,V1 3,Graph linear inequalities with correct boundary lines and shading and use test points to interpret solution regions.,U5-MG03,Mastery,SUM-MG03-INEQ,V1-3,SUM-MG03-INEQ,Graph,constructed/open response,summative-secure,V1
u5_sum_v1_04,Secure Summative,5.5,V1 4,"Solve systems of linear equations graphically and algebraically, choose efficient methods, and interpret one, none, or infinitely many solutions.",U5-MG01,Mastery,SUM-MG01-TYPE,V1-4,SUM-MG01-TYPE,Graph,constructed/open response,summative-secure,V1
u5_sum_v1_05,Secure Summative,5.5,V1 5,"Represent systems of linear inequalities, identify feasible regions, and interpret feasible and non-feasible solutions in context.",U5-MG04,Mastery,SUM-MG04-SYSTEM-INEQ,V1-5,SUM-MG04-SYSTEM-INEQ,Graph,constructed/open response,summative-secure,V1
u5_sum_v1_06,Secure Summative,5.5,V1 6,"Represent systems of linear inequalities, identify feasible regions, and interpret feasible and non-feasible solutions in context.",U5-MG04,Mastery,SUM-INTEGRATED,V1-6,SUM-INTEGRATED,Context,constructed/open response,summative-secure,V1
u5_sum_v2_01,Secure Summative,5.5,V2 1,"Write and solve systems that model two constraints in a situation, define variables, and interpret the ordered-pair solution.",U5-MG02,Mastery,SUM-MG02-MODEL,V2-1,SUM-MG02-MODEL,Context,constructed/open response,summative-secure,V2
u5_sum_v2_02,Secure Summative,5.5,V2 2,"Solve systems of linear equations graphically and algebraically, choose efficient methods, and interpret one, none, or infinitely many solutions.",U5-MG01,Mastery,SUM-MG01-TYPE,V2-2,SUM-MG01-TYPE,Graph,constructed/open response,summative-secure,V2
u5_sum_v2_03,Secure Summative,5.5,V2 3,"Represent systems of linear inequalities, identify feasible regions, and interpret feasible and non-feasible solutions in context.",U5-MG04,Mastery,SUM-MG04-SYSTEM-INEQ,V2-3,SUM-MG04-SYSTEM-INEQ,Graph,constructed/open response,summative-secure,V2
u5_sum_v2_04,Secure Summative,5.5,V2 4,"Solve systems of linear equations graphically and algebraically, choose efficient methods, and interpret one, none, or infinitely many solutions.",U5-MG01,Mastery,SUM-MG01-SOLVE,V2-4,SUM-MG01-SOLVE,Equation,constructed/open response,summative-secure,V2
u5_sum_v2_05,Secure Summative,5.5,V2 5,"Represent systems of linear inequalities, identify feasible regions, and interpret feasible and non-feasible solutions in context.",U5-MG04,Mastery,SUM-INTEGRATED,V2-5,SUM-INTEGRATED,Context,constructed/open response,summative-secure,V2
u5_sum_v2_06,Secure Summative,5.5,V2 6,Graph linear inequalities with correct boundary lines and shading and use test points to interpret solution regions.,U5-MG03,Mastery,SUM-MG03-INEQ,V2-6,SUM-MG03-INEQ,Graph,constructed/open response,summative-secure,V2
u5_sum_v3_01,Secure Summative,5.5,V3 1,Graph linear inequalities with correct boundary lines and shading and use test points to interpret solution regions.,U5-MG03,Mastery,SUM-MG03-INEQ,V3-1,SUM-MG03-INEQ,Graph,constructed/open response,summative-secure,V3
u5_sum_v3_02,Secure Summative,5.5,V3 2,"Solve systems of linear equations graphically and algebraically, choose efficient methods, and interpret one, none, or infinitely many solutions.",U5-MG01,Mastery,SUM-MG01-SOLVE,V3-2,SUM-MG01-SOLVE,Equation,constructed/open response,summative-secure,V3
u5_sum_v3_03,Secure Summative,5.5,V3 3,"Represent systems of linear inequalities, identify feasible regions, and interpret feasible and non-feasible solutions in context.",U5-MG04,Mastery,SUM-MG04-SYSTEM-INEQ,V3-3,SUM-MG04-SYSTEM-INEQ,Graph,constructed/open response,summative-secure,V3
u5_sum_v3_04,Secure Summative,5.5,V3 4,"Write and solve systems that model two constraints in a situation, define variables, and interpret the ordered-pair solution.",U5-MG02,Mastery,SUM-MG02-MODEL,V3-4,SUM-MG02-MODEL,Context,constructed/open response,summative-secure,V3
u5_sum_v3_05,Secure Summative,5.5,V3 5,"Solve systems of linear equations graphically and algebraically, choose efficient methods, and interpret one, none, or infinitely many solutions.",U5-MG01,Mastery,SUM-MG01-TYPE,V3-5,SUM-MG01-TYPE,Graph,constructed/open response,summative-secure,V3
u5_sum_v3_06,Secure Summative,5.5,V3 6,"Represent systems of linear inequalities, identify feasible regions, and interpret feasible and non-feasible solutions in context.",U5-MG04,Mastery,SUM-INTEGRATED,V3-6,SUM-INTEGRATED,Context,constructed/open response,summative-secure,V3
u5_sum_v4_01,Secure Summative,5.5,V4 1,"Represent systems of linear inequalities, identify feasible regions, and interpret feasible and non-feasible solutions in context.",U5-MG04,Mastery,SUM-MG04-SYSTEM-INEQ,V4-1,SUM-MG04-SYSTEM-INEQ,Graph,constructed/open response,summative-secure,V4
u5_sum_v4_02,Secure Summative,5.5,V4 2,"Represent systems of linear inequalities, identify feasible regions, and interpret feasible and non-feasible solutions in context.",U5-MG04,Mastery,SUM-INTEGRATED,V4-2,SUM-INTEGRATED,Context,constructed/open response,summative-secure,V4
u5_sum_v4_03,Secure Summative,5.5,V4 3,"Solve systems of linear equations graphically and algebraically, choose efficient methods, and interpret one, none, or infinitely many solutions.",U5-MG01,Mastery,SUM-MG01-SOLVE,V4-3,SUM-MG01-SOLVE,Equation,constructed/open response,summative-secure,V4
u5_sum_v4_04,Secure Summative,5.5,V4 4,Graph linear inequalities with correct boundary lines and shading and use test points to interpret solution regions.,U5-MG03,Mastery,SUM-MG03-INEQ,V4-4,SUM-MG03-INEQ,Graph,constructed/open response,summative-secure,V4
u5_sum_v4_05,Secure Summative,5.5,V4 5,"Write and solve systems that model two constraints in a situation, define variables, and interpret the ordered-pair solution.",U5-MG02,Mastery,SUM-MG02-MODEL,V4-5,SUM-MG02-MODEL,Context,constructed/open response,summative-secure,V4
u5_sum_v4_06,Secure Summative,5.5,V4 6,"Solve systems of linear equations graphically and algebraically, choose efficient methods, and interpret one, none, or infinitely many solutions.",U5-MG01,Mastery,SUM-MG01-TYPE,V4-6,SUM-MG01-TYPE,Graph,constructed/open response,summative-secure,V4
u5_sum_v5_01,Secure Summative,5.5,V5 1,"Solve systems of linear equations graphically and algebraically, choose efficient methods, and interpret one, none, or infinitely many solutions.",U5-MG01,Mastery,ALT5-MG01-TABLE,V5-1,ALT5-MG01-TABLE,Graph,constructed/open response,summative-secure,V5
u5_sum_v5_02,Secure Summative,5.5,V5 2,"Represent systems of linear inequalities, identify feasible regions, and interpret feasible and non-feasible solutions in context.",U5-MG04,Mastery,ALT5-MG04-VERTICES,V5-2,ALT5-MG04-VERTICES,Graph,constructed/open response,summative-secure,V5
u5_sum_v5_03,Secure Summative,5.5,V5 3,"Write and solve systems that model two constraints in a situation, define variables, and interpret the ordered-pair solution.",U5-MG02,Mastery,ALT5-MG02-RATES,V5-3,ALT5-MG02-RATES,Context,constructed/open response,summative-secure,V5
u5_sum_v5_04,Secure Summative,5.5,V5 4,Graph linear inequalities with correct boundary lines and shading and use test points to interpret solution regions.,U5-MG03,Mastery,ALT5-MG03-ERROR,V5-4,ALT5-MG03-ERROR,Graph,constructed/open response,summative-secure,V5
u5_sum_v5_05,Secure Summative,5.5,V5 5,"Solve systems of linear equations graphically and algebraically, choose efficient methods, and interpret one, none, or infinitely many solutions.",U5-MG01,Mastery,ALT5-MG01-METHOD,V5-5,ALT5-MG01-METHOD,Equation,constructed/open response,summative-secure,V5
u5_sum_v5_06,Secure Summative,5.5,V5 6,"Represent systems of linear inequalities, identify feasible regions, and interpret feasible and non-feasible solutions in context.",U5-MG04,Mastery,ALT5-MG04-CREATE,V5-6,ALT5-MG04-CREATE,Equation,constructed/open response,summative-secure,V5
u5_sum_v6_01,Secure Summative,5.5,V6 1,"Write and solve systems that model two constraints in a situation, define variables, and interpret the ordered-pair solution.",U5-MG02,Mastery,ALT6-MG02-MIXTURE,V6-1,ALT6-MG02-MIXTURE,Context,constructed/open response,summative-secure,V6
u5_sum_v6_02,Secure Summative,5.5,V6 2,Graph linear inequalities with correct boundary lines and shading and use test points to interpret solution regions.,U5-MG03,Mastery,ALT6-MG03-TESTPOINT,V6-2,ALT6-MG03-TESTPOINT,Graph,constructed/open response,summative-secure,V6
u5_sum_v6_03,Secure Summative,5.5,V6 3,"Solve systems of linear equations graphically and algebraically, choose efficient methods, and interpret one, none, or infinitely many solutions.",U5-MG01,Mastery,ALT6-MG01-COMPARE,V6-3,ALT6-MG01-COMPARE,Equation,constructed/open response,summative-secure,V6
u5_sum_v6_04,Secure Summative,5.5,V6 4,"Represent systems of linear inequalities, identify feasible regions, and interpret feasible and non-feasible solutions in context.",U5-MG04,Mastery,ALT6-MG04-CONTEXT,V6-4,ALT6-MG04-CONTEXT,Graph,constructed/open response,summative-secure,V6
u5_sum_v6_05,Secure Summative,5.5,V6 5,"Solve systems of linear equations graphically and algebraically, choose efficient methods, and interpret one, none, or infinitely many solutions.",U5-MG01,Mastery,ALT6-MG01-GRAPH,V6-5,ALT6-MG01-GRAPH,Graph,constructed/open response,summative-secure,V6
u5_sum_v6_06,Secure Summative,5.5,V6 6,"Represent systems of linear inequalities, identify feasible regions, and interpret feasible and non-feasible solutions in context.",U5-MG04,Mastery,ALT6-MG04-CRITIQUE,V6-6,ALT6-MG04-CRITIQUE,Context,constructed/open response,summative-secure,V6
