bank_id,destination,section,label,i_can,question_family_id,variation,task_architecture,representation,response_type,stage,mastery_goal,dok,bloom,summative_version
U2-S21-WTC-001,WTC,2.1,What's to Come,Students will interpret slope as a measure of constant rate of change.,S21-WTC-SLOPE-STORY,WTC,WTC-FRQ-PREVIEW-01,Graph + Table + Context + Rate,constructed response,Intro,,2-3,Analyze,
U2-S21-EX-001,Notes Example,2.1,Example 1,"I can construct rate-of-change statements from tables, graphs, and situations.",S21-TABLE-RATE,EX,TABLE-ESTIMATE-RATE-FROM-DATA-01,Table + Rate,constructed response,Intro,,2,Apply,
U2-S21-YTI-001,Notes YTI,2.1,You Try It 1,"I can construct rate-of-change statements from tables, graphs, and situations.",S21-TABLE-RATE,YTI,TABLE-ESTIMATE-RATE-FROM-DATA-01,Table + Rate,constructed response,Intro,,2,Apply,
U2-S21-EX-002,Notes Example,2.1,Example 2,I can apply slope calculations to interpret constant change between quantities.,S21-POINT-SLOPE,EX,PROC-DIRECT-EXECUTE-01,Ordered pairs + Ratio,constructed response,Intro,,1-2,Apply,
U2-S21-YTI-002,Notes YTI,2.1,You Try It 2,I can apply slope calculations to interpret constant change between quantities.,S21-POINT-SLOPE,YTI,PROC-DIRECT-EXECUTE-01,Ordered pairs + Ratio,constructed response,Intro,,1-2,Apply,
U2-S21-EX-003,Notes Example,2.1,Example 3,I can apply slope calculations to interpret constant change between quantities.,S21-GRAPH-SLOPE,EX,GRAPH-INFER-BEHAVIOR-01,Graph + Ratio,constructed response,Intro,,2,Apply,
U2-S21-YTI-003,Notes YTI,2.1,You Try It 3,I can apply slope calculations to interpret constant change between quantities.,S21-GRAPH-SLOPE,YTI,GRAPH-INFER-BEHAVIOR-01,Graph + Ratio,constructed response,Intro,,2,Apply,
U2-S21-EX-004,Notes Example,2.1,Example 4,"I can construct rate-of-change statements from tables, graphs, and situations.",S21-CONTEXT-RATE,EX,REPTRANS-TRANSLATE-VERBAL-SYMBOLIC-01,Context + Rate,constructed response,Intro,,2,Apply,
U2-S21-YTI-004,Notes YTI,2.1,You Try It 4,"I can construct rate-of-change statements from tables, graphs, and situations.",S21-CONTEXT-RATE,YTI,REPTRANS-TRANSLATE-VERBAL-SYMBOLIC-01,Context + Rate,constructed response,Intro,,2,Apply,
U2-S21-EX-005,Notes Example,2.1,Example 5,I can apply slope calculations to interpret constant change between quantities.,S21-SLOPE-ERROR,EX,ERROR-DIAGNOSE-WORKED-SOLUTION-01,Ordered pairs + Error analysis,constructed response,Intro,,2-3,Analyze,
U2-S21-YTI-005,Notes YTI,2.1,You Try It 5,I can apply slope calculations to interpret constant change between quantities.,S21-SLOPE-ERROR,YTI,ERROR-DIAGNOSE-WORKED-SOLUTION-01,Ordered pairs + Error analysis,constructed response,Intro,,2-3,Analyze,
U2-S21-EX-006,Notes Example,2.1,Example 6,I can determine whether a slope value is reasonable for a given context.,S21-RATE-REASON,EX,VERIFY-REASONABLENESS-01,Context + Rate,constructed response,Intro,,2,Analyze,
U2-S21-YTI-006,Notes YTI,2.1,You Try It 6,I can determine whether a slope value is reasonable for a given context.,S21-RATE-REASON,YTI,VERIFY-REASONABLENESS-01,Context + Rate,constructed response,Intro,,2,Analyze,
U2-S22-WTC-001,WTC,2.2,What's to Come,Students will graph linear functions and interpret key features.,S22-WTC-GRAPH-MODEL,WTC,WTC-FRQ-PREVIEW-01,Equation + Graph + Table + Context,constructed response,Intro,,2-3,Analyze,
U2-S22-EX-001,Notes Example,2.2,Example 1,I can build graphs of linear functions using slope and intercept information.,S22-EQ-GRAPH,EX,GRAPH-CONSTRUCT-FROM-CONSTRAINTS-01,Equation + Student-built graph,constructed response,Intro,,2,Apply,
U2-S22-YTI-001,Notes YTI,2.2,You Try It 1,I can build graphs of linear functions using slope and intercept information.,S22-EQ-GRAPH,YTI,GRAPH-CONSTRUCT-FROM-CONSTRAINTS-01,Equation + Student-built graph,constructed response,Intro,,2,Apply,
U2-S22-EX-002,Notes Example,2.2,Example 2,I can use key features of a line to interpret a relationship.,S22-GRAPH-FEATURES,EX,FEATURE-IDENTIFY-FROM-REPRESENTATION-01,Graph,constructed response,Intro,,1-2,Apply,
U2-S22-YTI-002,Notes YTI,2.2,You Try It 2,I can use key features of a line to interpret a relationship.,S22-GRAPH-FEATURES,YTI,FEATURE-IDENTIFY-FROM-REPRESENTATION-01,Graph,constructed response,Intro,,1-2,Apply,
U2-S22-EX-003,Notes Example,2.2,Example 3,I can build graphs of linear functions using slope and intercept information.,S22-TABLE-GRAPH,EX,REPTRANS-GRAPH-TABLE-EQUATION-01,Table + Student-built graph,constructed response,Intro,,2,Apply,
U2-S22-YTI-003,Notes YTI,2.2,You Try It 3,I can build graphs of linear functions using slope and intercept information.,S22-TABLE-GRAPH,YTI,REPTRANS-GRAPH-TABLE-EQUATION-01,Table + Student-built graph,constructed response,Intro,,2,Apply,
U2-S22-EX-004,Notes Example,2.2,Example 4,I can use key features of a line to interpret a relationship.,S22-CONTEXT-FEATURES,EX,REPTRANS-TRANSLATE-VERBAL-SYMBOLIC-01,Context + Graph features,constructed response,Intro,,2,Apply,
U2-S22-YTI-004,Notes YTI,2.2,You Try It 4,I can use key features of a line to interpret a relationship.,S22-CONTEXT-FEATURES,YTI,REPTRANS-TRANSLATE-VERBAL-SYMBOLIC-01,Context + Graph features,constructed response,Intro,,2,Apply,
U2-S22-EX-005,Notes Example,2.2,Example 5,I can extend a graph to predict outputs within a meaningful range.,S22-GRAPH-PREDICT,EX,PREDICT-EXTRAPOLATE-MODEL-01,Graph + Prediction,constructed response,Intro,,2,Apply,
U2-S22-YTI-005,Notes YTI,2.2,You Try It 5,I can extend a graph to predict outputs within a meaningful range.,S22-GRAPH-PREDICT,YTI,PREDICT-EXTRAPOLATE-MODEL-01,Graph + Prediction,constructed response,Intro,,2,Apply,
U2-S22-EX-006,Notes Example,2.2,Example 6,I can build graphs of linear functions using slope and intercept information.,S22-GRAPH-ERROR,EX,ERROR-DIAGNOSE-WORKED-SOLUTION-01,Equation + Error analysis,constructed response,Intro,,2-3,Analyze,
U2-S22-YTI-006,Notes YTI,2.2,You Try It 6,I can build graphs of linear functions using slope and intercept information.,S22-GRAPH-ERROR,YTI,ERROR-DIAGNOSE-WORKED-SOLUTION-01,Equation + Error analysis,constructed response,Intro,,2-3,Analyze,
U2-S23-WTC-001,WTC,2.3,What's to Come,"Students will write linear equations from graphs, tables, and situations.",S23-WTC-WRITE-LINE,WTC,WTC-FRQ-PREVIEW-01,Graph + Table + Equation + Context,constructed response,Intro,,2-3,Analyze,
U2-S23-EX-001,Notes Example,2.3,Example 1,"I can formulate linear equations from graphs, tables, and situations.",S23-TABLE-EQ,EX,REPTRANS-GRAPH-TABLE-EQUATION-01,Table + Equation,constructed response,Intro,,2,Apply,
U2-S23-YTI-001,Notes YTI,2.3,You Try It 1,"I can formulate linear equations from graphs, tables, and situations.",S23-TABLE-EQ,YTI,REPTRANS-GRAPH-TABLE-EQUATION-01,Table + Equation,constructed response,Intro,,2,Apply,
U2-S23-EX-002,Notes Example,2.3,Example 2,"I can formulate linear equations from graphs, tables, and situations.",S23-GRAPH-EQ,EX,REPTRANS-GRAPH-TABLE-EQUATION-01,Graph + Equation,constructed response,Intro,,2,Apply,
U2-S23-YTI-002,Notes YTI,2.3,You Try It 2,"I can formulate linear equations from graphs, tables, and situations.",S23-GRAPH-EQ,YTI,REPTRANS-GRAPH-TABLE-EQUATION-01,Graph + Equation,constructed response,Intro,,2,Apply,
U2-S23-EX-003,Notes Example,2.3,Example 3,I can apply slope-intercept structure to connect rate and starting value.,S23-CONTEXT-EQ,EX,REPTRANS-TRANSLATE-VERBAL-SYMBOLIC-01,Context + Equation,constructed response,Intro,,2,Apply,
U2-S23-YTI-003,Notes YTI,2.3,You Try It 3,I can apply slope-intercept structure to connect rate and starting value.,S23-CONTEXT-EQ,YTI,REPTRANS-TRANSLATE-VERBAL-SYMBOLIC-01,Context + Equation,constructed response,Intro,,2,Apply,
U2-S23-EX-004,Notes Example,2.3,Example 4,"I can formulate linear equations from graphs, tables, and situations.",S23-POINTS-EQ,EX,PROC-MULTISTEP-CHAIN-01,Ordered pairs + Equation,constructed response,Intro,,1-2,Apply,
U2-S23-YTI-004,Notes YTI,2.3,You Try It 4,"I can formulate linear equations from graphs, tables, and situations.",S23-POINTS-EQ,YTI,PROC-MULTISTEP-CHAIN-01,Ordered pairs + Equation,constructed response,Intro,,1-2,Apply,
U2-S23-EX-005,Notes Example,2.3,Example 5,I can apply slope-intercept structure to connect rate and starting value.,S23-STRUCTURE,EX,FEATURE-IDENTIFY-FROM-REPRESENTATION-01,Equation,constructed response,Intro,,1-2,Apply,
U2-S23-YTI-005,Notes YTI,2.3,You Try It 5,I can apply slope-intercept structure to connect rate and starting value.,S23-STRUCTURE,YTI,FEATURE-IDENTIFY-FROM-REPRESENTATION-01,Equation,constructed response,Intro,,1-2,Apply,
U2-S23-EX-006,Notes Example,2.3,Example 6,I can design equivalent equations that represent the same linear relationship.,S23-EQUIV-EQ,EX,INVARIANT-IDENTIFY-UNDER-TRANSFORM-01,Equivalent equations,constructed response,Intro,,1-2,Apply,
U2-S23-YTI-006,Notes YTI,2.3,You Try It 6,I can design equivalent equations that represent the same linear relationship.,S23-EQUIV-EQ,YTI,INVARIANT-IDENTIFY-UNDER-TRANSFORM-01,Equivalent equations,constructed response,Intro,,1-2,Apply,
U2-S24-WTC-001,WTC,2.4,What's to Come,Students will analyze and compare linear relationships using multiple representations.,S24-WTC-COMPARE,WTC,WTC-FRQ-PREVIEW-01,Equation + Table + Graph + Context,constructed response,Intro,,2-3,Analyze,
U2-S24-EX-001,Notes Example,2.4,Example 1,I can use slope and intercept information to interpret similarities and differences.,S24-EQ-COMPARE,EX,MODEL-COMPARE-TWO-LINEAR-01,Equations,constructed response,Intro,,2-3,Analyze,
U2-S24-YTI-001,Notes YTI,2.4,You Try It 1,I can use slope and intercept information to interpret similarities and differences.,S24-EQ-COMPARE,YTI,MODEL-COMPARE-TWO-LINEAR-01,Equations,constructed response,Intro,,2-3,Analyze,
U2-S24-EX-002,Notes Example,2.4,Example 2,I can construct comparison models for linear relationships shown in different forms.,S24-TABLE-EQ-COMPARE,EX,MODEL-COMPARE-TWO-LINEAR-01,Table + Equation,constructed response,Intro,,2-3,Analyze,
U2-S24-YTI-002,Notes YTI,2.4,You Try It 2,I can construct comparison models for linear relationships shown in different forms.,S24-TABLE-EQ-COMPARE,YTI,MODEL-COMPARE-TWO-LINEAR-01,Table + Equation,constructed response,Intro,,2-3,Analyze,
U2-S24-EX-003,Notes Example,2.4,Example 3,I can use slope and intercept information to interpret similarities and differences.,S24-GRAPH-COMPARE,EX,MODEL-COMPARE-TWO-LINEAR-01,Graph,constructed response,Intro,,2-3,Analyze,
U2-S24-YTI-003,Notes YTI,2.4,You Try It 3,I can use slope and intercept information to interpret similarities and differences.,S24-GRAPH-COMPARE,YTI,MODEL-COMPARE-TWO-LINEAR-01,Graph,constructed response,Intro,,2-3,Analyze,
U2-S24-EX-004,Notes Example,2.4,Example 4,I can construct comparison models for linear relationships shown in different forms.,S24-CONTEXT-COMPARE,EX,MODEL-COMPARE-TWO-LINEAR-01,Context + Equations,constructed response,Intro,,2-3,Analyze,
U2-S24-YTI-004,Notes YTI,2.4,You Try It 4,I can construct comparison models for linear relationships shown in different forms.,S24-CONTEXT-COMPARE,YTI,MODEL-COMPARE-TWO-LINEAR-01,Context + Equations,constructed response,Intro,,2-3,Analyze,
U2-S24-EX-005,Notes Example,2.4,Example 5,I can critique conclusions about linear relationships using evidence from representations.,S24-SCALE-CRITIQUE,EX,ERROR-CRITIQUE-CLAIM-01,Graph-scale reasoning,constructed response,Intro,,2-3,Analyze,
U2-S24-YTI-005,Notes YTI,2.4,You Try It 5,I can critique conclusions about linear relationships using evidence from representations.,S24-SCALE-CRITIQUE,YTI,ERROR-CRITIQUE-CLAIM-01,Graph-scale reasoning,constructed response,Intro,,2-3,Analyze,
U2-S24-EX-006,Notes Example,2.4,Example 6,I can critique conclusions about linear relationships using evidence from representations.,S24-CLAIM-CRITIQUE,EX,ERROR-CRITIQUE-CLAIM-01,Equation features + Claim,constructed response,Intro,,2-3,Analyze,
U2-S24-YTI-006,Notes YTI,2.4,You Try It 6,I can critique conclusions about linear relationships using evidence from representations.,S24-CLAIM-CRITIQUE,YTI,ERROR-CRITIQUE-CLAIM-01,Equation features + Claim,constructed response,Intro,,2-3,Analyze,
U2-S25-WTC-001,WTC,2.5,What's to Come,Students will use linear models to represent and interpret real-world data.,S25-WTC-DATA-MODEL,WTC,WTC-FRQ-PREVIEW-01,Scatter plot + Table + Equation + Context,constructed response,Intro,,2-3,Analyze,
U2-S25-EX-001,Notes Example,2.5,Example 1,I can design linear models that represent patterns in real-world data.,S25-DATA-MODEL,EX,DATA-BESTFIT-PREDICT-01,Data table + Equation,constructed response,Intro,,2-3,Analyze,
U2-S25-YTI-001,Notes YTI,2.5,You Try It 1,I can design linear models that represent patterns in real-world data.,S25-DATA-MODEL,YTI,DATA-BESTFIT-PREDICT-01,Data table + Equation,constructed response,Intro,,2-3,Analyze,
U2-S25-EX-002,Notes Example,2.5,Example 2,I can predict values using a linear model and interpret the result.,S25-SCATTER-PREDICT,EX,DATA-BESTFIT-PREDICT-01,Scatter plot + Prediction,constructed response,Intro,,2-3,Analyze,
U2-S25-YTI-002,Notes YTI,2.5,You Try It 2,I can predict values using a linear model and interpret the result.,S25-SCATTER-PREDICT,YTI,DATA-BESTFIT-PREDICT-01,Scatter plot + Prediction,constructed response,Intro,,2-3,Analyze,
U2-S25-EX-003,Notes Example,2.5,Example 3,I can predict values using a linear model and interpret the result.,S25-MODEL-PREDICT,EX,PREDICT-EXTRAPOLATE-MODEL-01,Equation + Context,constructed response,Intro,,2,Apply,
U2-S25-YTI-003,Notes YTI,2.5,You Try It 3,I can predict values using a linear model and interpret the result.,S25-MODEL-PREDICT,YTI,PREDICT-EXTRAPOLATE-MODEL-01,Equation + Context,constructed response,Intro,,2,Apply,
U2-S25-EX-004,Notes Example,2.5,Example 4,I can assess whether a linear model fits a data situation well enough for the question being asked.,S25-FIT-CHECK,EX,MODEL-SELECT-BEST-FIT-01,Observed/predicted table,constructed response,Intro,,2-3,Apply,
U2-S25-YTI-004,Notes YTI,2.5,You Try It 4,I can assess whether a linear model fits a data situation well enough for the question being asked.,S25-FIT-CHECK,YTI,MODEL-SELECT-BEST-FIT-01,Observed/predicted table,constructed response,Intro,,2-3,Apply,
U2-S25-EX-005,Notes Example,2.5,Example 5,I can design linear models that represent patterns in real-world data.,S25-MODEL-FEATURES,EX,REPTRANS-TRANSLATE-VERBAL-SYMBOLIC-01,Context + Equation,constructed response,Intro,,2,Apply,
U2-S25-YTI-005,Notes YTI,2.5,You Try It 5,I can design linear models that represent patterns in real-world data.,S25-MODEL-FEATURES,YTI,REPTRANS-TRANSLATE-VERBAL-SYMBOLIC-01,Context + Equation,constructed response,Intro,,2,Apply,
U2-S25-EX-006,Notes Example,2.5,Example 6,I can assess whether a linear model fits a data situation well enough for the question being asked.,S25-EXTRAPOLATION,EX,VERIFY-REASONABLENESS-01,Context + Model limits,constructed response,Intro,,2,Analyze,
U2-S25-YTI-006,Notes YTI,2.5,You Try It 6,I can assess whether a linear model fits a data situation well enough for the question being asked.,S25-EXTRAPOLATION,YTI,VERIFY-REASONABLENESS-01,Context + Model limits,constructed response,Intro,,2,Analyze,
U2-S21-P1-001,Practice Set 1,2.1,Question 1,I can apply slope calculations to interpret constant change between quantities.,S21-POINT-SLOPE,F1-A1,PROC-DIRECT-EXECUTE-01,Ordered pairs + Ratio,constructed response,Intro,,1-2,Apply,
U2-S21-P1-002,Practice Set 1,2.1,Question 2,I can apply slope calculations to interpret constant change between quantities.,S21-POINT-SLOPE,F1-A2,PROC-DIRECT-EXECUTE-01,Ordered pairs + Ratio,constructed response,Intro,,1-2,Apply,
U2-S21-P1-003,Practice Set 1,2.1,Question 3,I can apply slope calculations to interpret constant change between quantities.,S21-POINT-SLOPE,F1-A3,PROC-DIRECT-EXECUTE-01,Ordered pairs + Ratio,constructed response,Intro,,1-2,Apply,
U2-S21-P1-004,Practice Set 1,2.1,Question 4,I can apply slope calculations to interpret constant change between quantities.,S21-POINT-SLOPE,F1-A4,PROC-DIRECT-EXECUTE-01,Ordered pairs + Ratio,constructed response,Intro,,1-2,Apply,
U2-S21-P1-005,Practice Set 1,2.1,Question 5,I can apply slope calculations to interpret constant change between quantities.,S21-POINT-SLOPE,F1-A5,PROC-DIRECT-EXECUTE-01,Ordered pairs + Ratio,constructed response,Intro,,1-2,Apply,
U2-S21-P1-006,Practice Set 1,2.1,Question 6,"I can construct rate-of-change statements from tables, graphs, and situations.",S21-TABLE-RATE,F1-B1,TABLE-ESTIMATE-RATE-FROM-DATA-01,Table + Rate,constructed response,Intro,,2,Apply,
U2-S21-P1-007,Practice Set 1,2.1,Question 7,"I can construct rate-of-change statements from tables, graphs, and situations.",S21-TABLE-RATE,F1-B2,TABLE-ESTIMATE-RATE-FROM-DATA-01,Table + Rate,constructed response,Intro,,2,Apply,
U2-S21-P1-008,Practice Set 1,2.1,Question 8,"I can construct rate-of-change statements from tables, graphs, and situations.",S21-TABLE-RATE,F1-B3,TABLE-ESTIMATE-RATE-FROM-DATA-01,Table + Rate,constructed response,Intro,,2,Apply,
U2-S21-P1-009,Practice Set 1,2.1,Question 9,"I can construct rate-of-change statements from tables, graphs, and situations.",S21-TABLE-RATE,F1-B4,TABLE-ESTIMATE-RATE-FROM-DATA-01,Table + Rate,constructed response,Intro,,2,Apply,
U2-S21-P1-010,Practice Set 1,2.1,Question 10,"I can construct rate-of-change statements from tables, graphs, and situations.",S21-CONTEXT-RATE,F1-C1,REPTRANS-TRANSLATE-VERBAL-SYMBOLIC-01,Context + Rate,constructed response,Intro,,2,Apply,
U2-S21-P1-011,Practice Set 1,2.1,Question 11,"I can construct rate-of-change statements from tables, graphs, and situations.",S21-CONTEXT-RATE,F1-C2,REPTRANS-TRANSLATE-VERBAL-SYMBOLIC-01,Context + Rate,constructed response,Intro,,2,Apply,
U2-S21-P1-012,Practice Set 1,2.1,Question 12,"I can construct rate-of-change statements from tables, graphs, and situations.",S21-CONTEXT-RATE,F1-C3,REPTRANS-TRANSLATE-VERBAL-SYMBOLIC-01,Context + Rate,constructed response,Intro,,2,Apply,
U2-S21-P1-013,Practice Set 1,2.1,Question 13,"I can construct rate-of-change statements from tables, graphs, and situations.",S21-CONTEXT-RATE,F1-C4,REPTRANS-TRANSLATE-VERBAL-SYMBOLIC-01,Context + Rate,constructed response,Intro,,2,Apply,
U2-S21-P1-014,Practice Set 1,2.1,Question 14,I can determine whether a slope value is reasonable for a given context.,S21-RATE-REASON,F1-D1,VERIFY-REASONABLENESS-01,Context/Line feature + Rate,constructed response,Intro,,2,Analyze,
U2-S21-P1-015,Practice Set 1,2.1,Question 15,I can determine whether a slope value is reasonable for a given context.,S21-RATE-REASON,F1-D2,VERIFY-REASONABLENESS-01,Context/Line feature + Rate,constructed response,Intro,,2,Analyze,
U2-S21-P1-016,Practice Set 1,2.1,Question 16,I can determine whether a slope value is reasonable for a given context.,S21-RATE-REASON,F1-D3,VERIFY-REASONABLENESS-01,Context/Line feature + Rate,constructed response,Intro,,2,Analyze,
U2-S21-P1-017,Practice Set 1,2.1,Question 17,I can determine whether a slope value is reasonable for a given context.,S21-RATE-REASON,F1-D4,VERIFY-REASONABLENESS-01,Context/Line feature + Rate,constructed response,Intro,,2,Analyze,
U2-S21-P1-018,Practice Set 1,2.1,Question 18,I can apply slope calculations to interpret constant change between quantities.,S21-GRAPH-SLOPE,F1-E1,GRAPH-INFER-BEHAVIOR-01,Graph + Rate,constructed response,Intro,,2,Apply,
U2-S21-P1-019,Practice Set 1,2.1,Question 19,"I can construct rate-of-change statements from tables, graphs, and situations.",S21-GRAPH-SLOPE,F1-E2,GRAPH-INFER-BEHAVIOR-01,Graph + Rate,constructed response,Intro,,2,Apply,
U2-S21-P1-020,Practice Set 1,2.1,Question 20,I can apply slope calculations to interpret constant change between quantities.,S21-GRAPH-SLOPE,F1-E3,GRAPH-INFER-BEHAVIOR-01,Graph + Rate,constructed response,Intro,,2,Apply,
U2-S21-P1-021,Practice Set 1,2.1,Question 21,I can apply slope calculations to interpret constant change between quantities.,S21-GRAPH-SLOPE,F1-E4,GRAPH-INFER-BEHAVIOR-01,Graph + Rate,constructed response,Intro,,2,Apply,
U2-S21-P1-022,Practice Set 1,2.1,Question 22,I can apply slope calculations to interpret constant change between quantities.,S21-SLOPE-STRUCTURE,F1-F1,ERROR-DIAGNOSE-WORKED-SOLUTION-01,Points/Context + Rate,constructed response,Intro,,2-3,Analyze,
U2-S21-P1-023,Practice Set 1,2.1,Question 23,I can apply slope calculations to interpret constant change between quantities.,S21-SLOPE-STRUCTURE,F1-F2,PROC-SELECT-STRATEGY-01,Points/Context + Rate,constructed response,Intro,,1-2,Apply,
U2-S21-P1-024,Practice Set 1,2.1,Question 24,"I can construct rate-of-change statements from tables, graphs, and situations.",S21-SLOPE-STRUCTURE,F1-F3,PROC-SELECT-STRATEGY-01,Points/Context + Rate,constructed response,Intro,,1-2,Apply,
U2-S22-P1-001,Practice Set 1,2.2,Question 1,I can build graphs of linear functions using slope and intercept information.,S22-EQ-GRAPH,F1-A1,GRAPH-CONSTRUCT-FROM-CONSTRAINTS-01,Equation + Student-built graph,constructed response,Intro,,2,Apply,
U2-S22-P1-002,Practice Set 1,2.2,Question 2,I can build graphs of linear functions using slope and intercept information.,S22-EQ-GRAPH,F1-A2,GRAPH-CONSTRUCT-FROM-CONSTRAINTS-01,Equation + Student-built graph,constructed response,Intro,,2,Apply,
U2-S22-P1-003,Practice Set 1,2.2,Question 3,I can build graphs of linear functions using slope and intercept information.,S22-EQ-GRAPH,F1-A3,GRAPH-CONSTRUCT-FROM-CONSTRAINTS-01,Equation + Student-built graph,constructed response,Intro,,2,Apply,
U2-S22-P1-004,Practice Set 1,2.2,Question 4,I can build graphs of linear functions using slope and intercept information.,S22-EQ-GRAPH,F1-A4,GRAPH-CONSTRUCT-FROM-CONSTRAINTS-01,Equation + Student-built graph,constructed response,Intro,,2,Apply,
U2-S22-P1-005,Practice Set 1,2.2,Question 5,I can build graphs of linear functions using slope and intercept information.,S22-EQ-GRAPH,F1-A5,GRAPH-CONSTRUCT-FROM-CONSTRAINTS-01,Equation + Student-built graph,constructed response,Intro,,2,Apply,
U2-S22-P1-006,Practice Set 1,2.2,Question 6,I can build graphs of linear functions using slope and intercept information.,S22-EQ-GRAPH,F1-A6,GRAPH-CONSTRUCT-FROM-CONSTRAINTS-01,Equation + Student-built graph,constructed response,Intro,,2,Apply,
U2-S22-P1-007,Practice Set 1,2.2,Question 7,I can build graphs of linear functions using slope and intercept information.,S22-TABLE-GRAPH,F1-B1,REPTRANS-GRAPH-TABLE-EQUATION-01,Table + Student-built graph,constructed response,Intro,,2,Apply,
U2-S22-P1-008,Practice Set 1,2.2,Question 8,I can build graphs of linear functions using slope and intercept information.,S22-TABLE-GRAPH,F1-B2,REPTRANS-GRAPH-TABLE-EQUATION-01,Table + Student-built graph,constructed response,Intro,,2,Apply,
U2-S22-P1-009,Practice Set 1,2.2,Question 9,I can build graphs of linear functions using slope and intercept information.,S22-TABLE-GRAPH,F1-B3,REPTRANS-GRAPH-TABLE-EQUATION-01,Table + Student-built graph,constructed response,Intro,,2,Apply,
U2-S22-P1-010,Practice Set 1,2.2,Question 10,I can build graphs of linear functions using slope and intercept information.,S22-TABLE-GRAPH,F1-B4,REPTRANS-GRAPH-TABLE-EQUATION-01,Table + Student-built graph,constructed response,Intro,,2,Apply,
U2-S22-P1-011,Practice Set 1,2.2,Question 11,I can use key features of a line to interpret a relationship.,S22-CONTEXT-FEATURES,F1-C1,GRAPH-CONSTRUCT-FROM-CONSTRAINTS-01,Context + Student-built graph,constructed response,Intro,,2,Apply,
U2-S22-P1-012,Practice Set 1,2.2,Question 12,I can use key features of a line to interpret a relationship.,S22-CONTEXT-FEATURES,F1-C2,GRAPH-CONSTRUCT-FROM-CONSTRAINTS-01,Context + Student-built graph,constructed response,Intro,,2,Apply,
U2-S22-P1-013,Practice Set 1,2.2,Question 13,I can use key features of a line to interpret a relationship.,S22-CONTEXT-FEATURES,F1-C3,GRAPH-CONSTRUCT-FROM-CONSTRAINTS-01,Context + Student-built graph,constructed response,Intro,,2,Apply,
U2-S22-P1-014,Practice Set 1,2.2,Question 14,I can use key features of a line to interpret a relationship.,S22-CONTEXT-FEATURES,F1-C4,GRAPH-CONSTRUCT-FROM-CONSTRAINTS-01,Context + Student-built graph,constructed response,Intro,,2,Apply,
U2-S22-P1-015,Practice Set 1,2.2,Question 15,I can use key features of a line to interpret a relationship.,S22-GRAPH-FEATURES,F1-D1,GRAPH-INFER-BEHAVIOR-01,Graph,constructed response,Intro,,2,Apply,
U2-S22-P1-016,Practice Set 1,2.2,Question 16,I can use key features of a line to interpret a relationship.,S22-GRAPH-FEATURES,F1-D2,GRAPH-INFER-BEHAVIOR-01,Graph,constructed response,Intro,,2,Apply,
U2-S22-P1-017,Practice Set 1,2.2,Question 17,I can extend a graph to predict outputs within a meaningful range.,S22-GRAPH-FEATURES,F1-D3,GRAPH-INFER-BEHAVIOR-01,Graph,constructed response,Intro,,2,Apply,
U2-S22-P1-018,Practice Set 1,2.2,Question 18,I can extend a graph to predict outputs within a meaningful range.,S22-GRAPH-FEATURES,F1-D4,GRAPH-INFER-BEHAVIOR-01,Graph,constructed response,Intro,,2,Apply,
U2-S22-P1-019,Practice Set 1,2.2,Question 19,I can use key features of a line to interpret a relationship.,S22-EQ-FEATURES,F1-E1,FEATURE-IDENTIFY-FROM-REPRESENTATION-01,Equation + Graph features,constructed response,Intro,,1-2,Apply,
U2-S22-P1-020,Practice Set 1,2.2,Question 20,I can use key features of a line to interpret a relationship.,S22-EQ-FEATURES,F1-E2,FEATURE-IDENTIFY-FROM-REPRESENTATION-01,Equation + Graph features,constructed response,Intro,,1-2,Apply,
U2-S22-P1-021,Practice Set 1,2.2,Question 21,I can use key features of a line to interpret a relationship.,S22-EQ-FEATURES,F1-E3,FEATURE-IDENTIFY-FROM-REPRESENTATION-01,Equation + Graph features,constructed response,Intro,,1-2,Apply,
U2-S22-P1-022,Practice Set 1,2.2,Question 22,I can build graphs of linear functions using slope and intercept information.,S22-GRAPH-CHECK,F1-F1,VERIFY-REASONABLENESS-01,Graph scale/Equation,constructed response,Intro,,2,Analyze,
U2-S22-P1-023,Practice Set 1,2.2,Question 23,I can build graphs of linear functions using slope and intercept information.,S22-GRAPH-CHECK,F1-F2,VERIFY-REASONABLENESS-01,Graph scale/Equation,constructed response,Intro,,2,Analyze,
U2-S22-P1-024,Practice Set 1,2.2,Question 24,I can extend a graph to predict outputs within a meaningful range.,S22-GRAPH-CHECK,F1-F3,VERIFY-REASONABLENESS-01,Graph scale/Equation,constructed response,Intro,,2,Analyze,
U2-S23-P1-001,Practice Set 1,2.3,Question 1,"I can formulate linear equations from graphs, tables, and situations.",S23-TABLE-EQ,F1-A1,REPTRANS-GRAPH-TABLE-EQUATION-01,Table + Equation,constructed response,Intro,,2,Apply,
U2-S23-P1-002,Practice Set 1,2.3,Question 2,"I can formulate linear equations from graphs, tables, and situations.",S23-TABLE-EQ,F1-A2,REPTRANS-GRAPH-TABLE-EQUATION-01,Table + Equation,constructed response,Intro,,2,Apply,
U2-S23-P1-003,Practice Set 1,2.3,Question 3,"I can formulate linear equations from graphs, tables, and situations.",S23-TABLE-EQ,F1-A3,REPTRANS-GRAPH-TABLE-EQUATION-01,Table + Equation,constructed response,Intro,,2,Apply,
U2-S23-P1-004,Practice Set 1,2.3,Question 4,"I can formulate linear equations from graphs, tables, and situations.",S23-TABLE-EQ,F1-A4,REPTRANS-GRAPH-TABLE-EQUATION-01,Table + Equation,constructed response,Intro,,2,Apply,
U2-S23-P1-005,Practice Set 1,2.3,Question 5,"I can formulate linear equations from graphs, tables, and situations.",S23-TABLE-EQ,F1-A5,REPTRANS-GRAPH-TABLE-EQUATION-01,Table + Equation,constructed response,Intro,,2,Apply,
U2-S23-P1-006,Practice Set 1,2.3,Question 6,"I can formulate linear equations from graphs, tables, and situations.",S23-TABLE-EQ,F1-A6,REPTRANS-GRAPH-TABLE-EQUATION-01,Table + Equation,constructed response,Intro,,2,Apply,
U2-S23-P1-007,Practice Set 1,2.3,Question 7,"I can formulate linear equations from graphs, tables, and situations.",S23-GRAPH-EQ,F1-B1,REPTRANS-GRAPH-TABLE-EQUATION-01,Graph + Equation,constructed response,Intro,,2,Apply,
U2-S23-P1-008,Practice Set 1,2.3,Question 8,"I can formulate linear equations from graphs, tables, and situations.",S23-GRAPH-EQ,F1-B2,REPTRANS-GRAPH-TABLE-EQUATION-01,Graph + Equation,constructed response,Intro,,2,Apply,
U2-S23-P1-009,Practice Set 1,2.3,Question 9,I can apply slope-intercept structure to connect rate and starting value.,S23-GRAPH-EQ,F1-B3,REPTRANS-GRAPH-TABLE-EQUATION-01,Graph + Equation,constructed response,Intro,,2,Apply,
U2-S23-P1-010,Practice Set 1,2.3,Question 10,I can apply slope-intercept structure to connect rate and starting value.,S23-GRAPH-EQ,F1-B4,REPTRANS-GRAPH-TABLE-EQUATION-01,Graph + Equation,constructed response,Intro,,2,Apply,
U2-S23-P1-011,Practice Set 1,2.3,Question 11,"I can formulate linear equations from graphs, tables, and situations.",S23-CONTEXT-EQ,F1-C1,REPTRANS-TRANSLATE-VERBAL-SYMBOLIC-01,Context + Equation,constructed response,Intro,,2,Apply,
U2-S23-P1-012,Practice Set 1,2.3,Question 12,"I can formulate linear equations from graphs, tables, and situations.",S23-CONTEXT-EQ,F1-C2,REPTRANS-TRANSLATE-VERBAL-SYMBOLIC-01,Context + Equation,constructed response,Intro,,2,Apply,
U2-S23-P1-013,Practice Set 1,2.3,Question 13,"I can formulate linear equations from graphs, tables, and situations.",S23-CONTEXT-EQ,F1-C3,REPTRANS-TRANSLATE-VERBAL-SYMBOLIC-01,Context + Equation,constructed response,Intro,,2,Apply,
U2-S23-P1-014,Practice Set 1,2.3,Question 14,I can apply slope-intercept structure to connect rate and starting value.,S23-CONTEXT-EQ,F1-C4,REPTRANS-TRANSLATE-VERBAL-SYMBOLIC-01,Context + Equation,constructed response,Intro,,2,Apply,
U2-S23-P1-015,Practice Set 1,2.3,Question 15,I can apply slope-intercept structure to connect rate and starting value.,S23-CONTEXT-EQ,F1-C5,REPTRANS-TRANSLATE-VERBAL-SYMBOLIC-01,Context + Equation,constructed response,Intro,,2,Apply,
U2-S23-P1-016,Practice Set 1,2.3,Question 16,"I can formulate linear equations from graphs, tables, and situations.",S23-POINTS-EQ,F1-D1,PROC-MULTISTEP-CHAIN-01,Ordered pairs + Equation,constructed response,Intro,,1-2,Apply,
U2-S23-P1-017,Practice Set 1,2.3,Question 17,"I can formulate linear equations from graphs, tables, and situations.",S23-POINTS-EQ,F1-D2,PROC-MULTISTEP-CHAIN-01,Ordered pairs + Equation,constructed response,Intro,,1-2,Apply,
U2-S23-P1-018,Practice Set 1,2.3,Question 18,"I can formulate linear equations from graphs, tables, and situations.",S23-POINTS-EQ,F1-D3,PROC-MULTISTEP-CHAIN-01,Ordered pairs + Equation,constructed response,Intro,,1-2,Apply,
U2-S23-P1-019,Practice Set 1,2.3,Question 19,"I can formulate linear equations from graphs, tables, and situations.",S23-POINTS-EQ,F1-D4,PROC-MULTISTEP-CHAIN-01,Ordered pairs + Equation,constructed response,Intro,,1-2,Apply,
U2-S23-P1-020,Practice Set 1,2.3,Question 20,I can apply slope-intercept structure to connect rate and starting value.,S23-EQ-STRUCTURE,F1-E1,FEATURE-IDENTIFY-FROM-REPRESENTATION-01,Equation,constructed response,Intro,,1-2,Apply,
U2-S23-P1-021,Practice Set 1,2.3,Question 21,I can apply slope-intercept structure to connect rate and starting value.,S23-EQ-STRUCTURE,F1-E2,FEATURE-IDENTIFY-FROM-REPRESENTATION-01,Equation,constructed response,Intro,,1-2,Apply,
U2-S23-P1-022,Practice Set 1,2.3,Question 22,I can design equivalent equations that represent the same linear relationship.,S23-EQ-STRUCTURE,F1-E3,INVARIANT-IDENTIFY-UNDER-TRANSFORM-01,Equation,constructed response,Intro,,1-2,Apply,
U2-S23-P1-023,Practice Set 1,2.3,Question 23,I can apply slope-intercept structure to connect rate and starting value.,S23-EQ-CHECK,F1-F1,ERROR-CRITIQUE-CLAIM-01,Equation/Table,constructed response,Intro,,2-3,Analyze,
U2-S23-P1-024,Practice Set 1,2.3,Question 24,I can design equivalent equations that represent the same linear relationship.,S23-EQ-CHECK,F1-F2,ERROR-CRITIQUE-CLAIM-01,Equation/Table,constructed response,Intro,,2-3,Analyze,
U2-S24-P1-001,Practice Set 1,2.4,Question 1,I can use slope and intercept information to interpret similarities and differences.,S24-EQ-COMPARE,F1-A1,MODEL-COMPARE-TWO-LINEAR-01,Equations,constructed response,Intro,,2-3,Analyze,
U2-S24-P1-002,Practice Set 1,2.4,Question 2,I can use slope and intercept information to interpret similarities and differences.,S24-EQ-COMPARE,F1-A2,MODEL-COMPARE-TWO-LINEAR-01,Equations,constructed response,Intro,,2-3,Analyze,
U2-S24-P1-003,Practice Set 1,2.4,Question 3,I can use slope and intercept information to interpret similarities and differences.,S24-EQ-COMPARE,F1-A3,MODEL-COMPARE-TWO-LINEAR-01,Equations,constructed response,Intro,,2-3,Analyze,
U2-S24-P1-004,Practice Set 1,2.4,Question 4,I can use slope and intercept information to interpret similarities and differences.,S24-EQ-COMPARE,F1-A4,MODEL-COMPARE-TWO-LINEAR-01,Equations,constructed response,Intro,,2-3,Analyze,
U2-S24-P1-005,Practice Set 1,2.4,Question 5,I can construct comparison models for linear relationships shown in different forms.,S24-TABLE-EQ-COMPARE,F1-B1,MODEL-COMPARE-TWO-LINEAR-01,Table + Equation,constructed response,Intro,,2-3,Analyze,
U2-S24-P1-006,Practice Set 1,2.4,Question 6,I can construct comparison models for linear relationships shown in different forms.,S24-TABLE-EQ-COMPARE,F1-B2,MODEL-COMPARE-TWO-LINEAR-01,Table + Equation,constructed response,Intro,,2-3,Analyze,
U2-S24-P1-007,Practice Set 1,2.4,Question 7,I can construct comparison models for linear relationships shown in different forms.,S24-TABLE-EQ-COMPARE,F1-B3,MODEL-COMPARE-TWO-LINEAR-01,Table + Equation,constructed response,Intro,,2-3,Analyze,
U2-S24-P1-008,Practice Set 1,2.4,Question 8,I can construct comparison models for linear relationships shown in different forms.,S24-TABLE-EQ-COMPARE,F1-B4,MODEL-COMPARE-TWO-LINEAR-01,Table + Equation,constructed response,Intro,,2-3,Analyze,
U2-S24-P1-009,Practice Set 1,2.4,Question 9,I can use slope and intercept information to interpret similarities and differences.,S24-GRAPH-COMPARE,F1-C1,MODEL-COMPARE-TWO-LINEAR-01,Graph,constructed response,Intro,,2-3,Analyze,
U2-S24-P1-010,Practice Set 1,2.4,Question 10,I can use slope and intercept information to interpret similarities and differences.,S24-GRAPH-COMPARE,F1-C2,MODEL-COMPARE-TWO-LINEAR-01,Graph,constructed response,Intro,,2-3,Analyze,
U2-S24-P1-011,Practice Set 1,2.4,Question 11,I can use slope and intercept information to interpret similarities and differences.,S24-GRAPH-COMPARE,F1-C3,MODEL-COMPARE-TWO-LINEAR-01,Graph,constructed response,Intro,,2-3,Analyze,
U2-S24-P1-012,Practice Set 1,2.4,Question 12,I can use slope and intercept information to interpret similarities and differences.,S24-GRAPH-COMPARE,F1-C4,MODEL-COMPARE-TWO-LINEAR-01,Graph,constructed response,Intro,,2-3,Analyze,
U2-S24-P1-013,Practice Set 1,2.4,Question 13,I can construct comparison models for linear relationships shown in different forms.,S24-CONTEXT-COMPARE,F1-D1,MODEL-COMPARE-TWO-LINEAR-01,Context + Equations,constructed response,Intro,,2-3,Analyze,
U2-S24-P1-014,Practice Set 1,2.4,Question 14,I can construct comparison models for linear relationships shown in different forms.,S24-CONTEXT-COMPARE,F1-D2,MODEL-COMPARE-TWO-LINEAR-01,Context + Equations,constructed response,Intro,,2-3,Analyze,
U2-S24-P1-015,Practice Set 1,2.4,Question 15,I can construct comparison models for linear relationships shown in different forms.,S24-CONTEXT-COMPARE,F1-D3,MODEL-COMPARE-TWO-LINEAR-01,Context + Equations,constructed response,Intro,,2-3,Analyze,
U2-S24-P1-016,Practice Set 1,2.4,Question 16,I can construct comparison models for linear relationships shown in different forms.,S24-CONTEXT-COMPARE,F1-D4,MODEL-COMPARE-TWO-LINEAR-01,Context + Equations,constructed response,Intro,,2-3,Analyze,
U2-S24-P1-017,Practice Set 1,2.4,Question 17,I can construct comparison models for linear relationships shown in different forms.,S24-FEATURE-ORGANIZER,F1-E1,MODEL-COMPARE-TWO-LINEAR-01,Comparison table,constructed response,Intro,,2-3,Analyze,
U2-S24-P1-018,Practice Set 1,2.4,Question 18,I can construct comparison models for linear relationships shown in different forms.,S24-FEATURE-ORGANIZER,F1-E2,MODEL-COMPARE-TWO-LINEAR-01,Comparison table,constructed response,Intro,,2-3,Analyze,
U2-S24-P1-019,Practice Set 1,2.4,Question 19,I can construct comparison models for linear relationships shown in different forms.,S24-FEATURE-ORGANIZER,F1-E3,MODEL-COMPARE-TWO-LINEAR-01,Comparison table,constructed response,Intro,,2-3,Analyze,
U2-S24-P1-020,Practice Set 1,2.4,Question 20,I can construct comparison models for linear relationships shown in different forms.,S24-FEATURE-ORGANIZER,F1-E4,MODEL-COMPARE-TWO-LINEAR-01,Comparison table,constructed response,Intro,,2-3,Analyze,
U2-S24-P1-021,Practice Set 1,2.4,Question 21,I can critique conclusions about linear relationships using evidence from representations.,S24-CLAIM-CRITIQUE,F1-F1,ERROR-CRITIQUE-CLAIM-01,Claim + Representation features,constructed response,Intro,,2-3,Analyze,
U2-S24-P1-022,Practice Set 1,2.4,Question 22,I can critique conclusions about linear relationships using evidence from representations.,S24-CLAIM-CRITIQUE,F1-F2,ERROR-CRITIQUE-CLAIM-01,Claim + Representation features,constructed response,Intro,,2-3,Analyze,
U2-S24-P1-023,Practice Set 1,2.4,Question 23,I can critique conclusions about linear relationships using evidence from representations.,S24-CLAIM-CRITIQUE,F1-F3,ERROR-CRITIQUE-CLAIM-01,Claim + Representation features,constructed response,Intro,,2-3,Analyze,
U2-S24-P1-024,Practice Set 1,2.4,Question 24,I can critique conclusions about linear relationships using evidence from representations.,S24-CLAIM-CRITIQUE,F1-F4,ERROR-CRITIQUE-CLAIM-01,Claim + Representation features,constructed response,Intro,,2-3,Analyze,
U2-S25-P1-001,Practice Set 1,2.5,Question 1,I can design linear models that represent patterns in real-world data.,S25-DATA-MODEL,F1-A1,DATA-BESTFIT-PREDICT-01,Data table + Equation,constructed response,Intro,,2-3,Analyze,
U2-S25-P1-002,Practice Set 1,2.5,Question 2,I can design linear models that represent patterns in real-world data.,S25-DATA-MODEL,F1-A2,DATA-BESTFIT-PREDICT-01,Data table + Equation,constructed response,Intro,,2-3,Analyze,
U2-S25-P1-003,Practice Set 1,2.5,Question 3,I can design linear models that represent patterns in real-world data.,S25-DATA-MODEL,F1-A3,DATA-BESTFIT-PREDICT-01,Data table + Equation,constructed response,Intro,,2-3,Analyze,
U2-S25-P1-004,Practice Set 1,2.5,Question 4,I can design linear models that represent patterns in real-world data.,S25-DATA-MODEL,F1-A4,DATA-BESTFIT-PREDICT-01,Data table + Equation,constructed response,Intro,,2-3,Analyze,
U2-S25-P1-005,Practice Set 1,2.5,Question 5,I can design linear models that represent patterns in real-world data.,S25-DATA-MODEL,F1-A5,DATA-BESTFIT-PREDICT-01,Data table + Equation,constructed response,Intro,,2-3,Analyze,
U2-S25-P1-006,Practice Set 1,2.5,Question 6,I can design linear models that represent patterns in real-world data.,S25-SCATTER-READ,F1-B1,DATA-BESTFIT-PREDICT-01,Scatter plot,constructed response,Intro,,2-3,Analyze,
U2-S25-P1-007,Practice Set 1,2.5,Question 7,I can predict values using a linear model and interpret the result.,S25-SCATTER-READ,F1-B2,DATA-BESTFIT-PREDICT-01,Scatter plot,constructed response,Intro,,2-3,Analyze,
U2-S25-P1-008,Practice Set 1,2.5,Question 8,I can assess whether a linear model fits a data situation well enough for the question being asked.,S25-SCATTER-READ,F1-B3,DATA-BESTFIT-PREDICT-01,Scatter plot,constructed response,Intro,,2-3,Analyze,
U2-S25-P1-009,Practice Set 1,2.5,Question 9,I can assess whether a linear model fits a data situation well enough for the question being asked.,S25-SCATTER-READ,F1-B4,DATA-BESTFIT-PREDICT-01,Scatter plot,constructed response,Intro,,2-3,Analyze,
U2-S25-P1-010,Practice Set 1,2.5,Question 10,I can predict values using a linear model and interpret the result.,S25-MODEL-PREDICT,F1-C1,PREDICT-EXTRAPOLATE-MODEL-01,Equation + Prediction,constructed response,Intro,,2,Apply,
U2-S25-P1-011,Practice Set 1,2.5,Question 11,I can predict values using a linear model and interpret the result.,S25-MODEL-PREDICT,F1-C2,PREDICT-EXTRAPOLATE-MODEL-01,Equation + Prediction,constructed response,Intro,,2,Apply,
U2-S25-P1-012,Practice Set 1,2.5,Question 12,I can predict values using a linear model and interpret the result.,S25-MODEL-PREDICT,F1-C3,PREDICT-EXTRAPOLATE-MODEL-01,Equation + Prediction,constructed response,Intro,,2,Apply,
U2-S25-P1-013,Practice Set 1,2.5,Question 13,I can predict values using a linear model and interpret the result.,S25-MODEL-PREDICT,F1-C4,PREDICT-EXTRAPOLATE-MODEL-01,Equation + Prediction,constructed response,Intro,,2,Apply,
U2-S25-P1-014,Practice Set 1,2.5,Question 14,I can assess whether a linear model fits a data situation well enough for the question being asked.,S25-FIT-CHECK,F1-D1,MODEL-SELECT-BEST-FIT-01,Observed/predicted table,constructed response,Intro,,2-3,Apply,
U2-S25-P1-015,Practice Set 1,2.5,Question 15,I can assess whether a linear model fits a data situation well enough for the question being asked.,S25-FIT-CHECK,F1-D2,MODEL-SELECT-BEST-FIT-01,Observed/predicted table,constructed response,Intro,,2-3,Apply,
U2-S25-P1-016,Practice Set 1,2.5,Question 16,I can assess whether a linear model fits a data situation well enough for the question being asked.,S25-FIT-CHECK,F1-D3,MODEL-SELECT-BEST-FIT-01,Observed/predicted table,constructed response,Intro,,2-3,Apply,
U2-S25-P1-017,Practice Set 1,2.5,Question 17,I can assess whether a linear model fits a data situation well enough for the question being asked.,S25-FIT-CHECK,F1-D4,MODEL-SELECT-BEST-FIT-01,Observed/predicted table,constructed response,Intro,,2-3,Apply,
U2-S25-P1-018,Practice Set 1,2.5,Question 18,I can design linear models that represent patterns in real-world data.,S25-MODEL-FEATURES,F1-E1,REPTRANS-TRANSLATE-VERBAL-SYMBOLIC-01,Context + Equation,constructed response,Intro,,2,Apply,
U2-S25-P1-019,Practice Set 1,2.5,Question 19,I can design linear models that represent patterns in real-world data.,S25-MODEL-FEATURES,F1-E2,REPTRANS-TRANSLATE-VERBAL-SYMBOLIC-01,Context + Equation,constructed response,Intro,,2,Apply,
U2-S25-P1-020,Practice Set 1,2.5,Question 20,I can design linear models that represent patterns in real-world data.,S25-MODEL-FEATURES,F1-E3,REPTRANS-TRANSLATE-VERBAL-SYMBOLIC-01,Context + Equation,constructed response,Intro,,2,Apply,
U2-S25-P1-021,Practice Set 1,2.5,Question 21,I can design linear models that represent patterns in real-world data.,S25-MODEL-FEATURES,F1-E4,REPTRANS-TRANSLATE-VERBAL-SYMBOLIC-01,Context + Equation,constructed response,Intro,,2,Apply,
U2-S25-P1-022,Practice Set 1,2.5,Question 22,I can assess whether a linear model fits a data situation well enough for the question being asked.,S25-MODEL-LIMITS,F1-F1,VERIFY-REASONABLENESS-01,Data/model reasoning,constructed response,Intro,,2,Analyze,
U2-S25-P1-023,Practice Set 1,2.5,Question 23,I can assess whether a linear model fits a data situation well enough for the question being asked.,S25-MODEL-LIMITS,F1-F2,VERIFY-REASONABLENESS-01,Data/model reasoning,constructed response,Intro,,2,Analyze,
U2-S25-P1-024,Practice Set 1,2.5,Question 24,I can assess whether a linear model fits a data situation well enough for the question being asked.,S25-MODEL-LIMITS,F1-F3,VERIFY-REASONABLENESS-01,Data/model reasoning,constructed response,Intro,,2,Analyze,
U2-S21-P2-001,Practice Set 2,2.1,Question 1,I can apply slope calculations to interpret constant change between quantities.,S21-POINT-SLOPE,F2-A1,PROC-DIRECT-EXECUTE-01,Ordered pairs + Ratio,constructed response,Intro,,1-2,Apply,
U2-S21-P2-002,Practice Set 2,2.1,Question 2,I can apply slope calculations to interpret constant change between quantities.,S21-POINT-SLOPE,F2-A2,PROC-DIRECT-EXECUTE-01,Ordered pairs + Ratio,constructed response,Intro,,1-2,Apply,
U2-S21-P2-003,Practice Set 2,2.1,Question 3,I can apply slope calculations to interpret constant change between quantities.,S21-POINT-SLOPE,F2-A3,PROC-DIRECT-EXECUTE-01,Ordered pairs + Ratio,constructed response,Intro,,1-2,Apply,
U2-S21-P2-004,Practice Set 2,2.1,Question 4,I can apply slope calculations to interpret constant change between quantities.,S21-POINT-SLOPE,F2-A4,PROC-DIRECT-EXECUTE-01,Ordered pairs + Ratio,constructed response,Intro,,1-2,Apply,
U2-S21-P2-005,Practice Set 2,2.1,Question 5,I can apply slope calculations to interpret constant change between quantities.,S21-POINT-SLOPE,F2-A5,PROC-DIRECT-EXECUTE-01,Ordered pairs + Ratio,constructed response,Intro,,1-2,Apply,
U2-S21-P2-006,Practice Set 2,2.1,Question 6,"I can construct rate-of-change statements from tables, graphs, and situations.",S21-TABLE-RATE,F2-B1,TABLE-ESTIMATE-RATE-FROM-DATA-01,Table + Rate,constructed response,Intro,,2,Apply,
U2-S21-P2-007,Practice Set 2,2.1,Question 7,"I can construct rate-of-change statements from tables, graphs, and situations.",S21-TABLE-RATE,F2-B2,TABLE-ESTIMATE-RATE-FROM-DATA-01,Table + Rate,constructed response,Intro,,2,Apply,
U2-S21-P2-008,Practice Set 2,2.1,Question 8,"I can construct rate-of-change statements from tables, graphs, and situations.",S21-TABLE-RATE,F2-B3,TABLE-ESTIMATE-RATE-FROM-DATA-01,Table + Rate,constructed response,Intro,,2,Apply,
U2-S21-P2-009,Practice Set 2,2.1,Question 9,"I can construct rate-of-change statements from tables, graphs, and situations.",S21-TABLE-RATE,F2-B4,TABLE-ESTIMATE-RATE-FROM-DATA-01,Table + Rate,constructed response,Intro,,2,Apply,
U2-S21-P2-010,Practice Set 2,2.1,Question 10,"I can construct rate-of-change statements from tables, graphs, and situations.",S21-CONTEXT-RATE,F2-C1,REPTRANS-TRANSLATE-VERBAL-SYMBOLIC-01,Context + Rate,constructed response,Intro,,2,Apply,
U2-S21-P2-011,Practice Set 2,2.1,Question 11,"I can construct rate-of-change statements from tables, graphs, and situations.",S21-CONTEXT-RATE,F2-C2,REPTRANS-TRANSLATE-VERBAL-SYMBOLIC-01,Context + Rate,constructed response,Intro,,2,Apply,
U2-S21-P2-012,Practice Set 2,2.1,Question 12,"I can construct rate-of-change statements from tables, graphs, and situations.",S21-CONTEXT-RATE,F2-C3,REPTRANS-TRANSLATE-VERBAL-SYMBOLIC-01,Context + Rate,constructed response,Intro,,2,Apply,
U2-S21-P2-013,Practice Set 2,2.1,Question 13,"I can construct rate-of-change statements from tables, graphs, and situations.",S21-CONTEXT-RATE,F2-C4,REPTRANS-TRANSLATE-VERBAL-SYMBOLIC-01,Context + Rate,constructed response,Intro,,2,Apply,
U2-S21-P2-014,Practice Set 2,2.1,Question 14,I can determine whether a slope value is reasonable for a given context.,S21-RATE-REASON,F2-D1,VERIFY-REASONABLENESS-01,Context/Line feature + Rate,constructed response,Intro,,2,Analyze,
U2-S21-P2-015,Practice Set 2,2.1,Question 15,I can determine whether a slope value is reasonable for a given context.,S21-RATE-REASON,F2-D2,VERIFY-REASONABLENESS-01,Context/Line feature + Rate,constructed response,Intro,,2,Analyze,
U2-S21-P2-016,Practice Set 2,2.1,Question 16,I can determine whether a slope value is reasonable for a given context.,S21-RATE-REASON,F2-D3,VERIFY-REASONABLENESS-01,Context/Line feature + Rate,constructed response,Intro,,2,Analyze,
U2-S21-P2-017,Practice Set 2,2.1,Question 17,I can determine whether a slope value is reasonable for a given context.,S21-RATE-REASON,F2-D4,VERIFY-REASONABLENESS-01,Context/Line feature + Rate,constructed response,Intro,,2,Analyze,
U2-S21-P2-018,Practice Set 2,2.1,Question 18,I can apply slope calculations to interpret constant change between quantities.,S21-GRAPH-SLOPE,F2-E1,GRAPH-INFER-BEHAVIOR-01,Graph + Rate,constructed response,Intro,,2,Apply,
U2-S21-P2-019,Practice Set 2,2.1,Question 19,"I can construct rate-of-change statements from tables, graphs, and situations.",S21-GRAPH-SLOPE,F2-E2,GRAPH-INFER-BEHAVIOR-01,Graph + Rate,constructed response,Intro,,2,Apply,
U2-S21-P2-020,Practice Set 2,2.1,Question 20,I can apply slope calculations to interpret constant change between quantities.,S21-GRAPH-SLOPE,F2-E3,GRAPH-INFER-BEHAVIOR-01,Graph + Rate,constructed response,Intro,,2,Apply,
U2-S21-P2-021,Practice Set 2,2.1,Question 21,I can apply slope calculations to interpret constant change between quantities.,S21-GRAPH-SLOPE,F2-E4,GRAPH-INFER-BEHAVIOR-01,Graph + Rate,constructed response,Intro,,2,Apply,
U2-S21-P2-022,Practice Set 2,2.1,Question 22,I can apply slope calculations to interpret constant change between quantities.,S21-SLOPE-STRUCTURE,F2-F1,ERROR-DIAGNOSE-WORKED-SOLUTION-01,Points/Context + Rate,constructed response,Intro,,2-3,Analyze,
U2-S21-P2-023,Practice Set 2,2.1,Question 23,I can apply slope calculations to interpret constant change between quantities.,S21-SLOPE-STRUCTURE,F2-F2,PROC-SELECT-STRATEGY-01,Points/Context + Rate,constructed response,Intro,,1-2,Apply,
U2-S21-P2-024,Practice Set 2,2.1,Question 24,"I can construct rate-of-change statements from tables, graphs, and situations.",S21-SLOPE-STRUCTURE,F2-F3,PROC-SELECT-STRATEGY-01,Points/Context + Rate,constructed response,Intro,,1-2,Apply,
U2-S22-P2-001,Practice Set 2,2.2,Question 1,I can build graphs of linear functions using slope and intercept information.,S22-EQ-GRAPH,F2-A1,GRAPH-CONSTRUCT-FROM-CONSTRAINTS-01,Equation + Student-built graph,constructed response,Intro,,2,Apply,
U2-S22-P2-002,Practice Set 2,2.2,Question 2,I can build graphs of linear functions using slope and intercept information.,S22-EQ-GRAPH,F2-A2,GRAPH-CONSTRUCT-FROM-CONSTRAINTS-01,Equation + Student-built graph,constructed response,Intro,,2,Apply,
U2-S22-P2-003,Practice Set 2,2.2,Question 3,I can build graphs of linear functions using slope and intercept information.,S22-EQ-GRAPH,F2-A3,GRAPH-CONSTRUCT-FROM-CONSTRAINTS-01,Equation + Student-built graph,constructed response,Intro,,2,Apply,
U2-S22-P2-004,Practice Set 2,2.2,Question 4,I can build graphs of linear functions using slope and intercept information.,S22-EQ-GRAPH,F2-A4,GRAPH-CONSTRUCT-FROM-CONSTRAINTS-01,Equation + Student-built graph,constructed response,Intro,,2,Apply,
U2-S22-P2-005,Practice Set 2,2.2,Question 5,I can build graphs of linear functions using slope and intercept information.,S22-EQ-GRAPH,F2-A5,GRAPH-CONSTRUCT-FROM-CONSTRAINTS-01,Equation + Student-built graph,constructed response,Intro,,2,Apply,
U2-S22-P2-006,Practice Set 2,2.2,Question 6,I can build graphs of linear functions using slope and intercept information.,S22-EQ-GRAPH,F2-A6,GRAPH-CONSTRUCT-FROM-CONSTRAINTS-01,Equation + Student-built graph,constructed response,Intro,,2,Apply,
U2-S22-P2-007,Practice Set 2,2.2,Question 7,I can build graphs of linear functions using slope and intercept information.,S22-TABLE-GRAPH,F2-B1,REPTRANS-GRAPH-TABLE-EQUATION-01,Table + Student-built graph,constructed response,Intro,,2,Apply,
U2-S22-P2-008,Practice Set 2,2.2,Question 8,I can build graphs of linear functions using slope and intercept information.,S22-TABLE-GRAPH,F2-B2,REPTRANS-GRAPH-TABLE-EQUATION-01,Table + Student-built graph,constructed response,Intro,,2,Apply,
U2-S22-P2-009,Practice Set 2,2.2,Question 9,I can build graphs of linear functions using slope and intercept information.,S22-TABLE-GRAPH,F2-B3,REPTRANS-GRAPH-TABLE-EQUATION-01,Table + Student-built graph,constructed response,Intro,,2,Apply,
U2-S22-P2-010,Practice Set 2,2.2,Question 10,I can build graphs of linear functions using slope and intercept information.,S22-TABLE-GRAPH,F2-B4,REPTRANS-GRAPH-TABLE-EQUATION-01,Table + Student-built graph,constructed response,Intro,,2,Apply,
U2-S22-P2-011,Practice Set 2,2.2,Question 11,I can use key features of a line to interpret a relationship.,S22-CONTEXT-FEATURES,F2-C1,GRAPH-CONSTRUCT-FROM-CONSTRAINTS-01,Context + Student-built graph,constructed response,Intro,,2,Apply,
U2-S22-P2-012,Practice Set 2,2.2,Question 12,I can use key features of a line to interpret a relationship.,S22-CONTEXT-FEATURES,F2-C2,GRAPH-CONSTRUCT-FROM-CONSTRAINTS-01,Context + Student-built graph,constructed response,Intro,,2,Apply,
U2-S22-P2-013,Practice Set 2,2.2,Question 13,I can use key features of a line to interpret a relationship.,S22-CONTEXT-FEATURES,F2-C3,GRAPH-CONSTRUCT-FROM-CONSTRAINTS-01,Context + Student-built graph,constructed response,Intro,,2,Apply,
U2-S22-P2-014,Practice Set 2,2.2,Question 14,I can use key features of a line to interpret a relationship.,S22-CONTEXT-FEATURES,F2-C4,GRAPH-CONSTRUCT-FROM-CONSTRAINTS-01,Context + Student-built graph,constructed response,Intro,,2,Apply,
U2-S22-P2-015,Practice Set 2,2.2,Question 15,I can use key features of a line to interpret a relationship.,S22-GRAPH-FEATURES,F2-D1,GRAPH-INFER-BEHAVIOR-01,Graph,constructed response,Intro,,2,Apply,
U2-S22-P2-016,Practice Set 2,2.2,Question 16,I can use key features of a line to interpret a relationship.,S22-GRAPH-FEATURES,F2-D2,GRAPH-INFER-BEHAVIOR-01,Graph,constructed response,Intro,,2,Apply,
U2-S22-P2-017,Practice Set 2,2.2,Question 17,I can extend a graph to predict outputs within a meaningful range.,S22-GRAPH-FEATURES,F2-D3,GRAPH-INFER-BEHAVIOR-01,Graph,constructed response,Intro,,2,Apply,
U2-S22-P2-018,Practice Set 2,2.2,Question 18,I can extend a graph to predict outputs within a meaningful range.,S22-GRAPH-FEATURES,F2-D4,GRAPH-INFER-BEHAVIOR-01,Graph,constructed response,Intro,,2,Apply,
U2-S22-P2-019,Practice Set 2,2.2,Question 19,I can use key features of a line to interpret a relationship.,S22-EQ-FEATURES,F2-E1,FEATURE-IDENTIFY-FROM-REPRESENTATION-01,Equation + Graph features,constructed response,Intro,,1-2,Apply,
U2-S22-P2-020,Practice Set 2,2.2,Question 20,I can use key features of a line to interpret a relationship.,S22-EQ-FEATURES,F2-E2,FEATURE-IDENTIFY-FROM-REPRESENTATION-01,Equation + Graph features,constructed response,Intro,,1-2,Apply,
U2-S22-P2-021,Practice Set 2,2.2,Question 21,I can use key features of a line to interpret a relationship.,S22-EQ-FEATURES,F2-E3,FEATURE-IDENTIFY-FROM-REPRESENTATION-01,Equation + Graph features,constructed response,Intro,,1-2,Apply,
U2-S22-P2-022,Practice Set 2,2.2,Question 22,I can build graphs of linear functions using slope and intercept information.,S22-GRAPH-CHECK,F2-F1,VERIFY-REASONABLENESS-01,Graph scale/Equation,constructed response,Intro,,2,Analyze,
U2-S22-P2-023,Practice Set 2,2.2,Question 23,I can build graphs of linear functions using slope and intercept information.,S22-GRAPH-CHECK,F2-F2,VERIFY-REASONABLENESS-01,Graph scale/Equation,constructed response,Intro,,2,Analyze,
U2-S22-P2-024,Practice Set 2,2.2,Question 24,I can extend a graph to predict outputs within a meaningful range.,S22-GRAPH-CHECK,F2-F3,VERIFY-REASONABLENESS-01,Graph scale/Equation,constructed response,Intro,,2,Analyze,
U2-S23-P2-001,Practice Set 2,2.3,Question 1,"I can formulate linear equations from graphs, tables, and situations.",S23-TABLE-EQ,F2-A1,REPTRANS-GRAPH-TABLE-EQUATION-01,Table + Equation,constructed response,Intro,,2,Apply,
U2-S23-P2-002,Practice Set 2,2.3,Question 2,"I can formulate linear equations from graphs, tables, and situations.",S23-TABLE-EQ,F2-A2,REPTRANS-GRAPH-TABLE-EQUATION-01,Table + Equation,constructed response,Intro,,2,Apply,
U2-S23-P2-003,Practice Set 2,2.3,Question 3,"I can formulate linear equations from graphs, tables, and situations.",S23-TABLE-EQ,F2-A3,REPTRANS-GRAPH-TABLE-EQUATION-01,Table + Equation,constructed response,Intro,,2,Apply,
U2-S23-P2-004,Practice Set 2,2.3,Question 4,"I can formulate linear equations from graphs, tables, and situations.",S23-TABLE-EQ,F2-A4,REPTRANS-GRAPH-TABLE-EQUATION-01,Table + Equation,constructed response,Intro,,2,Apply,
U2-S23-P2-005,Practice Set 2,2.3,Question 5,"I can formulate linear equations from graphs, tables, and situations.",S23-TABLE-EQ,F2-A5,REPTRANS-GRAPH-TABLE-EQUATION-01,Table + Equation,constructed response,Intro,,2,Apply,
U2-S23-P2-006,Practice Set 2,2.3,Question 6,"I can formulate linear equations from graphs, tables, and situations.",S23-TABLE-EQ,F2-A6,REPTRANS-GRAPH-TABLE-EQUATION-01,Table + Equation,constructed response,Intro,,2,Apply,
U2-S23-P2-007,Practice Set 2,2.3,Question 7,"I can formulate linear equations from graphs, tables, and situations.",S23-GRAPH-EQ,F2-B1,REPTRANS-GRAPH-TABLE-EQUATION-01,Graph + Equation,constructed response,Intro,,2,Apply,
U2-S23-P2-008,Practice Set 2,2.3,Question 8,"I can formulate linear equations from graphs, tables, and situations.",S23-GRAPH-EQ,F2-B2,REPTRANS-GRAPH-TABLE-EQUATION-01,Graph + Equation,constructed response,Intro,,2,Apply,
U2-S23-P2-009,Practice Set 2,2.3,Question 9,I can apply slope-intercept structure to connect rate and starting value.,S23-GRAPH-EQ,F2-B3,REPTRANS-GRAPH-TABLE-EQUATION-01,Graph + Equation,constructed response,Intro,,2,Apply,
U2-S23-P2-010,Practice Set 2,2.3,Question 10,I can apply slope-intercept structure to connect rate and starting value.,S23-GRAPH-EQ,F2-B4,REPTRANS-GRAPH-TABLE-EQUATION-01,Graph + Equation,constructed response,Intro,,2,Apply,
U2-S23-P2-011,Practice Set 2,2.3,Question 11,"I can formulate linear equations from graphs, tables, and situations.",S23-CONTEXT-EQ,F2-C1,REPTRANS-TRANSLATE-VERBAL-SYMBOLIC-01,Context + Equation,constructed response,Intro,,2,Apply,
U2-S23-P2-012,Practice Set 2,2.3,Question 12,"I can formulate linear equations from graphs, tables, and situations.",S23-CONTEXT-EQ,F2-C2,REPTRANS-TRANSLATE-VERBAL-SYMBOLIC-01,Context + Equation,constructed response,Intro,,2,Apply,
U2-S23-P2-013,Practice Set 2,2.3,Question 13,"I can formulate linear equations from graphs, tables, and situations.",S23-CONTEXT-EQ,F2-C3,REPTRANS-TRANSLATE-VERBAL-SYMBOLIC-01,Context + Equation,constructed response,Intro,,2,Apply,
U2-S23-P2-014,Practice Set 2,2.3,Question 14,I can apply slope-intercept structure to connect rate and starting value.,S23-CONTEXT-EQ,F2-C4,REPTRANS-TRANSLATE-VERBAL-SYMBOLIC-01,Context + Equation,constructed response,Intro,,2,Apply,
U2-S23-P2-015,Practice Set 2,2.3,Question 15,I can apply slope-intercept structure to connect rate and starting value.,S23-CONTEXT-EQ,F2-C5,REPTRANS-TRANSLATE-VERBAL-SYMBOLIC-01,Context + Equation,constructed response,Intro,,2,Apply,
U2-S23-P2-016,Practice Set 2,2.3,Question 16,"I can formulate linear equations from graphs, tables, and situations.",S23-POINTS-EQ,F2-D1,PROC-MULTISTEP-CHAIN-01,Ordered pairs + Equation,constructed response,Intro,,1-2,Apply,
U2-S23-P2-017,Practice Set 2,2.3,Question 17,"I can formulate linear equations from graphs, tables, and situations.",S23-POINTS-EQ,F2-D2,PROC-MULTISTEP-CHAIN-01,Ordered pairs + Equation,constructed response,Intro,,1-2,Apply,
U2-S23-P2-018,Practice Set 2,2.3,Question 18,"I can formulate linear equations from graphs, tables, and situations.",S23-POINTS-EQ,F2-D3,PROC-MULTISTEP-CHAIN-01,Ordered pairs + Equation,constructed response,Intro,,1-2,Apply,
U2-S23-P2-019,Practice Set 2,2.3,Question 19,"I can formulate linear equations from graphs, tables, and situations.",S23-POINTS-EQ,F2-D4,PROC-MULTISTEP-CHAIN-01,Ordered pairs + Equation,constructed response,Intro,,1-2,Apply,
U2-S23-P2-020,Practice Set 2,2.3,Question 20,I can apply slope-intercept structure to connect rate and starting value.,S23-EQ-STRUCTURE,F2-E1,FEATURE-IDENTIFY-FROM-REPRESENTATION-01,Equation,constructed response,Intro,,1-2,Apply,
U2-S23-P2-021,Practice Set 2,2.3,Question 21,I can apply slope-intercept structure to connect rate and starting value.,S23-EQ-STRUCTURE,F2-E2,FEATURE-IDENTIFY-FROM-REPRESENTATION-01,Equation,constructed response,Intro,,1-2,Apply,
U2-S23-P2-022,Practice Set 2,2.3,Question 22,I can design equivalent equations that represent the same linear relationship.,S23-EQ-STRUCTURE,F2-E3,INVARIANT-IDENTIFY-UNDER-TRANSFORM-01,Equation,constructed response,Intro,,1-2,Apply,
U2-S23-P2-023,Practice Set 2,2.3,Question 23,I can apply slope-intercept structure to connect rate and starting value.,S23-EQ-CHECK,F2-F1,ERROR-CRITIQUE-CLAIM-01,Equation/Table,constructed response,Intro,,2-3,Analyze,
U2-S23-P2-024,Practice Set 2,2.3,Question 24,I can design equivalent equations that represent the same linear relationship.,S23-EQ-CHECK,F2-F2,ERROR-CRITIQUE-CLAIM-01,Equation/Table,constructed response,Intro,,2-3,Analyze,
U2-S24-P2-001,Practice Set 2,2.4,Question 1,I can use slope and intercept information to interpret similarities and differences.,S24-EQ-COMPARE,F2-A1,MODEL-COMPARE-TWO-LINEAR-01,Equations,constructed response,Intro,,2-3,Analyze,
U2-S24-P2-002,Practice Set 2,2.4,Question 2,I can use slope and intercept information to interpret similarities and differences.,S24-EQ-COMPARE,F2-A2,MODEL-COMPARE-TWO-LINEAR-01,Equations,constructed response,Intro,,2-3,Analyze,
U2-S24-P2-003,Practice Set 2,2.4,Question 3,I can use slope and intercept information to interpret similarities and differences.,S24-EQ-COMPARE,F2-A3,MODEL-COMPARE-TWO-LINEAR-01,Equations,constructed response,Intro,,2-3,Analyze,
U2-S24-P2-004,Practice Set 2,2.4,Question 4,I can use slope and intercept information to interpret similarities and differences.,S24-EQ-COMPARE,F2-A4,MODEL-COMPARE-TWO-LINEAR-01,Equations,constructed response,Intro,,2-3,Analyze,
U2-S24-P2-005,Practice Set 2,2.4,Question 5,I can construct comparison models for linear relationships shown in different forms.,S24-TABLE-EQ-COMPARE,F2-B1,MODEL-COMPARE-TWO-LINEAR-01,Table + Equation,constructed response,Intro,,2-3,Analyze,
U2-S24-P2-006,Practice Set 2,2.4,Question 6,I can construct comparison models for linear relationships shown in different forms.,S24-TABLE-EQ-COMPARE,F2-B2,MODEL-COMPARE-TWO-LINEAR-01,Table + Equation,constructed response,Intro,,2-3,Analyze,
U2-S24-P2-007,Practice Set 2,2.4,Question 7,I can construct comparison models for linear relationships shown in different forms.,S24-TABLE-EQ-COMPARE,F2-B3,MODEL-COMPARE-TWO-LINEAR-01,Table + Equation,constructed response,Intro,,2-3,Analyze,
U2-S24-P2-008,Practice Set 2,2.4,Question 8,I can construct comparison models for linear relationships shown in different forms.,S24-TABLE-EQ-COMPARE,F2-B4,MODEL-COMPARE-TWO-LINEAR-01,Table + Equation,constructed response,Intro,,2-3,Analyze,
U2-S24-P2-009,Practice Set 2,2.4,Question 9,I can use slope and intercept information to interpret similarities and differences.,S24-GRAPH-COMPARE,F2-C1,MODEL-COMPARE-TWO-LINEAR-01,Graph,constructed response,Intro,,2-3,Analyze,
U2-S24-P2-010,Practice Set 2,2.4,Question 10,I can use slope and intercept information to interpret similarities and differences.,S24-GRAPH-COMPARE,F2-C2,MODEL-COMPARE-TWO-LINEAR-01,Graph,constructed response,Intro,,2-3,Analyze,
U2-S24-P2-011,Practice Set 2,2.4,Question 11,I can use slope and intercept information to interpret similarities and differences.,S24-GRAPH-COMPARE,F2-C3,MODEL-COMPARE-TWO-LINEAR-01,Graph,constructed response,Intro,,2-3,Analyze,
U2-S24-P2-012,Practice Set 2,2.4,Question 12,I can use slope and intercept information to interpret similarities and differences.,S24-GRAPH-COMPARE,F2-C4,MODEL-COMPARE-TWO-LINEAR-01,Graph,constructed response,Intro,,2-3,Analyze,
U2-S24-P2-013,Practice Set 2,2.4,Question 13,I can construct comparison models for linear relationships shown in different forms.,S24-CONTEXT-COMPARE,F2-D1,MODEL-COMPARE-TWO-LINEAR-01,Context + Equations,constructed response,Intro,,2-3,Analyze,
U2-S24-P2-014,Practice Set 2,2.4,Question 14,I can construct comparison models for linear relationships shown in different forms.,S24-CONTEXT-COMPARE,F2-D2,MODEL-COMPARE-TWO-LINEAR-01,Context + Equations,constructed response,Intro,,2-3,Analyze,
U2-S24-P2-015,Practice Set 2,2.4,Question 15,I can construct comparison models for linear relationships shown in different forms.,S24-CONTEXT-COMPARE,F2-D3,MODEL-COMPARE-TWO-LINEAR-01,Context + Equations,constructed response,Intro,,2-3,Analyze,
U2-S24-P2-016,Practice Set 2,2.4,Question 16,I can construct comparison models for linear relationships shown in different forms.,S24-CONTEXT-COMPARE,F2-D4,MODEL-COMPARE-TWO-LINEAR-01,Context + Equations,constructed response,Intro,,2-3,Analyze,
U2-S24-P2-017,Practice Set 2,2.4,Question 17,I can construct comparison models for linear relationships shown in different forms.,S24-FEATURE-ORGANIZER,F2-E1,MODEL-COMPARE-TWO-LINEAR-01,Comparison table,constructed response,Intro,,2-3,Analyze,
U2-S24-P2-018,Practice Set 2,2.4,Question 18,I can construct comparison models for linear relationships shown in different forms.,S24-FEATURE-ORGANIZER,F2-E2,MODEL-COMPARE-TWO-LINEAR-01,Comparison table,constructed response,Intro,,2-3,Analyze,
U2-S24-P2-019,Practice Set 2,2.4,Question 19,I can construct comparison models for linear relationships shown in different forms.,S24-FEATURE-ORGANIZER,F2-E3,MODEL-COMPARE-TWO-LINEAR-01,Comparison table,constructed response,Intro,,2-3,Analyze,
U2-S24-P2-020,Practice Set 2,2.4,Question 20,I can construct comparison models for linear relationships shown in different forms.,S24-FEATURE-ORGANIZER,F2-E4,MODEL-COMPARE-TWO-LINEAR-01,Comparison table,constructed response,Intro,,2-3,Analyze,
U2-S24-P2-021,Practice Set 2,2.4,Question 21,I can critique conclusions about linear relationships using evidence from representations.,S24-CLAIM-CRITIQUE,F2-F1,ERROR-CRITIQUE-CLAIM-01,Claim + Representation features,constructed response,Intro,,2-3,Analyze,
U2-S24-P2-022,Practice Set 2,2.4,Question 22,I can critique conclusions about linear relationships using evidence from representations.,S24-CLAIM-CRITIQUE,F2-F2,ERROR-CRITIQUE-CLAIM-01,Claim + Representation features,constructed response,Intro,,2-3,Analyze,
U2-S24-P2-023,Practice Set 2,2.4,Question 23,I can critique conclusions about linear relationships using evidence from representations.,S24-CLAIM-CRITIQUE,F2-F3,ERROR-CRITIQUE-CLAIM-01,Claim + Representation features,constructed response,Intro,,2-3,Analyze,
U2-S24-P2-024,Practice Set 2,2.4,Question 24,I can critique conclusions about linear relationships using evidence from representations.,S24-CLAIM-CRITIQUE,F2-F4,ERROR-CRITIQUE-CLAIM-01,Claim + Representation features,constructed response,Intro,,2-3,Analyze,
U2-S25-P2-001,Practice Set 2,2.5,Question 1,I can design linear models that represent patterns in real-world data.,S25-DATA-MODEL,F2-A1,DATA-BESTFIT-PREDICT-01,Data table + Equation,constructed response,Intro,,2-3,Analyze,
U2-S25-P2-002,Practice Set 2,2.5,Question 2,I can design linear models that represent patterns in real-world data.,S25-DATA-MODEL,F2-A2,DATA-BESTFIT-PREDICT-01,Data table + Equation,constructed response,Intro,,2-3,Analyze,
U2-S25-P2-003,Practice Set 2,2.5,Question 3,I can design linear models that represent patterns in real-world data.,S25-DATA-MODEL,F2-A3,DATA-BESTFIT-PREDICT-01,Data table + Equation,constructed response,Intro,,2-3,Analyze,
U2-S25-P2-004,Practice Set 2,2.5,Question 4,I can design linear models that represent patterns in real-world data.,S25-DATA-MODEL,F2-A4,DATA-BESTFIT-PREDICT-01,Data table + Equation,constructed response,Intro,,2-3,Analyze,
U2-S25-P2-005,Practice Set 2,2.5,Question 5,I can design linear models that represent patterns in real-world data.,S25-DATA-MODEL,F2-A5,DATA-BESTFIT-PREDICT-01,Data table + Equation,constructed response,Intro,,2-3,Analyze,
U2-S25-P2-006,Practice Set 2,2.5,Question 6,I can design linear models that represent patterns in real-world data.,S25-SCATTER-READ,F2-B1,DATA-BESTFIT-PREDICT-01,Scatter plot,constructed response,Intro,,2-3,Analyze,
U2-S25-P2-007,Practice Set 2,2.5,Question 7,I can predict values using a linear model and interpret the result.,S25-SCATTER-READ,F2-B2,DATA-BESTFIT-PREDICT-01,Scatter plot,constructed response,Intro,,2-3,Analyze,
U2-S25-P2-008,Practice Set 2,2.5,Question 8,I can assess whether a linear model fits a data situation well enough for the question being asked.,S25-SCATTER-READ,F2-B3,DATA-BESTFIT-PREDICT-01,Scatter plot,constructed response,Intro,,2-3,Analyze,
U2-S25-P2-009,Practice Set 2,2.5,Question 9,I can assess whether a linear model fits a data situation well enough for the question being asked.,S25-SCATTER-READ,F2-B4,DATA-BESTFIT-PREDICT-01,Scatter plot,constructed response,Intro,,2-3,Analyze,
U2-S25-P2-010,Practice Set 2,2.5,Question 10,I can predict values using a linear model and interpret the result.,S25-MODEL-PREDICT,F2-C1,PREDICT-EXTRAPOLATE-MODEL-01,Equation + Prediction,constructed response,Intro,,2,Apply,
U2-S25-P2-011,Practice Set 2,2.5,Question 11,I can predict values using a linear model and interpret the result.,S25-MODEL-PREDICT,F2-C2,PREDICT-EXTRAPOLATE-MODEL-01,Equation + Prediction,constructed response,Intro,,2,Apply,
U2-S25-P2-012,Practice Set 2,2.5,Question 12,I can predict values using a linear model and interpret the result.,S25-MODEL-PREDICT,F2-C3,PREDICT-EXTRAPOLATE-MODEL-01,Equation + Prediction,constructed response,Intro,,2,Apply,
U2-S25-P2-013,Practice Set 2,2.5,Question 13,I can predict values using a linear model and interpret the result.,S25-MODEL-PREDICT,F2-C4,PREDICT-EXTRAPOLATE-MODEL-01,Equation + Prediction,constructed response,Intro,,2,Apply,
U2-S25-P2-014,Practice Set 2,2.5,Question 14,I can assess whether a linear model fits a data situation well enough for the question being asked.,S25-FIT-CHECK,F2-D1,MODEL-SELECT-BEST-FIT-01,Observed/predicted table,constructed response,Intro,,2-3,Apply,
U2-S25-P2-015,Practice Set 2,2.5,Question 15,I can assess whether a linear model fits a data situation well enough for the question being asked.,S25-FIT-CHECK,F2-D2,MODEL-SELECT-BEST-FIT-01,Observed/predicted table,constructed response,Intro,,2-3,Apply,
U2-S25-P2-016,Practice Set 2,2.5,Question 16,I can assess whether a linear model fits a data situation well enough for the question being asked.,S25-FIT-CHECK,F2-D3,MODEL-SELECT-BEST-FIT-01,Observed/predicted table,constructed response,Intro,,2-3,Apply,
U2-S25-P2-017,Practice Set 2,2.5,Question 17,I can assess whether a linear model fits a data situation well enough for the question being asked.,S25-FIT-CHECK,F2-D4,MODEL-SELECT-BEST-FIT-01,Observed/predicted table,constructed response,Intro,,2-3,Apply,
U2-S25-P2-018,Practice Set 2,2.5,Question 18,I can design linear models that represent patterns in real-world data.,S25-MODEL-FEATURES,F2-E1,REPTRANS-TRANSLATE-VERBAL-SYMBOLIC-01,Context + Equation,constructed response,Intro,,2,Apply,
U2-S25-P2-019,Practice Set 2,2.5,Question 19,I can design linear models that represent patterns in real-world data.,S25-MODEL-FEATURES,F2-E2,REPTRANS-TRANSLATE-VERBAL-SYMBOLIC-01,Context + Equation,constructed response,Intro,,2,Apply,
U2-S25-P2-020,Practice Set 2,2.5,Question 20,I can design linear models that represent patterns in real-world data.,S25-MODEL-FEATURES,F2-E3,REPTRANS-TRANSLATE-VERBAL-SYMBOLIC-01,Context + Equation,constructed response,Intro,,2,Apply,
U2-S25-P2-021,Practice Set 2,2.5,Question 21,I can design linear models that represent patterns in real-world data.,S25-MODEL-FEATURES,F2-E4,REPTRANS-TRANSLATE-VERBAL-SYMBOLIC-01,Context + Equation,constructed response,Intro,,2,Apply,
U2-S25-P2-022,Practice Set 2,2.5,Question 22,I can assess whether a linear model fits a data situation well enough for the question being asked.,S25-MODEL-LIMITS,F2-F1,VERIFY-REASONABLENESS-01,Data/model reasoning,constructed response,Intro,,2,Analyze,
U2-S25-P2-023,Practice Set 2,2.5,Question 23,I can assess whether a linear model fits a data situation well enough for the question being asked.,S25-MODEL-LIMITS,F2-F2,VERIFY-REASONABLENESS-01,Data/model reasoning,constructed response,Intro,,2,Analyze,
U2-S25-P2-024,Practice Set 2,2.5,Question 24,I can assess whether a linear model fits a data situation well enough for the question being asked.,S25-MODEL-LIMITS,F2-F3,VERIFY-REASONABLENESS-01,Data/model reasoning,constructed response,Intro,,2,Analyze,
U2-S21-P3-001,Practice Set 3,2.1,Question 1,I can apply slope calculations to interpret constant change between quantities.,S21-POINT-SLOPE,F3-A1,PROC-DIRECT-EXECUTE-01,Ordered pairs + Ratio,constructed response,Intro,,1-2,Apply,
U2-S21-P3-002,Practice Set 3,2.1,Question 2,I can apply slope calculations to interpret constant change between quantities.,S21-POINT-SLOPE,F3-A2,PROC-DIRECT-EXECUTE-01,Ordered pairs + Ratio,constructed response,Intro,,1-2,Apply,
U2-S21-P3-003,Practice Set 3,2.1,Question 3,I can apply slope calculations to interpret constant change between quantities.,S21-POINT-SLOPE,F3-A3,PROC-DIRECT-EXECUTE-01,Ordered pairs + Ratio,constructed response,Intro,,1-2,Apply,
U2-S21-P3-004,Practice Set 3,2.1,Question 4,I can apply slope calculations to interpret constant change between quantities.,S21-POINT-SLOPE,F3-A4,PROC-DIRECT-EXECUTE-01,Ordered pairs + Ratio,constructed response,Intro,,1-2,Apply,
U2-S21-P3-005,Practice Set 3,2.1,Question 5,I can apply slope calculations to interpret constant change between quantities.,S21-POINT-SLOPE,F3-A5,PROC-DIRECT-EXECUTE-01,Ordered pairs + Ratio,constructed response,Intro,,1-2,Apply,
U2-S21-P3-006,Practice Set 3,2.1,Question 6,"I can construct rate-of-change statements from tables, graphs, and situations.",S21-TABLE-RATE,F3-B1,TABLE-ESTIMATE-RATE-FROM-DATA-01,Table + Rate,constructed response,Intro,,2,Apply,
U2-S21-P3-007,Practice Set 3,2.1,Question 7,"I can construct rate-of-change statements from tables, graphs, and situations.",S21-TABLE-RATE,F3-B2,TABLE-ESTIMATE-RATE-FROM-DATA-01,Table + Rate,constructed response,Intro,,2,Apply,
U2-S21-P3-008,Practice Set 3,2.1,Question 8,"I can construct rate-of-change statements from tables, graphs, and situations.",S21-TABLE-RATE,F3-B3,TABLE-ESTIMATE-RATE-FROM-DATA-01,Table + Rate,constructed response,Intro,,2,Apply,
U2-S21-P3-009,Practice Set 3,2.1,Question 9,"I can construct rate-of-change statements from tables, graphs, and situations.",S21-TABLE-RATE,F3-B4,TABLE-ESTIMATE-RATE-FROM-DATA-01,Table + Rate,constructed response,Intro,,2,Apply,
U2-S21-P3-010,Practice Set 3,2.1,Question 10,"I can construct rate-of-change statements from tables, graphs, and situations.",S21-CONTEXT-RATE,F3-C1,REPTRANS-TRANSLATE-VERBAL-SYMBOLIC-01,Context + Rate,constructed response,Intro,,2,Apply,
U2-S21-P3-011,Practice Set 3,2.1,Question 11,"I can construct rate-of-change statements from tables, graphs, and situations.",S21-CONTEXT-RATE,F3-C2,REPTRANS-TRANSLATE-VERBAL-SYMBOLIC-01,Context + Rate,constructed response,Intro,,2,Apply,
U2-S21-P3-012,Practice Set 3,2.1,Question 12,"I can construct rate-of-change statements from tables, graphs, and situations.",S21-CONTEXT-RATE,F3-C3,REPTRANS-TRANSLATE-VERBAL-SYMBOLIC-01,Context + Rate,constructed response,Intro,,2,Apply,
U2-S21-P3-013,Practice Set 3,2.1,Question 13,"I can construct rate-of-change statements from tables, graphs, and situations.",S21-CONTEXT-RATE,F3-C4,REPTRANS-TRANSLATE-VERBAL-SYMBOLIC-01,Context + Rate,constructed response,Intro,,2,Apply,
U2-S21-P3-014,Practice Set 3,2.1,Question 14,I can determine whether a slope value is reasonable for a given context.,S21-RATE-REASON,F3-D1,VERIFY-REASONABLENESS-01,Context/Line feature + Rate,constructed response,Intro,,2,Analyze,
U2-S21-P3-015,Practice Set 3,2.1,Question 15,I can determine whether a slope value is reasonable for a given context.,S21-RATE-REASON,F3-D2,VERIFY-REASONABLENESS-01,Context/Line feature + Rate,constructed response,Intro,,2,Analyze,
U2-S21-P3-016,Practice Set 3,2.1,Question 16,I can determine whether a slope value is reasonable for a given context.,S21-RATE-REASON,F3-D3,VERIFY-REASONABLENESS-01,Context/Line feature + Rate,constructed response,Intro,,2,Analyze,
U2-S21-P3-017,Practice Set 3,2.1,Question 17,I can determine whether a slope value is reasonable for a given context.,S21-RATE-REASON,F3-D4,VERIFY-REASONABLENESS-01,Context/Line feature + Rate,constructed response,Intro,,2,Analyze,
U2-S21-P3-018,Practice Set 3,2.1,Question 18,I can apply slope calculations to interpret constant change between quantities.,S21-GRAPH-SLOPE,F3-E1,GRAPH-INFER-BEHAVIOR-01,Graph + Rate,constructed response,Intro,,2,Apply,
U2-S21-P3-019,Practice Set 3,2.1,Question 19,"I can construct rate-of-change statements from tables, graphs, and situations.",S21-GRAPH-SLOPE,F3-E2,GRAPH-INFER-BEHAVIOR-01,Graph + Rate,constructed response,Intro,,2,Apply,
U2-S21-P3-020,Practice Set 3,2.1,Question 20,I can apply slope calculations to interpret constant change between quantities.,S21-GRAPH-SLOPE,F3-E3,GRAPH-INFER-BEHAVIOR-01,Graph + Rate,constructed response,Intro,,2,Apply,
U2-S21-P3-021,Practice Set 3,2.1,Question 21,I can apply slope calculations to interpret constant change between quantities.,S21-GRAPH-SLOPE,F3-E4,GRAPH-INFER-BEHAVIOR-01,Graph + Rate,constructed response,Intro,,2,Apply,
U2-S21-P3-022,Practice Set 3,2.1,Question 22,I can apply slope calculations to interpret constant change between quantities.,S21-SLOPE-STRUCTURE,F3-F1,ERROR-DIAGNOSE-WORKED-SOLUTION-01,Points/Context + Rate,constructed response,Intro,,2-3,Analyze,
U2-S21-P3-023,Practice Set 3,2.1,Question 23,I can apply slope calculations to interpret constant change between quantities.,S21-SLOPE-STRUCTURE,F3-F2,PROC-SELECT-STRATEGY-01,Points/Context + Rate,constructed response,Intro,,1-2,Apply,
U2-S21-P3-024,Practice Set 3,2.1,Question 24,"I can construct rate-of-change statements from tables, graphs, and situations.",S21-SLOPE-STRUCTURE,F3-F3,PROC-SELECT-STRATEGY-01,Points/Context + Rate,constructed response,Intro,,1-2,Apply,
U2-S22-P3-001,Practice Set 3,2.2,Question 1,I can build graphs of linear functions using slope and intercept information.,S22-EQ-GRAPH,F3-A1,GRAPH-CONSTRUCT-FROM-CONSTRAINTS-01,Equation + Student-built graph,constructed response,Intro,,2,Apply,
U2-S22-P3-002,Practice Set 3,2.2,Question 2,I can build graphs of linear functions using slope and intercept information.,S22-EQ-GRAPH,F3-A2,GRAPH-CONSTRUCT-FROM-CONSTRAINTS-01,Equation + Student-built graph,constructed response,Intro,,2,Apply,
U2-S22-P3-003,Practice Set 3,2.2,Question 3,I can build graphs of linear functions using slope and intercept information.,S22-EQ-GRAPH,F3-A3,GRAPH-CONSTRUCT-FROM-CONSTRAINTS-01,Equation + Student-built graph,constructed response,Intro,,2,Apply,
U2-S22-P3-004,Practice Set 3,2.2,Question 4,I can build graphs of linear functions using slope and intercept information.,S22-EQ-GRAPH,F3-A4,GRAPH-CONSTRUCT-FROM-CONSTRAINTS-01,Equation + Student-built graph,constructed response,Intro,,2,Apply,
U2-S22-P3-005,Practice Set 3,2.2,Question 5,I can build graphs of linear functions using slope and intercept information.,S22-EQ-GRAPH,F3-A5,GRAPH-CONSTRUCT-FROM-CONSTRAINTS-01,Equation + Student-built graph,constructed response,Intro,,2,Apply,
U2-S22-P3-006,Practice Set 3,2.2,Question 6,I can build graphs of linear functions using slope and intercept information.,S22-EQ-GRAPH,F3-A6,GRAPH-CONSTRUCT-FROM-CONSTRAINTS-01,Equation + Student-built graph,constructed response,Intro,,2,Apply,
U2-S22-P3-007,Practice Set 3,2.2,Question 7,I can build graphs of linear functions using slope and intercept information.,S22-TABLE-GRAPH,F3-B1,REPTRANS-GRAPH-TABLE-EQUATION-01,Table + Student-built graph,constructed response,Intro,,2,Apply,
U2-S22-P3-008,Practice Set 3,2.2,Question 8,I can build graphs of linear functions using slope and intercept information.,S22-TABLE-GRAPH,F3-B2,REPTRANS-GRAPH-TABLE-EQUATION-01,Table + Student-built graph,constructed response,Intro,,2,Apply,
U2-S22-P3-009,Practice Set 3,2.2,Question 9,I can build graphs of linear functions using slope and intercept information.,S22-TABLE-GRAPH,F3-B3,REPTRANS-GRAPH-TABLE-EQUATION-01,Table + Student-built graph,constructed response,Intro,,2,Apply,
U2-S22-P3-010,Practice Set 3,2.2,Question 10,I can build graphs of linear functions using slope and intercept information.,S22-TABLE-GRAPH,F3-B4,REPTRANS-GRAPH-TABLE-EQUATION-01,Table + Student-built graph,constructed response,Intro,,2,Apply,
U2-S22-P3-011,Practice Set 3,2.2,Question 11,I can use key features of a line to interpret a relationship.,S22-CONTEXT-FEATURES,F3-C1,GRAPH-CONSTRUCT-FROM-CONSTRAINTS-01,Context + Student-built graph,constructed response,Intro,,2,Apply,
U2-S22-P3-012,Practice Set 3,2.2,Question 12,I can use key features of a line to interpret a relationship.,S22-CONTEXT-FEATURES,F3-C2,GRAPH-CONSTRUCT-FROM-CONSTRAINTS-01,Context + Student-built graph,constructed response,Intro,,2,Apply,
U2-S22-P3-013,Practice Set 3,2.2,Question 13,I can use key features of a line to interpret a relationship.,S22-CONTEXT-FEATURES,F3-C3,GRAPH-CONSTRUCT-FROM-CONSTRAINTS-01,Context + Student-built graph,constructed response,Intro,,2,Apply,
U2-S22-P3-014,Practice Set 3,2.2,Question 14,I can use key features of a line to interpret a relationship.,S22-CONTEXT-FEATURES,F3-C4,GRAPH-CONSTRUCT-FROM-CONSTRAINTS-01,Context + Student-built graph,constructed response,Intro,,2,Apply,
U2-S22-P3-015,Practice Set 3,2.2,Question 15,I can use key features of a line to interpret a relationship.,S22-GRAPH-FEATURES,F3-D1,GRAPH-INFER-BEHAVIOR-01,Graph,constructed response,Intro,,2,Apply,
U2-S22-P3-016,Practice Set 3,2.2,Question 16,I can use key features of a line to interpret a relationship.,S22-GRAPH-FEATURES,F3-D2,GRAPH-INFER-BEHAVIOR-01,Graph,constructed response,Intro,,2,Apply,
U2-S22-P3-017,Practice Set 3,2.2,Question 17,I can extend a graph to predict outputs within a meaningful range.,S22-GRAPH-FEATURES,F3-D3,GRAPH-INFER-BEHAVIOR-01,Graph,constructed response,Intro,,2,Apply,
U2-S22-P3-018,Practice Set 3,2.2,Question 18,I can extend a graph to predict outputs within a meaningful range.,S22-GRAPH-FEATURES,F3-D4,GRAPH-INFER-BEHAVIOR-01,Graph,constructed response,Intro,,2,Apply,
U2-S22-P3-019,Practice Set 3,2.2,Question 19,I can use key features of a line to interpret a relationship.,S22-EQ-FEATURES,F3-E1,FEATURE-IDENTIFY-FROM-REPRESENTATION-01,Equation + Graph features,constructed response,Intro,,1-2,Apply,
U2-S22-P3-020,Practice Set 3,2.2,Question 20,I can use key features of a line to interpret a relationship.,S22-EQ-FEATURES,F3-E2,FEATURE-IDENTIFY-FROM-REPRESENTATION-01,Equation + Graph features,constructed response,Intro,,1-2,Apply,
U2-S22-P3-021,Practice Set 3,2.2,Question 21,I can use key features of a line to interpret a relationship.,S22-EQ-FEATURES,F3-E3,FEATURE-IDENTIFY-FROM-REPRESENTATION-01,Equation + Graph features,constructed response,Intro,,1-2,Apply,
U2-S22-P3-022,Practice Set 3,2.2,Question 22,I can build graphs of linear functions using slope and intercept information.,S22-GRAPH-CHECK,F3-F1,VERIFY-REASONABLENESS-01,Graph scale/Equation,constructed response,Intro,,2,Analyze,
U2-S22-P3-023,Practice Set 3,2.2,Question 23,I can build graphs of linear functions using slope and intercept information.,S22-GRAPH-CHECK,F3-F2,VERIFY-REASONABLENESS-01,Graph scale/Equation,constructed response,Intro,,2,Analyze,
U2-S22-P3-024,Practice Set 3,2.2,Question 24,I can extend a graph to predict outputs within a meaningful range.,S22-GRAPH-CHECK,F3-F3,VERIFY-REASONABLENESS-01,Graph scale/Equation,constructed response,Intro,,2,Analyze,
U2-S23-P3-001,Practice Set 3,2.3,Question 1,"I can formulate linear equations from graphs, tables, and situations.",S23-TABLE-EQ,F3-A1,REPTRANS-GRAPH-TABLE-EQUATION-01,Table + Equation,constructed response,Intro,,2,Apply,
U2-S23-P3-002,Practice Set 3,2.3,Question 2,"I can formulate linear equations from graphs, tables, and situations.",S23-TABLE-EQ,F3-A2,REPTRANS-GRAPH-TABLE-EQUATION-01,Table + Equation,constructed response,Intro,,2,Apply,
U2-S23-P3-003,Practice Set 3,2.3,Question 3,"I can formulate linear equations from graphs, tables, and situations.",S23-TABLE-EQ,F3-A3,REPTRANS-GRAPH-TABLE-EQUATION-01,Table + Equation,constructed response,Intro,,2,Apply,
U2-S23-P3-004,Practice Set 3,2.3,Question 4,"I can formulate linear equations from graphs, tables, and situations.",S23-TABLE-EQ,F3-A4,REPTRANS-GRAPH-TABLE-EQUATION-01,Table + Equation,constructed response,Intro,,2,Apply,
U2-S23-P3-005,Practice Set 3,2.3,Question 5,"I can formulate linear equations from graphs, tables, and situations.",S23-TABLE-EQ,F3-A5,REPTRANS-GRAPH-TABLE-EQUATION-01,Table + Equation,constructed response,Intro,,2,Apply,
U2-S23-P3-006,Practice Set 3,2.3,Question 6,"I can formulate linear equations from graphs, tables, and situations.",S23-TABLE-EQ,F3-A6,REPTRANS-GRAPH-TABLE-EQUATION-01,Table + Equation,constructed response,Intro,,2,Apply,
U2-S23-P3-007,Practice Set 3,2.3,Question 7,"I can formulate linear equations from graphs, tables, and situations.",S23-GRAPH-EQ,F3-B1,REPTRANS-GRAPH-TABLE-EQUATION-01,Graph + Equation,constructed response,Intro,,2,Apply,
U2-S23-P3-008,Practice Set 3,2.3,Question 8,"I can formulate linear equations from graphs, tables, and situations.",S23-GRAPH-EQ,F3-B2,REPTRANS-GRAPH-TABLE-EQUATION-01,Graph + Equation,constructed response,Intro,,2,Apply,
U2-S23-P3-009,Practice Set 3,2.3,Question 9,I can apply slope-intercept structure to connect rate and starting value.,S23-GRAPH-EQ,F3-B3,REPTRANS-GRAPH-TABLE-EQUATION-01,Graph + Equation,constructed response,Intro,,2,Apply,
U2-S23-P3-010,Practice Set 3,2.3,Question 10,I can apply slope-intercept structure to connect rate and starting value.,S23-GRAPH-EQ,F3-B4,REPTRANS-GRAPH-TABLE-EQUATION-01,Graph + Equation,constructed response,Intro,,2,Apply,
U2-S23-P3-011,Practice Set 3,2.3,Question 11,"I can formulate linear equations from graphs, tables, and situations.",S23-CONTEXT-EQ,F3-C1,REPTRANS-TRANSLATE-VERBAL-SYMBOLIC-01,Context + Equation,constructed response,Intro,,2,Apply,
U2-S23-P3-012,Practice Set 3,2.3,Question 12,"I can formulate linear equations from graphs, tables, and situations.",S23-CONTEXT-EQ,F3-C2,REPTRANS-TRANSLATE-VERBAL-SYMBOLIC-01,Context + Equation,constructed response,Intro,,2,Apply,
U2-S23-P3-013,Practice Set 3,2.3,Question 13,"I can formulate linear equations from graphs, tables, and situations.",S23-CONTEXT-EQ,F3-C3,REPTRANS-TRANSLATE-VERBAL-SYMBOLIC-01,Context + Equation,constructed response,Intro,,2,Apply,
U2-S23-P3-014,Practice Set 3,2.3,Question 14,I can apply slope-intercept structure to connect rate and starting value.,S23-CONTEXT-EQ,F3-C4,REPTRANS-TRANSLATE-VERBAL-SYMBOLIC-01,Context + Equation,constructed response,Intro,,2,Apply,
U2-S23-P3-015,Practice Set 3,2.3,Question 15,I can apply slope-intercept structure to connect rate and starting value.,S23-CONTEXT-EQ,F3-C5,REPTRANS-TRANSLATE-VERBAL-SYMBOLIC-01,Context + Equation,constructed response,Intro,,2,Apply,
U2-S23-P3-016,Practice Set 3,2.3,Question 16,"I can formulate linear equations from graphs, tables, and situations.",S23-POINTS-EQ,F3-D1,PROC-MULTISTEP-CHAIN-01,Ordered pairs + Equation,constructed response,Intro,,1-2,Apply,
U2-S23-P3-017,Practice Set 3,2.3,Question 17,"I can formulate linear equations from graphs, tables, and situations.",S23-POINTS-EQ,F3-D2,PROC-MULTISTEP-CHAIN-01,Ordered pairs + Equation,constructed response,Intro,,1-2,Apply,
U2-S23-P3-018,Practice Set 3,2.3,Question 18,"I can formulate linear equations from graphs, tables, and situations.",S23-POINTS-EQ,F3-D3,PROC-MULTISTEP-CHAIN-01,Ordered pairs + Equation,constructed response,Intro,,1-2,Apply,
U2-S23-P3-019,Practice Set 3,2.3,Question 19,"I can formulate linear equations from graphs, tables, and situations.",S23-POINTS-EQ,F3-D4,PROC-MULTISTEP-CHAIN-01,Ordered pairs + Equation,constructed response,Intro,,1-2,Apply,
U2-S23-P3-020,Practice Set 3,2.3,Question 20,I can apply slope-intercept structure to connect rate and starting value.,S23-EQ-STRUCTURE,F3-E1,FEATURE-IDENTIFY-FROM-REPRESENTATION-01,Equation,constructed response,Intro,,1-2,Apply,
U2-S23-P3-021,Practice Set 3,2.3,Question 21,I can apply slope-intercept structure to connect rate and starting value.,S23-EQ-STRUCTURE,F3-E2,FEATURE-IDENTIFY-FROM-REPRESENTATION-01,Equation,constructed response,Intro,,1-2,Apply,
U2-S23-P3-022,Practice Set 3,2.3,Question 22,I can design equivalent equations that represent the same linear relationship.,S23-EQ-STRUCTURE,F3-E3,INVARIANT-IDENTIFY-UNDER-TRANSFORM-01,Equation,constructed response,Intro,,1-2,Apply,
U2-S23-P3-023,Practice Set 3,2.3,Question 23,I can apply slope-intercept structure to connect rate and starting value.,S23-EQ-CHECK,F3-F1,ERROR-CRITIQUE-CLAIM-01,Equation/Table,constructed response,Intro,,2-3,Analyze,
U2-S23-P3-024,Practice Set 3,2.3,Question 24,I can design equivalent equations that represent the same linear relationship.,S23-EQ-CHECK,F3-F2,ERROR-CRITIQUE-CLAIM-01,Equation/Table,constructed response,Intro,,2-3,Analyze,
U2-S24-P3-001,Practice Set 3,2.4,Question 1,I can use slope and intercept information to interpret similarities and differences.,S24-EQ-COMPARE,F3-A1,MODEL-COMPARE-TWO-LINEAR-01,Equations,constructed response,Intro,,2-3,Analyze,
U2-S24-P3-002,Practice Set 3,2.4,Question 2,I can use slope and intercept information to interpret similarities and differences.,S24-EQ-COMPARE,F3-A2,MODEL-COMPARE-TWO-LINEAR-01,Equations,constructed response,Intro,,2-3,Analyze,
U2-S24-P3-003,Practice Set 3,2.4,Question 3,I can use slope and intercept information to interpret similarities and differences.,S24-EQ-COMPARE,F3-A3,MODEL-COMPARE-TWO-LINEAR-01,Equations,constructed response,Intro,,2-3,Analyze,
U2-S24-P3-004,Practice Set 3,2.4,Question 4,I can use slope and intercept information to interpret similarities and differences.,S24-EQ-COMPARE,F3-A4,MODEL-COMPARE-TWO-LINEAR-01,Equations,constructed response,Intro,,2-3,Analyze,
U2-S24-P3-005,Practice Set 3,2.4,Question 5,I can construct comparison models for linear relationships shown in different forms.,S24-TABLE-EQ-COMPARE,F3-B1,MODEL-COMPARE-TWO-LINEAR-01,Table + Equation,constructed response,Intro,,2-3,Analyze,
U2-S24-P3-006,Practice Set 3,2.4,Question 6,I can construct comparison models for linear relationships shown in different forms.,S24-TABLE-EQ-COMPARE,F3-B2,MODEL-COMPARE-TWO-LINEAR-01,Table + Equation,constructed response,Intro,,2-3,Analyze,
U2-S24-P3-007,Practice Set 3,2.4,Question 7,I can construct comparison models for linear relationships shown in different forms.,S24-TABLE-EQ-COMPARE,F3-B3,MODEL-COMPARE-TWO-LINEAR-01,Table + Equation,constructed response,Intro,,2-3,Analyze,
U2-S24-P3-008,Practice Set 3,2.4,Question 8,I can construct comparison models for linear relationships shown in different forms.,S24-TABLE-EQ-COMPARE,F3-B4,MODEL-COMPARE-TWO-LINEAR-01,Table + Equation,constructed response,Intro,,2-3,Analyze,
U2-S24-P3-009,Practice Set 3,2.4,Question 9,I can use slope and intercept information to interpret similarities and differences.,S24-GRAPH-COMPARE,F3-C1,MODEL-COMPARE-TWO-LINEAR-01,Graph,constructed response,Intro,,2-3,Analyze,
U2-S24-P3-010,Practice Set 3,2.4,Question 10,I can use slope and intercept information to interpret similarities and differences.,S24-GRAPH-COMPARE,F3-C2,MODEL-COMPARE-TWO-LINEAR-01,Graph,constructed response,Intro,,2-3,Analyze,
U2-S24-P3-011,Practice Set 3,2.4,Question 11,I can use slope and intercept information to interpret similarities and differences.,S24-GRAPH-COMPARE,F3-C3,MODEL-COMPARE-TWO-LINEAR-01,Graph,constructed response,Intro,,2-3,Analyze,
U2-S24-P3-012,Practice Set 3,2.4,Question 12,I can use slope and intercept information to interpret similarities and differences.,S24-GRAPH-COMPARE,F3-C4,MODEL-COMPARE-TWO-LINEAR-01,Graph,constructed response,Intro,,2-3,Analyze,
U2-S24-P3-013,Practice Set 3,2.4,Question 13,I can construct comparison models for linear relationships shown in different forms.,S24-CONTEXT-COMPARE,F3-D1,MODEL-COMPARE-TWO-LINEAR-01,Context + Equations,constructed response,Intro,,2-3,Analyze,
U2-S24-P3-014,Practice Set 3,2.4,Question 14,I can construct comparison models for linear relationships shown in different forms.,S24-CONTEXT-COMPARE,F3-D2,MODEL-COMPARE-TWO-LINEAR-01,Context + Equations,constructed response,Intro,,2-3,Analyze,
U2-S24-P3-015,Practice Set 3,2.4,Question 15,I can construct comparison models for linear relationships shown in different forms.,S24-CONTEXT-COMPARE,F3-D3,MODEL-COMPARE-TWO-LINEAR-01,Context + Equations,constructed response,Intro,,2-3,Analyze,
U2-S24-P3-016,Practice Set 3,2.4,Question 16,I can construct comparison models for linear relationships shown in different forms.,S24-CONTEXT-COMPARE,F3-D4,MODEL-COMPARE-TWO-LINEAR-01,Context + Equations,constructed response,Intro,,2-3,Analyze,
U2-S24-P3-017,Practice Set 3,2.4,Question 17,I can construct comparison models for linear relationships shown in different forms.,S24-FEATURE-ORGANIZER,F3-E1,MODEL-COMPARE-TWO-LINEAR-01,Comparison table,constructed response,Intro,,2-3,Analyze,
U2-S24-P3-018,Practice Set 3,2.4,Question 18,I can construct comparison models for linear relationships shown in different forms.,S24-FEATURE-ORGANIZER,F3-E2,MODEL-COMPARE-TWO-LINEAR-01,Comparison table,constructed response,Intro,,2-3,Analyze,
U2-S24-P3-019,Practice Set 3,2.4,Question 19,I can construct comparison models for linear relationships shown in different forms.,S24-FEATURE-ORGANIZER,F3-E3,MODEL-COMPARE-TWO-LINEAR-01,Comparison table,constructed response,Intro,,2-3,Analyze,
U2-S24-P3-020,Practice Set 3,2.4,Question 20,I can construct comparison models for linear relationships shown in different forms.,S24-FEATURE-ORGANIZER,F3-E4,MODEL-COMPARE-TWO-LINEAR-01,Comparison table,constructed response,Intro,,2-3,Analyze,
U2-S24-P3-021,Practice Set 3,2.4,Question 21,I can critique conclusions about linear relationships using evidence from representations.,S24-CLAIM-CRITIQUE,F3-F1,ERROR-CRITIQUE-CLAIM-01,Claim + Representation features,constructed response,Intro,,2-3,Analyze,
U2-S24-P3-022,Practice Set 3,2.4,Question 22,I can critique conclusions about linear relationships using evidence from representations.,S24-CLAIM-CRITIQUE,F3-F2,ERROR-CRITIQUE-CLAIM-01,Claim + Representation features,constructed response,Intro,,2-3,Analyze,
U2-S24-P3-023,Practice Set 3,2.4,Question 23,I can critique conclusions about linear relationships using evidence from representations.,S24-CLAIM-CRITIQUE,F3-F3,ERROR-CRITIQUE-CLAIM-01,Claim + Representation features,constructed response,Intro,,2-3,Analyze,
U2-S24-P3-024,Practice Set 3,2.4,Question 24,I can critique conclusions about linear relationships using evidence from representations.,S24-CLAIM-CRITIQUE,F3-F4,ERROR-CRITIQUE-CLAIM-01,Claim + Representation features,constructed response,Intro,,2-3,Analyze,
U2-S25-P3-001,Practice Set 3,2.5,Question 1,I can design linear models that represent patterns in real-world data.,S25-DATA-MODEL,F3-A1,DATA-BESTFIT-PREDICT-01,Data table + Equation,constructed response,Intro,,2-3,Analyze,
U2-S25-P3-002,Practice Set 3,2.5,Question 2,I can design linear models that represent patterns in real-world data.,S25-DATA-MODEL,F3-A2,DATA-BESTFIT-PREDICT-01,Data table + Equation,constructed response,Intro,,2-3,Analyze,
U2-S25-P3-003,Practice Set 3,2.5,Question 3,I can design linear models that represent patterns in real-world data.,S25-DATA-MODEL,F3-A3,DATA-BESTFIT-PREDICT-01,Data table + Equation,constructed response,Intro,,2-3,Analyze,
U2-S25-P3-004,Practice Set 3,2.5,Question 4,I can design linear models that represent patterns in real-world data.,S25-DATA-MODEL,F3-A4,DATA-BESTFIT-PREDICT-01,Data table + Equation,constructed response,Intro,,2-3,Analyze,
U2-S25-P3-005,Practice Set 3,2.5,Question 5,I can design linear models that represent patterns in real-world data.,S25-DATA-MODEL,F3-A5,DATA-BESTFIT-PREDICT-01,Data table + Equation,constructed response,Intro,,2-3,Analyze,
U2-S25-P3-006,Practice Set 3,2.5,Question 6,I can design linear models that represent patterns in real-world data.,S25-SCATTER-READ,F3-B1,DATA-BESTFIT-PREDICT-01,Scatter plot,constructed response,Intro,,2-3,Analyze,
U2-S25-P3-007,Practice Set 3,2.5,Question 7,I can predict values using a linear model and interpret the result.,S25-SCATTER-READ,F3-B2,DATA-BESTFIT-PREDICT-01,Scatter plot,constructed response,Intro,,2-3,Analyze,
U2-S25-P3-008,Practice Set 3,2.5,Question 8,I can assess whether a linear model fits a data situation well enough for the question being asked.,S25-SCATTER-READ,F3-B3,DATA-BESTFIT-PREDICT-01,Scatter plot,constructed response,Intro,,2-3,Analyze,
U2-S25-P3-009,Practice Set 3,2.5,Question 9,I can assess whether a linear model fits a data situation well enough for the question being asked.,S25-SCATTER-READ,F3-B4,DATA-BESTFIT-PREDICT-01,Scatter plot,constructed response,Intro,,2-3,Analyze,
U2-S25-P3-010,Practice Set 3,2.5,Question 10,I can predict values using a linear model and interpret the result.,S25-MODEL-PREDICT,F3-C1,PREDICT-EXTRAPOLATE-MODEL-01,Equation + Prediction,constructed response,Intro,,2,Apply,
U2-S25-P3-011,Practice Set 3,2.5,Question 11,I can predict values using a linear model and interpret the result.,S25-MODEL-PREDICT,F3-C2,PREDICT-EXTRAPOLATE-MODEL-01,Equation + Prediction,constructed response,Intro,,2,Apply,
U2-S25-P3-012,Practice Set 3,2.5,Question 12,I can predict values using a linear model and interpret the result.,S25-MODEL-PREDICT,F3-C3,PREDICT-EXTRAPOLATE-MODEL-01,Equation + Prediction,constructed response,Intro,,2,Apply,
U2-S25-P3-013,Practice Set 3,2.5,Question 13,I can predict values using a linear model and interpret the result.,S25-MODEL-PREDICT,F3-C4,PREDICT-EXTRAPOLATE-MODEL-01,Equation + Prediction,constructed response,Intro,,2,Apply,
U2-S25-P3-014,Practice Set 3,2.5,Question 14,I can assess whether a linear model fits a data situation well enough for the question being asked.,S25-FIT-CHECK,F3-D1,MODEL-SELECT-BEST-FIT-01,Observed/predicted table,constructed response,Intro,,2-3,Apply,
U2-S25-P3-015,Practice Set 3,2.5,Question 15,I can assess whether a linear model fits a data situation well enough for the question being asked.,S25-FIT-CHECK,F3-D2,MODEL-SELECT-BEST-FIT-01,Observed/predicted table,constructed response,Intro,,2-3,Apply,
U2-S25-P3-016,Practice Set 3,2.5,Question 16,I can assess whether a linear model fits a data situation well enough for the question being asked.,S25-FIT-CHECK,F3-D3,MODEL-SELECT-BEST-FIT-01,Observed/predicted table,constructed response,Intro,,2-3,Apply,
U2-S25-P3-017,Practice Set 3,2.5,Question 17,I can assess whether a linear model fits a data situation well enough for the question being asked.,S25-FIT-CHECK,F3-D4,MODEL-SELECT-BEST-FIT-01,Observed/predicted table,constructed response,Intro,,2-3,Apply,
U2-S25-P3-018,Practice Set 3,2.5,Question 18,I can design linear models that represent patterns in real-world data.,S25-MODEL-FEATURES,F3-E1,REPTRANS-TRANSLATE-VERBAL-SYMBOLIC-01,Context + Equation,constructed response,Intro,,2,Apply,
U2-S25-P3-019,Practice Set 3,2.5,Question 19,I can design linear models that represent patterns in real-world data.,S25-MODEL-FEATURES,F3-E2,REPTRANS-TRANSLATE-VERBAL-SYMBOLIC-01,Context + Equation,constructed response,Intro,,2,Apply,
U2-S25-P3-020,Practice Set 3,2.5,Question 20,I can design linear models that represent patterns in real-world data.,S25-MODEL-FEATURES,F3-E3,REPTRANS-TRANSLATE-VERBAL-SYMBOLIC-01,Context + Equation,constructed response,Intro,,2,Apply,
U2-S25-P3-021,Practice Set 3,2.5,Question 21,I can design linear models that represent patterns in real-world data.,S25-MODEL-FEATURES,F3-E4,REPTRANS-TRANSLATE-VERBAL-SYMBOLIC-01,Context + Equation,constructed response,Intro,,2,Apply,
U2-S25-P3-022,Practice Set 3,2.5,Question 22,I can assess whether a linear model fits a data situation well enough for the question being asked.,S25-MODEL-LIMITS,F3-F1,VERIFY-REASONABLENESS-01,Data/model reasoning,constructed response,Intro,,2,Analyze,
U2-S25-P3-023,Practice Set 3,2.5,Question 23,I can assess whether a linear model fits a data situation well enough for the question being asked.,S25-MODEL-LIMITS,F3-F2,VERIFY-REASONABLENESS-01,Data/model reasoning,constructed response,Intro,,2,Analyze,
U2-S25-P3-024,Practice Set 3,2.5,Question 24,I can assess whether a linear model fits a data situation well enough for the question being asked.,S25-MODEL-LIMITS,F3-F3,VERIFY-REASONABLENESS-01,Data/model reasoning,constructed response,Intro,,2,Analyze,
U2-S21-EP-001,Extra Practice,2.1,Question 1,I can apply slope calculations to interpret constant change between quantities.,S21-POINT-SLOPE,F4-A1,PROC-DIRECT-EXECUTE-01,Ordered pairs + Ratio,constructed response,Intro,,1-2,Apply,
U2-S21-EP-002,Extra Practice,2.1,Question 2,I can apply slope calculations to interpret constant change between quantities.,S21-POINT-SLOPE,F4-A2,PROC-DIRECT-EXECUTE-01,Ordered pairs + Ratio,constructed response,Intro,,1-2,Apply,
U2-S21-EP-003,Extra Practice,2.1,Question 3,I can apply slope calculations to interpret constant change between quantities.,S21-POINT-SLOPE,F4-A3,PROC-DIRECT-EXECUTE-01,Ordered pairs + Ratio,constructed response,Intro,,1-2,Apply,
U2-S21-EP-004,Extra Practice,2.1,Question 4,I can apply slope calculations to interpret constant change between quantities.,S21-POINT-SLOPE,F4-A4,PROC-DIRECT-EXECUTE-01,Ordered pairs + Ratio,constructed response,Intro,,1-2,Apply,
U2-S21-EP-005,Extra Practice,2.1,Question 5,I can apply slope calculations to interpret constant change between quantities.,S21-POINT-SLOPE,F4-A5,PROC-DIRECT-EXECUTE-01,Ordered pairs + Ratio,constructed response,Intro,,1-2,Apply,
U2-S21-EP-006,Extra Practice,2.1,Question 6,"I can construct rate-of-change statements from tables, graphs, and situations.",S21-TABLE-RATE,F4-B1,TABLE-ESTIMATE-RATE-FROM-DATA-01,Table + Rate,constructed response,Intro,,2,Apply,
U2-S21-EP-007,Extra Practice,2.1,Question 7,"I can construct rate-of-change statements from tables, graphs, and situations.",S21-TABLE-RATE,F4-B2,TABLE-ESTIMATE-RATE-FROM-DATA-01,Table + Rate,constructed response,Intro,,2,Apply,
U2-S21-EP-008,Extra Practice,2.1,Question 8,"I can construct rate-of-change statements from tables, graphs, and situations.",S21-TABLE-RATE,F4-B3,TABLE-ESTIMATE-RATE-FROM-DATA-01,Table + Rate,constructed response,Intro,,2,Apply,
U2-S21-EP-009,Extra Practice,2.1,Question 9,"I can construct rate-of-change statements from tables, graphs, and situations.",S21-TABLE-RATE,F4-B4,TABLE-ESTIMATE-RATE-FROM-DATA-01,Table + Rate,constructed response,Intro,,2,Apply,
U2-S21-EP-010,Extra Practice,2.1,Question 10,"I can construct rate-of-change statements from tables, graphs, and situations.",S21-CONTEXT-RATE,F4-C1,REPTRANS-TRANSLATE-VERBAL-SYMBOLIC-01,Context + Rate,constructed response,Intro,,2,Apply,
U2-S21-EP-011,Extra Practice,2.1,Question 11,"I can construct rate-of-change statements from tables, graphs, and situations.",S21-CONTEXT-RATE,F4-C2,REPTRANS-TRANSLATE-VERBAL-SYMBOLIC-01,Context + Rate,constructed response,Intro,,2,Apply,
U2-S21-EP-012,Extra Practice,2.1,Question 12,"I can construct rate-of-change statements from tables, graphs, and situations.",S21-CONTEXT-RATE,F4-C3,REPTRANS-TRANSLATE-VERBAL-SYMBOLIC-01,Context + Rate,constructed response,Intro,,2,Apply,
U2-S21-EP-013,Extra Practice,2.1,Question 13,"I can construct rate-of-change statements from tables, graphs, and situations.",S21-CONTEXT-RATE,F4-C4,REPTRANS-TRANSLATE-VERBAL-SYMBOLIC-01,Context + Rate,constructed response,Intro,,2,Apply,
U2-S21-EP-014,Extra Practice,2.1,Question 14,I can determine whether a slope value is reasonable for a given context.,S21-RATE-REASON,F4-D1,VERIFY-REASONABLENESS-01,Context/Line feature + Rate,constructed response,Intro,,2,Analyze,
U2-S21-EP-015,Extra Practice,2.1,Question 15,I can determine whether a slope value is reasonable for a given context.,S21-RATE-REASON,F4-D2,VERIFY-REASONABLENESS-01,Context/Line feature + Rate,constructed response,Intro,,2,Analyze,
U2-S21-EP-016,Extra Practice,2.1,Question 16,I can determine whether a slope value is reasonable for a given context.,S21-RATE-REASON,F4-D3,VERIFY-REASONABLENESS-01,Context/Line feature + Rate,constructed response,Intro,,2,Analyze,
U2-S21-EP-017,Extra Practice,2.1,Question 17,I can determine whether a slope value is reasonable for a given context.,S21-RATE-REASON,F4-D4,VERIFY-REASONABLENESS-01,Context/Line feature + Rate,constructed response,Intro,,2,Analyze,
U2-S21-EP-018,Extra Practice,2.1,Question 18,I can apply slope calculations to interpret constant change between quantities.,S21-GRAPH-SLOPE,F4-E1,GRAPH-INFER-BEHAVIOR-01,Graph + Rate,constructed response,Intro,,2,Apply,
U2-S21-EP-019,Extra Practice,2.1,Question 19,"I can construct rate-of-change statements from tables, graphs, and situations.",S21-GRAPH-SLOPE,F4-E2,GRAPH-INFER-BEHAVIOR-01,Graph + Rate,constructed response,Intro,,2,Apply,
U2-S21-EP-020,Extra Practice,2.1,Question 20,I can apply slope calculations to interpret constant change between quantities.,S21-GRAPH-SLOPE,F4-E3,GRAPH-INFER-BEHAVIOR-01,Graph + Rate,constructed response,Intro,,2,Apply,
U2-S21-EP-021,Extra Practice,2.1,Question 21,I can apply slope calculations to interpret constant change between quantities.,S21-GRAPH-SLOPE,F4-E4,GRAPH-INFER-BEHAVIOR-01,Graph + Rate,constructed response,Intro,,2,Apply,
U2-S21-EP-022,Extra Practice,2.1,Question 22,I can apply slope calculations to interpret constant change between quantities.,S21-SLOPE-STRUCTURE,F4-F1,ERROR-DIAGNOSE-WORKED-SOLUTION-01,Points/Context + Rate,constructed response,Intro,,2-3,Analyze,
U2-S21-EP-023,Extra Practice,2.1,Question 23,I can apply slope calculations to interpret constant change between quantities.,S21-SLOPE-STRUCTURE,F4-F2,PROC-SELECT-STRATEGY-01,Points/Context + Rate,constructed response,Intro,,1-2,Apply,
U2-S21-EP-024,Extra Practice,2.1,Question 24,"I can construct rate-of-change statements from tables, graphs, and situations.",S21-SLOPE-STRUCTURE,F4-F3,PROC-SELECT-STRATEGY-01,Points/Context + Rate,constructed response,Intro,,1-2,Apply,
U2-S22-EP-001,Extra Practice,2.2,Question 1,I can build graphs of linear functions using slope and intercept information.,S22-EQ-GRAPH,F4-A1,GRAPH-CONSTRUCT-FROM-CONSTRAINTS-01,Equation + Student-built graph,constructed response,Intro,,2,Apply,
U2-S22-EP-002,Extra Practice,2.2,Question 2,I can build graphs of linear functions using slope and intercept information.,S22-EQ-GRAPH,F4-A2,GRAPH-CONSTRUCT-FROM-CONSTRAINTS-01,Equation + Student-built graph,constructed response,Intro,,2,Apply,
U2-S22-EP-003,Extra Practice,2.2,Question 3,I can build graphs of linear functions using slope and intercept information.,S22-EQ-GRAPH,F4-A3,GRAPH-CONSTRUCT-FROM-CONSTRAINTS-01,Equation + Student-built graph,constructed response,Intro,,2,Apply,
U2-S22-EP-004,Extra Practice,2.2,Question 4,I can build graphs of linear functions using slope and intercept information.,S22-EQ-GRAPH,F4-A4,GRAPH-CONSTRUCT-FROM-CONSTRAINTS-01,Equation + Student-built graph,constructed response,Intro,,2,Apply,
U2-S22-EP-005,Extra Practice,2.2,Question 5,I can build graphs of linear functions using slope and intercept information.,S22-EQ-GRAPH,F4-A5,GRAPH-CONSTRUCT-FROM-CONSTRAINTS-01,Equation + Student-built graph,constructed response,Intro,,2,Apply,
U2-S22-EP-006,Extra Practice,2.2,Question 6,I can build graphs of linear functions using slope and intercept information.,S22-EQ-GRAPH,F4-A6,GRAPH-CONSTRUCT-FROM-CONSTRAINTS-01,Equation + Student-built graph,constructed response,Intro,,2,Apply,
U2-S22-EP-007,Extra Practice,2.2,Question 7,I can build graphs of linear functions using slope and intercept information.,S22-TABLE-GRAPH,F4-B1,REPTRANS-GRAPH-TABLE-EQUATION-01,Table + Student-built graph,constructed response,Intro,,2,Apply,
U2-S22-EP-008,Extra Practice,2.2,Question 8,I can build graphs of linear functions using slope and intercept information.,S22-TABLE-GRAPH,F4-B2,REPTRANS-GRAPH-TABLE-EQUATION-01,Table + Student-built graph,constructed response,Intro,,2,Apply,
U2-S22-EP-009,Extra Practice,2.2,Question 9,I can build graphs of linear functions using slope and intercept information.,S22-TABLE-GRAPH,F4-B3,REPTRANS-GRAPH-TABLE-EQUATION-01,Table + Student-built graph,constructed response,Intro,,2,Apply,
U2-S22-EP-010,Extra Practice,2.2,Question 10,I can build graphs of linear functions using slope and intercept information.,S22-TABLE-GRAPH,F4-B4,REPTRANS-GRAPH-TABLE-EQUATION-01,Table + Student-built graph,constructed response,Intro,,2,Apply,
U2-S22-EP-011,Extra Practice,2.2,Question 11,I can use key features of a line to interpret a relationship.,S22-CONTEXT-FEATURES,F4-C1,GRAPH-CONSTRUCT-FROM-CONSTRAINTS-01,Context + Student-built graph,constructed response,Intro,,2,Apply,
U2-S22-EP-012,Extra Practice,2.2,Question 12,I can use key features of a line to interpret a relationship.,S22-CONTEXT-FEATURES,F4-C2,GRAPH-CONSTRUCT-FROM-CONSTRAINTS-01,Context + Student-built graph,constructed response,Intro,,2,Apply,
U2-S22-EP-013,Extra Practice,2.2,Question 13,I can use key features of a line to interpret a relationship.,S22-CONTEXT-FEATURES,F4-C3,GRAPH-CONSTRUCT-FROM-CONSTRAINTS-01,Context + Student-built graph,constructed response,Intro,,2,Apply,
U2-S22-EP-014,Extra Practice,2.2,Question 14,I can use key features of a line to interpret a relationship.,S22-CONTEXT-FEATURES,F4-C4,GRAPH-CONSTRUCT-FROM-CONSTRAINTS-01,Context + Student-built graph,constructed response,Intro,,2,Apply,
U2-S22-EP-015,Extra Practice,2.2,Question 15,I can use key features of a line to interpret a relationship.,S22-GRAPH-FEATURES,F4-D1,GRAPH-INFER-BEHAVIOR-01,Graph,constructed response,Intro,,2,Apply,
U2-S22-EP-016,Extra Practice,2.2,Question 16,I can use key features of a line to interpret a relationship.,S22-GRAPH-FEATURES,F4-D2,GRAPH-INFER-BEHAVIOR-01,Graph,constructed response,Intro,,2,Apply,
U2-S22-EP-017,Extra Practice,2.2,Question 17,I can extend a graph to predict outputs within a meaningful range.,S22-GRAPH-FEATURES,F4-D3,GRAPH-INFER-BEHAVIOR-01,Graph,constructed response,Intro,,2,Apply,
U2-S22-EP-018,Extra Practice,2.2,Question 18,I can extend a graph to predict outputs within a meaningful range.,S22-GRAPH-FEATURES,F4-D4,GRAPH-INFER-BEHAVIOR-01,Graph,constructed response,Intro,,2,Apply,
U2-S22-EP-019,Extra Practice,2.2,Question 19,I can use key features of a line to interpret a relationship.,S22-EQ-FEATURES,F4-E1,FEATURE-IDENTIFY-FROM-REPRESENTATION-01,Equation + Graph features,constructed response,Intro,,1-2,Apply,
U2-S22-EP-020,Extra Practice,2.2,Question 20,I can use key features of a line to interpret a relationship.,S22-EQ-FEATURES,F4-E2,FEATURE-IDENTIFY-FROM-REPRESENTATION-01,Equation + Graph features,constructed response,Intro,,1-2,Apply,
U2-S22-EP-021,Extra Practice,2.2,Question 21,I can use key features of a line to interpret a relationship.,S22-EQ-FEATURES,F4-E3,FEATURE-IDENTIFY-FROM-REPRESENTATION-01,Equation + Graph features,constructed response,Intro,,1-2,Apply,
U2-S22-EP-022,Extra Practice,2.2,Question 22,I can build graphs of linear functions using slope and intercept information.,S22-GRAPH-CHECK,F4-F1,VERIFY-REASONABLENESS-01,Graph scale/Equation,constructed response,Intro,,2,Analyze,
U2-S22-EP-023,Extra Practice,2.2,Question 23,I can build graphs of linear functions using slope and intercept information.,S22-GRAPH-CHECK,F4-F2,VERIFY-REASONABLENESS-01,Graph scale/Equation,constructed response,Intro,,2,Analyze,
U2-S22-EP-024,Extra Practice,2.2,Question 24,I can extend a graph to predict outputs within a meaningful range.,S22-GRAPH-CHECK,F4-F3,VERIFY-REASONABLENESS-01,Graph scale/Equation,constructed response,Intro,,2,Analyze,
U2-S23-EP-001,Extra Practice,2.3,Question 1,"I can formulate linear equations from graphs, tables, and situations.",S23-TABLE-EQ,F4-A1,REPTRANS-GRAPH-TABLE-EQUATION-01,Table + Equation,constructed response,Intro,,2,Apply,
U2-S23-EP-002,Extra Practice,2.3,Question 2,"I can formulate linear equations from graphs, tables, and situations.",S23-TABLE-EQ,F4-A2,REPTRANS-GRAPH-TABLE-EQUATION-01,Table + Equation,constructed response,Intro,,2,Apply,
U2-S23-EP-003,Extra Practice,2.3,Question 3,"I can formulate linear equations from graphs, tables, and situations.",S23-TABLE-EQ,F4-A3,REPTRANS-GRAPH-TABLE-EQUATION-01,Table + Equation,constructed response,Intro,,2,Apply,
U2-S23-EP-004,Extra Practice,2.3,Question 4,"I can formulate linear equations from graphs, tables, and situations.",S23-TABLE-EQ,F4-A4,REPTRANS-GRAPH-TABLE-EQUATION-01,Table + Equation,constructed response,Intro,,2,Apply,
U2-S23-EP-005,Extra Practice,2.3,Question 5,"I can formulate linear equations from graphs, tables, and situations.",S23-TABLE-EQ,F4-A5,REPTRANS-GRAPH-TABLE-EQUATION-01,Table + Equation,constructed response,Intro,,2,Apply,
U2-S23-EP-006,Extra Practice,2.3,Question 6,"I can formulate linear equations from graphs, tables, and situations.",S23-TABLE-EQ,F4-A6,REPTRANS-GRAPH-TABLE-EQUATION-01,Table + Equation,constructed response,Intro,,2,Apply,
U2-S23-EP-007,Extra Practice,2.3,Question 7,"I can formulate linear equations from graphs, tables, and situations.",S23-GRAPH-EQ,F4-B1,REPTRANS-GRAPH-TABLE-EQUATION-01,Graph + Equation,constructed response,Intro,,2,Apply,
U2-S23-EP-008,Extra Practice,2.3,Question 8,"I can formulate linear equations from graphs, tables, and situations.",S23-GRAPH-EQ,F4-B2,REPTRANS-GRAPH-TABLE-EQUATION-01,Graph + Equation,constructed response,Intro,,2,Apply,
U2-S23-EP-009,Extra Practice,2.3,Question 9,I can apply slope-intercept structure to connect rate and starting value.,S23-GRAPH-EQ,F4-B3,REPTRANS-GRAPH-TABLE-EQUATION-01,Graph + Equation,constructed response,Intro,,2,Apply,
U2-S23-EP-010,Extra Practice,2.3,Question 10,I can apply slope-intercept structure to connect rate and starting value.,S23-GRAPH-EQ,F4-B4,REPTRANS-GRAPH-TABLE-EQUATION-01,Graph + Equation,constructed response,Intro,,2,Apply,
U2-S23-EP-011,Extra Practice,2.3,Question 11,"I can formulate linear equations from graphs, tables, and situations.",S23-CONTEXT-EQ,F4-C1,REPTRANS-TRANSLATE-VERBAL-SYMBOLIC-01,Context + Equation,constructed response,Intro,,2,Apply,
U2-S23-EP-012,Extra Practice,2.3,Question 12,"I can formulate linear equations from graphs, tables, and situations.",S23-CONTEXT-EQ,F4-C2,REPTRANS-TRANSLATE-VERBAL-SYMBOLIC-01,Context + Equation,constructed response,Intro,,2,Apply,
U2-S23-EP-013,Extra Practice,2.3,Question 13,"I can formulate linear equations from graphs, tables, and situations.",S23-CONTEXT-EQ,F4-C3,REPTRANS-TRANSLATE-VERBAL-SYMBOLIC-01,Context + Equation,constructed response,Intro,,2,Apply,
U2-S23-EP-014,Extra Practice,2.3,Question 14,I can apply slope-intercept structure to connect rate and starting value.,S23-CONTEXT-EQ,F4-C4,REPTRANS-TRANSLATE-VERBAL-SYMBOLIC-01,Context + Equation,constructed response,Intro,,2,Apply,
U2-S23-EP-015,Extra Practice,2.3,Question 15,I can apply slope-intercept structure to connect rate and starting value.,S23-CONTEXT-EQ,F4-C5,REPTRANS-TRANSLATE-VERBAL-SYMBOLIC-01,Context + Equation,constructed response,Intro,,2,Apply,
U2-S23-EP-016,Extra Practice,2.3,Question 16,"I can formulate linear equations from graphs, tables, and situations.",S23-POINTS-EQ,F4-D1,PROC-MULTISTEP-CHAIN-01,Ordered pairs + Equation,constructed response,Intro,,1-2,Apply,
U2-S23-EP-017,Extra Practice,2.3,Question 17,"I can formulate linear equations from graphs, tables, and situations.",S23-POINTS-EQ,F4-D2,PROC-MULTISTEP-CHAIN-01,Ordered pairs + Equation,constructed response,Intro,,1-2,Apply,
U2-S23-EP-018,Extra Practice,2.3,Question 18,"I can formulate linear equations from graphs, tables, and situations.",S23-POINTS-EQ,F4-D3,PROC-MULTISTEP-CHAIN-01,Ordered pairs + Equation,constructed response,Intro,,1-2,Apply,
U2-S23-EP-019,Extra Practice,2.3,Question 19,"I can formulate linear equations from graphs, tables, and situations.",S23-POINTS-EQ,F4-D4,PROC-MULTISTEP-CHAIN-01,Ordered pairs + Equation,constructed response,Intro,,1-2,Apply,
U2-S23-EP-020,Extra Practice,2.3,Question 20,I can apply slope-intercept structure to connect rate and starting value.,S23-EQ-STRUCTURE,F4-E1,FEATURE-IDENTIFY-FROM-REPRESENTATION-01,Equation,constructed response,Intro,,1-2,Apply,
U2-S23-EP-021,Extra Practice,2.3,Question 21,I can apply slope-intercept structure to connect rate and starting value.,S23-EQ-STRUCTURE,F4-E2,FEATURE-IDENTIFY-FROM-REPRESENTATION-01,Equation,constructed response,Intro,,1-2,Apply,
U2-S23-EP-022,Extra Practice,2.3,Question 22,I can design equivalent equations that represent the same linear relationship.,S23-EQ-STRUCTURE,F4-E3,INVARIANT-IDENTIFY-UNDER-TRANSFORM-01,Equation,constructed response,Intro,,1-2,Apply,
U2-S23-EP-023,Extra Practice,2.3,Question 23,I can apply slope-intercept structure to connect rate and starting value.,S23-EQ-CHECK,F4-F1,ERROR-CRITIQUE-CLAIM-01,Equation/Table,constructed response,Intro,,2-3,Analyze,
U2-S23-EP-024,Extra Practice,2.3,Question 24,I can design equivalent equations that represent the same linear relationship.,S23-EQ-CHECK,F4-F2,ERROR-CRITIQUE-CLAIM-01,Equation/Table,constructed response,Intro,,2-3,Analyze,
U2-S24-EP-001,Extra Practice,2.4,Question 1,I can use slope and intercept information to interpret similarities and differences.,S24-EQ-COMPARE,F4-A1,MODEL-COMPARE-TWO-LINEAR-01,Equations,constructed response,Intro,,2-3,Analyze,
U2-S24-EP-002,Extra Practice,2.4,Question 2,I can use slope and intercept information to interpret similarities and differences.,S24-EQ-COMPARE,F4-A2,MODEL-COMPARE-TWO-LINEAR-01,Equations,constructed response,Intro,,2-3,Analyze,
U2-S24-EP-003,Extra Practice,2.4,Question 3,I can use slope and intercept information to interpret similarities and differences.,S24-EQ-COMPARE,F4-A3,MODEL-COMPARE-TWO-LINEAR-01,Equations,constructed response,Intro,,2-3,Analyze,
U2-S24-EP-004,Extra Practice,2.4,Question 4,I can use slope and intercept information to interpret similarities and differences.,S24-EQ-COMPARE,F4-A4,MODEL-COMPARE-TWO-LINEAR-01,Equations,constructed response,Intro,,2-3,Analyze,
U2-S24-EP-005,Extra Practice,2.4,Question 5,I can construct comparison models for linear relationships shown in different forms.,S24-TABLE-EQ-COMPARE,F4-B1,MODEL-COMPARE-TWO-LINEAR-01,Table + Equation,constructed response,Intro,,2-3,Analyze,
U2-S24-EP-006,Extra Practice,2.4,Question 6,I can construct comparison models for linear relationships shown in different forms.,S24-TABLE-EQ-COMPARE,F4-B2,MODEL-COMPARE-TWO-LINEAR-01,Table + Equation,constructed response,Intro,,2-3,Analyze,
U2-S24-EP-007,Extra Practice,2.4,Question 7,I can construct comparison models for linear relationships shown in different forms.,S24-TABLE-EQ-COMPARE,F4-B3,MODEL-COMPARE-TWO-LINEAR-01,Table + Equation,constructed response,Intro,,2-3,Analyze,
U2-S24-EP-008,Extra Practice,2.4,Question 8,I can construct comparison models for linear relationships shown in different forms.,S24-TABLE-EQ-COMPARE,F4-B4,MODEL-COMPARE-TWO-LINEAR-01,Table + Equation,constructed response,Intro,,2-3,Analyze,
U2-S24-EP-009,Extra Practice,2.4,Question 9,I can use slope and intercept information to interpret similarities and differences.,S24-GRAPH-COMPARE,F4-C1,MODEL-COMPARE-TWO-LINEAR-01,Graph,constructed response,Intro,,2-3,Analyze,
U2-S24-EP-010,Extra Practice,2.4,Question 10,I can use slope and intercept information to interpret similarities and differences.,S24-GRAPH-COMPARE,F4-C2,MODEL-COMPARE-TWO-LINEAR-01,Graph,constructed response,Intro,,2-3,Analyze,
U2-S24-EP-011,Extra Practice,2.4,Question 11,I can use slope and intercept information to interpret similarities and differences.,S24-GRAPH-COMPARE,F4-C3,MODEL-COMPARE-TWO-LINEAR-01,Graph,constructed response,Intro,,2-3,Analyze,
U2-S24-EP-012,Extra Practice,2.4,Question 12,I can use slope and intercept information to interpret similarities and differences.,S24-GRAPH-COMPARE,F4-C4,MODEL-COMPARE-TWO-LINEAR-01,Graph,constructed response,Intro,,2-3,Analyze,
U2-S24-EP-013,Extra Practice,2.4,Question 13,I can construct comparison models for linear relationships shown in different forms.,S24-CONTEXT-COMPARE,F4-D1,MODEL-COMPARE-TWO-LINEAR-01,Context + Equations,constructed response,Intro,,2-3,Analyze,
U2-S24-EP-014,Extra Practice,2.4,Question 14,I can construct comparison models for linear relationships shown in different forms.,S24-CONTEXT-COMPARE,F4-D2,MODEL-COMPARE-TWO-LINEAR-01,Context + Equations,constructed response,Intro,,2-3,Analyze,
U2-S24-EP-015,Extra Practice,2.4,Question 15,I can construct comparison models for linear relationships shown in different forms.,S24-CONTEXT-COMPARE,F4-D3,MODEL-COMPARE-TWO-LINEAR-01,Context + Equations,constructed response,Intro,,2-3,Analyze,
U2-S24-EP-016,Extra Practice,2.4,Question 16,I can construct comparison models for linear relationships shown in different forms.,S24-CONTEXT-COMPARE,F4-D4,MODEL-COMPARE-TWO-LINEAR-01,Context + Equations,constructed response,Intro,,2-3,Analyze,
U2-S24-EP-017,Extra Practice,2.4,Question 17,I can construct comparison models for linear relationships shown in different forms.,S24-FEATURE-ORGANIZER,F4-E1,MODEL-COMPARE-TWO-LINEAR-01,Comparison table,constructed response,Intro,,2-3,Analyze,
U2-S24-EP-018,Extra Practice,2.4,Question 18,I can construct comparison models for linear relationships shown in different forms.,S24-FEATURE-ORGANIZER,F4-E2,MODEL-COMPARE-TWO-LINEAR-01,Comparison table,constructed response,Intro,,2-3,Analyze,
U2-S24-EP-019,Extra Practice,2.4,Question 19,I can construct comparison models for linear relationships shown in different forms.,S24-FEATURE-ORGANIZER,F4-E3,MODEL-COMPARE-TWO-LINEAR-01,Comparison table,constructed response,Intro,,2-3,Analyze,
U2-S24-EP-020,Extra Practice,2.4,Question 20,I can construct comparison models for linear relationships shown in different forms.,S24-FEATURE-ORGANIZER,F4-E4,MODEL-COMPARE-TWO-LINEAR-01,Comparison table,constructed response,Intro,,2-3,Analyze,
U2-S24-EP-021,Extra Practice,2.4,Question 21,I can critique conclusions about linear relationships using evidence from representations.,S24-CLAIM-CRITIQUE,F4-F1,ERROR-CRITIQUE-CLAIM-01,Claim + Representation features,constructed response,Intro,,2-3,Analyze,
U2-S24-EP-022,Extra Practice,2.4,Question 22,I can critique conclusions about linear relationships using evidence from representations.,S24-CLAIM-CRITIQUE,F4-F2,ERROR-CRITIQUE-CLAIM-01,Claim + Representation features,constructed response,Intro,,2-3,Analyze,
U2-S24-EP-023,Extra Practice,2.4,Question 23,I can critique conclusions about linear relationships using evidence from representations.,S24-CLAIM-CRITIQUE,F4-F3,ERROR-CRITIQUE-CLAIM-01,Claim + Representation features,constructed response,Intro,,2-3,Analyze,
U2-S24-EP-024,Extra Practice,2.4,Question 24,I can critique conclusions about linear relationships using evidence from representations.,S24-CLAIM-CRITIQUE,F4-F4,ERROR-CRITIQUE-CLAIM-01,Claim + Representation features,constructed response,Intro,,2-3,Analyze,
U2-S25-EP-001,Extra Practice,2.5,Question 1,I can design linear models that represent patterns in real-world data.,S25-DATA-MODEL,F4-A1,DATA-BESTFIT-PREDICT-01,Data table + Equation,constructed response,Intro,,2-3,Analyze,
U2-S25-EP-002,Extra Practice,2.5,Question 2,I can design linear models that represent patterns in real-world data.,S25-DATA-MODEL,F4-A2,DATA-BESTFIT-PREDICT-01,Data table + Equation,constructed response,Intro,,2-3,Analyze,
U2-S25-EP-003,Extra Practice,2.5,Question 3,I can design linear models that represent patterns in real-world data.,S25-DATA-MODEL,F4-A3,DATA-BESTFIT-PREDICT-01,Data table + Equation,constructed response,Intro,,2-3,Analyze,
U2-S25-EP-004,Extra Practice,2.5,Question 4,I can design linear models that represent patterns in real-world data.,S25-DATA-MODEL,F4-A4,DATA-BESTFIT-PREDICT-01,Data table + Equation,constructed response,Intro,,2-3,Analyze,
U2-S25-EP-005,Extra Practice,2.5,Question 5,I can design linear models that represent patterns in real-world data.,S25-DATA-MODEL,F4-A5,DATA-BESTFIT-PREDICT-01,Data table + Equation,constructed response,Intro,,2-3,Analyze,
U2-S25-EP-006,Extra Practice,2.5,Question 6,I can design linear models that represent patterns in real-world data.,S25-SCATTER-READ,F4-B1,DATA-BESTFIT-PREDICT-01,Scatter plot,constructed response,Intro,,2-3,Analyze,
U2-S25-EP-007,Extra Practice,2.5,Question 7,I can predict values using a linear model and interpret the result.,S25-SCATTER-READ,F4-B2,DATA-BESTFIT-PREDICT-01,Scatter plot,constructed response,Intro,,2-3,Analyze,
U2-S25-EP-008,Extra Practice,2.5,Question 8,I can assess whether a linear model fits a data situation well enough for the question being asked.,S25-SCATTER-READ,F4-B3,DATA-BESTFIT-PREDICT-01,Scatter plot,constructed response,Intro,,2-3,Analyze,
U2-S25-EP-009,Extra Practice,2.5,Question 9,I can assess whether a linear model fits a data situation well enough for the question being asked.,S25-SCATTER-READ,F4-B4,DATA-BESTFIT-PREDICT-01,Scatter plot,constructed response,Intro,,2-3,Analyze,
U2-S25-EP-010,Extra Practice,2.5,Question 10,I can predict values using a linear model and interpret the result.,S25-MODEL-PREDICT,F4-C1,PREDICT-EXTRAPOLATE-MODEL-01,Equation + Prediction,constructed response,Intro,,2,Apply,
U2-S25-EP-011,Extra Practice,2.5,Question 11,I can predict values using a linear model and interpret the result.,S25-MODEL-PREDICT,F4-C2,PREDICT-EXTRAPOLATE-MODEL-01,Equation + Prediction,constructed response,Intro,,2,Apply,
U2-S25-EP-012,Extra Practice,2.5,Question 12,I can predict values using a linear model and interpret the result.,S25-MODEL-PREDICT,F4-C3,PREDICT-EXTRAPOLATE-MODEL-01,Equation + Prediction,constructed response,Intro,,2,Apply,
U2-S25-EP-013,Extra Practice,2.5,Question 13,I can predict values using a linear model and interpret the result.,S25-MODEL-PREDICT,F4-C4,PREDICT-EXTRAPOLATE-MODEL-01,Equation + Prediction,constructed response,Intro,,2,Apply,
U2-S25-EP-014,Extra Practice,2.5,Question 14,I can assess whether a linear model fits a data situation well enough for the question being asked.,S25-FIT-CHECK,F4-D1,MODEL-SELECT-BEST-FIT-01,Observed/predicted table,constructed response,Intro,,2-3,Apply,
U2-S25-EP-015,Extra Practice,2.5,Question 15,I can assess whether a linear model fits a data situation well enough for the question being asked.,S25-FIT-CHECK,F4-D2,MODEL-SELECT-BEST-FIT-01,Observed/predicted table,constructed response,Intro,,2-3,Apply,
U2-S25-EP-016,Extra Practice,2.5,Question 16,I can assess whether a linear model fits a data situation well enough for the question being asked.,S25-FIT-CHECK,F4-D3,MODEL-SELECT-BEST-FIT-01,Observed/predicted table,constructed response,Intro,,2-3,Apply,
U2-S25-EP-017,Extra Practice,2.5,Question 17,I can assess whether a linear model fits a data situation well enough for the question being asked.,S25-FIT-CHECK,F4-D4,MODEL-SELECT-BEST-FIT-01,Observed/predicted table,constructed response,Intro,,2-3,Apply,
U2-S25-EP-018,Extra Practice,2.5,Question 18,I can design linear models that represent patterns in real-world data.,S25-MODEL-FEATURES,F4-E1,REPTRANS-TRANSLATE-VERBAL-SYMBOLIC-01,Context + Equation,constructed response,Intro,,2,Apply,
U2-S25-EP-019,Extra Practice,2.5,Question 19,I can design linear models that represent patterns in real-world data.,S25-MODEL-FEATURES,F4-E2,REPTRANS-TRANSLATE-VERBAL-SYMBOLIC-01,Context + Equation,constructed response,Intro,,2,Apply,
U2-S25-EP-020,Extra Practice,2.5,Question 20,I can design linear models that represent patterns in real-world data.,S25-MODEL-FEATURES,F4-E3,REPTRANS-TRANSLATE-VERBAL-SYMBOLIC-01,Context + Equation,constructed response,Intro,,2,Apply,
U2-S25-EP-021,Extra Practice,2.5,Question 21,I can design linear models that represent patterns in real-world data.,S25-MODEL-FEATURES,F4-E4,REPTRANS-TRANSLATE-VERBAL-SYMBOLIC-01,Context + Equation,constructed response,Intro,,2,Apply,
U2-S25-EP-022,Extra Practice,2.5,Question 22,I can assess whether a linear model fits a data situation well enough for the question being asked.,S25-MODEL-LIMITS,F4-F1,VERIFY-REASONABLENESS-01,Data/model reasoning,constructed response,Intro,,2,Analyze,
U2-S25-EP-023,Extra Practice,2.5,Question 23,I can assess whether a linear model fits a data situation well enough for the question being asked.,S25-MODEL-LIMITS,F4-F2,VERIFY-REASONABLENESS-01,Data/model reasoning,constructed response,Intro,,2,Analyze,
U2-S25-EP-024,Extra Practice,2.5,Question 24,I can assess whether a linear model fits a data situation well enough for the question being asked.,S25-MODEL-LIMITS,F4-F3,VERIFY-REASONABLENESS-01,Data/model reasoning,constructed response,Intro,,2,Analyze,
U2-S21-CYU-001,CYU,2.1,CYU 1,"I can construct rate-of-change statements from tables, graphs, and situations.",S21-TABLE-RATE,CYU1,PROC-DIRECT-EXECUTE-01,Table,constructed response,Intro,,1-2,Apply,
U2-S21-CYU-002,CYU,2.1,CYU 2,I can apply slope calculations to interpret constant change between quantities.,S21-POINT-SLOPE,CYU2,PROC-DIRECT-EXECUTE-01,Points,constructed response,Intro,,1-2,Apply,
U2-S21-CYU-003,CYU,2.1,CYU 3,"I can construct rate-of-change statements from tables, graphs, and situations.",S21-CONTEXT-RATE,CYU3,PROC-DIRECT-EXECUTE-01,Context,constructed response,Intro,,1-2,Apply,
U2-S21-CYU-004,CYU,2.1,CYU 4,I can apply slope calculations to interpret constant change between quantities.,S21-GRAPH-SLOPE,CYU4,GRAPH-INFER-BEHAVIOR-01,Graph,constructed response,Intro,,2,Apply,
U2-S21-CYU-005,CYU,2.1,CYU 5,I can determine whether a slope value is reasonable for a given context.,S21-RATE-REASON,CYU5,PROC-DIRECT-EXECUTE-01,Graph feature,constructed response,Intro,,1-2,Apply,
U2-S21-CYU-006,CYU,2.1,CYU 6,I can determine whether a slope value is reasonable for a given context.,S21-RATE-REASON,CYU6,PROC-DIRECT-EXECUTE-01,Context,constructed response,Intro,,1-2,Apply,
U2-S22-CYU-001,CYU,2.2,CYU 1,I can build graphs of linear functions using slope and intercept information.,S22-EQ-GRAPH,CYU1,GRAPH-INFER-BEHAVIOR-01,Equation,constructed response,Intro,,2,Apply,
U2-S22-CYU-002,CYU,2.2,CYU 2,I can use key features of a line to interpret a relationship.,S22-GRAPH-FEATURES,CYU2,GRAPH-INFER-BEHAVIOR-01,Graph,constructed response,Intro,,2,Apply,
U2-S22-CYU-003,CYU,2.2,CYU 3,I can use key features of a line to interpret a relationship.,S22-TABLE-GRAPH,CYU3,GRAPH-INFER-BEHAVIOR-01,Table,constructed response,Intro,,2,Apply,
U2-S22-CYU-004,CYU,2.2,CYU 4,I can build graphs of linear functions using slope and intercept information.,S22-EQ-GRAPH,CYU4,GRAPH-INFER-BEHAVIOR-01,Equation + graph,constructed response,Intro,,2,Apply,
U2-S22-CYU-005,CYU,2.2,CYU 5,I can extend a graph to predict outputs within a meaningful range.,S22-GRAPH-PREDICT,CYU5,GRAPH-INFER-BEHAVIOR-01,Equation,constructed response,Intro,,2,Apply,
U2-S22-CYU-006,CYU,2.2,CYU 6,I can extend a graph to predict outputs within a meaningful range.,S22-GRAPH-PREDICT,CYU6,GRAPH-INFER-BEHAVIOR-01,Context,constructed response,Intro,,2,Apply,
U2-S23-CYU-001,CYU,2.3,CYU 1,"I can formulate linear equations from graphs, tables, and situations.",S23-TABLE-EQ,CYU1,PROC-DIRECT-EXECUTE-01,Table,constructed response,Intro,,1-2,Apply,
U2-S23-CYU-002,CYU,2.3,CYU 2,"I can formulate linear equations from graphs, tables, and situations.",S23-GRAPH-EQ,CYU2,GRAPH-INFER-BEHAVIOR-01,Graph,constructed response,Intro,,2,Apply,
U2-S23-CYU-003,CYU,2.3,CYU 3,"I can formulate linear equations from graphs, tables, and situations.",S23-CONTEXT-EQ,CYU3,PROC-DIRECT-EXECUTE-01,Context,constructed response,Intro,,1-2,Apply,
U2-S23-CYU-004,CYU,2.3,CYU 4,I can apply slope-intercept structure to connect rate and starting value.,S23-STRUCTURE,CYU4,PROC-DIRECT-EXECUTE-01,Equation,constructed response,Intro,,1-2,Apply,
U2-S23-CYU-005,CYU,2.3,CYU 5,"I can formulate linear equations from graphs, tables, and situations.",S23-POINTS-EQ,CYU5,PROC-DIRECT-EXECUTE-01,Points,constructed response,Intro,,1-2,Apply,
U2-S23-CYU-006,CYU,2.3,CYU 6,I can design equivalent equations that represent the same linear relationship.,S23-EQUIV-EQ,CYU6,PROC-DIRECT-EXECUTE-01,Equation,constructed response,Intro,,1-2,Apply,
U2-S24-CYU-001,CYU,2.4,CYU 1,I can use slope and intercept information to interpret similarities and differences.,S24-EQ-COMPARE,CYU1,PROC-DIRECT-EXECUTE-01,Equations,constructed response,Intro,,1-2,Apply,
U2-S24-CYU-002,CYU,2.4,CYU 2,I can construct comparison models for linear relationships shown in different forms.,S24-TABLE-EQ-COMPARE,CYU2,PROC-DIRECT-EXECUTE-01,Table + equation,constructed response,Intro,,1-2,Apply,
U2-S24-CYU-003,CYU,2.4,CYU 3,I can use slope and intercept information to interpret similarities and differences.,S24-GRAPH-COMPARE,CYU3,GRAPH-INFER-BEHAVIOR-01,Graph,constructed response,Intro,,2,Apply,
U2-S24-CYU-004,CYU,2.4,CYU 4,I can construct comparison models for linear relationships shown in different forms.,S24-CONTEXT-COMPARE,CYU4,PROC-DIRECT-EXECUTE-01,Context,constructed response,Intro,,1-2,Apply,
U2-S24-CYU-005,CYU,2.4,CYU 5,I can critique conclusions about linear relationships using evidence from representations.,S24-CLAIM-CRITIQUE,CYU5,PROC-DIRECT-EXECUTE-01,Claim,constructed response,Intro,,1-2,Apply,
U2-S24-CYU-006,CYU,2.4,CYU 6,I can critique conclusions about linear relationships using evidence from representations.,S24-CLAIM-CRITIQUE,CYU6,PROC-DIRECT-EXECUTE-01,Claim,constructed response,Intro,,1-2,Apply,
U2-S25-CYU-001,CYU,2.5,CYU 1,I can design linear models that represent patterns in real-world data.,S25-DATA-MODEL,CYU1,PROC-DIRECT-EXECUTE-01,Table,constructed response,Intro,,1-2,Apply,
U2-S25-CYU-002,CYU,2.5,CYU 2,I can design linear models that represent patterns in real-world data.,S25-SCATTER-READ,CYU2,PROC-DIRECT-EXECUTE-01,Scatter plot,constructed response,Intro,,1-2,Apply,
U2-S25-CYU-003,CYU,2.5,CYU 3,I can predict values using a linear model and interpret the result.,S25-MODEL-PREDICT,CYU3,PROC-DIRECT-EXECUTE-01,Equation,constructed response,Intro,,1-2,Apply,
U2-S25-CYU-004,CYU,2.5,CYU 4,I can assess whether a linear model fits a data situation well enough for the question being asked.,S25-MODEL-LIMITS,CYU4,PROC-DIRECT-EXECUTE-01,Context,constructed response,Intro,,1-2,Apply,
U2-S25-CYU-005,CYU,2.5,CYU 5,I can assess whether a linear model fits a data situation well enough for the question being asked.,S25-FIT-CHECK,CYU5,GRAPH-INFER-BEHAVIOR-01,Table,constructed response,Intro,,2,Apply,
U2-S25-CYU-006,CYU,2.5,CYU 6,I can design linear models that represent patterns in real-world data.,S25-MODEL-FEATURES,CYU6,PROC-DIRECT-EXECUTE-01,Equation + context,constructed response,Intro,,1-2,Apply,
U2-S21-WU1-001,Warm-Up 1,2.1,Warm-Up 1 Q1,"Accurately perform operations with integers, fractions, and decimals while interpreting results in mathematical and contextual situations.",DIAMOND-INTEGER-RETRIEVAL,WU1-Q1,FACTORPAIR-SUM-PRODUCT-PUZZLE-01,Diamond diagram,constructed response,Retrieval,,1-2,Apply,
U2-S21-WU1-002,Warm-Up 1,2.1,Warm-Up 1 Q2,Interpret functions as rules that connect inputs and outputs without relying on formal domain and range language.,2.1-REVIEW-RETRIEVAL,WU1-Q2,PROC-DIRECT-EXECUTE-01,Review representation,constructed response,Review,,1-2,Apply,
U2-S21-WU1-003,Warm-Up 1,2.1,Warm-Up 1 Q3,Interpret functions as rules that connect inputs and outputs without relying on formal domain and range language.,2.1-REVIEW-RETRIEVAL,WU1-Q3,PROC-DIRECT-EXECUTE-01,Review representation,constructed response,Review,,1-2,Apply,
U2-S21-WU1-004,Warm-Up 1,2.1,Warm-Up 1 Q4,Interpret functions as rules that connect inputs and outputs without relying on formal domain and range language.,2.1-REVIEW-RETRIEVAL,WU1-Q4,PROC-DIRECT-EXECUTE-01,Review representation,constructed response,Review,,1-2,Apply,
U2-S21-WU2-001,Warm-Up 2,2.1,Warm-Up 2 Q1,"I can construct rate-of-change statements from tables, graphs, and situations.",2.1-INTRO-RETRIEVAL,WU2-Q1,PROC-DIRECT-EXECUTE-01,Current-section representation,constructed response,Intro,,1-2,Apply,
U2-S21-WU2-002,Warm-Up 2,2.1,Warm-Up 2 Q2,I can apply slope calculations to interpret constant change between quantities.,2.1-INTRO-RETRIEVAL,WU2-Q2,PROC-DIRECT-EXECUTE-01,Current-section representation,constructed response,Intro,,1-2,Apply,
U2-S21-WU2-003,Warm-Up 2,2.1,Warm-Up 2 Q3,Interpret functions as rules that connect inputs and outputs without relying on formal domain and range language.,2.1-REVIEW-RETRIEVAL,WU2-Q3,PROC-DIRECT-EXECUTE-01,Review representation,constructed response,Review,,1-2,Apply,
U2-S21-WU2-004,Warm-Up 2,2.1,Warm-Up 2 Q4,"Recognize constant rate of change in tables, graphs, visual patterns, and situations.",2.1-MASTERY-RETRIEVAL,WU2-Q4,PROC-DIRECT-EXECUTE-01,Mastery representation,constructed response,Mastery,U2-MG03,1-2,Apply,
U2-S21-WU3-001,Warm-Up 3,2.1,Warm-Up 3 Q1,I can determine whether a slope value is reasonable for a given context.,2.1-INTRO-RETRIEVAL,WU3-Q1,PROC-DIRECT-EXECUTE-01,Current-section representation,constructed response,Intro,,1-2,Apply,
U2-S21-WU3-002,Warm-Up 3,2.1,Warm-Up 3 Q2,Interpret functions as rules that connect inputs and outputs without relying on formal domain and range language.,2.1-REVIEW-RETRIEVAL,WU3-Q2,PROC-DIRECT-EXECUTE-01,Review representation,constructed response,Review,,1-2,Apply,
U2-S21-WU3-003,Warm-Up 3,2.1,Warm-Up 3 Q3,"Recognize constant rate of change in tables, graphs, visual patterns, and situations.",2.1-MASTERY-RETRIEVAL,WU3-Q3,PROC-DIRECT-EXECUTE-01,Mastery representation,constructed response,Mastery,U2-MG03,1-2,Apply,
U2-S21-WU3-004,Warm-Up 3,2.1,Warm-Up 3 Q4,"Recognize constant rate of change in tables, graphs, visual patterns, and situations.",2.1-MASTERY-RETRIEVAL,WU3-Q4,PROC-DIRECT-EXECUTE-01,Mastery representation,constructed response,Mastery,U2-MG03,1-2,Apply,
U2-S21-ETA-001,Exit Ticket A,2.1,Exit Ticket A Q1,"I can construct rate-of-change statements from tables, graphs, and situations.",2.1-EXIT-INTRO,ETA-Q1,EVIDENCE-SHORT-MICROSET-01,Current-section representation,constructed response,Intro,,1-2,Apply,
U2-S21-ETA-002,Exit Ticket A,2.1,Exit Ticket A Q2,I can apply slope calculations to interpret constant change between quantities.,2.1-EXIT-INTRO,ETA-Q2,EVIDENCE-SHORT-MICROSET-01,Current-section representation,constructed response,Intro,,1-2,Apply,
U2-S21-ETA-003,Exit Ticket A,2.1,Exit Ticket A Q3,I can determine whether a slope value is reasonable for a given context.,2.1-EXIT-INTRO,ETA-Q3,EVIDENCE-SHORT-MICROSET-01,Current-section representation,constructed response,Intro,,1-2,Apply,
U2-S21-ETA-004,Exit Ticket A,2.1,Exit Ticket A Q4,I can apply slope calculations to interpret constant change between quantities.,2.1-EXIT-INTRO,ETA-Q4,EVIDENCE-SHORT-MICROSET-01,Current-section representation,constructed response,Intro,,1-2,Apply,
U2-S21-ETB-001,Exit Ticket B,2.1,Exit Ticket B Q1,Interpret functions as rules that connect inputs and outputs without relying on formal domain and range language.,2.1-EXIT-REVIEW,ETB-Q1,EVIDENCE-SHORT-MICROSET-01,Review representation,constructed response,Review,,1-2,Apply,
U2-S21-ETB-002,Exit Ticket B,2.1,Exit Ticket B Q2,Interpret functions as rules that connect inputs and outputs without relying on formal domain and range language.,2.1-EXIT-REVIEW,ETB-Q2,EVIDENCE-SHORT-MICROSET-01,Review representation,constructed response,Review,,1-2,Apply,
U2-S21-ETB-003,Exit Ticket B,2.1,Exit Ticket B Q3,Interpret functions as rules that connect inputs and outputs without relying on formal domain and range language.,2.1-EXIT-REVIEW,ETB-Q3,EVIDENCE-SHORT-MICROSET-01,Review representation,constructed response,Review,,1-2,Apply,
U2-S21-ETB-004,Exit Ticket B,2.1,Exit Ticket B Q4,Interpret functions as rules that connect inputs and outputs without relying on formal domain and range language.,2.1-EXIT-REVIEW,ETB-Q4,EVIDENCE-SHORT-MICROSET-01,Review representation,constructed response,Review,,1-2,Apply,
U2-S21-ETC-001,Exit Ticket C,2.1,Exit Ticket C Q1,"Recognize constant rate of change in tables, graphs, visual patterns, and situations.",2.1-EXIT-MASTERY,ETC-Q1,EVIDENCE-SHORT-MICROSET-01,Mastery representation,constructed response,Mastery,U2-MG03,1-2,Apply,
U2-S21-ETC-002,Exit Ticket C,2.1,Exit Ticket C Q2,"Recognize constant rate of change in tables, graphs, visual patterns, and situations.",2.1-EXIT-MASTERY,ETC-Q2,EVIDENCE-SHORT-MICROSET-01,Mastery representation,constructed response,Mastery,U2-MG03,1-2,Apply,
U2-S21-ETC-003,Exit Ticket C,2.1,Exit Ticket C Q3,"Recognize constant rate of change in tables, graphs, visual patterns, and situations.",2.1-EXIT-MASTERY,ETC-Q3,EVIDENCE-SHORT-MICROSET-01,Mastery representation,constructed response,Mastery,U2-MG03,1-2,Apply,
U2-S21-ETC-004,Exit Ticket C,2.1,Exit Ticket C Q4,"Recognize constant rate of change in tables, graphs, visual patterns, and situations.",2.1-EXIT-MASTERY,ETC-Q4,EVIDENCE-SHORT-MICROSET-01,Mastery representation,constructed response,Mastery,U2-MG03,1-2,Apply,
U2-S22-WU1-001,Warm-Up 1,2.2,Warm-Up 1 Q1,"Accurately perform operations with integers, fractions, and decimals while interpreting results in mathematical and contextual situations.",DIAMOND-INTEGER-RETRIEVAL,WU1-Q1,FACTORPAIR-SUM-PRODUCT-PUZZLE-01,Diamond diagram,constructed response,Retrieval,,1-2,Apply,
U2-S22-WU1-002,Warm-Up 1,2.2,Warm-Up 1 Q2,"Connect tables, graphs, equations, and contexts that represent the same relationship.",2.2-REVIEW-RETRIEVAL,WU1-Q2,PROC-DIRECT-EXECUTE-01,Review representation,constructed response,Review,,1-2,Apply,
U2-S22-WU1-003,Warm-Up 1,2.2,Warm-Up 1 Q3,"Connect tables, graphs, equations, and contexts that represent the same relationship.",2.2-REVIEW-RETRIEVAL,WU1-Q3,PROC-DIRECT-EXECUTE-01,Review representation,constructed response,Review,,1-2,Apply,
U2-S22-WU1-004,Warm-Up 1,2.2,Warm-Up 1 Q4,"Connect tables, graphs, equations, and contexts that represent the same relationship.",2.2-REVIEW-RETRIEVAL,WU1-Q4,PROC-DIRECT-EXECUTE-01,Review representation,constructed response,Review,,1-2,Apply,
U2-S22-WU2-001,Warm-Up 2,2.2,Warm-Up 2 Q1,I can build graphs of linear functions using slope and intercept information.,2.2-INTRO-RETRIEVAL,WU2-Q1,PROC-DIRECT-EXECUTE-01,Current-section representation,constructed response,Intro,,1-2,Apply,
U2-S22-WU2-002,Warm-Up 2,2.2,Warm-Up 2 Q2,I can use key features of a line to interpret a relationship.,2.2-INTRO-RETRIEVAL,WU2-Q2,PROC-DIRECT-EXECUTE-01,Current-section representation,constructed response,Intro,,1-2,Apply,
U2-S22-WU2-003,Warm-Up 2,2.2,Warm-Up 2 Q3,"Connect tables, graphs, equations, and contexts that represent the same relationship.",2.2-REVIEW-RETRIEVAL,WU2-Q3,PROC-DIRECT-EXECUTE-01,Review representation,constructed response,Review,,1-2,Apply,
U2-S22-WU2-004,Warm-Up 2,2.2,Warm-Up 2 Q4,"Interpret and create graphs on the coordinate plane while connecting points, axes, intercepts, and graphical information to mathematical situations.",2.2-MASTERY-RETRIEVAL,WU2-Q4,PROC-DIRECT-EXECUTE-01,Mastery representation,constructed response,Mastery,U2-MG01,1-2,Apply,
U2-S22-WU3-001,Warm-Up 3,2.2,Warm-Up 3 Q1,I can extend a graph to predict outputs within a meaningful range.,2.2-INTRO-RETRIEVAL,WU3-Q1,PROC-DIRECT-EXECUTE-01,Current-section representation,constructed response,Intro,,1-2,Apply,
U2-S22-WU3-002,Warm-Up 3,2.2,Warm-Up 3 Q2,"Connect tables, graphs, equations, and contexts that represent the same relationship.",2.2-REVIEW-RETRIEVAL,WU3-Q2,PROC-DIRECT-EXECUTE-01,Review representation,constructed response,Review,,1-2,Apply,
U2-S22-WU3-003,Warm-Up 3,2.2,Warm-Up 3 Q3,"Interpret and create graphs on the coordinate plane while connecting points, axes, intercepts, and graphical information to mathematical situations.",2.2-MASTERY-RETRIEVAL,WU3-Q3,PROC-DIRECT-EXECUTE-01,Mastery representation,constructed response,Mastery,U2-MG01,1-2,Apply,
U2-S22-WU3-004,Warm-Up 3,2.2,Warm-Up 3 Q4,"Interpret and create graphs on the coordinate plane while connecting points, axes, intercepts, and graphical information to mathematical situations.",2.2-MASTERY-RETRIEVAL,WU3-Q4,PROC-DIRECT-EXECUTE-01,Mastery representation,constructed response,Mastery,U2-MG01,1-2,Apply,
U2-S22-ETA-001,Exit Ticket A,2.2,Exit Ticket A Q1,I can build graphs of linear functions using slope and intercept information.,2.2-EXIT-INTRO,ETA-Q1,EVIDENCE-SHORT-MICROSET-01,Current-section representation,constructed response,Intro,,1-2,Apply,
U2-S22-ETA-002,Exit Ticket A,2.2,Exit Ticket A Q2,I can use key features of a line to interpret a relationship.,2.2-EXIT-INTRO,ETA-Q2,EVIDENCE-SHORT-MICROSET-01,Current-section representation,constructed response,Intro,,1-2,Apply,
U2-S22-ETA-003,Exit Ticket A,2.2,Exit Ticket A Q3,I can extend a graph to predict outputs within a meaningful range.,2.2-EXIT-INTRO,ETA-Q3,EVIDENCE-SHORT-MICROSET-01,Current-section representation,constructed response,Intro,,1-2,Apply,
U2-S22-ETA-004,Exit Ticket A,2.2,Exit Ticket A Q4,I can use key features of a line to interpret a relationship.,2.2-EXIT-INTRO,ETA-Q4,EVIDENCE-SHORT-MICROSET-01,Current-section representation,constructed response,Intro,,1-2,Apply,
U2-S22-ETB-001,Exit Ticket B,2.2,Exit Ticket B Q1,"Connect tables, graphs, equations, and contexts that represent the same relationship.",2.2-EXIT-REVIEW,ETB-Q1,EVIDENCE-SHORT-MICROSET-01,Review representation,constructed response,Review,,1-2,Apply,
U2-S22-ETB-002,Exit Ticket B,2.2,Exit Ticket B Q2,"Connect tables, graphs, equations, and contexts that represent the same relationship.",2.2-EXIT-REVIEW,ETB-Q2,EVIDENCE-SHORT-MICROSET-01,Review representation,constructed response,Review,,1-2,Apply,
U2-S22-ETB-003,Exit Ticket B,2.2,Exit Ticket B Q3,"Connect tables, graphs, equations, and contexts that represent the same relationship.",2.2-EXIT-REVIEW,ETB-Q3,EVIDENCE-SHORT-MICROSET-01,Review representation,constructed response,Review,,1-2,Apply,
U2-S22-ETB-004,Exit Ticket B,2.2,Exit Ticket B Q4,"Connect tables, graphs, equations, and contexts that represent the same relationship.",2.2-EXIT-REVIEW,ETB-Q4,EVIDENCE-SHORT-MICROSET-01,Review representation,constructed response,Review,,1-2,Apply,
U2-S22-ETC-001,Exit Ticket C,2.2,Exit Ticket C Q1,"Interpret and create graphs on the coordinate plane while connecting points, axes, intercepts, and graphical information to mathematical situations.",2.2-EXIT-MASTERY,ETC-Q1,EVIDENCE-SHORT-MICROSET-01,Mastery representation,constructed response,Mastery,U2-MG01,1-2,Apply,
U2-S22-ETC-002,Exit Ticket C,2.2,Exit Ticket C Q2,"Interpret and create graphs on the coordinate plane while connecting points, axes, intercepts, and graphical information to mathematical situations.",2.2-EXIT-MASTERY,ETC-Q2,EVIDENCE-SHORT-MICROSET-01,Mastery representation,constructed response,Mastery,U2-MG01,1-2,Apply,
U2-S22-ETC-003,Exit Ticket C,2.2,Exit Ticket C Q3,"Interpret and create graphs on the coordinate plane while connecting points, axes, intercepts, and graphical information to mathematical situations.",2.2-EXIT-MASTERY,ETC-Q3,EVIDENCE-SHORT-MICROSET-01,Mastery representation,constructed response,Mastery,U2-MG01,1-2,Apply,
U2-S22-ETC-004,Exit Ticket C,2.2,Exit Ticket C Q4,"Interpret and create graphs on the coordinate plane while connecting points, axes, intercepts, and graphical information to mathematical situations.",2.2-EXIT-MASTERY,ETC-Q4,EVIDENCE-SHORT-MICROSET-01,Mastery representation,constructed response,Mastery,U2-MG01,1-2,Apply,
U2-S23-WU1-001,Warm-Up 1,2.3,Warm-Up 1 Q1,"Accurately perform operations with integers, fractions, and decimals while interpreting results in mathematical and contextual situations.",DIAMOND-INTEGER-RETRIEVAL,WU1-Q1,FACTORPAIR-SUM-PRODUCT-PUZZLE-01,Diamond diagram,constructed response,Retrieval,,1-2,Apply,
U2-S23-WU1-002,Warm-Up 1,2.3,Warm-Up 1 Q2,"Interpret and rewrite algebraic expressions by identifying structure, meaning, and equivalent forms.",2.3-REVIEW-RETRIEVAL,WU1-Q2,PROC-DIRECT-EXECUTE-01,Review representation,constructed response,Review,,1-2,Apply,
U2-S23-WU1-003,Warm-Up 1,2.3,Warm-Up 1 Q3,"Interpret and rewrite algebraic expressions by identifying structure, meaning, and equivalent forms.",2.3-REVIEW-RETRIEVAL,WU1-Q3,PROC-DIRECT-EXECUTE-01,Review representation,constructed response,Review,,1-2,Apply,
U2-S23-WU1-004,Warm-Up 1,2.3,Warm-Up 1 Q4,"Interpret and rewrite algebraic expressions by identifying structure, meaning, and equivalent forms.",2.3-REVIEW-RETRIEVAL,WU1-Q4,PROC-DIRECT-EXECUTE-01,Review representation,constructed response,Review,,1-2,Apply,
U2-S23-WU2-001,Warm-Up 2,2.3,Warm-Up 2 Q1,"I can formulate linear equations from graphs, tables, and situations.",2.3-INTRO-RETRIEVAL,WU2-Q1,PROC-DIRECT-EXECUTE-01,Current-section representation,constructed response,Intro,,1-2,Apply,
U2-S23-WU2-002,Warm-Up 2,2.3,Warm-Up 2 Q2,"I can formulate linear equations from graphs, tables, and situations.",2.3-INTRO-RETRIEVAL,WU2-Q2,PROC-DIRECT-EXECUTE-01,Current-section representation,constructed response,Intro,,1-2,Apply,
U2-S23-WU2-003,Warm-Up 2,2.3,Warm-Up 2 Q3,"Interpret and rewrite algebraic expressions by identifying structure, meaning, and equivalent forms.",2.3-REVIEW-RETRIEVAL,WU2-Q3,PROC-DIRECT-EXECUTE-01,Review representation,constructed response,Review,,1-2,Apply,
U2-S23-WU2-004,Warm-Up 2,2.3,Warm-Up 2 Q4,"Represent linear relationships using tables, graphs, equations, and contextual descriptions.",2.3-MASTERY-RETRIEVAL,WU2-Q4,PROC-DIRECT-EXECUTE-01,Mastery representation,constructed response,Mastery,U2-MG03,1-2,Apply,
U2-S23-WU3-001,Warm-Up 3,2.3,Warm-Up 3 Q1,I can apply slope-intercept structure to connect rate and starting value.,2.3-INTRO-RETRIEVAL,WU3-Q1,PROC-DIRECT-EXECUTE-01,Current-section representation,constructed response,Intro,,1-2,Apply,
U2-S23-WU3-002,Warm-Up 3,2.3,Warm-Up 3 Q2,"Interpret and rewrite algebraic expressions by identifying structure, meaning, and equivalent forms.",2.3-REVIEW-RETRIEVAL,WU3-Q2,PROC-DIRECT-EXECUTE-01,Review representation,constructed response,Review,,1-2,Apply,
U2-S23-WU3-003,Warm-Up 3,2.3,Warm-Up 3 Q3,"Represent linear relationships using tables, graphs, equations, and contextual descriptions.",2.3-MASTERY-RETRIEVAL,WU3-Q3,PROC-DIRECT-EXECUTE-01,Mastery representation,constructed response,Mastery,U2-MG03,1-2,Apply,
U2-S23-WU3-004,Warm-Up 3,2.3,Warm-Up 3 Q4,"Represent linear relationships using tables, graphs, equations, and contextual descriptions.",2.3-MASTERY-RETRIEVAL,WU3-Q4,PROC-DIRECT-EXECUTE-01,Mastery representation,constructed response,Mastery,U2-MG03,1-2,Apply,
U2-S23-ETA-001,Exit Ticket A,2.3,Exit Ticket A Q1,"I can formulate linear equations from graphs, tables, and situations.",2.3-EXIT-INTRO,ETA-Q1,EVIDENCE-SHORT-MICROSET-01,Current-section representation,constructed response,Intro,,1-2,Apply,
U2-S23-ETA-002,Exit Ticket A,2.3,Exit Ticket A Q2,"I can formulate linear equations from graphs, tables, and situations.",2.3-EXIT-INTRO,ETA-Q2,EVIDENCE-SHORT-MICROSET-01,Current-section representation,constructed response,Intro,,1-2,Apply,
U2-S23-ETA-003,Exit Ticket A,2.3,Exit Ticket A Q3,I can apply slope-intercept structure to connect rate and starting value.,2.3-EXIT-INTRO,ETA-Q3,EVIDENCE-SHORT-MICROSET-01,Current-section representation,constructed response,Intro,,1-2,Apply,
U2-S23-ETA-004,Exit Ticket A,2.3,Exit Ticket A Q4,I can design equivalent equations that represent the same linear relationship.,2.3-EXIT-INTRO,ETA-Q4,EVIDENCE-SHORT-MICROSET-01,Current-section representation,constructed response,Intro,,1-2,Apply,
U2-S23-ETB-001,Exit Ticket B,2.3,Exit Ticket B Q1,"Interpret and rewrite algebraic expressions by identifying structure, meaning, and equivalent forms.",2.3-EXIT-REVIEW,ETB-Q1,EVIDENCE-SHORT-MICROSET-01,Review representation,constructed response,Review,,1-2,Apply,
U2-S23-ETB-002,Exit Ticket B,2.3,Exit Ticket B Q2,"Interpret and rewrite algebraic expressions by identifying structure, meaning, and equivalent forms.",2.3-EXIT-REVIEW,ETB-Q2,EVIDENCE-SHORT-MICROSET-01,Review representation,constructed response,Review,,1-2,Apply,
U2-S23-ETB-003,Exit Ticket B,2.3,Exit Ticket B Q3,"Interpret and rewrite algebraic expressions by identifying structure, meaning, and equivalent forms.",2.3-EXIT-REVIEW,ETB-Q3,EVIDENCE-SHORT-MICROSET-01,Review representation,constructed response,Review,,1-2,Apply,
U2-S23-ETB-004,Exit Ticket B,2.3,Exit Ticket B Q4,"Interpret and rewrite algebraic expressions by identifying structure, meaning, and equivalent forms.",2.3-EXIT-REVIEW,ETB-Q4,EVIDENCE-SHORT-MICROSET-01,Review representation,constructed response,Review,,1-2,Apply,
U2-S23-ETC-001,Exit Ticket C,2.3,Exit Ticket C Q1,"Represent linear relationships using tables, graphs, equations, and contextual descriptions.",2.3-EXIT-MASTERY,ETC-Q1,EVIDENCE-SHORT-MICROSET-01,Mastery representation,constructed response,Mastery,U2-MG03,1-2,Apply,
U2-S23-ETC-002,Exit Ticket C,2.3,Exit Ticket C Q2,"Represent linear relationships using tables, graphs, equations, and contextual descriptions.",2.3-EXIT-MASTERY,ETC-Q2,EVIDENCE-SHORT-MICROSET-01,Mastery representation,constructed response,Mastery,U2-MG03,1-2,Apply,
U2-S23-ETC-003,Exit Ticket C,2.3,Exit Ticket C Q3,"Represent linear relationships using tables, graphs, equations, and contextual descriptions.",2.3-EXIT-MASTERY,ETC-Q3,EVIDENCE-SHORT-MICROSET-01,Mastery representation,constructed response,Mastery,U2-MG03,1-2,Apply,
U2-S23-ETC-004,Exit Ticket C,2.3,Exit Ticket C Q4,"Represent linear relationships using tables, graphs, equations, and contextual descriptions.",2.3-EXIT-MASTERY,ETC-Q4,EVIDENCE-SHORT-MICROSET-01,Mastery representation,constructed response,Mastery,U2-MG03,1-2,Apply,
U2-S24-WU1-001,Warm-Up 1,2.4,Warm-Up 1 Q1,"Accurately perform operations with integers, fractions, and decimals while interpreting results in mathematical and contextual situations.",DIAMOND-INTEGER-RETRIEVAL,WU1-Q1,FACTORPAIR-SUM-PRODUCT-PUZZLE-01,Diamond diagram,constructed response,Retrieval,,1-2,Apply,
U2-S24-WU1-002,Warm-Up 1,2.4,Warm-Up 1 Q2,"Recognize common function families from graphs, tables, equations, and contexts.",2.4-REVIEW-RETRIEVAL,WU1-Q2,PROC-DIRECT-EXECUTE-01,Review representation,constructed response,Review,,1-2,Apply,
U2-S24-WU1-003,Warm-Up 1,2.4,Warm-Up 1 Q3,"Recognize common function families from graphs, tables, equations, and contexts.",2.4-REVIEW-RETRIEVAL,WU1-Q3,PROC-DIRECT-EXECUTE-01,Review representation,constructed response,Review,,1-2,Apply,
U2-S24-WU1-004,Warm-Up 1,2.4,Warm-Up 1 Q4,"Recognize common function families from graphs, tables, equations, and contexts.",2.4-REVIEW-RETRIEVAL,WU1-Q4,PROC-DIRECT-EXECUTE-01,Review representation,constructed response,Review,,1-2,Apply,
U2-S24-WU2-001,Warm-Up 2,2.4,Warm-Up 2 Q1,I can use slope and intercept information to interpret similarities and differences.,2.4-INTRO-RETRIEVAL,WU2-Q1,PROC-DIRECT-EXECUTE-01,Current-section representation,constructed response,Intro,,1-2,Apply,
U2-S24-WU2-002,Warm-Up 2,2.4,Warm-Up 2 Q2,I can construct comparison models for linear relationships shown in different forms.,2.4-INTRO-RETRIEVAL,WU2-Q2,PROC-DIRECT-EXECUTE-01,Current-section representation,constructed response,Intro,,1-2,Apply,
U2-S24-WU2-003,Warm-Up 2,2.4,Warm-Up 2 Q3,"Recognize common function families from graphs, tables, equations, and contexts.",2.4-REVIEW-RETRIEVAL,WU2-Q3,PROC-DIRECT-EXECUTE-01,Review representation,constructed response,Review,,1-2,Apply,
U2-S24-WU2-004,Warm-Up 2,2.4,Warm-Up 2 Q4,"Compare relationships using equations, graphs, tables, visual patterns, and contexts, then justify conclusions.",2.4-MASTERY-RETRIEVAL,WU2-Q4,PROC-DIRECT-EXECUTE-01,Mastery representation,constructed response,Mastery,U2-MG04,1-2,Apply,
U2-S24-WU3-001,Warm-Up 3,2.4,Warm-Up 3 Q1,I can critique conclusions about linear relationships using evidence from representations.,2.4-INTRO-RETRIEVAL,WU3-Q1,PROC-DIRECT-EXECUTE-01,Current-section representation,constructed response,Intro,,1-2,Apply,
U2-S24-WU3-002,Warm-Up 3,2.4,Warm-Up 3 Q2,"Recognize common function families from graphs, tables, equations, and contexts.",2.4-REVIEW-RETRIEVAL,WU3-Q2,PROC-DIRECT-EXECUTE-01,Review representation,constructed response,Review,,1-2,Apply,
U2-S24-WU3-003,Warm-Up 3,2.4,Warm-Up 3 Q3,"Compare relationships using equations, graphs, tables, visual patterns, and contexts, then justify conclusions.",2.4-MASTERY-RETRIEVAL,WU3-Q3,PROC-DIRECT-EXECUTE-01,Mastery representation,constructed response,Mastery,U2-MG04,1-2,Apply,
U2-S24-WU3-004,Warm-Up 3,2.4,Warm-Up 3 Q4,"Compare relationships using equations, graphs, tables, visual patterns, and contexts, then justify conclusions.",2.4-MASTERY-RETRIEVAL,WU3-Q4,PROC-DIRECT-EXECUTE-01,Mastery representation,constructed response,Mastery,U2-MG04,1-2,Apply,
U2-S24-ETA-001,Exit Ticket A,2.4,Exit Ticket A Q1,I can use slope and intercept information to interpret similarities and differences.,2.4-EXIT-INTRO,ETA-Q1,EVIDENCE-SHORT-MICROSET-01,Current-section representation,constructed response,Intro,,1-2,Apply,
U2-S24-ETA-002,Exit Ticket A,2.4,Exit Ticket A Q2,I can construct comparison models for linear relationships shown in different forms.,2.4-EXIT-INTRO,ETA-Q2,EVIDENCE-SHORT-MICROSET-01,Current-section representation,constructed response,Intro,,1-2,Apply,
U2-S24-ETA-003,Exit Ticket A,2.4,Exit Ticket A Q3,I can critique conclusions about linear relationships using evidence from representations.,2.4-EXIT-INTRO,ETA-Q3,EVIDENCE-SHORT-MICROSET-01,Current-section representation,constructed response,Intro,,1-2,Apply,
U2-S24-ETA-004,Exit Ticket A,2.4,Exit Ticket A Q4,I can use slope and intercept information to interpret similarities and differences.,2.4-EXIT-INTRO,ETA-Q4,EVIDENCE-SHORT-MICROSET-01,Current-section representation,constructed response,Intro,,1-2,Apply,
U2-S24-ETB-001,Exit Ticket B,2.4,Exit Ticket B Q1,"Recognize common function families from graphs, tables, equations, and contexts.",2.4-EXIT-REVIEW,ETB-Q1,EVIDENCE-SHORT-MICROSET-01,Review representation,constructed response,Review,,1-2,Apply,
U2-S24-ETB-002,Exit Ticket B,2.4,Exit Ticket B Q2,"Recognize common function families from graphs, tables, equations, and contexts.",2.4-EXIT-REVIEW,ETB-Q2,EVIDENCE-SHORT-MICROSET-01,Review representation,constructed response,Review,,1-2,Apply,
U2-S24-ETB-003,Exit Ticket B,2.4,Exit Ticket B Q3,"Recognize common function families from graphs, tables, equations, and contexts.",2.4-EXIT-REVIEW,ETB-Q3,EVIDENCE-SHORT-MICROSET-01,Review representation,constructed response,Review,,1-2,Apply,
U2-S24-ETB-004,Exit Ticket B,2.4,Exit Ticket B Q4,"Recognize common function families from graphs, tables, equations, and contexts.",2.4-EXIT-REVIEW,ETB-Q4,EVIDENCE-SHORT-MICROSET-01,Review representation,constructed response,Review,,1-2,Apply,
U2-S24-ETC-001,Exit Ticket C,2.4,Exit Ticket C Q1,"Compare relationships using equations, graphs, tables, visual patterns, and contexts, then justify conclusions.",2.4-EXIT-MASTERY,ETC-Q1,EVIDENCE-SHORT-MICROSET-01,Mastery representation,constructed response,Mastery,U2-MG04,1-2,Apply,
U2-S24-ETC-002,Exit Ticket C,2.4,Exit Ticket C Q2,"Compare relationships using equations, graphs, tables, visual patterns, and contexts, then justify conclusions.",2.4-EXIT-MASTERY,ETC-Q2,EVIDENCE-SHORT-MICROSET-01,Mastery representation,constructed response,Mastery,U2-MG04,1-2,Apply,
U2-S24-ETC-003,Exit Ticket C,2.4,Exit Ticket C Q3,"Compare relationships using equations, graphs, tables, visual patterns, and contexts, then justify conclusions.",2.4-EXIT-MASTERY,ETC-Q3,EVIDENCE-SHORT-MICROSET-01,Mastery representation,constructed response,Mastery,U2-MG04,1-2,Apply,
U2-S24-ETC-004,Exit Ticket C,2.4,Exit Ticket C Q4,"Compare relationships using equations, graphs, tables, visual patterns, and contexts, then justify conclusions.",2.4-EXIT-MASTERY,ETC-Q4,EVIDENCE-SHORT-MICROSET-01,Mastery representation,constructed response,Mastery,U2-MG04,1-2,Apply,
U2-S25-WU1-001,Warm-Up 1,2.5,Warm-Up 1 Q1,"Accurately perform operations with integers, fractions, and decimals while interpreting results in mathematical and contextual situations.",DIAMOND-INTEGER-RETRIEVAL,WU1-Q1,FACTORPAIR-SUM-PRODUCT-PUZZLE-01,Diamond diagram,constructed response,Retrieval,,1-2,Apply,
U2-S25-WU1-002,Warm-Up 1,2.5,Warm-Up 1 Q2,"Write, solve, and interpret equations that model situations.",2.5-REVIEW-RETRIEVAL,WU1-Q2,PROC-DIRECT-EXECUTE-01,Review representation,constructed response,Review,,1-2,Apply,
U2-S25-WU1-003,Warm-Up 1,2.5,Warm-Up 1 Q3,"Write, solve, and interpret equations that model situations.",2.5-REVIEW-RETRIEVAL,WU1-Q3,PROC-DIRECT-EXECUTE-01,Review representation,constructed response,Review,,1-2,Apply,
U2-S25-WU1-004,Warm-Up 1,2.5,Warm-Up 1 Q4,"Write, solve, and interpret equations that model situations.",2.5-REVIEW-RETRIEVAL,WU1-Q4,PROC-DIRECT-EXECUTE-01,Review representation,constructed response,Review,,1-2,Apply,
U2-S25-WU2-001,Warm-Up 2,2.5,Warm-Up 2 Q1,I can design linear models that represent patterns in real-world data.,2.5-INTRO-RETRIEVAL,WU2-Q1,PROC-DIRECT-EXECUTE-01,Current-section representation,constructed response,Intro,,1-2,Apply,
U2-S25-WU2-002,Warm-Up 2,2.5,Warm-Up 2 Q2,I can predict values using a linear model and interpret the result.,2.5-INTRO-RETRIEVAL,WU2-Q2,PROC-DIRECT-EXECUTE-01,Current-section representation,constructed response,Intro,,1-2,Apply,
U2-S25-WU2-003,Warm-Up 2,2.5,Warm-Up 2 Q3,"Write, solve, and interpret equations that model situations.",2.5-REVIEW-RETRIEVAL,WU2-Q3,PROC-DIRECT-EXECUTE-01,Review representation,constructed response,Review,,1-2,Apply,
U2-S25-WU2-004,Warm-Up 2,2.5,Warm-Up 2 Q4,"Identify patterns and represent relationships using input-output rules, tables, words, and symbols.",2.5-MASTERY-RETRIEVAL,WU2-Q4,PROC-DIRECT-EXECUTE-01,Mastery representation,constructed response,Mastery,U2-MG02,1-2,Apply,
U2-S25-WU3-001,Warm-Up 3,2.5,Warm-Up 3 Q1,I can assess whether a linear model fits a data situation well enough for the question being asked.,2.5-INTRO-RETRIEVAL,WU3-Q1,PROC-DIRECT-EXECUTE-01,Current-section representation,constructed response,Intro,,1-2,Apply,
U2-S25-WU3-002,Warm-Up 3,2.5,Warm-Up 3 Q2,"Write, solve, and interpret equations that model situations.",2.5-REVIEW-RETRIEVAL,WU3-Q2,PROC-DIRECT-EXECUTE-01,Review representation,constructed response,Review,,1-2,Apply,
U2-S25-WU3-003,Warm-Up 3,2.5,Warm-Up 3 Q3,"Identify patterns and represent relationships using input-output rules, tables, words, and symbols.",2.5-MASTERY-RETRIEVAL,WU3-Q3,PROC-DIRECT-EXECUTE-01,Mastery representation,constructed response,Mastery,U2-MG02,1-2,Apply,
U2-S25-WU3-004,Warm-Up 3,2.5,Warm-Up 3 Q4,"Identify patterns and represent relationships using input-output rules, tables, words, and symbols.",2.5-MASTERY-RETRIEVAL,WU3-Q4,PROC-DIRECT-EXECUTE-01,Mastery representation,constructed response,Mastery,U2-MG02,1-2,Apply,
U2-S25-ETA-001,Exit Ticket A,2.5,Exit Ticket A Q1,I can design linear models that represent patterns in real-world data.,2.5-EXIT-INTRO,ETA-Q1,EVIDENCE-SHORT-MICROSET-01,Current-section representation,constructed response,Intro,,1-2,Apply,
U2-S25-ETA-002,Exit Ticket A,2.5,Exit Ticket A Q2,I can predict values using a linear model and interpret the result.,2.5-EXIT-INTRO,ETA-Q2,EVIDENCE-SHORT-MICROSET-01,Current-section representation,constructed response,Intro,,1-2,Apply,
U2-S25-ETA-003,Exit Ticket A,2.5,Exit Ticket A Q3,I can assess whether a linear model fits a data situation well enough for the question being asked.,2.5-EXIT-INTRO,ETA-Q3,EVIDENCE-SHORT-MICROSET-01,Current-section representation,constructed response,Intro,,1-2,Apply,
U2-S25-ETA-004,Exit Ticket A,2.5,Exit Ticket A Q4,I can design linear models that represent patterns in real-world data.,2.5-EXIT-INTRO,ETA-Q4,EVIDENCE-SHORT-MICROSET-01,Current-section representation,constructed response,Intro,,1-2,Apply,
U2-S25-ETB-001,Exit Ticket B,2.5,Exit Ticket B Q1,"Write, solve, and interpret equations that model situations.",2.5-EXIT-REVIEW,ETB-Q1,EVIDENCE-SHORT-MICROSET-01,Review representation,constructed response,Review,,1-2,Apply,
U2-S25-ETB-002,Exit Ticket B,2.5,Exit Ticket B Q2,"Write, solve, and interpret equations that model situations.",2.5-EXIT-REVIEW,ETB-Q2,EVIDENCE-SHORT-MICROSET-01,Review representation,constructed response,Review,,1-2,Apply,
U2-S25-ETB-003,Exit Ticket B,2.5,Exit Ticket B Q3,"Write, solve, and interpret equations that model situations.",2.5-EXIT-REVIEW,ETB-Q3,EVIDENCE-SHORT-MICROSET-01,Review representation,constructed response,Review,,1-2,Apply,
U2-S25-ETB-004,Exit Ticket B,2.5,Exit Ticket B Q4,"Write, solve, and interpret equations that model situations.",2.5-EXIT-REVIEW,ETB-Q4,EVIDENCE-SHORT-MICROSET-01,Review representation,constructed response,Review,,1-2,Apply,
U2-S25-ETC-001,Exit Ticket C,2.5,Exit Ticket C Q1,"Identify patterns and represent relationships using input-output rules, tables, words, and symbols.",2.5-EXIT-MASTERY,ETC-Q1,EVIDENCE-SHORT-MICROSET-01,Mastery representation,constructed response,Mastery,U2-MG02,1-2,Apply,
U2-S25-ETC-002,Exit Ticket C,2.5,Exit Ticket C Q2,"Identify patterns and represent relationships using input-output rules, tables, words, and symbols.",2.5-EXIT-MASTERY,ETC-Q2,EVIDENCE-SHORT-MICROSET-01,Mastery representation,constructed response,Mastery,U2-MG02,1-2,Apply,
U2-S25-ETC-003,Exit Ticket C,2.5,Exit Ticket C Q3,"Identify patterns and represent relationships using input-output rules, tables, words, and symbols.",2.5-EXIT-MASTERY,ETC-Q3,EVIDENCE-SHORT-MICROSET-01,Mastery representation,constructed response,Mastery,U2-MG02,1-2,Apply,
U2-S25-ETC-004,Exit Ticket C,2.5,Exit Ticket C Q4,"Identify patterns and represent relationships using input-output rules, tables, words, and symbols.",2.5-EXIT-MASTERY,ETC-Q4,EVIDENCE-SHORT-MICROSET-01,Mastery representation,constructed response,Mastery,U2-MG02,1-2,Apply,
U2-SUM-V1-Q01,Secure Summative V1,Summative,V1 Question 1,"Interpret and create coordinate-plane graphs, including ordered pairs, axes, scales, and intercepts, in mathematical and contextual situations.",SUM-COORD-READ,V1-COORD-READ,GRAPH-INFER-BEHAVIOR-01,Graph + Ordered pairs,constructed response,Summative,U2-MG01,2,Apply,V1
U2-SUM-V1-Q02,Secure Summative V1,Summative,V1 Question 2,"Interpret and create coordinate-plane graphs, including ordered pairs, axes, scales, and intercepts, in mathematical and contextual situations.",SUM-COORD-CREATE,V1-COORD-CREATE,GRAPH-CONSTRUCT-FROM-CONSTRAINTS-01,Student-built graph + Equation,constructed response,Summative,U2-MG01,2,Apply,V1
U2-SUM-V1-Q03,Secure Summative V1,Summative,V1 Question 3,"Represent patterns with input-output tables, verbal rules, symbolic rules, and ordered pairs, then use the rule to extend the relationship.",SUM-PATTERN-RULE,V1-PATTERN-RULE,PATTERN-GENERALIZE-CLOSED-FORM-01,Table + Verbal rule + Equation,constructed response,Summative,U2-MG02,1-2,Apply,V1
U2-SUM-V1-Q04,Secure Summative V1,Summative,V1 Question 4,"Represent patterns with input-output tables, verbal rules, symbolic rules, and ordered pairs, then use the rule to extend the relationship.",SUM-PATTERN-REVERSE,V1-PATTERN-REVERSE,INVERSE-GIVEN-OUTPUT-FIND-INPUT-01,Equation + Input-output reasoning,constructed response,Summative,U2-MG02,1-2,Apply,V1
U2-SUM-V1-Q05,Secure Summative V1,Summative,V1 Question 5,"Recognize constant rate of change and represent linear relationships with tables, graphs, equations, slope, and starting value.",SUM-SLOPE-TABLE,V1-SLOPE-TABLE,REPTRANS-GRAPH-TABLE-EQUATION-01,Table + Slope + Equation,constructed response,Summative,U2-MG03,2,Apply,V1
U2-SUM-V1-Q06,Secure Summative V1,Summative,V1 Question 6,"Recognize constant rate of change and represent linear relationships with tables, graphs, equations, slope, and starting value.",SUM-LINEAR-CONTEXT,V1-LINEAR-CONTEXT,MULTISTEP-REAL-CONTEXT-DECOMPOSE-01,Context + Equation,constructed response,Summative,U2-MG03,1-2,Apply,V1
U2-SUM-V1-Q07,Secure Summative V1,Summative,V1 Question 7,"Compare relationships across equations, graphs, tables, visual patterns, and contexts and justify conclusions with representation evidence.",SUM-COMPARE-EQ-TABLE,V1-COMPARE-EQ-TABLE,MODEL-COMPARE-TWO-LINEAR-01,Equation + Table,constructed response,Summative,U2-MG04,2-3,Analyze,V1
U2-SUM-V1-Q08,Secure Summative V1,Summative,V1 Question 8,"Compare relationships across equations, graphs, tables, visual patterns, and contexts and justify conclusions with representation evidence.",SUM-COMPARE-CLAIM,V1-COMPARE-CLAIM,ERROR-CRITIQUE-CLAIM-01,Equations + Claim,constructed response,Summative,U2-MG04,2-3,Analyze,V1
U2-SUM-V1-Q09,Secure Summative V1,Summative,V1 Question 9,"Recognize constant rate of change and represent linear relationships with tables, graphs, equations, slope, and starting value.",SUM-DATA-MODEL,V1-DATA-MODEL,DATA-BESTFIT-PREDICT-01,Data table + Linear model,constructed response,Summative,U2-MG03,2-3,Analyze,V1
U2-SUM-V1-Q10,Secure Summative V1,Summative,V1 Question 10,"Compare relationships across equations, graphs, tables, visual patterns, and contexts and justify conclusions with representation evidence.",SUM-INTEGRATED,V1-INTEGRATED,TRANSFER-NOVEL-CONTEXT-01,Context + Equations + Comparison,constructed response,Summative,U2-MG04,2-3,Apply,V1
U2-SUM-V2-Q01,Secure Summative V2,Summative,V2 Question 1,"Recognize constant rate of change and represent linear relationships with tables, graphs, equations, slope, and starting value.",SUM-LINEAR-CONTEXT,V2-LINEAR-CONTEXT,MULTISTEP-REAL-CONTEXT-DECOMPOSE-01,Context + Equation,constructed response,Summative,U2-MG03,1-2,Apply,V2
U2-SUM-V2-Q02,Secure Summative V2,Summative,V2 Question 2,"Interpret and create coordinate-plane graphs, including ordered pairs, axes, scales, and intercepts, in mathematical and contextual situations.",SUM-COORD-READ,V2-COORD-READ,GRAPH-INFER-BEHAVIOR-01,Graph + Ordered pairs,constructed response,Summative,U2-MG01,2,Apply,V2
U2-SUM-V2-Q03,Secure Summative V2,Summative,V2 Question 3,"Compare relationships across equations, graphs, tables, visual patterns, and contexts and justify conclusions with representation evidence.",SUM-COMPARE-CLAIM,V2-COMPARE-CLAIM,ERROR-CRITIQUE-CLAIM-01,Equations + Claim,constructed response,Summative,U2-MG04,2-3,Analyze,V2
U2-SUM-V2-Q04,Secure Summative V2,Summative,V2 Question 4,"Represent patterns with input-output tables, verbal rules, symbolic rules, and ordered pairs, then use the rule to extend the relationship.",SUM-PATTERN-REVERSE,V2-PATTERN-REVERSE,INVERSE-GIVEN-OUTPUT-FIND-INPUT-01,Equation + Input-output reasoning,constructed response,Summative,U2-MG02,1-2,Apply,V2
U2-SUM-V2-Q05,Secure Summative V2,Summative,V2 Question 5,"Interpret and create coordinate-plane graphs, including ordered pairs, axes, scales, and intercepts, in mathematical and contextual situations.",SUM-COORD-CREATE,V2-COORD-CREATE,GRAPH-CONSTRUCT-FROM-CONSTRAINTS-01,Student-built graph + Equation,constructed response,Summative,U2-MG01,2,Apply,V2
U2-SUM-V2-Q06,Secure Summative V2,Summative,V2 Question 6,"Recognize constant rate of change and represent linear relationships with tables, graphs, equations, slope, and starting value.",SUM-DATA-MODEL,V2-DATA-MODEL,DATA-BESTFIT-PREDICT-01,Data table + Linear model,constructed response,Summative,U2-MG03,2-3,Analyze,V2
U2-SUM-V2-Q07,Secure Summative V2,Summative,V2 Question 7,"Recognize constant rate of change and represent linear relationships with tables, graphs, equations, slope, and starting value.",SUM-SLOPE-TABLE,V2-SLOPE-TABLE,REPTRANS-GRAPH-TABLE-EQUATION-01,Table + Slope + Equation,constructed response,Summative,U2-MG03,2,Apply,V2
U2-SUM-V2-Q08,Secure Summative V2,Summative,V2 Question 8,"Represent patterns with input-output tables, verbal rules, symbolic rules, and ordered pairs, then use the rule to extend the relationship.",SUM-PATTERN-RULE,V2-PATTERN-RULE,PATTERN-GENERALIZE-CLOSED-FORM-01,Table + Verbal rule + Equation,constructed response,Summative,U2-MG02,1-2,Apply,V2
U2-SUM-V2-Q09,Secure Summative V2,Summative,V2 Question 9,"Compare relationships across equations, graphs, tables, visual patterns, and contexts and justify conclusions with representation evidence.",SUM-INTEGRATED,V2-INTEGRATED,TRANSFER-NOVEL-CONTEXT-01,Context + Equations + Comparison,constructed response,Summative,U2-MG04,2-3,Apply,V2
U2-SUM-V2-Q10,Secure Summative V2,Summative,V2 Question 10,"Compare relationships across equations, graphs, tables, visual patterns, and contexts and justify conclusions with representation evidence.",SUM-COMPARE-EQ-TABLE,V2-COMPARE-EQ-TABLE,MODEL-COMPARE-TWO-LINEAR-01,Equation + Table,constructed response,Summative,U2-MG04,2-3,Analyze,V2
U2-SUM-V3-Q01,Secure Summative V3,Summative,V3 Question 1,"Represent patterns with input-output tables, verbal rules, symbolic rules, and ordered pairs, then use the rule to extend the relationship.",SUM-PATTERN-REVERSE,V3-PATTERN-REVERSE,INVERSE-GIVEN-OUTPUT-FIND-INPUT-01,Equation + Input-output reasoning,constructed response,Summative,U2-MG02,1-2,Apply,V3
U2-SUM-V3-Q02,Secure Summative V3,Summative,V3 Question 2,"Compare relationships across equations, graphs, tables, visual patterns, and contexts and justify conclusions with representation evidence.",SUM-COMPARE-EQ-TABLE,V3-COMPARE-EQ-TABLE,MODEL-COMPARE-TWO-LINEAR-01,Equation + Table,constructed response,Summative,U2-MG04,2-3,Analyze,V3
U2-SUM-V3-Q03,Secure Summative V3,Summative,V3 Question 3,"Interpret and create coordinate-plane graphs, including ordered pairs, axes, scales, and intercepts, in mathematical and contextual situations.",SUM-COORD-CREATE,V3-COORD-CREATE,GRAPH-CONSTRUCT-FROM-CONSTRAINTS-01,Student-built graph + Equation,constructed response,Summative,U2-MG01,2,Apply,V3
U2-SUM-V3-Q04,Secure Summative V3,Summative,V3 Question 4,"Recognize constant rate of change and represent linear relationships with tables, graphs, equations, slope, and starting value.",SUM-DATA-MODEL,V3-DATA-MODEL,DATA-BESTFIT-PREDICT-01,Data table + Linear model,constructed response,Summative,U2-MG03,2-3,Analyze,V3
U2-SUM-V3-Q05,Secure Summative V3,Summative,V3 Question 5,"Recognize constant rate of change and represent linear relationships with tables, graphs, equations, slope, and starting value.",SUM-LINEAR-CONTEXT,V3-LINEAR-CONTEXT,MULTISTEP-REAL-CONTEXT-DECOMPOSE-01,Context + Equation,constructed response,Summative,U2-MG03,1-2,Apply,V3
U2-SUM-V3-Q06,Secure Summative V3,Summative,V3 Question 6,"Interpret and create coordinate-plane graphs, including ordered pairs, axes, scales, and intercepts, in mathematical and contextual situations.",SUM-COORD-READ,V3-COORD-READ,GRAPH-INFER-BEHAVIOR-01,Graph + Ordered pairs,constructed response,Summative,U2-MG01,2,Apply,V3
U2-SUM-V3-Q07,Secure Summative V3,Summative,V3 Question 7,"Compare relationships across equations, graphs, tables, visual patterns, and contexts and justify conclusions with representation evidence.",SUM-INTEGRATED,V3-INTEGRATED,TRANSFER-NOVEL-CONTEXT-01,Context + Equations + Comparison,constructed response,Summative,U2-MG04,2-3,Apply,V3
U2-SUM-V3-Q08,Secure Summative V3,Summative,V3 Question 8,"Recognize constant rate of change and represent linear relationships with tables, graphs, equations, slope, and starting value.",SUM-SLOPE-TABLE,V3-SLOPE-TABLE,REPTRANS-GRAPH-TABLE-EQUATION-01,Table + Slope + Equation,constructed response,Summative,U2-MG03,2,Apply,V3
U2-SUM-V3-Q09,Secure Summative V3,Summative,V3 Question 9,"Compare relationships across equations, graphs, tables, visual patterns, and contexts and justify conclusions with representation evidence.",SUM-COMPARE-CLAIM,V3-COMPARE-CLAIM,ERROR-CRITIQUE-CLAIM-01,Equations + Claim,constructed response,Summative,U2-MG04,2-3,Analyze,V3
U2-SUM-V3-Q10,Secure Summative V3,Summative,V3 Question 10,"Represent patterns with input-output tables, verbal rules, symbolic rules, and ordered pairs, then use the rule to extend the relationship.",SUM-PATTERN-RULE,V3-PATTERN-RULE,PATTERN-GENERALIZE-CLOSED-FORM-01,Table + Verbal rule + Equation,constructed response,Summative,U2-MG02,1-2,Apply,V3
U2-SUM-V4-Q01,Secure Summative V4,Summative,V4 Question 1,"Recognize constant rate of change and represent linear relationships with tables, graphs, equations, slope, and starting value.",SUM-DATA-MODEL,V4-DATA-MODEL,DATA-BESTFIT-PREDICT-01,Data table + Linear model,constructed response,Summative,U2-MG03,2-3,Analyze,V4
U2-SUM-V4-Q02,Secure Summative V4,Summative,V4 Question 2,"Represent patterns with input-output tables, verbal rules, symbolic rules, and ordered pairs, then use the rule to extend the relationship.",SUM-PATTERN-RULE,V4-PATTERN-RULE,PATTERN-GENERALIZE-CLOSED-FORM-01,Table + Verbal rule + Equation,constructed response,Summative,U2-MG02,1-2,Apply,V4
U2-SUM-V4-Q03,Secure Summative V4,Summative,V4 Question 3,"Recognize constant rate of change and represent linear relationships with tables, graphs, equations, slope, and starting value.",SUM-SLOPE-TABLE,V4-SLOPE-TABLE,REPTRANS-GRAPH-TABLE-EQUATION-01,Table + Slope + Equation,constructed response,Summative,U2-MG03,2,Apply,V4
U2-SUM-V4-Q04,Secure Summative V4,Summative,V4 Question 4,"Interpret and create coordinate-plane graphs, including ordered pairs, axes, scales, and intercepts, in mathematical and contextual situations.",SUM-COORD-READ,V4-COORD-READ,GRAPH-INFER-BEHAVIOR-01,Graph + Ordered pairs,constructed response,Summative,U2-MG01,2,Apply,V4
U2-SUM-V4-Q05,Secure Summative V4,Summative,V4 Question 5,"Compare relationships across equations, graphs, tables, visual patterns, and contexts and justify conclusions with representation evidence.",SUM-COMPARE-EQ-TABLE,V4-COMPARE-EQ-TABLE,MODEL-COMPARE-TWO-LINEAR-01,Equation + Table,constructed response,Summative,U2-MG04,2-3,Analyze,V4
U2-SUM-V4-Q06,Secure Summative V4,Summative,V4 Question 6,"Compare relationships across equations, graphs, tables, visual patterns, and contexts and justify conclusions with representation evidence.",SUM-INTEGRATED,V4-INTEGRATED,TRANSFER-NOVEL-CONTEXT-01,Context + Equations + Comparison,constructed response,Summative,U2-MG04,2-3,Apply,V4
U2-SUM-V4-Q07,Secure Summative V4,Summative,V4 Question 7,"Interpret and create coordinate-plane graphs, including ordered pairs, axes, scales, and intercepts, in mathematical and contextual situations.",SUM-COORD-CREATE,V4-COORD-CREATE,GRAPH-CONSTRUCT-FROM-CONSTRAINTS-01,Student-built graph + Equation,constructed response,Summative,U2-MG01,2,Apply,V4
U2-SUM-V4-Q08,Secure Summative V4,Summative,V4 Question 8,"Recognize constant rate of change and represent linear relationships with tables, graphs, equations, slope, and starting value.",SUM-LINEAR-CONTEXT,V4-LINEAR-CONTEXT,MULTISTEP-REAL-CONTEXT-DECOMPOSE-01,Context + Equation,constructed response,Summative,U2-MG03,1-2,Apply,V4
U2-SUM-V4-Q09,Secure Summative V4,Summative,V4 Question 9,"Represent patterns with input-output tables, verbal rules, symbolic rules, and ordered pairs, then use the rule to extend the relationship.",SUM-PATTERN-REVERSE,V4-PATTERN-REVERSE,INVERSE-GIVEN-OUTPUT-FIND-INPUT-01,Equation + Input-output reasoning,constructed response,Summative,U2-MG02,1-2,Apply,V4
U2-SUM-V4-Q10,Secure Summative V4,Summative,V4 Question 10,"Compare relationships across equations, graphs, tables, visual patterns, and contexts and justify conclusions with representation evidence.",SUM-COMPARE-CLAIM,V4-COMPARE-CLAIM,ERROR-CRITIQUE-CLAIM-01,Equations + Claim,constructed response,Summative,U2-MG04,2-3,Analyze,V4
U2-SUM-V5-Q01,Secure Summative V5,Summative,V5 Question 1,"Recognize constant rate of change and represent linear relationships with tables, graphs, equations, slope, and starting value.",SUM-ALT-SCATTER,V5-ALT-SCATTER,DATA-BESTFIT-PREDICT-01,Scatter plot + Prediction,constructed response,Summative,U2-MG03,2-3,Analyze,V5
U2-SUM-V5-Q02,Secure Summative V5,Summative,V5 Question 2,"Represent patterns with input-output tables, verbal rules, symbolic rules, and ordered pairs, then use the rule to extend the relationship.",SUM-ALT-PATTERN-WORDS,V5-ALT-PATTERN-WORDS,PATTERN-GENERALIZE-CLOSED-FORM-01,Pattern + Table + Equation,constructed response,Summative,U2-MG02,1-2,Apply,V5
U2-SUM-V5-Q03,Secure Summative V5,Summative,V5 Question 3,"Compare relationships across equations, graphs, tables, visual patterns, and contexts and justify conclusions with representation evidence.",SUM-ALT-SCALE-CRITIQUE,V5-ALT-SCALE-CRITIQUE,ERROR-CRITIQUE-CLAIM-01,Graph-scale reasoning,constructed response,Summative,U2-MG04,2-3,Analyze,V5
U2-SUM-V5-Q04,Secure Summative V5,Summative,V5 Question 4,"Interpret and create coordinate-plane graphs, including ordered pairs, axes, scales, and intercepts, in mathematical and contextual situations.",SUM-ALT-COORD-CONTEXT,V5-ALT-COORD-CONTEXT,GRAPH-CONSTRUCT-FROM-CONSTRAINTS-01,Context + Ordered pairs + Student-built graph,constructed response,Summative,U2-MG01,2,Apply,V5
U2-SUM-V5-Q05,Secure Summative V5,Summative,V5 Question 5,"Recognize constant rate of change and represent linear relationships with tables, graphs, equations, slope, and starting value.",SUM-ALT-MODEL-FIT,V5-ALT-MODEL-FIT,MODEL-SELECT-BEST-FIT-01,Observed/predicted table,constructed response,Summative,U2-MG03,2-3,Apply,V5
U2-SUM-V5-Q06,Secure Summative V5,Summative,V5 Question 6,"Recognize constant rate of change and represent linear relationships with tables, graphs, equations, slope, and starting value.",SUM-ALT-SPECIAL-SLOPE,V5-ALT-SPECIAL-SLOPE,CONDITION-CLASSIFY-CASE-01,Equations + Graph features,constructed response,Summative,U2-MG03,1-2,Apply,V5
U2-SUM-V5-Q07,Secure Summative V5,Summative,V5 Question 7,"Compare relationships across equations, graphs, tables, visual patterns, and contexts and justify conclusions with representation evidence.",SUM-ALT-CONTEXT-CROSS,V5-ALT-CONTEXT-CROSS,COMPARE-EFFICIENCY-CONTEXT-01,Context + Equations + Decision,constructed response,Summative,U2-MG04,1-2,Analyze,V5
U2-SUM-V5-Q08,Secure Summative V5,Summative,V5 Question 8,"Represent patterns with input-output tables, verbal rules, symbolic rules, and ordered pairs, then use the rule to extend the relationship.",SUM-ALT-RULE-MISSING,V5-ALT-RULE-MISSING,TABLE-RECONSTRUCT-MISSING-CELLS-01,Table + Equation,constructed response,Summative,U2-MG02,1-2,Apply,V5
U2-SUM-V5-Q09,Secure Summative V5,Summative,V5 Question 9,"Compare relationships across equations, graphs, tables, visual patterns, and contexts and justify conclusions with representation evidence.",SUM-ALT-INTEGRATED-MODEL,V5-ALT-INTEGRATED-MODEL,FRQ-MULTIPART-SHARED-CONTEXT-01,Ordered pairs + Equation + Comparison,constructed response,Summative,U2-MG04,2-3,Apply,V5
U2-SUM-V5-Q10,Secure Summative V5,Summative,V5 Question 10,"Compare relationships across equations, graphs, tables, visual patterns, and contexts and justify conclusions with representation evidence.",SUM-ALT-COMPARE-CROSS,V5-ALT-COMPARE-CROSS,MODEL-COMPARE-TWO-LINEAR-01,Table + Equation,constructed response,Summative,U2-MG04,2-3,Analyze,V5
U2-SUM-V6-Q01,Secure Summative V6,Summative,V6 Question 1,"Compare relationships across equations, graphs, tables, visual patterns, and contexts and justify conclusions with representation evidence.",SUM-ALT-CONTEXT-CROSS,V6-ALT-CONTEXT-CROSS,COMPARE-EFFICIENCY-CONTEXT-01,Context + Equations + Decision,constructed response,Summative,U2-MG04,1-2,Analyze,V6
U2-SUM-V6-Q02,Secure Summative V6,Summative,V6 Question 2,"Represent patterns with input-output tables, verbal rules, symbolic rules, and ordered pairs, then use the rule to extend the relationship.",SUM-ALT-RULE-MISSING,V6-ALT-RULE-MISSING,TABLE-RECONSTRUCT-MISSING-CELLS-01,Table + Equation,constructed response,Summative,U2-MG02,1-2,Apply,V6
U2-SUM-V6-Q03,Secure Summative V6,Summative,V6 Question 3,"Compare relationships across equations, graphs, tables, visual patterns, and contexts and justify conclusions with representation evidence.",SUM-ALT-COMPARE-CROSS,V6-ALT-COMPARE-CROSS,MODEL-COMPARE-TWO-LINEAR-01,Table + Equation,constructed response,Summative,U2-MG04,2-3,Analyze,V6
U2-SUM-V6-Q04,Secure Summative V6,Summative,V6 Question 4,"Recognize constant rate of change and represent linear relationships with tables, graphs, equations, slope, and starting value.",SUM-ALT-MODEL-FIT,V6-ALT-MODEL-FIT,MODEL-SELECT-BEST-FIT-01,Observed/predicted table,constructed response,Summative,U2-MG03,2-3,Apply,V6
U2-SUM-V6-Q05,Secure Summative V6,Summative,V6 Question 5,"Interpret and create coordinate-plane graphs, including ordered pairs, axes, scales, and intercepts, in mathematical and contextual situations.",SUM-ALT-COORD-CONTEXT,V6-ALT-COORD-CONTEXT,GRAPH-CONSTRUCT-FROM-CONSTRAINTS-01,Context + Ordered pairs + Student-built graph,constructed response,Summative,U2-MG01,2,Apply,V6
U2-SUM-V6-Q06,Secure Summative V6,Summative,V6 Question 6,"Compare relationships across equations, graphs, tables, visual patterns, and contexts and justify conclusions with representation evidence.",SUM-ALT-SCALE-CRITIQUE,V6-ALT-SCALE-CRITIQUE,ERROR-CRITIQUE-CLAIM-01,Graph-scale reasoning,constructed response,Summative,U2-MG04,2-3,Analyze,V6
U2-SUM-V6-Q07,Secure Summative V6,Summative,V6 Question 7,"Represent patterns with input-output tables, verbal rules, symbolic rules, and ordered pairs, then use the rule to extend the relationship.",SUM-ALT-PATTERN-WORDS,V6-ALT-PATTERN-WORDS,PATTERN-GENERALIZE-CLOSED-FORM-01,Pattern + Table + Equation,constructed response,Summative,U2-MG02,1-2,Apply,V6
U2-SUM-V6-Q08,Secure Summative V6,Summative,V6 Question 8,"Compare relationships across equations, graphs, tables, visual patterns, and contexts and justify conclusions with representation evidence.",SUM-ALT-INTEGRATED-MODEL,V6-ALT-INTEGRATED-MODEL,FRQ-MULTIPART-SHARED-CONTEXT-01,Ordered pairs + Equation + Comparison,constructed response,Summative,U2-MG04,2-3,Apply,V6
U2-SUM-V6-Q09,Secure Summative V6,Summative,V6 Question 9,"Recognize constant rate of change and represent linear relationships with tables, graphs, equations, slope, and starting value.",SUM-ALT-SPECIAL-SLOPE,V6-ALT-SPECIAL-SLOPE,CONDITION-CLASSIFY-CASE-01,Equations + Graph features,constructed response,Summative,U2-MG03,1-2,Apply,V6
U2-SUM-V6-Q10,Secure Summative V6,Summative,V6 Question 10,"Recognize constant rate of change and represent linear relationships with tables, graphs, equations, slope, and starting value.",SUM-ALT-SCATTER,V6-ALT-SCATTER,DATA-BESTFIT-PREDICT-01,Scatter plot + Prediction,constructed response,Summative,U2-MG03,2-3,Analyze,V6
