bank_id,destination,section,spiral_stage,i_can,learning_target,question_family_id,variation,task_architecture,representation,response_type,mastery_goal,source_basis,summative_version
U6_S1_WTC_01,WTC,6.1,Intro,I can apply the zero product property to solve quadratic equations in factored form.,Students will solve quadratic equations using factored form and interpret solutions.,wtc_factor_zero_bridge,shared-graph,WTC-FRQ-PREVIEW-01,Graph + Equation,constructed/open response,,Unit 6 Assessment Plan + Algebra 1 Framework v6.34,
U6_S2_WTC_01,WTC,6.2,Intro,I can build perfect-square trinomials by adding the needed constant term.,Students will solve quadratic equations by completing the square and connect the process to vertex form.,wtc_complete_square_area,area-model,WTC-FRQ-PREVIEW-01,Diagram + Equation,constructed/open response,,Unit 6 Assessment Plan + Algebra 1 Framework v6.34,
U6_S3_WTC_01,WTC,6.3,Intro,I can assess how the discriminant predicts the number and type of real solutions.,Students will solve quadratic equations using the quadratic formula and interpret solutions.,wtc_solution_count_graph,three-graphs,WTC-FRQ-PREVIEW-01,Graph + Equation,constructed/open response,,Unit 6 Assessment Plan + Algebra 1 Framework v6.34,
U6_S4_WTC_01,WTC,6.4,Intro,I can formulate a solution-method plan based on the structure of a quadratic equation.,"Students will compare factoring, completing the square, and the quadratic formula and select efficient solution methods.",wtc_method_selection,method-table,WTC-FRQ-PREVIEW-01,Table + Equations,constructed/open response,,Unit 6 Assessment Plan + Algebra 1 Framework v6.34,
U6_S5_WTC_01,WTC,6.5,Intro,"I can extend quadratic models to predict maximums, minimums, intercepts, and meaningful solution values.","Students will use quadratic functions to model real-world situations and interpret maximums, minimums, and intercepts.",wtc_projectile_features,context-graph,WTC-FRQ-PREVIEW-01,Graph + Context,constructed/open response,,Unit 6 Assessment Plan + Algebra 1 Framework v6.34,
U6_S1_EX_01,Notes Example,6.1,Intro,I can apply the zero product property to solve quadratic equations in factored form.,Students will solve quadratic equations using factored form and interpret solutions.,zero_product_direct,example-1,PROC-DIRECT-EXECUTE-01,Equation,constructed/open response,,Unit 6 Assessment Plan + Algebra 1 Framework v6.34,
U6_S1_YTI_01,Notes YTI,6.1,Intro,I can apply the zero product property to solve quadratic equations in factored form.,Students will solve quadratic equations using factored form and interpret solutions.,zero_product_direct,yti-1,PROC-DIRECT-EXECUTE-01,Equation,constructed/open response,,Unit 6 Assessment Plan + Algebra 1 Framework v6.34,
U6_S1_EX_02,Notes Example,6.1,Intro,"I can construct factored quadratic equations from given zeros, intercepts, or contextual constraints.",Students will solve quadratic equations using factored form and interpret solutions.,construct_from_zeros,example-2,PROC-DIRECT-EXECUTE-01,Equation,constructed/open response,,Unit 6 Assessment Plan + Algebra 1 Framework v6.34,
U6_S1_YTI_02,Notes YTI,6.1,Intro,"I can construct factored quadratic equations from given zeros, intercepts, or contextual constraints.",Students will solve quadratic equations using factored form and interpret solutions.,construct_from_zeros,yti-2,PROC-DIRECT-EXECUTE-01,Equation,constructed/open response,,Unit 6 Assessment Plan + Algebra 1 Framework v6.34,
U6_S1_EX_03,Notes Example,6.1,Intro,I can determine whether solutions make sense in relation to a graph or context.,Students will solve quadratic equations using factored form and interpret solutions.,graph_intercepts_solutions,example-3,FEATURE-IDENTIFY-FROM-REPRESENTATION-01,Graph + Equation,constructed/open response,,Unit 6 Assessment Plan + Algebra 1 Framework v6.34,
U6_S1_YTI_03,Notes YTI,6.1,Intro,I can determine whether solutions make sense in relation to a graph or context.,Students will solve quadratic equations using factored form and interpret solutions.,graph_intercepts_solutions,yti-3,FEATURE-IDENTIFY-FROM-REPRESENTATION-01,Graph + Equation,constructed/open response,,Unit 6 Assessment Plan + Algebra 1 Framework v6.34,
U6_S1_EX_04,Notes Example,6.1,Intro,I can determine whether solutions make sense in relation to a graph or context.,Students will solve quadratic equations using factored form and interpret solutions.,context_solution_reasonableness,example-4,VERIFY-REASONABLENESS-01,Context + Equation,constructed/open response,,Unit 6 Assessment Plan + Algebra 1 Framework v6.34,
U6_S1_YTI_04,Notes YTI,6.1,Intro,I can determine whether solutions make sense in relation to a graph or context.,Students will solve quadratic equations using factored form and interpret solutions.,context_solution_reasonableness,yti-4,VERIFY-REASONABLENESS-01,Context + Equation,constructed/open response,,Unit 6 Assessment Plan + Algebra 1 Framework v6.34,
U6_S1_EX_05,Notes Example,6.1,Intro,I can determine whether solutions make sense in relation to a graph or context.,Students will solve quadratic equations using factored form and interpret solutions.,repeated_root_interpretation,example-5,FEATURE-EVALUATE-VS-SOLVE-01,Equation + Graph feature,constructed/open response,,Unit 6 Assessment Plan + Algebra 1 Framework v6.34,
U6_S1_YTI_05,Notes YTI,6.1,Intro,I can determine whether solutions make sense in relation to a graph or context.,Students will solve quadratic equations using factored form and interpret solutions.,repeated_root_interpretation,yti-5,FEATURE-EVALUATE-VS-SOLVE-01,Equation + Graph feature,constructed/open response,,Unit 6 Assessment Plan + Algebra 1 Framework v6.34,
U6_S1_EX_06,Notes Example,6.1,Intro,"I can construct factored quadratic equations from given zeros, intercepts, or contextual constraints.",Students will solve quadratic equations using factored form and interpret solutions.,table_zeros_to_factors,example-6,REPTRANS-GRAPH-TABLE-EQUATION-01,Table + Equation,constructed/open response,,Unit 6 Assessment Plan + Algebra 1 Framework v6.34,
U6_S1_YTI_06,Notes YTI,6.1,Intro,"I can construct factored quadratic equations from given zeros, intercepts, or contextual constraints.",Students will solve quadratic equations using factored form and interpret solutions.,table_zeros_to_factors,yti-6,REPTRANS-GRAPH-TABLE-EQUATION-01,Table + Equation,constructed/open response,,Unit 6 Assessment Plan + Algebra 1 Framework v6.34,
U6_S2_EX_01,Notes Example,6.2,Intro,I can build perfect-square trinomials by adding the needed constant term.,Students will solve quadratic equations by completing the square and connect the process to vertex form.,complete_square_constant,example-1,PROC-DIRECT-EXECUTE-01,Equation,constructed/open response,,Unit 6 Assessment Plan + Algebra 1 Framework v6.34,
U6_S2_YTI_01,Notes YTI,6.2,Intro,I can build perfect-square trinomials by adding the needed constant term.,Students will solve quadratic equations by completing the square and connect the process to vertex form.,complete_square_constant,yti-1,PROC-DIRECT-EXECUTE-01,Equation,constructed/open response,,Unit 6 Assessment Plan + Algebra 1 Framework v6.34,
U6_S2_EX_02,Notes Example,6.2,Intro,I can use completing the square to solve quadratic equations and write equivalent vertex-form expressions.,Students will solve quadratic equations by completing the square and connect the process to vertex form.,complete_square_solve,example-2,PROC-DIRECT-EXECUTE-01,Equation,constructed/open response,,Unit 6 Assessment Plan + Algebra 1 Framework v6.34,
U6_S2_YTI_02,Notes YTI,6.2,Intro,I can use completing the square to solve quadratic equations and write equivalent vertex-form expressions.,Students will solve quadratic equations by completing the square and connect the process to vertex form.,complete_square_solve,yti-2,PROC-DIRECT-EXECUTE-01,Equation,constructed/open response,,Unit 6 Assessment Plan + Algebra 1 Framework v6.34,
U6_S2_EX_03,Notes Example,6.2,Intro,I can use completing the square to solve quadratic equations and write equivalent vertex-form expressions.,Students will solve quadratic equations by completing the square and connect the process to vertex form.,standard_to_vertex,example-3,PROC-DIRECT-EXECUTE-01,Equation,constructed/open response,,Unit 6 Assessment Plan + Algebra 1 Framework v6.34,
U6_S2_YTI_03,Notes YTI,6.2,Intro,I can use completing the square to solve quadratic equations and write equivalent vertex-form expressions.,Students will solve quadratic equations by completing the square and connect the process to vertex form.,standard_to_vertex,yti-3,PROC-DIRECT-EXECUTE-01,Equation,constructed/open response,,Unit 6 Assessment Plan + Algebra 1 Framework v6.34,
U6_S2_EX_04,Notes Example,6.2,Intro,I can predict how completing the square reveals the vertex and symmetry of a quadratic function.,Students will solve quadratic equations by completing the square and connect the process to vertex form.,vertex_symmetry_graph,example-4,FEATURE-IDENTIFY-FROM-REPRESENTATION-01,Graph + Equation,constructed/open response,,Unit 6 Assessment Plan + Algebra 1 Framework v6.34,
U6_S2_YTI_04,Notes YTI,6.2,Intro,I can predict how completing the square reveals the vertex and symmetry of a quadratic function.,Students will solve quadratic equations by completing the square and connect the process to vertex form.,vertex_symmetry_graph,yti-4,FEATURE-IDENTIFY-FROM-REPRESENTATION-01,Graph + Equation,constructed/open response,,Unit 6 Assessment Plan + Algebra 1 Framework v6.34,
U6_S2_EX_05,Notes Example,6.2,Intro,I can build perfect-square trinomials by adding the needed constant term.,Students will solve quadratic equations by completing the square and connect the process to vertex form.,complete_square_area_model,example-5,REPTRANS-GRAPH-TABLE-EQUATION-01,Diagram + Equation,constructed/open response,,Unit 6 Assessment Plan + Algebra 1 Framework v6.34,
U6_S2_YTI_05,Notes YTI,6.2,Intro,I can build perfect-square trinomials by adding the needed constant term.,Students will solve quadratic equations by completing the square and connect the process to vertex form.,complete_square_area_model,yti-5,REPTRANS-GRAPH-TABLE-EQUATION-01,Diagram + Equation,constructed/open response,,Unit 6 Assessment Plan + Algebra 1 Framework v6.34,
U6_S2_EX_06,Notes Example,6.2,Intro,I can predict how completing the square reveals the vertex and symmetry of a quadratic function.,Students will solve quadratic equations by completing the square and connect the process to vertex form.,vertex_form_context,example-6,PROC-MULTISTEP-CHAIN-01,Context + Equation,constructed/open response,,Unit 6 Assessment Plan + Algebra 1 Framework v6.34,
U6_S2_YTI_06,Notes YTI,6.2,Intro,I can predict how completing the square reveals the vertex and symmetry of a quadratic function.,Students will solve quadratic equations by completing the square and connect the process to vertex form.,vertex_form_context,yti-6,PROC-MULTISTEP-CHAIN-01,Context + Equation,constructed/open response,,Unit 6 Assessment Plan + Algebra 1 Framework v6.34,
U6_S3_EX_01,Notes Example,6.3,Intro,"I can design a coefficient map that organizes $a$, $b$, and $c$ before using the quadratic formula.",Students will solve quadratic equations using the quadratic formula and interpret solutions.,coefficient_map,example-1,PROC-DIRECT-EXECUTE-01,Equation,constructed/open response,,Unit 6 Assessment Plan + Algebra 1 Framework v6.34,
U6_S3_YTI_01,Notes YTI,6.3,Intro,"I can design a coefficient map that organizes $a$, $b$, and $c$ before using the quadratic formula.",Students will solve quadratic equations using the quadratic formula and interpret solutions.,coefficient_map,yti-1,PROC-DIRECT-EXECUTE-01,Equation,constructed/open response,,Unit 6 Assessment Plan + Algebra 1 Framework v6.34,
U6_S3_EX_02,Notes Example,6.3,Intro,"I can apply the quadratic formula to solve equations with rational, irrational, or no real solutions.",Students will solve quadratic equations using the quadratic formula and interpret solutions.,quadratic_formula_rational,example-2,PROC-DIRECT-EXECUTE-01,Equation,constructed/open response,,Unit 6 Assessment Plan + Algebra 1 Framework v6.34,
U6_S3_YTI_02,Notes YTI,6.3,Intro,"I can apply the quadratic formula to solve equations with rational, irrational, or no real solutions.",Students will solve quadratic equations using the quadratic formula and interpret solutions.,quadratic_formula_rational,yti-2,PROC-DIRECT-EXECUTE-01,Equation,constructed/open response,,Unit 6 Assessment Plan + Algebra 1 Framework v6.34,
U6_S3_EX_03,Notes Example,6.3,Intro,"I can apply the quadratic formula to solve equations with rational, irrational, or no real solutions.",Students will solve quadratic equations using the quadratic formula and interpret solutions.,quadratic_formula_irrational,example-3,PROC-DIRECT-EXECUTE-01,Equation,constructed/open response,,Unit 6 Assessment Plan + Algebra 1 Framework v6.34,
U6_S3_YTI_03,Notes YTI,6.3,Intro,"I can apply the quadratic formula to solve equations with rational, irrational, or no real solutions.",Students will solve quadratic equations using the quadratic formula and interpret solutions.,quadratic_formula_irrational,yti-3,PROC-DIRECT-EXECUTE-01,Equation,constructed/open response,,Unit 6 Assessment Plan + Algebra 1 Framework v6.34,
U6_S3_EX_04,Notes Example,6.3,Intro,I can assess how the discriminant predicts the number and type of real solutions.,Students will solve quadratic equations using the quadratic formula and interpret solutions.,discriminant_classify,example-4,PROC-DIRECT-EXECUTE-01,Equation,constructed/open response,,Unit 6 Assessment Plan + Algebra 1 Framework v6.34,
U6_S3_YTI_04,Notes YTI,6.3,Intro,I can assess how the discriminant predicts the number and type of real solutions.,Students will solve quadratic equations using the quadratic formula and interpret solutions.,discriminant_classify,yti-4,PROC-DIRECT-EXECUTE-01,Equation,constructed/open response,,Unit 6 Assessment Plan + Algebra 1 Framework v6.34,
U6_S3_EX_05,Notes Example,6.3,Intro,I can assess how the discriminant predicts the number and type of real solutions.,Students will solve quadratic equations using the quadratic formula and interpret solutions.,graph_discriminant_connection,example-5,GRAPH-INFER-BEHAVIOR-01,Graph + Equation,constructed/open response,,Unit 6 Assessment Plan + Algebra 1 Framework v6.34,
U6_S3_YTI_05,Notes YTI,6.3,Intro,I can assess how the discriminant predicts the number and type of real solutions.,Students will solve quadratic equations using the quadratic formula and interpret solutions.,graph_discriminant_connection,yti-5,GRAPH-INFER-BEHAVIOR-01,Graph + Equation,constructed/open response,,Unit 6 Assessment Plan + Algebra 1 Framework v6.34,
U6_S3_EX_06,Notes Example,6.3,Intro,I can assess how the discriminant predicts the number and type of real solutions.,Students will solve quadratic equations using the quadratic formula and interpret solutions.,discriminant_context,example-6,VERIFY-REASONABLENESS-01,Context + Equation,constructed/open response,,Unit 6 Assessment Plan + Algebra 1 Framework v6.34,
U6_S3_YTI_06,Notes YTI,6.3,Intro,I can assess how the discriminant predicts the number and type of real solutions.,Students will solve quadratic equations using the quadratic formula and interpret solutions.,discriminant_context,yti-6,VERIFY-REASONABLENESS-01,Context + Equation,constructed/open response,,Unit 6 Assessment Plan + Algebra 1 Framework v6.34,
U6_S4_EX_01,Notes Example,6.4,Intro,I can formulate a solution-method plan based on the structure of a quadratic equation.,"Students will compare factoring, completing the square, and the quadratic formula and select efficient solution methods.",method_factor_ready,example-1,PROC-SELECT-STRATEGY-01,Equation,constructed/open response,,Unit 6 Assessment Plan + Algebra 1 Framework v6.34,
U6_S4_YTI_01,Notes YTI,6.4,Intro,I can formulate a solution-method plan based on the structure of a quadratic equation.,"Students will compare factoring, completing the square, and the quadratic formula and select efficient solution methods.",method_factor_ready,yti-1,PROC-SELECT-STRATEGY-01,Equation,constructed/open response,,Unit 6 Assessment Plan + Algebra 1 Framework v6.34,
U6_S4_EX_02,Notes Example,6.4,Intro,I can formulate a solution-method plan based on the structure of a quadratic equation.,"Students will compare factoring, completing the square, and the quadratic formula and select efficient solution methods.",method_complete_square,example-2,PROC-SELECT-STRATEGY-01,Equation,constructed/open response,,Unit 6 Assessment Plan + Algebra 1 Framework v6.34,
U6_S4_YTI_02,Notes YTI,6.4,Intro,I can formulate a solution-method plan based on the structure of a quadratic equation.,"Students will compare factoring, completing the square, and the quadratic formula and select efficient solution methods.",method_complete_square,yti-2,PROC-SELECT-STRATEGY-01,Equation,constructed/open response,,Unit 6 Assessment Plan + Algebra 1 Framework v6.34,
U6_S4_EX_03,Notes Example,6.4,Intro,"I can use factoring, completing the square, or the quadratic formula when the equation structure supports the method.","Students will compare factoring, completing the square, and the quadratic formula and select efficient solution methods.",method_formula,example-3,PROC-SELECT-STRATEGY-01,Equation,constructed/open response,,Unit 6 Assessment Plan + Algebra 1 Framework v6.34,
U6_S4_YTI_03,Notes YTI,6.4,Intro,"I can use factoring, completing the square, or the quadratic formula when the equation structure supports the method.","Students will compare factoring, completing the square, and the quadratic formula and select efficient solution methods.",method_formula,yti-3,PROC-SELECT-STRATEGY-01,Equation,constructed/open response,,Unit 6 Assessment Plan + Algebra 1 Framework v6.34,
U6_S4_EX_04,Notes Example,6.4,Intro,"I can critique a selected solution method for efficiency, accuracy, and fit to the equation.","Students will compare factoring, completing the square, and the quadratic formula and select efficient solution methods.",critique_method_efficiency,example-4,COMPARE-COMPETING-METHODS-01,Equation + Prose,constructed/open response,,Unit 6 Assessment Plan + Algebra 1 Framework v6.34,
U6_S4_YTI_04,Notes YTI,6.4,Intro,"I can critique a selected solution method for efficiency, accuracy, and fit to the equation.","Students will compare factoring, completing the square, and the quadratic formula and select efficient solution methods.",critique_method_efficiency,yti-4,COMPARE-COMPETING-METHODS-01,Equation + Prose,constructed/open response,,Unit 6 Assessment Plan + Algebra 1 Framework v6.34,
U6_S4_EX_05,Notes Example,6.4,Intro,I can formulate a solution-method plan based on the structure of a quadratic equation.,"Students will compare factoring, completing the square, and the quadratic formula and select efficient solution methods.",method_selection_table,example-5,COMPARE-EFFICIENCY-CONTEXT-01,Table + Equations,constructed/open response,,Unit 6 Assessment Plan + Algebra 1 Framework v6.34,
U6_S4_YTI_05,Notes YTI,6.4,Intro,I can formulate a solution-method plan based on the structure of a quadratic equation.,"Students will compare factoring, completing the square, and the quadratic formula and select efficient solution methods.",method_selection_table,yti-5,COMPARE-EFFICIENCY-CONTEXT-01,Table + Equations,constructed/open response,,Unit 6 Assessment Plan + Algebra 1 Framework v6.34,
U6_S4_EX_06,Notes Example,6.4,Intro,"I can critique a selected solution method for efficiency, accuracy, and fit to the equation.","Students will compare factoring, completing the square, and the quadratic formula and select efficient solution methods.",exact_vs_approx_method,example-6,COMPARE-EFFICIENCY-CONTEXT-01,Context + Equation,constructed/open response,,Unit 6 Assessment Plan + Algebra 1 Framework v6.34,
U6_S4_YTI_06,Notes YTI,6.4,Intro,"I can critique a selected solution method for efficiency, accuracy, and fit to the equation.","Students will compare factoring, completing the square, and the quadratic formula and select efficient solution methods.",exact_vs_approx_method,yti-6,COMPARE-EFFICIENCY-CONTEXT-01,Context + Equation,constructed/open response,,Unit 6 Assessment Plan + Algebra 1 Framework v6.34,
U6_S5_EX_01,Notes Example,6.5,Intro,"I can construct quadratic models from real-world constraints, data, or key features.","Students will use quadratic functions to model real-world situations and interpret maximums, minimums, and intercepts.",construct_model_zeros_point,example-1,GRAPH-CONSTRUCT-FROM-CONSTRAINTS-01,Equation + Key features,constructed/open response,,Unit 6 Assessment Plan + Algebra 1 Framework v6.34,
U6_S5_YTI_01,Notes YTI,6.5,Intro,"I can construct quadratic models from real-world constraints, data, or key features.","Students will use quadratic functions to model real-world situations and interpret maximums, minimums, and intercepts.",construct_model_zeros_point,yti-1,GRAPH-CONSTRUCT-FROM-CONSTRAINTS-01,Equation + Key features,constructed/open response,,Unit 6 Assessment Plan + Algebra 1 Framework v6.34,
U6_S5_EX_02,Notes Example,6.5,Intro,"I can construct quadratic models from real-world constraints, data, or key features.","Students will use quadratic functions to model real-world situations and interpret maximums, minimums, and intercepts.",construct_model_vertex_point,example-2,GRAPH-CONSTRUCT-FROM-CONSTRAINTS-01,Equation + Key features,constructed/open response,,Unit 6 Assessment Plan + Algebra 1 Framework v6.34,
U6_S5_YTI_02,Notes YTI,6.5,Intro,"I can construct quadratic models from real-world constraints, data, or key features.","Students will use quadratic functions to model real-world situations and interpret maximums, minimums, and intercepts.",construct_model_vertex_point,yti-2,GRAPH-CONSTRUCT-FROM-CONSTRAINTS-01,Equation + Key features,constructed/open response,,Unit 6 Assessment Plan + Algebra 1 Framework v6.34,
U6_S5_EX_03,Notes Example,6.5,Intro,"I can extend quadratic models to predict maximums, minimums, intercepts, and meaningful solution values.","Students will use quadratic functions to model real-world situations and interpret maximums, minimums, and intercepts.",projectile_optimize_graph,example-3,GRAPH-INFER-BEHAVIOR-01,Graph + Context,constructed/open response,,Unit 6 Assessment Plan + Algebra 1 Framework v6.34,
U6_S5_YTI_03,Notes YTI,6.5,Intro,"I can extend quadratic models to predict maximums, minimums, intercepts, and meaningful solution values.","Students will use quadratic functions to model real-world situations and interpret maximums, minimums, and intercepts.",projectile_optimize_graph,yti-3,GRAPH-INFER-BEHAVIOR-01,Graph + Context,constructed/open response,,Unit 6 Assessment Plan + Algebra 1 Framework v6.34,
U6_S5_EX_04,Notes Example,6.5,Intro,"I can extend quadratic models to predict maximums, minimums, intercepts, and meaningful solution values.","Students will use quadratic functions to model real-world situations and interpret maximums, minimums, and intercepts.",area_optimization_context,example-4,OPTIMIZE-CONSTRAINED-ARRANGEMENT-01,Context + Equation,constructed/open response,,Unit 6 Assessment Plan + Algebra 1 Framework v6.34,
U6_S5_YTI_04,Notes YTI,6.5,Intro,"I can extend quadratic models to predict maximums, minimums, intercepts, and meaningful solution values.","Students will use quadratic functions to model real-world situations and interpret maximums, minimums, and intercepts.",area_optimization_context,yti-4,OPTIMIZE-CONSTRAINED-ARRANGEMENT-01,Context + Equation,constructed/open response,,Unit 6 Assessment Plan + Algebra 1 Framework v6.34,
U6_S5_EX_05,Notes Example,6.5,Intro,"I can construct quadratic models from real-world constraints, data, or key features.","Students will use quadratic functions to model real-world situations and interpret maximums, minimums, and intercepts.",table_to_quadratic_model,example-5,REPTRANS-GRAPH-TABLE-EQUATION-01,Table + Equation,constructed/open response,,Unit 6 Assessment Plan + Algebra 1 Framework v6.34,
U6_S5_YTI_05,Notes YTI,6.5,Intro,"I can construct quadratic models from real-world constraints, data, or key features.","Students will use quadratic functions to model real-world situations and interpret maximums, minimums, and intercepts.",table_to_quadratic_model,yti-5,REPTRANS-GRAPH-TABLE-EQUATION-01,Table + Equation,constructed/open response,,Unit 6 Assessment Plan + Algebra 1 Framework v6.34,
U6_S5_EX_06,Notes Example,6.5,Intro,I can assess whether a quadratic model and its solutions are reasonable for the situation.,"Students will use quadratic functions to model real-world situations and interpret maximums, minimums, and intercepts.",model_reasonableness_domain,example-6,VERIFY-REASONABLENESS-01,Context + Equation,constructed/open response,,Unit 6 Assessment Plan + Algebra 1 Framework v6.34,
U6_S5_YTI_06,Notes YTI,6.5,Intro,I can assess whether a quadratic model and its solutions are reasonable for the situation.,"Students will use quadratic functions to model real-world situations and interpret maximums, minimums, and intercepts.",model_reasonableness_domain,yti-6,VERIFY-REASONABLENESS-01,Context + Equation,constructed/open response,,Unit 6 Assessment Plan + Algebra 1 Framework v6.34,
U6_S1_P1_01,Practice Set 1,6.1,Intro,I can apply the zero product property to solve quadratic equations in factored form.,Students will solve quadratic equations using factored form and interpret solutions.,p_zero_product,p1-01,PROC-DIRECT-EXECUTE-01,Equation,constructed/open response,,Unit 6 Assessment Plan + Algebra 1 Framework v6.34,
U6_S1_P1_02,Practice Set 1,6.1,Intro,I can apply the zero product property to solve quadratic equations in factored form.,Students will solve quadratic equations using factored form and interpret solutions.,p_zero_product,p1-02,PROC-DIRECT-EXECUTE-01,Equation,constructed/open response,,Unit 6 Assessment Plan + Algebra 1 Framework v6.34,
U6_S1_P1_03,Practice Set 1,6.1,Intro,I can apply the zero product property to solve quadratic equations in factored form.,Students will solve quadratic equations using factored form and interpret solutions.,p_zero_product,p1-03,PROC-DIRECT-EXECUTE-01,Equation,constructed/open response,,Unit 6 Assessment Plan + Algebra 1 Framework v6.34,
U6_S1_P1_04,Practice Set 1,6.1,Intro,I can apply the zero product property to solve quadratic equations in factored form.,Students will solve quadratic equations using factored form and interpret solutions.,p_zero_product,p1-04,PROC-DIRECT-EXECUTE-01,Equation,constructed/open response,,Unit 6 Assessment Plan + Algebra 1 Framework v6.34,
U6_S1_P1_05,Practice Set 1,6.1,Intro,"I can construct factored quadratic equations from given zeros, intercepts, or contextual constraints.",Students will solve quadratic equations using factored form and interpret solutions.,p_construct_factors,p1-05,PROC-DIRECT-EXECUTE-01,Equation,constructed/open response,,Unit 6 Assessment Plan + Algebra 1 Framework v6.34,
U6_S1_P1_06,Practice Set 1,6.1,Intro,"I can construct factored quadratic equations from given zeros, intercepts, or contextual constraints.",Students will solve quadratic equations using factored form and interpret solutions.,p_construct_factors,p1-06,PROC-DIRECT-EXECUTE-01,Equation,constructed/open response,,Unit 6 Assessment Plan + Algebra 1 Framework v6.34,
U6_S1_P1_07,Practice Set 1,6.1,Intro,"I can construct factored quadratic equations from given zeros, intercepts, or contextual constraints.",Students will solve quadratic equations using factored form and interpret solutions.,p_construct_factors,p1-07,PROC-DIRECT-EXECUTE-01,Equation,constructed/open response,,Unit 6 Assessment Plan + Algebra 1 Framework v6.34,
U6_S1_P1_08,Practice Set 1,6.1,Intro,"I can construct factored quadratic equations from given zeros, intercepts, or contextual constraints.",Students will solve quadratic equations using factored form and interpret solutions.,p_construct_factors,p1-08,PROC-DIRECT-EXECUTE-01,Equation,constructed/open response,,Unit 6 Assessment Plan + Algebra 1 Framework v6.34,
U6_S1_P1_09,Practice Set 1,6.1,Intro,I can determine whether solutions make sense in relation to a graph or context.,Students will solve quadratic equations using factored form and interpret solutions.,p_repeated_root,p1-09,FEATURE-EVALUATE-VS-SOLVE-01,Equation + Graph feature,constructed/open response,,Unit 6 Assessment Plan + Algebra 1 Framework v6.34,
U6_S1_P1_10,Practice Set 1,6.1,Intro,I can determine whether solutions make sense in relation to a graph or context.,Students will solve quadratic equations using factored form and interpret solutions.,p_repeated_root,p1-10,FEATURE-EVALUATE-VS-SOLVE-01,Equation + Graph feature,constructed/open response,,Unit 6 Assessment Plan + Algebra 1 Framework v6.34,
U6_S1_P1_11,Practice Set 1,6.1,Intro,I can determine whether solutions make sense in relation to a graph or context.,Students will solve quadratic equations using factored form and interpret solutions.,p_repeated_root,p1-11,FEATURE-EVALUATE-VS-SOLVE-01,Equation + Graph feature,constructed/open response,,Unit 6 Assessment Plan + Algebra 1 Framework v6.34,
U6_S1_P1_12,Practice Set 1,6.1,Intro,I can determine whether solutions make sense in relation to a graph or context.,Students will solve quadratic equations using factored form and interpret solutions.,p_repeated_root,p1-12,FEATURE-EVALUATE-VS-SOLVE-01,Equation + Graph feature,constructed/open response,,Unit 6 Assessment Plan + Algebra 1 Framework v6.34,
U6_S1_P1_13,Practice Set 1,6.1,Intro,I can determine whether solutions make sense in relation to a graph or context.,Students will solve quadratic equations using factored form and interpret solutions.,p_graph_roots,p1-13,GRAPH-INFER-BEHAVIOR-01,Graph,constructed/open response,,Unit 6 Assessment Plan + Algebra 1 Framework v6.34,
U6_S1_P1_14,Practice Set 1,6.1,Intro,"I can construct factored quadratic equations from given zeros, intercepts, or contextual constraints.",Students will solve quadratic equations using factored form and interpret solutions.,p_table_roots,p1-14,REPTRANS-GRAPH-TABLE-EQUATION-01,Table + Equation,constructed/open response,,Unit 6 Assessment Plan + Algebra 1 Framework v6.34,
U6_S1_P1_15,Practice Set 1,6.1,Intro,I can determine whether solutions make sense in relation to a graph or context.,Students will solve quadratic equations using factored form and interpret solutions.,p_context_ground_time,p1-15,VERIFY-REASONABLENESS-01,Context + Equation,constructed/open response,,Unit 6 Assessment Plan + Algebra 1 Framework v6.34,
U6_S1_P1_16,Practice Set 1,6.1,Intro,I can apply the zero product property to solve quadratic equations in factored form.,Students will solve quadratic equations using factored form and interpret solutions.,p_error_zero_product,p1-16,ERROR-DIAGNOSE-WORKED-SOLUTION-01,Equation + Prose,constructed/open response,,Unit 6 Assessment Plan + Algebra 1 Framework v6.34,
U6_S1_P1_17,Practice Set 1,6.1,Review,I can use factored form to predict zeros and x-intercepts of quadratic graphs.,"Students will connect factors, zeros, intercepts, and graphs of quadratic functions.",r_factored_zeros,p1-17,FEATURE-IDENTIFY-FROM-REPRESENTATION-01,Equation + Graph features,constructed/open response,,Unit 6 Assessment Plan spiral Review route + Algebra 1 Framework source section 5.4,
U6_S1_P1_18,Practice Set 1,6.1,Review,I can formulate quadratic functions in factored form from zeros or intercepts.,"Students will connect factors, zeros, intercepts, and graphs of quadratic functions.",r_zeros_to_factored,p1-18,REPTRANS-GRAPH-TABLE-EQUATION-01,Graph features + Equation,constructed/open response,,Unit 6 Assessment Plan spiral Review route + Algebra 1 Framework source section 5.4,
U6_S1_P1_19,Practice Set 1,6.1,Review,"I can extend connections among factors, zeros, intercepts, and graph behavior.","Students will connect factors, zeros, intercepts, and graphs of quadratic functions.",r_factor_zero_connection,p1-19,FEATURE-EVALUATE-VS-SOLVE-01,Equation + Graph feature,constructed/open response,,Unit 6 Assessment Plan spiral Review route + Algebra 1 Framework source section 5.4,
U6_S1_P1_20,Practice Set 1,6.1,Review,"I can extend connections among factors, zeros, intercepts, and graph behavior.","Students will connect factors, zeros, intercepts, and graphs of quadratic functions.",r_verify_factored,p1-20,VERIFY-REASONABLENESS-01,Equation,constructed/open response,,Unit 6 Assessment Plan spiral Review route + Algebra 1 Framework source section 5.4,
U6_S1_P1_21,Practice Set 1,6.1,Mastery,I can predict graph features from equivalent quadratic expressions.,Students will connect polynomial expressions to quadratic graphs and key features.,m_quad_features,p1-21,FEATURE-IDENTIFY-FROM-REPRESENTATION-01,Equation + Graph features,constructed/open response,U6-MG04,Unit 6 Assessment Plan spiral Mastery route + Algebra 1 Framework source section 4.5,
U6_S1_P1_22,Practice Set 1,6.1,Mastery,"I can critique whether a polynomial expression supports a claimed vertex, intercept, axis of symmetry, or direction of opening.",Students will connect polynomial expressions to quadratic graphs and key features.,m_critique_opening,p1-22,ERROR-CRITIQUE-CLAIM-01,Equation + Prose,constructed/open response,U6-MG04,Unit 6 Assessment Plan spiral Mastery route + Algebra 1 Framework source section 4.5,
U6_S1_P1_23,Practice Set 1,6.1,Mastery,"I can construct connections between polynomial structure, quadratic graphs, and key features.",Students will connect polynomial expressions to quadratic graphs and key features.,m_vertex_structure,p1-23,FEATURE-IDENTIFY-FROM-REPRESENTATION-01,Equation + Feature,constructed/open response,U6-MG04,Unit 6 Assessment Plan spiral Mastery route + Algebra 1 Framework source section 4.5,
U6_S1_P1_24,Practice Set 1,6.1,Mastery,"I can construct connections between polynomial structure, quadratic graphs, and key features.",Students will connect polynomial expressions to quadratic graphs and key features.,m_factors_graph,p1-24,REPTRANS-GRAPH-TABLE-EQUATION-01,Equation + Graph features,constructed/open response,U6-MG04,Unit 6 Assessment Plan spiral Mastery route + Algebra 1 Framework source section 4.5,
U6_S1_P2_01,Practice Set 2,6.1,Intro,I can apply the zero product property to solve quadratic equations in factored form.,Students will solve quadratic equations using factored form and interpret solutions.,p_zero_product,p2-01,PROC-DIRECT-EXECUTE-01,Equation,constructed/open response,,Unit 6 Assessment Plan + Algebra 1 Framework v6.34,
U6_S1_P2_02,Practice Set 2,6.1,Intro,I can apply the zero product property to solve quadratic equations in factored form.,Students will solve quadratic equations using factored form and interpret solutions.,p_zero_product,p2-02,PROC-DIRECT-EXECUTE-01,Equation,constructed/open response,,Unit 6 Assessment Plan + Algebra 1 Framework v6.34,
U6_S1_P2_03,Practice Set 2,6.1,Intro,I can apply the zero product property to solve quadratic equations in factored form.,Students will solve quadratic equations using factored form and interpret solutions.,p_zero_product,p2-03,PROC-DIRECT-EXECUTE-01,Equation,constructed/open response,,Unit 6 Assessment Plan + Algebra 1 Framework v6.34,
U6_S1_P2_04,Practice Set 2,6.1,Intro,I can apply the zero product property to solve quadratic equations in factored form.,Students will solve quadratic equations using factored form and interpret solutions.,p_zero_product,p2-04,PROC-DIRECT-EXECUTE-01,Equation,constructed/open response,,Unit 6 Assessment Plan + Algebra 1 Framework v6.34,
U6_S1_P2_05,Practice Set 2,6.1,Intro,"I can construct factored quadratic equations from given zeros, intercepts, or contextual constraints.",Students will solve quadratic equations using factored form and interpret solutions.,p_construct_factors,p2-05,PROC-DIRECT-EXECUTE-01,Equation,constructed/open response,,Unit 6 Assessment Plan + Algebra 1 Framework v6.34,
U6_S1_P2_06,Practice Set 2,6.1,Intro,"I can construct factored quadratic equations from given zeros, intercepts, or contextual constraints.",Students will solve quadratic equations using factored form and interpret solutions.,p_construct_factors,p2-06,PROC-DIRECT-EXECUTE-01,Equation,constructed/open response,,Unit 6 Assessment Plan + Algebra 1 Framework v6.34,
U6_S1_P2_07,Practice Set 2,6.1,Intro,"I can construct factored quadratic equations from given zeros, intercepts, or contextual constraints.",Students will solve quadratic equations using factored form and interpret solutions.,p_construct_factors,p2-07,PROC-DIRECT-EXECUTE-01,Equation,constructed/open response,,Unit 6 Assessment Plan + Algebra 1 Framework v6.34,
U6_S1_P2_08,Practice Set 2,6.1,Intro,"I can construct factored quadratic equations from given zeros, intercepts, or contextual constraints.",Students will solve quadratic equations using factored form and interpret solutions.,p_construct_factors,p2-08,PROC-DIRECT-EXECUTE-01,Equation,constructed/open response,,Unit 6 Assessment Plan + Algebra 1 Framework v6.34,
U6_S1_P2_09,Practice Set 2,6.1,Intro,I can determine whether solutions make sense in relation to a graph or context.,Students will solve quadratic equations using factored form and interpret solutions.,p_repeated_root,p2-09,FEATURE-EVALUATE-VS-SOLVE-01,Equation + Graph feature,constructed/open response,,Unit 6 Assessment Plan + Algebra 1 Framework v6.34,
U6_S1_P2_10,Practice Set 2,6.1,Intro,I can determine whether solutions make sense in relation to a graph or context.,Students will solve quadratic equations using factored form and interpret solutions.,p_repeated_root,p2-10,FEATURE-EVALUATE-VS-SOLVE-01,Equation + Graph feature,constructed/open response,,Unit 6 Assessment Plan + Algebra 1 Framework v6.34,
U6_S1_P2_11,Practice Set 2,6.1,Intro,I can determine whether solutions make sense in relation to a graph or context.,Students will solve quadratic equations using factored form and interpret solutions.,p_repeated_root,p2-11,FEATURE-EVALUATE-VS-SOLVE-01,Equation + Graph feature,constructed/open response,,Unit 6 Assessment Plan + Algebra 1 Framework v6.34,
U6_S1_P2_12,Practice Set 2,6.1,Intro,I can determine whether solutions make sense in relation to a graph or context.,Students will solve quadratic equations using factored form and interpret solutions.,p_repeated_root,p2-12,FEATURE-EVALUATE-VS-SOLVE-01,Equation + Graph feature,constructed/open response,,Unit 6 Assessment Plan + Algebra 1 Framework v6.34,
U6_S1_P2_13,Practice Set 2,6.1,Intro,I can determine whether solutions make sense in relation to a graph or context.,Students will solve quadratic equations using factored form and interpret solutions.,p_graph_roots,p2-13,GRAPH-INFER-BEHAVIOR-01,Graph,constructed/open response,,Unit 6 Assessment Plan + Algebra 1 Framework v6.34,
U6_S1_P2_14,Practice Set 2,6.1,Intro,"I can construct factored quadratic equations from given zeros, intercepts, or contextual constraints.",Students will solve quadratic equations using factored form and interpret solutions.,p_table_roots,p2-14,REPTRANS-GRAPH-TABLE-EQUATION-01,Table + Equation,constructed/open response,,Unit 6 Assessment Plan + Algebra 1 Framework v6.34,
U6_S1_P2_15,Practice Set 2,6.1,Intro,I can determine whether solutions make sense in relation to a graph or context.,Students will solve quadratic equations using factored form and interpret solutions.,p_context_ground_time,p2-15,VERIFY-REASONABLENESS-01,Context + Equation,constructed/open response,,Unit 6 Assessment Plan + Algebra 1 Framework v6.34,
U6_S1_P2_16,Practice Set 2,6.1,Intro,I can apply the zero product property to solve quadratic equations in factored form.,Students will solve quadratic equations using factored form and interpret solutions.,p_error_zero_product,p2-16,ERROR-DIAGNOSE-WORKED-SOLUTION-01,Equation + Prose,constructed/open response,,Unit 6 Assessment Plan + Algebra 1 Framework v6.34,
U6_S1_P2_17,Practice Set 2,6.1,Review,I can use factored form to predict zeros and x-intercepts of quadratic graphs.,"Students will connect factors, zeros, intercepts, and graphs of quadratic functions.",r_factored_zeros,p2-17,FEATURE-IDENTIFY-FROM-REPRESENTATION-01,Equation + Graph features,constructed/open response,,Unit 6 Assessment Plan spiral Review route + Algebra 1 Framework source section 5.4,
U6_S1_P2_18,Practice Set 2,6.1,Review,I can formulate quadratic functions in factored form from zeros or intercepts.,"Students will connect factors, zeros, intercepts, and graphs of quadratic functions.",r_zeros_to_factored,p2-18,REPTRANS-GRAPH-TABLE-EQUATION-01,Graph features + Equation,constructed/open response,,Unit 6 Assessment Plan spiral Review route + Algebra 1 Framework source section 5.4,
U6_S1_P2_19,Practice Set 2,6.1,Review,"I can extend connections among factors, zeros, intercepts, and graph behavior.","Students will connect factors, zeros, intercepts, and graphs of quadratic functions.",r_factor_zero_connection,p2-19,FEATURE-EVALUATE-VS-SOLVE-01,Equation + Graph feature,constructed/open response,,Unit 6 Assessment Plan spiral Review route + Algebra 1 Framework source section 5.4,
U6_S1_P2_20,Practice Set 2,6.1,Review,"I can extend connections among factors, zeros, intercepts, and graph behavior.","Students will connect factors, zeros, intercepts, and graphs of quadratic functions.",r_verify_factored,p2-20,VERIFY-REASONABLENESS-01,Equation,constructed/open response,,Unit 6 Assessment Plan spiral Review route + Algebra 1 Framework source section 5.4,
U6_S1_P2_21,Practice Set 2,6.1,Mastery,I can predict graph features from equivalent quadratic expressions.,Students will connect polynomial expressions to quadratic graphs and key features.,m_quad_features,p2-21,FEATURE-IDENTIFY-FROM-REPRESENTATION-01,Equation + Graph features,constructed/open response,U6-MG04,Unit 6 Assessment Plan spiral Mastery route + Algebra 1 Framework source section 4.5,
U6_S1_P2_22,Practice Set 2,6.1,Mastery,"I can critique whether a polynomial expression supports a claimed vertex, intercept, axis of symmetry, or direction of opening.",Students will connect polynomial expressions to quadratic graphs and key features.,m_critique_opening,p2-22,ERROR-CRITIQUE-CLAIM-01,Equation + Prose,constructed/open response,U6-MG04,Unit 6 Assessment Plan spiral Mastery route + Algebra 1 Framework source section 4.5,
U6_S1_P2_23,Practice Set 2,6.1,Mastery,"I can construct connections between polynomial structure, quadratic graphs, and key features.",Students will connect polynomial expressions to quadratic graphs and key features.,m_vertex_structure,p2-23,FEATURE-IDENTIFY-FROM-REPRESENTATION-01,Equation + Feature,constructed/open response,U6-MG04,Unit 6 Assessment Plan spiral Mastery route + Algebra 1 Framework source section 4.5,
U6_S1_P2_24,Practice Set 2,6.1,Mastery,"I can construct connections between polynomial structure, quadratic graphs, and key features.",Students will connect polynomial expressions to quadratic graphs and key features.,m_factors_graph,p2-24,REPTRANS-GRAPH-TABLE-EQUATION-01,Equation + Graph features,constructed/open response,U6-MG04,Unit 6 Assessment Plan spiral Mastery route + Algebra 1 Framework source section 4.5,
U6_S1_P3_01,Practice Set 3,6.1,Intro,I can apply the zero product property to solve quadratic equations in factored form.,Students will solve quadratic equations using factored form and interpret solutions.,p_zero_product,p3-01,PROC-DIRECT-EXECUTE-01,Equation,constructed/open response,,Unit 6 Assessment Plan + Algebra 1 Framework v6.34,
U6_S1_P3_02,Practice Set 3,6.1,Intro,I can apply the zero product property to solve quadratic equations in factored form.,Students will solve quadratic equations using factored form and interpret solutions.,p_zero_product,p3-02,PROC-DIRECT-EXECUTE-01,Equation,constructed/open response,,Unit 6 Assessment Plan + Algebra 1 Framework v6.34,
U6_S1_P3_03,Practice Set 3,6.1,Intro,I can apply the zero product property to solve quadratic equations in factored form.,Students will solve quadratic equations using factored form and interpret solutions.,p_zero_product,p3-03,PROC-DIRECT-EXECUTE-01,Equation,constructed/open response,,Unit 6 Assessment Plan + Algebra 1 Framework v6.34,
U6_S1_P3_04,Practice Set 3,6.1,Intro,I can apply the zero product property to solve quadratic equations in factored form.,Students will solve quadratic equations using factored form and interpret solutions.,p_zero_product,p3-04,PROC-DIRECT-EXECUTE-01,Equation,constructed/open response,,Unit 6 Assessment Plan + Algebra 1 Framework v6.34,
U6_S1_P3_05,Practice Set 3,6.1,Intro,"I can construct factored quadratic equations from given zeros, intercepts, or contextual constraints.",Students will solve quadratic equations using factored form and interpret solutions.,p_construct_factors,p3-05,PROC-DIRECT-EXECUTE-01,Equation,constructed/open response,,Unit 6 Assessment Plan + Algebra 1 Framework v6.34,
U6_S1_P3_06,Practice Set 3,6.1,Intro,"I can construct factored quadratic equations from given zeros, intercepts, or contextual constraints.",Students will solve quadratic equations using factored form and interpret solutions.,p_construct_factors,p3-06,PROC-DIRECT-EXECUTE-01,Equation,constructed/open response,,Unit 6 Assessment Plan + Algebra 1 Framework v6.34,
U6_S1_P3_07,Practice Set 3,6.1,Intro,"I can construct factored quadratic equations from given zeros, intercepts, or contextual constraints.",Students will solve quadratic equations using factored form and interpret solutions.,p_construct_factors,p3-07,PROC-DIRECT-EXECUTE-01,Equation,constructed/open response,,Unit 6 Assessment Plan + Algebra 1 Framework v6.34,
U6_S1_P3_08,Practice Set 3,6.1,Intro,"I can construct factored quadratic equations from given zeros, intercepts, or contextual constraints.",Students will solve quadratic equations using factored form and interpret solutions.,p_construct_factors,p3-08,PROC-DIRECT-EXECUTE-01,Equation,constructed/open response,,Unit 6 Assessment Plan + Algebra 1 Framework v6.34,
U6_S1_P3_09,Practice Set 3,6.1,Intro,I can determine whether solutions make sense in relation to a graph or context.,Students will solve quadratic equations using factored form and interpret solutions.,p_repeated_root,p3-09,FEATURE-EVALUATE-VS-SOLVE-01,Equation + Graph feature,constructed/open response,,Unit 6 Assessment Plan + Algebra 1 Framework v6.34,
U6_S1_P3_10,Practice Set 3,6.1,Intro,I can determine whether solutions make sense in relation to a graph or context.,Students will solve quadratic equations using factored form and interpret solutions.,p_repeated_root,p3-10,FEATURE-EVALUATE-VS-SOLVE-01,Equation + Graph feature,constructed/open response,,Unit 6 Assessment Plan + Algebra 1 Framework v6.34,
U6_S1_P3_11,Practice Set 3,6.1,Intro,I can determine whether solutions make sense in relation to a graph or context.,Students will solve quadratic equations using factored form and interpret solutions.,p_repeated_root,p3-11,FEATURE-EVALUATE-VS-SOLVE-01,Equation + Graph feature,constructed/open response,,Unit 6 Assessment Plan + Algebra 1 Framework v6.34,
U6_S1_P3_12,Practice Set 3,6.1,Intro,I can determine whether solutions make sense in relation to a graph or context.,Students will solve quadratic equations using factored form and interpret solutions.,p_repeated_root,p3-12,FEATURE-EVALUATE-VS-SOLVE-01,Equation + Graph feature,constructed/open response,,Unit 6 Assessment Plan + Algebra 1 Framework v6.34,
U6_S1_P3_13,Practice Set 3,6.1,Intro,I can determine whether solutions make sense in relation to a graph or context.,Students will solve quadratic equations using factored form and interpret solutions.,p_graph_roots,p3-13,GRAPH-INFER-BEHAVIOR-01,Graph,constructed/open response,,Unit 6 Assessment Plan + Algebra 1 Framework v6.34,
U6_S1_P3_14,Practice Set 3,6.1,Intro,"I can construct factored quadratic equations from given zeros, intercepts, or contextual constraints.",Students will solve quadratic equations using factored form and interpret solutions.,p_table_roots,p3-14,REPTRANS-GRAPH-TABLE-EQUATION-01,Table + Equation,constructed/open response,,Unit 6 Assessment Plan + Algebra 1 Framework v6.34,
U6_S1_P3_15,Practice Set 3,6.1,Intro,I can determine whether solutions make sense in relation to a graph or context.,Students will solve quadratic equations using factored form and interpret solutions.,p_context_ground_time,p3-15,VERIFY-REASONABLENESS-01,Context + Equation,constructed/open response,,Unit 6 Assessment Plan + Algebra 1 Framework v6.34,
U6_S1_P3_16,Practice Set 3,6.1,Intro,I can apply the zero product property to solve quadratic equations in factored form.,Students will solve quadratic equations using factored form and interpret solutions.,p_error_zero_product,p3-16,ERROR-DIAGNOSE-WORKED-SOLUTION-01,Equation + Prose,constructed/open response,,Unit 6 Assessment Plan + Algebra 1 Framework v6.34,
U6_S1_P3_17,Practice Set 3,6.1,Review,I can use factored form to predict zeros and x-intercepts of quadratic graphs.,"Students will connect factors, zeros, intercepts, and graphs of quadratic functions.",r_factored_zeros,p3-17,FEATURE-IDENTIFY-FROM-REPRESENTATION-01,Equation + Graph features,constructed/open response,,Unit 6 Assessment Plan spiral Review route + Algebra 1 Framework source section 5.4,
U6_S1_P3_18,Practice Set 3,6.1,Review,I can formulate quadratic functions in factored form from zeros or intercepts.,"Students will connect factors, zeros, intercepts, and graphs of quadratic functions.",r_zeros_to_factored,p3-18,REPTRANS-GRAPH-TABLE-EQUATION-01,Graph features + Equation,constructed/open response,,Unit 6 Assessment Plan spiral Review route + Algebra 1 Framework source section 5.4,
U6_S1_P3_19,Practice Set 3,6.1,Review,"I can extend connections among factors, zeros, intercepts, and graph behavior.","Students will connect factors, zeros, intercepts, and graphs of quadratic functions.",r_factor_zero_connection,p3-19,FEATURE-EVALUATE-VS-SOLVE-01,Equation + Graph feature,constructed/open response,,Unit 6 Assessment Plan spiral Review route + Algebra 1 Framework source section 5.4,
U6_S1_P3_20,Practice Set 3,6.1,Review,"I can extend connections among factors, zeros, intercepts, and graph behavior.","Students will connect factors, zeros, intercepts, and graphs of quadratic functions.",r_verify_factored,p3-20,VERIFY-REASONABLENESS-01,Equation,constructed/open response,,Unit 6 Assessment Plan spiral Review route + Algebra 1 Framework source section 5.4,
U6_S1_P3_21,Practice Set 3,6.1,Mastery,I can predict graph features from equivalent quadratic expressions.,Students will connect polynomial expressions to quadratic graphs and key features.,m_quad_features,p3-21,FEATURE-IDENTIFY-FROM-REPRESENTATION-01,Equation + Graph features,constructed/open response,U6-MG04,Unit 6 Assessment Plan spiral Mastery route + Algebra 1 Framework source section 4.5,
U6_S1_P3_22,Practice Set 3,6.1,Mastery,"I can critique whether a polynomial expression supports a claimed vertex, intercept, axis of symmetry, or direction of opening.",Students will connect polynomial expressions to quadratic graphs and key features.,m_critique_opening,p3-22,ERROR-CRITIQUE-CLAIM-01,Equation + Prose,constructed/open response,U6-MG04,Unit 6 Assessment Plan spiral Mastery route + Algebra 1 Framework source section 4.5,
U6_S1_P3_23,Practice Set 3,6.1,Mastery,"I can construct connections between polynomial structure, quadratic graphs, and key features.",Students will connect polynomial expressions to quadratic graphs and key features.,m_vertex_structure,p3-23,FEATURE-IDENTIFY-FROM-REPRESENTATION-01,Equation + Feature,constructed/open response,U6-MG04,Unit 6 Assessment Plan spiral Mastery route + Algebra 1 Framework source section 4.5,
U6_S1_P3_24,Practice Set 3,6.1,Mastery,"I can construct connections between polynomial structure, quadratic graphs, and key features.",Students will connect polynomial expressions to quadratic graphs and key features.,m_factors_graph,p3-24,REPTRANS-GRAPH-TABLE-EQUATION-01,Equation + Graph features,constructed/open response,U6-MG04,Unit 6 Assessment Plan spiral Mastery route + Algebra 1 Framework source section 4.5,
U6_S1_EXT_01,Extra Practice,6.1,Intro,I can apply the zero product property to solve quadratic equations in factored form.,Students will solve quadratic equations using factored form and interpret solutions.,p_zero_product,ext-01,PROC-DIRECT-EXECUTE-01,Equation,constructed/open response,,Unit 6 Assessment Plan + Algebra 1 Framework v6.34,
U6_S1_EXT_02,Extra Practice,6.1,Intro,I can apply the zero product property to solve quadratic equations in factored form.,Students will solve quadratic equations using factored form and interpret solutions.,p_zero_product,ext-02,PROC-DIRECT-EXECUTE-01,Equation,constructed/open response,,Unit 6 Assessment Plan + Algebra 1 Framework v6.34,
U6_S1_EXT_03,Extra Practice,6.1,Intro,I can apply the zero product property to solve quadratic equations in factored form.,Students will solve quadratic equations using factored form and interpret solutions.,p_zero_product,ext-03,PROC-DIRECT-EXECUTE-01,Equation,constructed/open response,,Unit 6 Assessment Plan + Algebra 1 Framework v6.34,
U6_S1_EXT_04,Extra Practice,6.1,Intro,I can apply the zero product property to solve quadratic equations in factored form.,Students will solve quadratic equations using factored form and interpret solutions.,p_zero_product,ext-04,PROC-DIRECT-EXECUTE-01,Equation,constructed/open response,,Unit 6 Assessment Plan + Algebra 1 Framework v6.34,
U6_S1_EXT_05,Extra Practice,6.1,Intro,"I can construct factored quadratic equations from given zeros, intercepts, or contextual constraints.",Students will solve quadratic equations using factored form and interpret solutions.,p_construct_factors,ext-05,PROC-DIRECT-EXECUTE-01,Equation,constructed/open response,,Unit 6 Assessment Plan + Algebra 1 Framework v6.34,
U6_S1_EXT_06,Extra Practice,6.1,Intro,"I can construct factored quadratic equations from given zeros, intercepts, or contextual constraints.",Students will solve quadratic equations using factored form and interpret solutions.,p_construct_factors,ext-06,PROC-DIRECT-EXECUTE-01,Equation,constructed/open response,,Unit 6 Assessment Plan + Algebra 1 Framework v6.34,
U6_S1_EXT_07,Extra Practice,6.1,Intro,"I can construct factored quadratic equations from given zeros, intercepts, or contextual constraints.",Students will solve quadratic equations using factored form and interpret solutions.,p_construct_factors,ext-07,PROC-DIRECT-EXECUTE-01,Equation,constructed/open response,,Unit 6 Assessment Plan + Algebra 1 Framework v6.34,
U6_S1_EXT_08,Extra Practice,6.1,Intro,"I can construct factored quadratic equations from given zeros, intercepts, or contextual constraints.",Students will solve quadratic equations using factored form and interpret solutions.,p_construct_factors,ext-08,PROC-DIRECT-EXECUTE-01,Equation,constructed/open response,,Unit 6 Assessment Plan + Algebra 1 Framework v6.34,
U6_S1_EXT_09,Extra Practice,6.1,Intro,I can determine whether solutions make sense in relation to a graph or context.,Students will solve quadratic equations using factored form and interpret solutions.,p_repeated_root,ext-09,FEATURE-EVALUATE-VS-SOLVE-01,Equation + Graph feature,constructed/open response,,Unit 6 Assessment Plan + Algebra 1 Framework v6.34,
U6_S1_EXT_10,Extra Practice,6.1,Intro,I can determine whether solutions make sense in relation to a graph or context.,Students will solve quadratic equations using factored form and interpret solutions.,p_repeated_root,ext-10,FEATURE-EVALUATE-VS-SOLVE-01,Equation + Graph feature,constructed/open response,,Unit 6 Assessment Plan + Algebra 1 Framework v6.34,
U6_S1_EXT_11,Extra Practice,6.1,Intro,I can determine whether solutions make sense in relation to a graph or context.,Students will solve quadratic equations using factored form and interpret solutions.,p_repeated_root,ext-11,FEATURE-EVALUATE-VS-SOLVE-01,Equation + Graph feature,constructed/open response,,Unit 6 Assessment Plan + Algebra 1 Framework v6.34,
U6_S1_EXT_12,Extra Practice,6.1,Intro,I can determine whether solutions make sense in relation to a graph or context.,Students will solve quadratic equations using factored form and interpret solutions.,p_repeated_root,ext-12,FEATURE-EVALUATE-VS-SOLVE-01,Equation + Graph feature,constructed/open response,,Unit 6 Assessment Plan + Algebra 1 Framework v6.34,
U6_S1_EXT_13,Extra Practice,6.1,Intro,I can determine whether solutions make sense in relation to a graph or context.,Students will solve quadratic equations using factored form and interpret solutions.,p_graph_roots,ext-13,GRAPH-INFER-BEHAVIOR-01,Graph,constructed/open response,,Unit 6 Assessment Plan + Algebra 1 Framework v6.34,
U6_S1_EXT_14,Extra Practice,6.1,Intro,"I can construct factored quadratic equations from given zeros, intercepts, or contextual constraints.",Students will solve quadratic equations using factored form and interpret solutions.,p_table_roots,ext-14,REPTRANS-GRAPH-TABLE-EQUATION-01,Table + Equation,constructed/open response,,Unit 6 Assessment Plan + Algebra 1 Framework v6.34,
U6_S1_EXT_15,Extra Practice,6.1,Intro,I can determine whether solutions make sense in relation to a graph or context.,Students will solve quadratic equations using factored form and interpret solutions.,p_context_ground_time,ext-15,VERIFY-REASONABLENESS-01,Context + Equation,constructed/open response,,Unit 6 Assessment Plan + Algebra 1 Framework v6.34,
U6_S1_EXT_16,Extra Practice,6.1,Intro,I can apply the zero product property to solve quadratic equations in factored form.,Students will solve quadratic equations using factored form and interpret solutions.,p_error_zero_product,ext-16,ERROR-DIAGNOSE-WORKED-SOLUTION-01,Equation + Prose,constructed/open response,,Unit 6 Assessment Plan + Algebra 1 Framework v6.34,
U6_S1_EXT_17,Extra Practice,6.1,Review,I can use factored form to predict zeros and x-intercepts of quadratic graphs.,"Students will connect factors, zeros, intercepts, and graphs of quadratic functions.",r_factored_zeros,ext-17,FEATURE-IDENTIFY-FROM-REPRESENTATION-01,Equation + Graph features,constructed/open response,,Unit 6 Assessment Plan spiral Review route + Algebra 1 Framework source section 5.4,
U6_S1_EXT_18,Extra Practice,6.1,Review,I can formulate quadratic functions in factored form from zeros or intercepts.,"Students will connect factors, zeros, intercepts, and graphs of quadratic functions.",r_zeros_to_factored,ext-18,REPTRANS-GRAPH-TABLE-EQUATION-01,Graph features + Equation,constructed/open response,,Unit 6 Assessment Plan spiral Review route + Algebra 1 Framework source section 5.4,
U6_S1_EXT_19,Extra Practice,6.1,Review,"I can extend connections among factors, zeros, intercepts, and graph behavior.","Students will connect factors, zeros, intercepts, and graphs of quadratic functions.",r_factor_zero_connection,ext-19,FEATURE-EVALUATE-VS-SOLVE-01,Equation + Graph feature,constructed/open response,,Unit 6 Assessment Plan spiral Review route + Algebra 1 Framework source section 5.4,
U6_S1_EXT_20,Extra Practice,6.1,Review,"I can extend connections among factors, zeros, intercepts, and graph behavior.","Students will connect factors, zeros, intercepts, and graphs of quadratic functions.",r_verify_factored,ext-20,VERIFY-REASONABLENESS-01,Equation,constructed/open response,,Unit 6 Assessment Plan spiral Review route + Algebra 1 Framework source section 5.4,
U6_S1_EXT_21,Extra Practice,6.1,Mastery,I can predict graph features from equivalent quadratic expressions.,Students will connect polynomial expressions to quadratic graphs and key features.,m_quad_features,ext-21,FEATURE-IDENTIFY-FROM-REPRESENTATION-01,Equation + Graph features,constructed/open response,U6-MG04,Unit 6 Assessment Plan spiral Mastery route + Algebra 1 Framework source section 4.5,
U6_S1_EXT_22,Extra Practice,6.1,Mastery,"I can critique whether a polynomial expression supports a claimed vertex, intercept, axis of symmetry, or direction of opening.",Students will connect polynomial expressions to quadratic graphs and key features.,m_critique_opening,ext-22,ERROR-CRITIQUE-CLAIM-01,Equation + Prose,constructed/open response,U6-MG04,Unit 6 Assessment Plan spiral Mastery route + Algebra 1 Framework source section 4.5,
U6_S1_EXT_23,Extra Practice,6.1,Mastery,"I can construct connections between polynomial structure, quadratic graphs, and key features.",Students will connect polynomial expressions to quadratic graphs and key features.,m_vertex_structure,ext-23,FEATURE-IDENTIFY-FROM-REPRESENTATION-01,Equation + Feature,constructed/open response,U6-MG04,Unit 6 Assessment Plan spiral Mastery route + Algebra 1 Framework source section 4.5,
U6_S1_EXT_24,Extra Practice,6.1,Mastery,"I can construct connections between polynomial structure, quadratic graphs, and key features.",Students will connect polynomial expressions to quadratic graphs and key features.,m_factors_graph,ext-24,REPTRANS-GRAPH-TABLE-EQUATION-01,Equation + Graph features,constructed/open response,U6-MG04,Unit 6 Assessment Plan spiral Mastery route + Algebra 1 Framework source section 4.5,
U6_S2_P1_01,Practice Set 1,6.2,Intro,I can build perfect-square trinomials by adding the needed constant term.,Students will solve quadratic equations by completing the square and connect the process to vertex form.,p_square_constant,p1-01,PROC-DIRECT-EXECUTE-01,Equation,constructed/open response,,Unit 6 Assessment Plan + Algebra 1 Framework v6.34,
U6_S2_P1_02,Practice Set 1,6.2,Intro,I can build perfect-square trinomials by adding the needed constant term.,Students will solve quadratic equations by completing the square and connect the process to vertex form.,p_square_constant,p1-02,PROC-DIRECT-EXECUTE-01,Equation,constructed/open response,,Unit 6 Assessment Plan + Algebra 1 Framework v6.34,
U6_S2_P1_03,Practice Set 1,6.2,Intro,I can build perfect-square trinomials by adding the needed constant term.,Students will solve quadratic equations by completing the square and connect the process to vertex form.,p_square_constant,p1-03,PROC-DIRECT-EXECUTE-01,Equation,constructed/open response,,Unit 6 Assessment Plan + Algebra 1 Framework v6.34,
U6_S2_P1_04,Practice Set 1,6.2,Intro,I can build perfect-square trinomials by adding the needed constant term.,Students will solve quadratic equations by completing the square and connect the process to vertex form.,p_square_constant,p1-04,PROC-DIRECT-EXECUTE-01,Equation,constructed/open response,,Unit 6 Assessment Plan + Algebra 1 Framework v6.34,
U6_S2_P1_05,Practice Set 1,6.2,Intro,I can use completing the square to solve quadratic equations and write equivalent vertex-form expressions.,Students will solve quadratic equations by completing the square and connect the process to vertex form.,p_complete_solve,p1-05,PROC-DIRECT-EXECUTE-01,Equation,constructed/open response,,Unit 6 Assessment Plan + Algebra 1 Framework v6.34,
U6_S2_P1_06,Practice Set 1,6.2,Intro,I can use completing the square to solve quadratic equations and write equivalent vertex-form expressions.,Students will solve quadratic equations by completing the square and connect the process to vertex form.,p_complete_solve,p1-06,PROC-DIRECT-EXECUTE-01,Equation,constructed/open response,,Unit 6 Assessment Plan + Algebra 1 Framework v6.34,
U6_S2_P1_07,Practice Set 1,6.2,Intro,I can use completing the square to solve quadratic equations and write equivalent vertex-form expressions.,Students will solve quadratic equations by completing the square and connect the process to vertex form.,p_complete_solve,p1-07,PROC-DIRECT-EXECUTE-01,Equation,constructed/open response,,Unit 6 Assessment Plan + Algebra 1 Framework v6.34,
U6_S2_P1_08,Practice Set 1,6.2,Intro,I can use completing the square to solve quadratic equations and write equivalent vertex-form expressions.,Students will solve quadratic equations by completing the square and connect the process to vertex form.,p_complete_solve,p1-08,PROC-DIRECT-EXECUTE-01,Equation,constructed/open response,,Unit 6 Assessment Plan + Algebra 1 Framework v6.34,
U6_S2_P1_09,Practice Set 1,6.2,Intro,I can use completing the square to solve quadratic equations and write equivalent vertex-form expressions.,Students will solve quadratic equations by completing the square and connect the process to vertex form.,p_vertex_rewrite,p1-09,PROC-MULTISTEP-CHAIN-01,Equation,constructed/open response,,Unit 6 Assessment Plan + Algebra 1 Framework v6.34,
U6_S2_P1_10,Practice Set 1,6.2,Intro,I can use completing the square to solve quadratic equations and write equivalent vertex-form expressions.,Students will solve quadratic equations by completing the square and connect the process to vertex form.,p_vertex_rewrite,p1-10,PROC-MULTISTEP-CHAIN-01,Equation,constructed/open response,,Unit 6 Assessment Plan + Algebra 1 Framework v6.34,
U6_S2_P1_11,Practice Set 1,6.2,Intro,I can use completing the square to solve quadratic equations and write equivalent vertex-form expressions.,Students will solve quadratic equations by completing the square and connect the process to vertex form.,p_vertex_rewrite,p1-11,PROC-MULTISTEP-CHAIN-01,Equation,constructed/open response,,Unit 6 Assessment Plan + Algebra 1 Framework v6.34,
U6_S2_P1_12,Practice Set 1,6.2,Intro,I can use completing the square to solve quadratic equations and write equivalent vertex-form expressions.,Students will solve quadratic equations by completing the square and connect the process to vertex form.,p_vertex_rewrite,p1-12,PROC-MULTISTEP-CHAIN-01,Equation,constructed/open response,,Unit 6 Assessment Plan + Algebra 1 Framework v6.34,
U6_S2_P1_13,Practice Set 1,6.2,Intro,I can predict how completing the square reveals the vertex and symmetry of a quadratic function.,Students will solve quadratic equations by completing the square and connect the process to vertex form.,p_graph_vertex,p1-13,FEATURE-IDENTIFY-FROM-REPRESENTATION-01,Graph,constructed/open response,,Unit 6 Assessment Plan + Algebra 1 Framework v6.34,
U6_S2_P1_14,Practice Set 1,6.2,Intro,I can predict how completing the square reveals the vertex and symmetry of a quadratic function.,Students will solve quadratic equations by completing the square and connect the process to vertex form.,p_table_symmetry,p1-14,FEATURE-IDENTIFY-FROM-REPRESENTATION-01,Table,constructed/open response,,Unit 6 Assessment Plan + Algebra 1 Framework v6.34,
U6_S2_P1_15,Practice Set 1,6.2,Intro,I can predict how completing the square reveals the vertex and symmetry of a quadratic function.,Students will solve quadratic equations by completing the square and connect the process to vertex form.,p_vertex_context,p1-15,FEATURE-IDENTIFY-FROM-REPRESENTATION-01,Context + Equation,constructed/open response,,Unit 6 Assessment Plan + Algebra 1 Framework v6.34,
U6_S2_P1_16,Practice Set 1,6.2,Intro,I can use completing the square to solve quadratic equations and write equivalent vertex-form expressions.,Students will solve quadratic equations by completing the square and connect the process to vertex form.,p_error_balance_square,p1-16,ERROR-DIAGNOSE-WORKED-SOLUTION-01,Equation + Prose,constructed/open response,,Unit 6 Assessment Plan + Algebra 1 Framework v6.34,
U6_S2_P1_17,Practice Set 1,6.2,Review,I can construct equivalent quadratic forms to reveal different key features.,"Students will compare standard, vertex, and factored forms of quadratic functions and determine which form best reveals key features.",r_forms_equivalent,p1-17,PROC-DIRECT-EXECUTE-01,Equation,constructed/open response,,Unit 6 Assessment Plan spiral Review route + Algebra 1 Framework source section 5.5,
U6_S2_P1_18,Practice Set 1,6.2,Review,"I can interpret standard, vertex, and factored forms to read key features of quadratic functions.","Students will compare standard, vertex, and factored forms of quadratic functions and determine which form best reveals key features.",r_form_feature,p1-18,FEATURE-IDENTIFY-FROM-REPRESENTATION-01,Equation + Feature,constructed/open response,,Unit 6 Assessment Plan spiral Review route + Algebra 1 Framework source section 5.5,
U6_S2_P1_19,Practice Set 1,6.2,Review,I can critique which quadratic form best supports a given question or context.,"Students will compare standard, vertex, and factored forms of quadratic functions and determine which form best reveals key features.",r_choose_form,p1-19,COMPARE-EFFICIENCY-CONTEXT-01,Prose + Equation forms,constructed/open response,,Unit 6 Assessment Plan spiral Review route + Algebra 1 Framework source section 5.5,
U6_S2_P1_20,Practice Set 1,6.2,Review,I can critique which quadratic form best supports a given question or context.,"Students will compare standard, vertex, and factored forms of quadratic functions and determine which form best reveals key features.",r_choose_vertex_form,p1-20,COMPARE-EFFICIENCY-CONTEXT-01,Prose + Equation forms,constructed/open response,,Unit 6 Assessment Plan spiral Review route + Algebra 1 Framework source section 5.5,
U6_S2_P1_21,Practice Set 1,6.2,Mastery,"I can predict how changing values in an equation moves a graph left, right, up, or down.",Students will graph and write translated functions using key points and key features.,m_translation_read,p1-21,FEATURE-IDENTIFY-FROM-REPRESENTATION-01,Equation + Graph transformation,constructed/open response,U6-MG02,Unit 6 Assessment Plan spiral Mastery route + Algebra 1 Framework source section 4.2,
U6_S2_P1_22,Practice Set 1,6.2,Mastery,I can use horizontal and vertical shifts to write equations for translated functions.,Students will graph and write translated functions using key points and key features.,m_translation_write,p1-22,REPTRANS-TRANSLATE-VERBAL-SYMBOLIC-01,Equation,constructed/open response,U6-MG02,Unit 6 Assessment Plan spiral Mastery route + Algebra 1 Framework source section 4.2,
U6_S2_P1_23,Practice Set 1,6.2,Mastery,I can build translated graphs by moving key points and key features from a parent function.,Students will graph and write translated functions using key points and key features.,m_keypoint_translate,p1-23,PROC-DIRECT-EXECUTE-01,Coordinate point,constructed/open response,U6-MG02,Unit 6 Assessment Plan spiral Mastery route + Algebra 1 Framework source section 4.2,
U6_S2_P1_24,Practice Set 1,6.2,Mastery,"I can predict how changing values in an equation moves a graph left, right, up, or down.",Students will graph and write translated functions using key points and key features.,m_horizontal_sign,p1-24,ARGUE-JUSTIFY-GENERAL-CASE-01,Equation + Prose,constructed/open response,U6-MG02,Unit 6 Assessment Plan spiral Mastery route + Algebra 1 Framework source section 4.2,
U6_S2_P2_01,Practice Set 2,6.2,Intro,I can build perfect-square trinomials by adding the needed constant term.,Students will solve quadratic equations by completing the square and connect the process to vertex form.,p_square_constant,p2-01,PROC-DIRECT-EXECUTE-01,Equation,constructed/open response,,Unit 6 Assessment Plan + Algebra 1 Framework v6.34,
U6_S2_P2_02,Practice Set 2,6.2,Intro,I can build perfect-square trinomials by adding the needed constant term.,Students will solve quadratic equations by completing the square and connect the process to vertex form.,p_square_constant,p2-02,PROC-DIRECT-EXECUTE-01,Equation,constructed/open response,,Unit 6 Assessment Plan + Algebra 1 Framework v6.34,
U6_S2_P2_03,Practice Set 2,6.2,Intro,I can build perfect-square trinomials by adding the needed constant term.,Students will solve quadratic equations by completing the square and connect the process to vertex form.,p_square_constant,p2-03,PROC-DIRECT-EXECUTE-01,Equation,constructed/open response,,Unit 6 Assessment Plan + Algebra 1 Framework v6.34,
U6_S2_P2_04,Practice Set 2,6.2,Intro,I can build perfect-square trinomials by adding the needed constant term.,Students will solve quadratic equations by completing the square and connect the process to vertex form.,p_square_constant,p2-04,PROC-DIRECT-EXECUTE-01,Equation,constructed/open response,,Unit 6 Assessment Plan + Algebra 1 Framework v6.34,
U6_S2_P2_05,Practice Set 2,6.2,Intro,I can use completing the square to solve quadratic equations and write equivalent vertex-form expressions.,Students will solve quadratic equations by completing the square and connect the process to vertex form.,p_complete_solve,p2-05,PROC-DIRECT-EXECUTE-01,Equation,constructed/open response,,Unit 6 Assessment Plan + Algebra 1 Framework v6.34,
U6_S2_P2_06,Practice Set 2,6.2,Intro,I can use completing the square to solve quadratic equations and write equivalent vertex-form expressions.,Students will solve quadratic equations by completing the square and connect the process to vertex form.,p_complete_solve,p2-06,PROC-DIRECT-EXECUTE-01,Equation,constructed/open response,,Unit 6 Assessment Plan + Algebra 1 Framework v6.34,
U6_S2_P2_07,Practice Set 2,6.2,Intro,I can use completing the square to solve quadratic equations and write equivalent vertex-form expressions.,Students will solve quadratic equations by completing the square and connect the process to vertex form.,p_complete_solve,p2-07,PROC-DIRECT-EXECUTE-01,Equation,constructed/open response,,Unit 6 Assessment Plan + Algebra 1 Framework v6.34,
U6_S2_P2_08,Practice Set 2,6.2,Intro,I can use completing the square to solve quadratic equations and write equivalent vertex-form expressions.,Students will solve quadratic equations by completing the square and connect the process to vertex form.,p_complete_solve,p2-08,PROC-DIRECT-EXECUTE-01,Equation,constructed/open response,,Unit 6 Assessment Plan + Algebra 1 Framework v6.34,
U6_S2_P2_09,Practice Set 2,6.2,Intro,I can use completing the square to solve quadratic equations and write equivalent vertex-form expressions.,Students will solve quadratic equations by completing the square and connect the process to vertex form.,p_vertex_rewrite,p2-09,PROC-MULTISTEP-CHAIN-01,Equation,constructed/open response,,Unit 6 Assessment Plan + Algebra 1 Framework v6.34,
U6_S2_P2_10,Practice Set 2,6.2,Intro,I can use completing the square to solve quadratic equations and write equivalent vertex-form expressions.,Students will solve quadratic equations by completing the square and connect the process to vertex form.,p_vertex_rewrite,p2-10,PROC-MULTISTEP-CHAIN-01,Equation,constructed/open response,,Unit 6 Assessment Plan + Algebra 1 Framework v6.34,
U6_S2_P2_11,Practice Set 2,6.2,Intro,I can use completing the square to solve quadratic equations and write equivalent vertex-form expressions.,Students will solve quadratic equations by completing the square and connect the process to vertex form.,p_vertex_rewrite,p2-11,PROC-MULTISTEP-CHAIN-01,Equation,constructed/open response,,Unit 6 Assessment Plan + Algebra 1 Framework v6.34,
U6_S2_P2_12,Practice Set 2,6.2,Intro,I can use completing the square to solve quadratic equations and write equivalent vertex-form expressions.,Students will solve quadratic equations by completing the square and connect the process to vertex form.,p_vertex_rewrite,p2-12,PROC-MULTISTEP-CHAIN-01,Equation,constructed/open response,,Unit 6 Assessment Plan + Algebra 1 Framework v6.34,
U6_S2_P2_13,Practice Set 2,6.2,Intro,I can predict how completing the square reveals the vertex and symmetry of a quadratic function.,Students will solve quadratic equations by completing the square and connect the process to vertex form.,p_graph_vertex,p2-13,FEATURE-IDENTIFY-FROM-REPRESENTATION-01,Graph,constructed/open response,,Unit 6 Assessment Plan + Algebra 1 Framework v6.34,
U6_S2_P2_14,Practice Set 2,6.2,Intro,I can predict how completing the square reveals the vertex and symmetry of a quadratic function.,Students will solve quadratic equations by completing the square and connect the process to vertex form.,p_table_symmetry,p2-14,FEATURE-IDENTIFY-FROM-REPRESENTATION-01,Table,constructed/open response,,Unit 6 Assessment Plan + Algebra 1 Framework v6.34,
U6_S2_P2_15,Practice Set 2,6.2,Intro,I can predict how completing the square reveals the vertex and symmetry of a quadratic function.,Students will solve quadratic equations by completing the square and connect the process to vertex form.,p_vertex_context,p2-15,FEATURE-IDENTIFY-FROM-REPRESENTATION-01,Context + Equation,constructed/open response,,Unit 6 Assessment Plan + Algebra 1 Framework v6.34,
U6_S2_P2_16,Practice Set 2,6.2,Intro,I can use completing the square to solve quadratic equations and write equivalent vertex-form expressions.,Students will solve quadratic equations by completing the square and connect the process to vertex form.,p_error_balance_square,p2-16,ERROR-DIAGNOSE-WORKED-SOLUTION-01,Equation + Prose,constructed/open response,,Unit 6 Assessment Plan + Algebra 1 Framework v6.34,
U6_S2_P2_17,Practice Set 2,6.2,Review,I can construct equivalent quadratic forms to reveal different key features.,"Students will compare standard, vertex, and factored forms of quadratic functions and determine which form best reveals key features.",r_forms_equivalent,p2-17,PROC-DIRECT-EXECUTE-01,Equation,constructed/open response,,Unit 6 Assessment Plan spiral Review route + Algebra 1 Framework source section 5.5,
U6_S2_P2_18,Practice Set 2,6.2,Review,"I can interpret standard, vertex, and factored forms to read key features of quadratic functions.","Students will compare standard, vertex, and factored forms of quadratic functions and determine which form best reveals key features.",r_form_feature,p2-18,FEATURE-IDENTIFY-FROM-REPRESENTATION-01,Equation + Feature,constructed/open response,,Unit 6 Assessment Plan spiral Review route + Algebra 1 Framework source section 5.5,
U6_S2_P2_19,Practice Set 2,6.2,Review,I can critique which quadratic form best supports a given question or context.,"Students will compare standard, vertex, and factored forms of quadratic functions and determine which form best reveals key features.",r_choose_form,p2-19,COMPARE-EFFICIENCY-CONTEXT-01,Prose + Equation forms,constructed/open response,,Unit 6 Assessment Plan spiral Review route + Algebra 1 Framework source section 5.5,
U6_S2_P2_20,Practice Set 2,6.2,Review,I can critique which quadratic form best supports a given question or context.,"Students will compare standard, vertex, and factored forms of quadratic functions and determine which form best reveals key features.",r_choose_vertex_form,p2-20,COMPARE-EFFICIENCY-CONTEXT-01,Prose + Equation forms,constructed/open response,,Unit 6 Assessment Plan spiral Review route + Algebra 1 Framework source section 5.5,
U6_S2_P2_21,Practice Set 2,6.2,Mastery,"I can predict how changing values in an equation moves a graph left, right, up, or down.",Students will graph and write translated functions using key points and key features.,m_translation_read,p2-21,FEATURE-IDENTIFY-FROM-REPRESENTATION-01,Equation + Graph transformation,constructed/open response,U6-MG02,Unit 6 Assessment Plan spiral Mastery route + Algebra 1 Framework source section 4.2,
U6_S2_P2_22,Practice Set 2,6.2,Mastery,I can use horizontal and vertical shifts to write equations for translated functions.,Students will graph and write translated functions using key points and key features.,m_translation_write,p2-22,REPTRANS-TRANSLATE-VERBAL-SYMBOLIC-01,Equation,constructed/open response,U6-MG02,Unit 6 Assessment Plan spiral Mastery route + Algebra 1 Framework source section 4.2,
U6_S2_P2_23,Practice Set 2,6.2,Mastery,I can build translated graphs by moving key points and key features from a parent function.,Students will graph and write translated functions using key points and key features.,m_keypoint_translate,p2-23,PROC-DIRECT-EXECUTE-01,Coordinate point,constructed/open response,U6-MG02,Unit 6 Assessment Plan spiral Mastery route + Algebra 1 Framework source section 4.2,
U6_S2_P2_24,Practice Set 2,6.2,Mastery,"I can predict how changing values in an equation moves a graph left, right, up, or down.",Students will graph and write translated functions using key points and key features.,m_horizontal_sign,p2-24,ARGUE-JUSTIFY-GENERAL-CASE-01,Equation + Prose,constructed/open response,U6-MG02,Unit 6 Assessment Plan spiral Mastery route + Algebra 1 Framework source section 4.2,
U6_S2_P3_01,Practice Set 3,6.2,Intro,I can build perfect-square trinomials by adding the needed constant term.,Students will solve quadratic equations by completing the square and connect the process to vertex form.,p_square_constant,p3-01,PROC-DIRECT-EXECUTE-01,Equation,constructed/open response,,Unit 6 Assessment Plan + Algebra 1 Framework v6.34,
U6_S2_P3_02,Practice Set 3,6.2,Intro,I can build perfect-square trinomials by adding the needed constant term.,Students will solve quadratic equations by completing the square and connect the process to vertex form.,p_square_constant,p3-02,PROC-DIRECT-EXECUTE-01,Equation,constructed/open response,,Unit 6 Assessment Plan + Algebra 1 Framework v6.34,
U6_S2_P3_03,Practice Set 3,6.2,Intro,I can build perfect-square trinomials by adding the needed constant term.,Students will solve quadratic equations by completing the square and connect the process to vertex form.,p_square_constant,p3-03,PROC-DIRECT-EXECUTE-01,Equation,constructed/open response,,Unit 6 Assessment Plan + Algebra 1 Framework v6.34,
U6_S2_P3_04,Practice Set 3,6.2,Intro,I can build perfect-square trinomials by adding the needed constant term.,Students will solve quadratic equations by completing the square and connect the process to vertex form.,p_square_constant,p3-04,PROC-DIRECT-EXECUTE-01,Equation,constructed/open response,,Unit 6 Assessment Plan + Algebra 1 Framework v6.34,
U6_S2_P3_05,Practice Set 3,6.2,Intro,I can use completing the square to solve quadratic equations and write equivalent vertex-form expressions.,Students will solve quadratic equations by completing the square and connect the process to vertex form.,p_complete_solve,p3-05,PROC-DIRECT-EXECUTE-01,Equation,constructed/open response,,Unit 6 Assessment Plan + Algebra 1 Framework v6.34,
U6_S2_P3_06,Practice Set 3,6.2,Intro,I can use completing the square to solve quadratic equations and write equivalent vertex-form expressions.,Students will solve quadratic equations by completing the square and connect the process to vertex form.,p_complete_solve,p3-06,PROC-DIRECT-EXECUTE-01,Equation,constructed/open response,,Unit 6 Assessment Plan + Algebra 1 Framework v6.34,
U6_S2_P3_07,Practice Set 3,6.2,Intro,I can use completing the square to solve quadratic equations and write equivalent vertex-form expressions.,Students will solve quadratic equations by completing the square and connect the process to vertex form.,p_complete_solve,p3-07,PROC-DIRECT-EXECUTE-01,Equation,constructed/open response,,Unit 6 Assessment Plan + Algebra 1 Framework v6.34,
U6_S2_P3_08,Practice Set 3,6.2,Intro,I can use completing the square to solve quadratic equations and write equivalent vertex-form expressions.,Students will solve quadratic equations by completing the square and connect the process to vertex form.,p_complete_solve,p3-08,PROC-DIRECT-EXECUTE-01,Equation,constructed/open response,,Unit 6 Assessment Plan + Algebra 1 Framework v6.34,
U6_S2_P3_09,Practice Set 3,6.2,Intro,I can use completing the square to solve quadratic equations and write equivalent vertex-form expressions.,Students will solve quadratic equations by completing the square and connect the process to vertex form.,p_vertex_rewrite,p3-09,PROC-MULTISTEP-CHAIN-01,Equation,constructed/open response,,Unit 6 Assessment Plan + Algebra 1 Framework v6.34,
U6_S2_P3_10,Practice Set 3,6.2,Intro,I can use completing the square to solve quadratic equations and write equivalent vertex-form expressions.,Students will solve quadratic equations by completing the square and connect the process to vertex form.,p_vertex_rewrite,p3-10,PROC-MULTISTEP-CHAIN-01,Equation,constructed/open response,,Unit 6 Assessment Plan + Algebra 1 Framework v6.34,
U6_S2_P3_11,Practice Set 3,6.2,Intro,I can use completing the square to solve quadratic equations and write equivalent vertex-form expressions.,Students will solve quadratic equations by completing the square and connect the process to vertex form.,p_vertex_rewrite,p3-11,PROC-MULTISTEP-CHAIN-01,Equation,constructed/open response,,Unit 6 Assessment Plan + Algebra 1 Framework v6.34,
U6_S2_P3_12,Practice Set 3,6.2,Intro,I can use completing the square to solve quadratic equations and write equivalent vertex-form expressions.,Students will solve quadratic equations by completing the square and connect the process to vertex form.,p_vertex_rewrite,p3-12,PROC-MULTISTEP-CHAIN-01,Equation,constructed/open response,,Unit 6 Assessment Plan + Algebra 1 Framework v6.34,
U6_S2_P3_13,Practice Set 3,6.2,Intro,I can predict how completing the square reveals the vertex and symmetry of a quadratic function.,Students will solve quadratic equations by completing the square and connect the process to vertex form.,p_graph_vertex,p3-13,FEATURE-IDENTIFY-FROM-REPRESENTATION-01,Graph,constructed/open response,,Unit 6 Assessment Plan + Algebra 1 Framework v6.34,
U6_S2_P3_14,Practice Set 3,6.2,Intro,I can predict how completing the square reveals the vertex and symmetry of a quadratic function.,Students will solve quadratic equations by completing the square and connect the process to vertex form.,p_table_symmetry,p3-14,FEATURE-IDENTIFY-FROM-REPRESENTATION-01,Table,constructed/open response,,Unit 6 Assessment Plan + Algebra 1 Framework v6.34,
U6_S2_P3_15,Practice Set 3,6.2,Intro,I can predict how completing the square reveals the vertex and symmetry of a quadratic function.,Students will solve quadratic equations by completing the square and connect the process to vertex form.,p_vertex_context,p3-15,FEATURE-IDENTIFY-FROM-REPRESENTATION-01,Context + Equation,constructed/open response,,Unit 6 Assessment Plan + Algebra 1 Framework v6.34,
U6_S2_P3_16,Practice Set 3,6.2,Intro,I can use completing the square to solve quadratic equations and write equivalent vertex-form expressions.,Students will solve quadratic equations by completing the square and connect the process to vertex form.,p_error_balance_square,p3-16,ERROR-DIAGNOSE-WORKED-SOLUTION-01,Equation + Prose,constructed/open response,,Unit 6 Assessment Plan + Algebra 1 Framework v6.34,
U6_S2_P3_17,Practice Set 3,6.2,Review,I can construct equivalent quadratic forms to reveal different key features.,"Students will compare standard, vertex, and factored forms of quadratic functions and determine which form best reveals key features.",r_forms_equivalent,p3-17,PROC-DIRECT-EXECUTE-01,Equation,constructed/open response,,Unit 6 Assessment Plan spiral Review route + Algebra 1 Framework source section 5.5,
U6_S2_P3_18,Practice Set 3,6.2,Review,"I can interpret standard, vertex, and factored forms to read key features of quadratic functions.","Students will compare standard, vertex, and factored forms of quadratic functions and determine which form best reveals key features.",r_form_feature,p3-18,FEATURE-IDENTIFY-FROM-REPRESENTATION-01,Equation + Feature,constructed/open response,,Unit 6 Assessment Plan spiral Review route + Algebra 1 Framework source section 5.5,
U6_S2_P3_19,Practice Set 3,6.2,Review,I can critique which quadratic form best supports a given question or context.,"Students will compare standard, vertex, and factored forms of quadratic functions and determine which form best reveals key features.",r_choose_form,p3-19,COMPARE-EFFICIENCY-CONTEXT-01,Prose + Equation forms,constructed/open response,,Unit 6 Assessment Plan spiral Review route + Algebra 1 Framework source section 5.5,
U6_S2_P3_20,Practice Set 3,6.2,Review,I can critique which quadratic form best supports a given question or context.,"Students will compare standard, vertex, and factored forms of quadratic functions and determine which form best reveals key features.",r_choose_vertex_form,p3-20,COMPARE-EFFICIENCY-CONTEXT-01,Prose + Equation forms,constructed/open response,,Unit 6 Assessment Plan spiral Review route + Algebra 1 Framework source section 5.5,
U6_S2_P3_21,Practice Set 3,6.2,Mastery,"I can predict how changing values in an equation moves a graph left, right, up, or down.",Students will graph and write translated functions using key points and key features.,m_translation_read,p3-21,FEATURE-IDENTIFY-FROM-REPRESENTATION-01,Equation + Graph transformation,constructed/open response,U6-MG02,Unit 6 Assessment Plan spiral Mastery route + Algebra 1 Framework source section 4.2,
U6_S2_P3_22,Practice Set 3,6.2,Mastery,I can use horizontal and vertical shifts to write equations for translated functions.,Students will graph and write translated functions using key points and key features.,m_translation_write,p3-22,REPTRANS-TRANSLATE-VERBAL-SYMBOLIC-01,Equation,constructed/open response,U6-MG02,Unit 6 Assessment Plan spiral Mastery route + Algebra 1 Framework source section 4.2,
U6_S2_P3_23,Practice Set 3,6.2,Mastery,I can build translated graphs by moving key points and key features from a parent function.,Students will graph and write translated functions using key points and key features.,m_keypoint_translate,p3-23,PROC-DIRECT-EXECUTE-01,Coordinate point,constructed/open response,U6-MG02,Unit 6 Assessment Plan spiral Mastery route + Algebra 1 Framework source section 4.2,
U6_S2_P3_24,Practice Set 3,6.2,Mastery,"I can predict how changing values in an equation moves a graph left, right, up, or down.",Students will graph and write translated functions using key points and key features.,m_horizontal_sign,p3-24,ARGUE-JUSTIFY-GENERAL-CASE-01,Equation + Prose,constructed/open response,U6-MG02,Unit 6 Assessment Plan spiral Mastery route + Algebra 1 Framework source section 4.2,
U6_S2_EXT_01,Extra Practice,6.2,Intro,I can build perfect-square trinomials by adding the needed constant term.,Students will solve quadratic equations by completing the square and connect the process to vertex form.,p_square_constant,ext-01,PROC-DIRECT-EXECUTE-01,Equation,constructed/open response,,Unit 6 Assessment Plan + Algebra 1 Framework v6.34,
U6_S2_EXT_02,Extra Practice,6.2,Intro,I can build perfect-square trinomials by adding the needed constant term.,Students will solve quadratic equations by completing the square and connect the process to vertex form.,p_square_constant,ext-02,PROC-DIRECT-EXECUTE-01,Equation,constructed/open response,,Unit 6 Assessment Plan + Algebra 1 Framework v6.34,
U6_S2_EXT_03,Extra Practice,6.2,Intro,I can build perfect-square trinomials by adding the needed constant term.,Students will solve quadratic equations by completing the square and connect the process to vertex form.,p_square_constant,ext-03,PROC-DIRECT-EXECUTE-01,Equation,constructed/open response,,Unit 6 Assessment Plan + Algebra 1 Framework v6.34,
U6_S2_EXT_04,Extra Practice,6.2,Intro,I can build perfect-square trinomials by adding the needed constant term.,Students will solve quadratic equations by completing the square and connect the process to vertex form.,p_square_constant,ext-04,PROC-DIRECT-EXECUTE-01,Equation,constructed/open response,,Unit 6 Assessment Plan + Algebra 1 Framework v6.34,
U6_S2_EXT_05,Extra Practice,6.2,Intro,I can use completing the square to solve quadratic equations and write equivalent vertex-form expressions.,Students will solve quadratic equations by completing the square and connect the process to vertex form.,p_complete_solve,ext-05,PROC-DIRECT-EXECUTE-01,Equation,constructed/open response,,Unit 6 Assessment Plan + Algebra 1 Framework v6.34,
U6_S2_EXT_06,Extra Practice,6.2,Intro,I can use completing the square to solve quadratic equations and write equivalent vertex-form expressions.,Students will solve quadratic equations by completing the square and connect the process to vertex form.,p_complete_solve,ext-06,PROC-DIRECT-EXECUTE-01,Equation,constructed/open response,,Unit 6 Assessment Plan + Algebra 1 Framework v6.34,
U6_S2_EXT_07,Extra Practice,6.2,Intro,I can use completing the square to solve quadratic equations and write equivalent vertex-form expressions.,Students will solve quadratic equations by completing the square and connect the process to vertex form.,p_complete_solve,ext-07,PROC-DIRECT-EXECUTE-01,Equation,constructed/open response,,Unit 6 Assessment Plan + Algebra 1 Framework v6.34,
U6_S2_EXT_08,Extra Practice,6.2,Intro,I can use completing the square to solve quadratic equations and write equivalent vertex-form expressions.,Students will solve quadratic equations by completing the square and connect the process to vertex form.,p_complete_solve,ext-08,PROC-DIRECT-EXECUTE-01,Equation,constructed/open response,,Unit 6 Assessment Plan + Algebra 1 Framework v6.34,
U6_S2_EXT_09,Extra Practice,6.2,Intro,I can use completing the square to solve quadratic equations and write equivalent vertex-form expressions.,Students will solve quadratic equations by completing the square and connect the process to vertex form.,p_vertex_rewrite,ext-09,PROC-MULTISTEP-CHAIN-01,Equation,constructed/open response,,Unit 6 Assessment Plan + Algebra 1 Framework v6.34,
U6_S2_EXT_10,Extra Practice,6.2,Intro,I can use completing the square to solve quadratic equations and write equivalent vertex-form expressions.,Students will solve quadratic equations by completing the square and connect the process to vertex form.,p_vertex_rewrite,ext-10,PROC-MULTISTEP-CHAIN-01,Equation,constructed/open response,,Unit 6 Assessment Plan + Algebra 1 Framework v6.34,
U6_S2_EXT_11,Extra Practice,6.2,Intro,I can use completing the square to solve quadratic equations and write equivalent vertex-form expressions.,Students will solve quadratic equations by completing the square and connect the process to vertex form.,p_vertex_rewrite,ext-11,PROC-MULTISTEP-CHAIN-01,Equation,constructed/open response,,Unit 6 Assessment Plan + Algebra 1 Framework v6.34,
U6_S2_EXT_12,Extra Practice,6.2,Intro,I can use completing the square to solve quadratic equations and write equivalent vertex-form expressions.,Students will solve quadratic equations by completing the square and connect the process to vertex form.,p_vertex_rewrite,ext-12,PROC-MULTISTEP-CHAIN-01,Equation,constructed/open response,,Unit 6 Assessment Plan + Algebra 1 Framework v6.34,
U6_S2_EXT_13,Extra Practice,6.2,Intro,I can predict how completing the square reveals the vertex and symmetry of a quadratic function.,Students will solve quadratic equations by completing the square and connect the process to vertex form.,p_graph_vertex,ext-13,FEATURE-IDENTIFY-FROM-REPRESENTATION-01,Graph,constructed/open response,,Unit 6 Assessment Plan + Algebra 1 Framework v6.34,
U6_S2_EXT_14,Extra Practice,6.2,Intro,I can predict how completing the square reveals the vertex and symmetry of a quadratic function.,Students will solve quadratic equations by completing the square and connect the process to vertex form.,p_table_symmetry,ext-14,FEATURE-IDENTIFY-FROM-REPRESENTATION-01,Table,constructed/open response,,Unit 6 Assessment Plan + Algebra 1 Framework v6.34,
U6_S2_EXT_15,Extra Practice,6.2,Intro,I can predict how completing the square reveals the vertex and symmetry of a quadratic function.,Students will solve quadratic equations by completing the square and connect the process to vertex form.,p_vertex_context,ext-15,FEATURE-IDENTIFY-FROM-REPRESENTATION-01,Context + Equation,constructed/open response,,Unit 6 Assessment Plan + Algebra 1 Framework v6.34,
U6_S2_EXT_16,Extra Practice,6.2,Intro,I can use completing the square to solve quadratic equations and write equivalent vertex-form expressions.,Students will solve quadratic equations by completing the square and connect the process to vertex form.,p_error_balance_square,ext-16,ERROR-DIAGNOSE-WORKED-SOLUTION-01,Equation + Prose,constructed/open response,,Unit 6 Assessment Plan + Algebra 1 Framework v6.34,
U6_S2_EXT_17,Extra Practice,6.2,Review,I can construct equivalent quadratic forms to reveal different key features.,"Students will compare standard, vertex, and factored forms of quadratic functions and determine which form best reveals key features.",r_forms_equivalent,ext-17,PROC-DIRECT-EXECUTE-01,Equation,constructed/open response,,Unit 6 Assessment Plan spiral Review route + Algebra 1 Framework source section 5.5,
U6_S2_EXT_18,Extra Practice,6.2,Review,"I can interpret standard, vertex, and factored forms to read key features of quadratic functions.","Students will compare standard, vertex, and factored forms of quadratic functions and determine which form best reveals key features.",r_form_feature,ext-18,FEATURE-IDENTIFY-FROM-REPRESENTATION-01,Equation + Feature,constructed/open response,,Unit 6 Assessment Plan spiral Review route + Algebra 1 Framework source section 5.5,
U6_S2_EXT_19,Extra Practice,6.2,Review,I can critique which quadratic form best supports a given question or context.,"Students will compare standard, vertex, and factored forms of quadratic functions and determine which form best reveals key features.",r_choose_form,ext-19,COMPARE-EFFICIENCY-CONTEXT-01,Prose + Equation forms,constructed/open response,,Unit 6 Assessment Plan spiral Review route + Algebra 1 Framework source section 5.5,
U6_S2_EXT_20,Extra Practice,6.2,Review,I can critique which quadratic form best supports a given question or context.,"Students will compare standard, vertex, and factored forms of quadratic functions and determine which form best reveals key features.",r_choose_vertex_form,ext-20,COMPARE-EFFICIENCY-CONTEXT-01,Prose + Equation forms,constructed/open response,,Unit 6 Assessment Plan spiral Review route + Algebra 1 Framework source section 5.5,
U6_S2_EXT_21,Extra Practice,6.2,Mastery,"I can predict how changing values in an equation moves a graph left, right, up, or down.",Students will graph and write translated functions using key points and key features.,m_translation_read,ext-21,FEATURE-IDENTIFY-FROM-REPRESENTATION-01,Equation + Graph transformation,constructed/open response,U6-MG02,Unit 6 Assessment Plan spiral Mastery route + Algebra 1 Framework source section 4.2,
U6_S2_EXT_22,Extra Practice,6.2,Mastery,I can use horizontal and vertical shifts to write equations for translated functions.,Students will graph and write translated functions using key points and key features.,m_translation_write,ext-22,REPTRANS-TRANSLATE-VERBAL-SYMBOLIC-01,Equation,constructed/open response,U6-MG02,Unit 6 Assessment Plan spiral Mastery route + Algebra 1 Framework source section 4.2,
U6_S2_EXT_23,Extra Practice,6.2,Mastery,I can build translated graphs by moving key points and key features from a parent function.,Students will graph and write translated functions using key points and key features.,m_keypoint_translate,ext-23,PROC-DIRECT-EXECUTE-01,Coordinate point,constructed/open response,U6-MG02,Unit 6 Assessment Plan spiral Mastery route + Algebra 1 Framework source section 4.2,
U6_S2_EXT_24,Extra Practice,6.2,Mastery,"I can predict how changing values in an equation moves a graph left, right, up, or down.",Students will graph and write translated functions using key points and key features.,m_horizontal_sign,ext-24,ARGUE-JUSTIFY-GENERAL-CASE-01,Equation + Prose,constructed/open response,U6-MG02,Unit 6 Assessment Plan spiral Mastery route + Algebra 1 Framework source section 4.2,
U6_S3_P1_01,Practice Set 1,6.3,Intro,"I can design a coefficient map that organizes $a$, $b$, and $c$ before using the quadratic formula.",Students will solve quadratic equations using the quadratic formula and interpret solutions.,p_coeff_map,p1-01,PROC-DIRECT-EXECUTE-01,Equation,constructed/open response,,Unit 6 Assessment Plan + Algebra 1 Framework v6.34,
U6_S3_P1_02,Practice Set 1,6.3,Intro,"I can design a coefficient map that organizes $a$, $b$, and $c$ before using the quadratic formula.",Students will solve quadratic equations using the quadratic formula and interpret solutions.,p_coeff_map,p1-02,PROC-DIRECT-EXECUTE-01,Equation,constructed/open response,,Unit 6 Assessment Plan + Algebra 1 Framework v6.34,
U6_S3_P1_03,Practice Set 1,6.3,Intro,"I can design a coefficient map that organizes $a$, $b$, and $c$ before using the quadratic formula.",Students will solve quadratic equations using the quadratic formula and interpret solutions.,p_coeff_map,p1-03,PROC-DIRECT-EXECUTE-01,Equation,constructed/open response,,Unit 6 Assessment Plan + Algebra 1 Framework v6.34,
U6_S3_P1_04,Practice Set 1,6.3,Intro,"I can design a coefficient map that organizes $a$, $b$, and $c$ before using the quadratic formula.",Students will solve quadratic equations using the quadratic formula and interpret solutions.,p_coeff_map,p1-04,PROC-DIRECT-EXECUTE-01,Equation,constructed/open response,,Unit 6 Assessment Plan + Algebra 1 Framework v6.34,
U6_S3_P1_05,Practice Set 1,6.3,Intro,"I can apply the quadratic formula to solve equations with rational, irrational, or no real solutions.",Students will solve quadratic equations using the quadratic formula and interpret solutions.,p_formula_rational,p1-05,PROC-DIRECT-EXECUTE-01,Equation,constructed/open response,,Unit 6 Assessment Plan + Algebra 1 Framework v6.34,
U6_S3_P1_06,Practice Set 1,6.3,Intro,"I can apply the quadratic formula to solve equations with rational, irrational, or no real solutions.",Students will solve quadratic equations using the quadratic formula and interpret solutions.,p_formula_rational,p1-06,PROC-DIRECT-EXECUTE-01,Equation,constructed/open response,,Unit 6 Assessment Plan + Algebra 1 Framework v6.34,
U6_S3_P1_07,Practice Set 1,6.3,Intro,"I can apply the quadratic formula to solve equations with rational, irrational, or no real solutions.",Students will solve quadratic equations using the quadratic formula and interpret solutions.,p_formula_rational,p1-07,PROC-DIRECT-EXECUTE-01,Equation,constructed/open response,,Unit 6 Assessment Plan + Algebra 1 Framework v6.34,
U6_S3_P1_08,Practice Set 1,6.3,Intro,"I can apply the quadratic formula to solve equations with rational, irrational, or no real solutions.",Students will solve quadratic equations using the quadratic formula and interpret solutions.,p_formula_rational,p1-08,PROC-DIRECT-EXECUTE-01,Equation,constructed/open response,,Unit 6 Assessment Plan + Algebra 1 Framework v6.34,
U6_S3_P1_09,Practice Set 1,6.3,Intro,"I can apply the quadratic formula to solve equations with rational, irrational, or no real solutions.",Students will solve quadratic equations using the quadratic formula and interpret solutions.,p_formula_irrational,p1-09,PROC-DIRECT-EXECUTE-01,Equation,constructed/open response,,Unit 6 Assessment Plan + Algebra 1 Framework v6.34,
U6_S3_P1_10,Practice Set 1,6.3,Intro,"I can apply the quadratic formula to solve equations with rational, irrational, or no real solutions.",Students will solve quadratic equations using the quadratic formula and interpret solutions.,p_formula_irrational,p1-10,PROC-DIRECT-EXECUTE-01,Equation,constructed/open response,,Unit 6 Assessment Plan + Algebra 1 Framework v6.34,
U6_S3_P1_11,Practice Set 1,6.3,Intro,"I can apply the quadratic formula to solve equations with rational, irrational, or no real solutions.",Students will solve quadratic equations using the quadratic formula and interpret solutions.,p_formula_irrational,p1-11,PROC-DIRECT-EXECUTE-01,Equation,constructed/open response,,Unit 6 Assessment Plan + Algebra 1 Framework v6.34,
U6_S3_P1_12,Practice Set 1,6.3,Intro,"I can apply the quadratic formula to solve equations with rational, irrational, or no real solutions.",Students will solve quadratic equations using the quadratic formula and interpret solutions.,p_formula_irrational,p1-12,PROC-DIRECT-EXECUTE-01,Equation,constructed/open response,,Unit 6 Assessment Plan + Algebra 1 Framework v6.34,
U6_S3_P1_13,Practice Set 1,6.3,Intro,I can assess how the discriminant predicts the number and type of real solutions.,Students will solve quadratic equations using the quadratic formula and interpret solutions.,p_graph_solution_count,p1-13,GRAPH-INFER-BEHAVIOR-01,Graph,constructed/open response,,Unit 6 Assessment Plan + Algebra 1 Framework v6.34,
U6_S3_P1_14,Practice Set 1,6.3,Intro,I can assess how the discriminant predicts the number and type of real solutions.,Students will solve quadratic equations using the quadratic formula and interpret solutions.,p_discriminant_table,p1-14,TABLE-RECONSTRUCT-MISSING-CELLS-01,Table + Equation,constructed/open response,,Unit 6 Assessment Plan + Algebra 1 Framework v6.34,
U6_S3_P1_15,Practice Set 1,6.3,Intro,I can assess how the discriminant predicts the number and type of real solutions.,Students will solve quadratic equations using the quadratic formula and interpret solutions.,p_discriminant_context,p1-15,VERIFY-REASONABLENESS-01,Context,constructed/open response,,Unit 6 Assessment Plan + Algebra 1 Framework v6.34,
U6_S3_P1_16,Practice Set 1,6.3,Intro,"I can design a coefficient map that organizes $a$, $b$, and $c$ before using the quadratic formula.",Students will solve quadratic equations using the quadratic formula and interpret solutions.,p_coeff_sign_error,p1-16,ERROR-DIAGNOSE-WORKED-SOLUTION-01,Equation + Prose,constructed/open response,,Unit 6 Assessment Plan + Algebra 1 Framework v6.34,
U6_S3_P1_17,Practice Set 1,6.3,Review,I can construct equivalent polynomial expressions by factoring out a greatest common factor.,Students will identify common factors and use structure to rewrite polynomial expressions.,r_gcf,p1-17,PROC-DIRECT-EXECUTE-01,Expression,constructed/open response,,Unit 6 Assessment Plan spiral Review route + Algebra 1 Framework source section 5.1,
U6_S3_P1_18,Practice Set 1,6.3,Review,I can apply structure to rewrite polynomial expressions in a more useful form.,Students will identify common factors and use structure to rewrite polynomial expressions.,r_structure_factor,p1-18,PROC-DIRECT-EXECUTE-01,Expression,constructed/open response,,Unit 6 Assessment Plan spiral Review route + Algebra 1 Framework source section 5.1,
U6_S3_P1_19,Practice Set 1,6.3,Review,I can determine whether a rewritten expression is reasonable by checking common factors and equivalent products.,Students will identify common factors and use structure to rewrite polynomial expressions.,r_gcf_reasonableness,p1-19,ERROR-CRITIQUE-CLAIM-01,Expression + Prose,constructed/open response,,Unit 6 Assessment Plan spiral Review route + Algebra 1 Framework source section 5.1,
U6_S3_P1_20,Practice Set 1,6.3,Review,I can construct equivalent polynomial expressions by factoring out a greatest common factor.,Students will identify common factors and use structure to rewrite polynomial expressions.,r_gcf_negative,p1-20,PROC-DIRECT-EXECUTE-01,Expression,constructed/open response,,Unit 6 Assessment Plan spiral Review route + Algebra 1 Framework source section 5.1,
U6_S3_P1_21,Practice Set 1,6.3,Mastery,"I can use structure and like terms to add, subtract, and multiply polynomial expressions.","Students will add, subtract, and multiply polynomial expressions.",m_poly_add,p1-21,PROC-DIRECT-EXECUTE-01,Expression,constructed/open response,U6-MG03,Unit 6 Assessment Plan spiral Mastery route + Algebra 1 Framework source section 4.4,
U6_S3_P1_22,Practice Set 1,6.3,Mastery,"I can use structure and like terms to add, subtract, and multiply polynomial expressions.","Students will add, subtract, and multiply polynomial expressions.",m_poly_subtract,p1-22,PROC-DIRECT-EXECUTE-01,Expression,constructed/open response,U6-MG03,Unit 6 Assessment Plan spiral Mastery route + Algebra 1 Framework source section 4.4,
U6_S3_P1_23,Practice Set 1,6.3,Mastery,"I can use structure and like terms to add, subtract, and multiply polynomial expressions.","Students will add, subtract, and multiply polynomial expressions.",m_poly_multiply,p1-23,PROC-DIRECT-EXECUTE-01,Expression,constructed/open response,U6-MG03,Unit 6 Assessment Plan spiral Mastery route + Algebra 1 Framework source section 4.4,
U6_S3_P1_24,Practice Set 1,6.3,Mastery,"I can formulate polynomial sums, differences, and products from area, perimeter, and expression contexts.","Students will add, subtract, and multiply polynomial expressions.",m_area_polynomial,p1-24,PROC-MULTISTEP-CHAIN-01,Context + Equation,constructed/open response,U6-MG03,Unit 6 Assessment Plan spiral Mastery route + Algebra 1 Framework source section 4.4,
U6_S3_P2_01,Practice Set 2,6.3,Intro,"I can design a coefficient map that organizes $a$, $b$, and $c$ before using the quadratic formula.",Students will solve quadratic equations using the quadratic formula and interpret solutions.,p_coeff_map,p2-01,PROC-DIRECT-EXECUTE-01,Equation,constructed/open response,,Unit 6 Assessment Plan + Algebra 1 Framework v6.34,
U6_S3_P2_02,Practice Set 2,6.3,Intro,"I can design a coefficient map that organizes $a$, $b$, and $c$ before using the quadratic formula.",Students will solve quadratic equations using the quadratic formula and interpret solutions.,p_coeff_map,p2-02,PROC-DIRECT-EXECUTE-01,Equation,constructed/open response,,Unit 6 Assessment Plan + Algebra 1 Framework v6.34,
U6_S3_P2_03,Practice Set 2,6.3,Intro,"I can design a coefficient map that organizes $a$, $b$, and $c$ before using the quadratic formula.",Students will solve quadratic equations using the quadratic formula and interpret solutions.,p_coeff_map,p2-03,PROC-DIRECT-EXECUTE-01,Equation,constructed/open response,,Unit 6 Assessment Plan + Algebra 1 Framework v6.34,
U6_S3_P2_04,Practice Set 2,6.3,Intro,"I can design a coefficient map that organizes $a$, $b$, and $c$ before using the quadratic formula.",Students will solve quadratic equations using the quadratic formula and interpret solutions.,p_coeff_map,p2-04,PROC-DIRECT-EXECUTE-01,Equation,constructed/open response,,Unit 6 Assessment Plan + Algebra 1 Framework v6.34,
U6_S3_P2_05,Practice Set 2,6.3,Intro,"I can apply the quadratic formula to solve equations with rational, irrational, or no real solutions.",Students will solve quadratic equations using the quadratic formula and interpret solutions.,p_formula_rational,p2-05,PROC-DIRECT-EXECUTE-01,Equation,constructed/open response,,Unit 6 Assessment Plan + Algebra 1 Framework v6.34,
U6_S3_P2_06,Practice Set 2,6.3,Intro,"I can apply the quadratic formula to solve equations with rational, irrational, or no real solutions.",Students will solve quadratic equations using the quadratic formula and interpret solutions.,p_formula_rational,p2-06,PROC-DIRECT-EXECUTE-01,Equation,constructed/open response,,Unit 6 Assessment Plan + Algebra 1 Framework v6.34,
U6_S3_P2_07,Practice Set 2,6.3,Intro,"I can apply the quadratic formula to solve equations with rational, irrational, or no real solutions.",Students will solve quadratic equations using the quadratic formula and interpret solutions.,p_formula_rational,p2-07,PROC-DIRECT-EXECUTE-01,Equation,constructed/open response,,Unit 6 Assessment Plan + Algebra 1 Framework v6.34,
U6_S3_P2_08,Practice Set 2,6.3,Intro,"I can apply the quadratic formula to solve equations with rational, irrational, or no real solutions.",Students will solve quadratic equations using the quadratic formula and interpret solutions.,p_formula_rational,p2-08,PROC-DIRECT-EXECUTE-01,Equation,constructed/open response,,Unit 6 Assessment Plan + Algebra 1 Framework v6.34,
U6_S3_P2_09,Practice Set 2,6.3,Intro,"I can apply the quadratic formula to solve equations with rational, irrational, or no real solutions.",Students will solve quadratic equations using the quadratic formula and interpret solutions.,p_formula_irrational,p2-09,PROC-DIRECT-EXECUTE-01,Equation,constructed/open response,,Unit 6 Assessment Plan + Algebra 1 Framework v6.34,
U6_S3_P2_10,Practice Set 2,6.3,Intro,"I can apply the quadratic formula to solve equations with rational, irrational, or no real solutions.",Students will solve quadratic equations using the quadratic formula and interpret solutions.,p_formula_irrational,p2-10,PROC-DIRECT-EXECUTE-01,Equation,constructed/open response,,Unit 6 Assessment Plan + Algebra 1 Framework v6.34,
U6_S3_P2_11,Practice Set 2,6.3,Intro,"I can apply the quadratic formula to solve equations with rational, irrational, or no real solutions.",Students will solve quadratic equations using the quadratic formula and interpret solutions.,p_formula_irrational,p2-11,PROC-DIRECT-EXECUTE-01,Equation,constructed/open response,,Unit 6 Assessment Plan + Algebra 1 Framework v6.34,
U6_S3_P2_12,Practice Set 2,6.3,Intro,"I can apply the quadratic formula to solve equations with rational, irrational, or no real solutions.",Students will solve quadratic equations using the quadratic formula and interpret solutions.,p_formula_irrational,p2-12,PROC-DIRECT-EXECUTE-01,Equation,constructed/open response,,Unit 6 Assessment Plan + Algebra 1 Framework v6.34,
U6_S3_P2_13,Practice Set 2,6.3,Intro,I can assess how the discriminant predicts the number and type of real solutions.,Students will solve quadratic equations using the quadratic formula and interpret solutions.,p_graph_solution_count,p2-13,GRAPH-INFER-BEHAVIOR-01,Graph,constructed/open response,,Unit 6 Assessment Plan + Algebra 1 Framework v6.34,
U6_S3_P2_14,Practice Set 2,6.3,Intro,I can assess how the discriminant predicts the number and type of real solutions.,Students will solve quadratic equations using the quadratic formula and interpret solutions.,p_discriminant_table,p2-14,TABLE-RECONSTRUCT-MISSING-CELLS-01,Table + Equation,constructed/open response,,Unit 6 Assessment Plan + Algebra 1 Framework v6.34,
U6_S3_P2_15,Practice Set 2,6.3,Intro,I can assess how the discriminant predicts the number and type of real solutions.,Students will solve quadratic equations using the quadratic formula and interpret solutions.,p_discriminant_context,p2-15,VERIFY-REASONABLENESS-01,Context,constructed/open response,,Unit 6 Assessment Plan + Algebra 1 Framework v6.34,
U6_S3_P2_16,Practice Set 2,6.3,Intro,"I can design a coefficient map that organizes $a$, $b$, and $c$ before using the quadratic formula.",Students will solve quadratic equations using the quadratic formula and interpret solutions.,p_coeff_sign_error,p2-16,ERROR-DIAGNOSE-WORKED-SOLUTION-01,Equation + Prose,constructed/open response,,Unit 6 Assessment Plan + Algebra 1 Framework v6.34,
U6_S3_P2_17,Practice Set 2,6.3,Review,I can construct equivalent polynomial expressions by factoring out a greatest common factor.,Students will identify common factors and use structure to rewrite polynomial expressions.,r_gcf,p2-17,PROC-DIRECT-EXECUTE-01,Expression,constructed/open response,,Unit 6 Assessment Plan spiral Review route + Algebra 1 Framework source section 5.1,
U6_S3_P2_18,Practice Set 2,6.3,Review,I can apply structure to rewrite polynomial expressions in a more useful form.,Students will identify common factors and use structure to rewrite polynomial expressions.,r_structure_factor,p2-18,PROC-DIRECT-EXECUTE-01,Expression,constructed/open response,,Unit 6 Assessment Plan spiral Review route + Algebra 1 Framework source section 5.1,
U6_S3_P2_19,Practice Set 2,6.3,Review,I can determine whether a rewritten expression is reasonable by checking common factors and equivalent products.,Students will identify common factors and use structure to rewrite polynomial expressions.,r_gcf_reasonableness,p2-19,ERROR-CRITIQUE-CLAIM-01,Expression + Prose,constructed/open response,,Unit 6 Assessment Plan spiral Review route + Algebra 1 Framework source section 5.1,
U6_S3_P2_20,Practice Set 2,6.3,Review,I can construct equivalent polynomial expressions by factoring out a greatest common factor.,Students will identify common factors and use structure to rewrite polynomial expressions.,r_gcf_negative,p2-20,PROC-DIRECT-EXECUTE-01,Expression,constructed/open response,,Unit 6 Assessment Plan spiral Review route + Algebra 1 Framework source section 5.1,
U6_S3_P2_21,Practice Set 2,6.3,Mastery,"I can use structure and like terms to add, subtract, and multiply polynomial expressions.","Students will add, subtract, and multiply polynomial expressions.",m_poly_add,p2-21,PROC-DIRECT-EXECUTE-01,Expression,constructed/open response,U6-MG03,Unit 6 Assessment Plan spiral Mastery route + Algebra 1 Framework source section 4.4,
U6_S3_P2_22,Practice Set 2,6.3,Mastery,"I can use structure and like terms to add, subtract, and multiply polynomial expressions.","Students will add, subtract, and multiply polynomial expressions.",m_poly_subtract,p2-22,PROC-DIRECT-EXECUTE-01,Expression,constructed/open response,U6-MG03,Unit 6 Assessment Plan spiral Mastery route + Algebra 1 Framework source section 4.4,
U6_S3_P2_23,Practice Set 2,6.3,Mastery,"I can use structure and like terms to add, subtract, and multiply polynomial expressions.","Students will add, subtract, and multiply polynomial expressions.",m_poly_multiply,p2-23,PROC-DIRECT-EXECUTE-01,Expression,constructed/open response,U6-MG03,Unit 6 Assessment Plan spiral Mastery route + Algebra 1 Framework source section 4.4,
U6_S3_P2_24,Practice Set 2,6.3,Mastery,"I can formulate polynomial sums, differences, and products from area, perimeter, and expression contexts.","Students will add, subtract, and multiply polynomial expressions.",m_area_polynomial,p2-24,PROC-MULTISTEP-CHAIN-01,Context + Equation,constructed/open response,U6-MG03,Unit 6 Assessment Plan spiral Mastery route + Algebra 1 Framework source section 4.4,
U6_S3_P3_01,Practice Set 3,6.3,Intro,"I can design a coefficient map that organizes $a$, $b$, and $c$ before using the quadratic formula.",Students will solve quadratic equations using the quadratic formula and interpret solutions.,p_coeff_map,p3-01,PROC-DIRECT-EXECUTE-01,Equation,constructed/open response,,Unit 6 Assessment Plan + Algebra 1 Framework v6.34,
U6_S3_P3_02,Practice Set 3,6.3,Intro,"I can design a coefficient map that organizes $a$, $b$, and $c$ before using the quadratic formula.",Students will solve quadratic equations using the quadratic formula and interpret solutions.,p_coeff_map,p3-02,PROC-DIRECT-EXECUTE-01,Equation,constructed/open response,,Unit 6 Assessment Plan + Algebra 1 Framework v6.34,
U6_S3_P3_03,Practice Set 3,6.3,Intro,"I can design a coefficient map that organizes $a$, $b$, and $c$ before using the quadratic formula.",Students will solve quadratic equations using the quadratic formula and interpret solutions.,p_coeff_map,p3-03,PROC-DIRECT-EXECUTE-01,Equation,constructed/open response,,Unit 6 Assessment Plan + Algebra 1 Framework v6.34,
U6_S3_P3_04,Practice Set 3,6.3,Intro,"I can design a coefficient map that organizes $a$, $b$, and $c$ before using the quadratic formula.",Students will solve quadratic equations using the quadratic formula and interpret solutions.,p_coeff_map,p3-04,PROC-DIRECT-EXECUTE-01,Equation,constructed/open response,,Unit 6 Assessment Plan + Algebra 1 Framework v6.34,
U6_S3_P3_05,Practice Set 3,6.3,Intro,"I can apply the quadratic formula to solve equations with rational, irrational, or no real solutions.",Students will solve quadratic equations using the quadratic formula and interpret solutions.,p_formula_rational,p3-05,PROC-DIRECT-EXECUTE-01,Equation,constructed/open response,,Unit 6 Assessment Plan + Algebra 1 Framework v6.34,
U6_S3_P3_06,Practice Set 3,6.3,Intro,"I can apply the quadratic formula to solve equations with rational, irrational, or no real solutions.",Students will solve quadratic equations using the quadratic formula and interpret solutions.,p_formula_rational,p3-06,PROC-DIRECT-EXECUTE-01,Equation,constructed/open response,,Unit 6 Assessment Plan + Algebra 1 Framework v6.34,
U6_S3_P3_07,Practice Set 3,6.3,Intro,"I can apply the quadratic formula to solve equations with rational, irrational, or no real solutions.",Students will solve quadratic equations using the quadratic formula and interpret solutions.,p_formula_rational,p3-07,PROC-DIRECT-EXECUTE-01,Equation,constructed/open response,,Unit 6 Assessment Plan + Algebra 1 Framework v6.34,
U6_S3_P3_08,Practice Set 3,6.3,Intro,"I can apply the quadratic formula to solve equations with rational, irrational, or no real solutions.",Students will solve quadratic equations using the quadratic formula and interpret solutions.,p_formula_rational,p3-08,PROC-DIRECT-EXECUTE-01,Equation,constructed/open response,,Unit 6 Assessment Plan + Algebra 1 Framework v6.34,
U6_S3_P3_09,Practice Set 3,6.3,Intro,"I can apply the quadratic formula to solve equations with rational, irrational, or no real solutions.",Students will solve quadratic equations using the quadratic formula and interpret solutions.,p_formula_irrational,p3-09,PROC-DIRECT-EXECUTE-01,Equation,constructed/open response,,Unit 6 Assessment Plan + Algebra 1 Framework v6.34,
U6_S3_P3_10,Practice Set 3,6.3,Intro,"I can apply the quadratic formula to solve equations with rational, irrational, or no real solutions.",Students will solve quadratic equations using the quadratic formula and interpret solutions.,p_formula_irrational,p3-10,PROC-DIRECT-EXECUTE-01,Equation,constructed/open response,,Unit 6 Assessment Plan + Algebra 1 Framework v6.34,
U6_S3_P3_11,Practice Set 3,6.3,Intro,"I can apply the quadratic formula to solve equations with rational, irrational, or no real solutions.",Students will solve quadratic equations using the quadratic formula and interpret solutions.,p_formula_irrational,p3-11,PROC-DIRECT-EXECUTE-01,Equation,constructed/open response,,Unit 6 Assessment Plan + Algebra 1 Framework v6.34,
U6_S3_P3_12,Practice Set 3,6.3,Intro,"I can apply the quadratic formula to solve equations with rational, irrational, or no real solutions.",Students will solve quadratic equations using the quadratic formula and interpret solutions.,p_formula_irrational,p3-12,PROC-DIRECT-EXECUTE-01,Equation,constructed/open response,,Unit 6 Assessment Plan + Algebra 1 Framework v6.34,
U6_S3_P3_13,Practice Set 3,6.3,Intro,I can assess how the discriminant predicts the number and type of real solutions.,Students will solve quadratic equations using the quadratic formula and interpret solutions.,p_graph_solution_count,p3-13,GRAPH-INFER-BEHAVIOR-01,Graph,constructed/open response,,Unit 6 Assessment Plan + Algebra 1 Framework v6.34,
U6_S3_P3_14,Practice Set 3,6.3,Intro,I can assess how the discriminant predicts the number and type of real solutions.,Students will solve quadratic equations using the quadratic formula and interpret solutions.,p_discriminant_table,p3-14,TABLE-RECONSTRUCT-MISSING-CELLS-01,Table + Equation,constructed/open response,,Unit 6 Assessment Plan + Algebra 1 Framework v6.34,
U6_S3_P3_15,Practice Set 3,6.3,Intro,I can assess how the discriminant predicts the number and type of real solutions.,Students will solve quadratic equations using the quadratic formula and interpret solutions.,p_discriminant_context,p3-15,VERIFY-REASONABLENESS-01,Context,constructed/open response,,Unit 6 Assessment Plan + Algebra 1 Framework v6.34,
U6_S3_P3_16,Practice Set 3,6.3,Intro,"I can design a coefficient map that organizes $a$, $b$, and $c$ before using the quadratic formula.",Students will solve quadratic equations using the quadratic formula and interpret solutions.,p_coeff_sign_error,p3-16,ERROR-DIAGNOSE-WORKED-SOLUTION-01,Equation + Prose,constructed/open response,,Unit 6 Assessment Plan + Algebra 1 Framework v6.34,
U6_S3_P3_17,Practice Set 3,6.3,Review,I can construct equivalent polynomial expressions by factoring out a greatest common factor.,Students will identify common factors and use structure to rewrite polynomial expressions.,r_gcf,p3-17,PROC-DIRECT-EXECUTE-01,Expression,constructed/open response,,Unit 6 Assessment Plan spiral Review route + Algebra 1 Framework source section 5.1,
U6_S3_P3_18,Practice Set 3,6.3,Review,I can apply structure to rewrite polynomial expressions in a more useful form.,Students will identify common factors and use structure to rewrite polynomial expressions.,r_structure_factor,p3-18,PROC-DIRECT-EXECUTE-01,Expression,constructed/open response,,Unit 6 Assessment Plan spiral Review route + Algebra 1 Framework source section 5.1,
U6_S3_P3_19,Practice Set 3,6.3,Review,I can determine whether a rewritten expression is reasonable by checking common factors and equivalent products.,Students will identify common factors and use structure to rewrite polynomial expressions.,r_gcf_reasonableness,p3-19,ERROR-CRITIQUE-CLAIM-01,Expression + Prose,constructed/open response,,Unit 6 Assessment Plan spiral Review route + Algebra 1 Framework source section 5.1,
U6_S3_P3_20,Practice Set 3,6.3,Review,I can construct equivalent polynomial expressions by factoring out a greatest common factor.,Students will identify common factors and use structure to rewrite polynomial expressions.,r_gcf_negative,p3-20,PROC-DIRECT-EXECUTE-01,Expression,constructed/open response,,Unit 6 Assessment Plan spiral Review route + Algebra 1 Framework source section 5.1,
U6_S3_P3_21,Practice Set 3,6.3,Mastery,"I can use structure and like terms to add, subtract, and multiply polynomial expressions.","Students will add, subtract, and multiply polynomial expressions.",m_poly_add,p3-21,PROC-DIRECT-EXECUTE-01,Expression,constructed/open response,U6-MG03,Unit 6 Assessment Plan spiral Mastery route + Algebra 1 Framework source section 4.4,
U6_S3_P3_22,Practice Set 3,6.3,Mastery,"I can use structure and like terms to add, subtract, and multiply polynomial expressions.","Students will add, subtract, and multiply polynomial expressions.",m_poly_subtract,p3-22,PROC-DIRECT-EXECUTE-01,Expression,constructed/open response,U6-MG03,Unit 6 Assessment Plan spiral Mastery route + Algebra 1 Framework source section 4.4,
U6_S3_P3_23,Practice Set 3,6.3,Mastery,"I can use structure and like terms to add, subtract, and multiply polynomial expressions.","Students will add, subtract, and multiply polynomial expressions.",m_poly_multiply,p3-23,PROC-DIRECT-EXECUTE-01,Expression,constructed/open response,U6-MG03,Unit 6 Assessment Plan spiral Mastery route + Algebra 1 Framework source section 4.4,
U6_S3_P3_24,Practice Set 3,6.3,Mastery,"I can formulate polynomial sums, differences, and products from area, perimeter, and expression contexts.","Students will add, subtract, and multiply polynomial expressions.",m_area_polynomial,p3-24,PROC-MULTISTEP-CHAIN-01,Context + Equation,constructed/open response,U6-MG03,Unit 6 Assessment Plan spiral Mastery route + Algebra 1 Framework source section 4.4,
U6_S3_EXT_01,Extra Practice,6.3,Intro,"I can design a coefficient map that organizes $a$, $b$, and $c$ before using the quadratic formula.",Students will solve quadratic equations using the quadratic formula and interpret solutions.,p_coeff_map,ext-01,PROC-DIRECT-EXECUTE-01,Equation,constructed/open response,,Unit 6 Assessment Plan + Algebra 1 Framework v6.34,
U6_S3_EXT_02,Extra Practice,6.3,Intro,"I can design a coefficient map that organizes $a$, $b$, and $c$ before using the quadratic formula.",Students will solve quadratic equations using the quadratic formula and interpret solutions.,p_coeff_map,ext-02,PROC-DIRECT-EXECUTE-01,Equation,constructed/open response,,Unit 6 Assessment Plan + Algebra 1 Framework v6.34,
U6_S3_EXT_03,Extra Practice,6.3,Intro,"I can design a coefficient map that organizes $a$, $b$, and $c$ before using the quadratic formula.",Students will solve quadratic equations using the quadratic formula and interpret solutions.,p_coeff_map,ext-03,PROC-DIRECT-EXECUTE-01,Equation,constructed/open response,,Unit 6 Assessment Plan + Algebra 1 Framework v6.34,
U6_S3_EXT_04,Extra Practice,6.3,Intro,"I can design a coefficient map that organizes $a$, $b$, and $c$ before using the quadratic formula.",Students will solve quadratic equations using the quadratic formula and interpret solutions.,p_coeff_map,ext-04,PROC-DIRECT-EXECUTE-01,Equation,constructed/open response,,Unit 6 Assessment Plan + Algebra 1 Framework v6.34,
U6_S3_EXT_05,Extra Practice,6.3,Intro,"I can apply the quadratic formula to solve equations with rational, irrational, or no real solutions.",Students will solve quadratic equations using the quadratic formula and interpret solutions.,p_formula_rational,ext-05,PROC-DIRECT-EXECUTE-01,Equation,constructed/open response,,Unit 6 Assessment Plan + Algebra 1 Framework v6.34,
U6_S3_EXT_06,Extra Practice,6.3,Intro,"I can apply the quadratic formula to solve equations with rational, irrational, or no real solutions.",Students will solve quadratic equations using the quadratic formula and interpret solutions.,p_formula_rational,ext-06,PROC-DIRECT-EXECUTE-01,Equation,constructed/open response,,Unit 6 Assessment Plan + Algebra 1 Framework v6.34,
U6_S3_EXT_07,Extra Practice,6.3,Intro,"I can apply the quadratic formula to solve equations with rational, irrational, or no real solutions.",Students will solve quadratic equations using the quadratic formula and interpret solutions.,p_formula_rational,ext-07,PROC-DIRECT-EXECUTE-01,Equation,constructed/open response,,Unit 6 Assessment Plan + Algebra 1 Framework v6.34,
U6_S3_EXT_08,Extra Practice,6.3,Intro,"I can apply the quadratic formula to solve equations with rational, irrational, or no real solutions.",Students will solve quadratic equations using the quadratic formula and interpret solutions.,p_formula_rational,ext-08,PROC-DIRECT-EXECUTE-01,Equation,constructed/open response,,Unit 6 Assessment Plan + Algebra 1 Framework v6.34,
U6_S3_EXT_09,Extra Practice,6.3,Intro,"I can apply the quadratic formula to solve equations with rational, irrational, or no real solutions.",Students will solve quadratic equations using the quadratic formula and interpret solutions.,p_formula_irrational,ext-09,PROC-DIRECT-EXECUTE-01,Equation,constructed/open response,,Unit 6 Assessment Plan + Algebra 1 Framework v6.34,
U6_S3_EXT_10,Extra Practice,6.3,Intro,"I can apply the quadratic formula to solve equations with rational, irrational, or no real solutions.",Students will solve quadratic equations using the quadratic formula and interpret solutions.,p_formula_irrational,ext-10,PROC-DIRECT-EXECUTE-01,Equation,constructed/open response,,Unit 6 Assessment Plan + Algebra 1 Framework v6.34,
U6_S3_EXT_11,Extra Practice,6.3,Intro,"I can apply the quadratic formula to solve equations with rational, irrational, or no real solutions.",Students will solve quadratic equations using the quadratic formula and interpret solutions.,p_formula_irrational,ext-11,PROC-DIRECT-EXECUTE-01,Equation,constructed/open response,,Unit 6 Assessment Plan + Algebra 1 Framework v6.34,
U6_S3_EXT_12,Extra Practice,6.3,Intro,"I can apply the quadratic formula to solve equations with rational, irrational, or no real solutions.",Students will solve quadratic equations using the quadratic formula and interpret solutions.,p_formula_irrational,ext-12,PROC-DIRECT-EXECUTE-01,Equation,constructed/open response,,Unit 6 Assessment Plan + Algebra 1 Framework v6.34,
U6_S3_EXT_13,Extra Practice,6.3,Intro,I can assess how the discriminant predicts the number and type of real solutions.,Students will solve quadratic equations using the quadratic formula and interpret solutions.,p_graph_solution_count,ext-13,GRAPH-INFER-BEHAVIOR-01,Graph,constructed/open response,,Unit 6 Assessment Plan + Algebra 1 Framework v6.34,
U6_S3_EXT_14,Extra Practice,6.3,Intro,I can assess how the discriminant predicts the number and type of real solutions.,Students will solve quadratic equations using the quadratic formula and interpret solutions.,p_discriminant_table,ext-14,TABLE-RECONSTRUCT-MISSING-CELLS-01,Table + Equation,constructed/open response,,Unit 6 Assessment Plan + Algebra 1 Framework v6.34,
U6_S3_EXT_15,Extra Practice,6.3,Intro,I can assess how the discriminant predicts the number and type of real solutions.,Students will solve quadratic equations using the quadratic formula and interpret solutions.,p_discriminant_context,ext-15,VERIFY-REASONABLENESS-01,Context,constructed/open response,,Unit 6 Assessment Plan + Algebra 1 Framework v6.34,
U6_S3_EXT_16,Extra Practice,6.3,Intro,"I can design a coefficient map that organizes $a$, $b$, and $c$ before using the quadratic formula.",Students will solve quadratic equations using the quadratic formula and interpret solutions.,p_coeff_sign_error,ext-16,ERROR-DIAGNOSE-WORKED-SOLUTION-01,Equation + Prose,constructed/open response,,Unit 6 Assessment Plan + Algebra 1 Framework v6.34,
U6_S3_EXT_17,Extra Practice,6.3,Review,I can construct equivalent polynomial expressions by factoring out a greatest common factor.,Students will identify common factors and use structure to rewrite polynomial expressions.,r_gcf,ext-17,PROC-DIRECT-EXECUTE-01,Expression,constructed/open response,,Unit 6 Assessment Plan spiral Review route + Algebra 1 Framework source section 5.1,
U6_S3_EXT_18,Extra Practice,6.3,Review,I can apply structure to rewrite polynomial expressions in a more useful form.,Students will identify common factors and use structure to rewrite polynomial expressions.,r_structure_factor,ext-18,PROC-DIRECT-EXECUTE-01,Expression,constructed/open response,,Unit 6 Assessment Plan spiral Review route + Algebra 1 Framework source section 5.1,
U6_S3_EXT_19,Extra Practice,6.3,Review,I can determine whether a rewritten expression is reasonable by checking common factors and equivalent products.,Students will identify common factors and use structure to rewrite polynomial expressions.,r_gcf_reasonableness,ext-19,ERROR-CRITIQUE-CLAIM-01,Expression + Prose,constructed/open response,,Unit 6 Assessment Plan spiral Review route + Algebra 1 Framework source section 5.1,
U6_S3_EXT_20,Extra Practice,6.3,Review,I can construct equivalent polynomial expressions by factoring out a greatest common factor.,Students will identify common factors and use structure to rewrite polynomial expressions.,r_gcf_negative,ext-20,PROC-DIRECT-EXECUTE-01,Expression,constructed/open response,,Unit 6 Assessment Plan spiral Review route + Algebra 1 Framework source section 5.1,
U6_S3_EXT_21,Extra Practice,6.3,Mastery,"I can use structure and like terms to add, subtract, and multiply polynomial expressions.","Students will add, subtract, and multiply polynomial expressions.",m_poly_add,ext-21,PROC-DIRECT-EXECUTE-01,Expression,constructed/open response,U6-MG03,Unit 6 Assessment Plan spiral Mastery route + Algebra 1 Framework source section 4.4,
U6_S3_EXT_22,Extra Practice,6.3,Mastery,"I can use structure and like terms to add, subtract, and multiply polynomial expressions.","Students will add, subtract, and multiply polynomial expressions.",m_poly_subtract,ext-22,PROC-DIRECT-EXECUTE-01,Expression,constructed/open response,U6-MG03,Unit 6 Assessment Plan spiral Mastery route + Algebra 1 Framework source section 4.4,
U6_S3_EXT_23,Extra Practice,6.3,Mastery,"I can use structure and like terms to add, subtract, and multiply polynomial expressions.","Students will add, subtract, and multiply polynomial expressions.",m_poly_multiply,ext-23,PROC-DIRECT-EXECUTE-01,Expression,constructed/open response,U6-MG03,Unit 6 Assessment Plan spiral Mastery route + Algebra 1 Framework source section 4.4,
U6_S3_EXT_24,Extra Practice,6.3,Mastery,"I can formulate polynomial sums, differences, and products from area, perimeter, and expression contexts.","Students will add, subtract, and multiply polynomial expressions.",m_area_polynomial,ext-24,PROC-MULTISTEP-CHAIN-01,Context + Equation,constructed/open response,U6-MG03,Unit 6 Assessment Plan spiral Mastery route + Algebra 1 Framework source section 4.4,
U6_S4_P1_01,Practice Set 1,6.4,Intro,I can formulate a solution-method plan based on the structure of a quadratic equation.,"Students will compare factoring, completing the square, and the quadratic formula and select efficient solution methods.",p_choose_factoring,p1-01,PROC-SELECT-STRATEGY-01,Equation,constructed/open response,,Unit 6 Assessment Plan + Algebra 1 Framework v6.34,
U6_S4_P1_02,Practice Set 1,6.4,Intro,I can formulate a solution-method plan based on the structure of a quadratic equation.,"Students will compare factoring, completing the square, and the quadratic formula and select efficient solution methods.",p_choose_factoring,p1-02,PROC-SELECT-STRATEGY-01,Equation,constructed/open response,,Unit 6 Assessment Plan + Algebra 1 Framework v6.34,
U6_S4_P1_03,Practice Set 1,6.4,Intro,I can formulate a solution-method plan based on the structure of a quadratic equation.,"Students will compare factoring, completing the square, and the quadratic formula and select efficient solution methods.",p_choose_factoring,p1-03,PROC-SELECT-STRATEGY-01,Equation,constructed/open response,,Unit 6 Assessment Plan + Algebra 1 Framework v6.34,
U6_S4_P1_04,Practice Set 1,6.4,Intro,I can formulate a solution-method plan based on the structure of a quadratic equation.,"Students will compare factoring, completing the square, and the quadratic formula and select efficient solution methods.",p_choose_factoring,p1-04,PROC-SELECT-STRATEGY-01,Equation,constructed/open response,,Unit 6 Assessment Plan + Algebra 1 Framework v6.34,
U6_S4_P1_05,Practice Set 1,6.4,Intro,"I can use factoring, completing the square, or the quadratic formula when the equation structure supports the method.","Students will compare factoring, completing the square, and the quadratic formula and select efficient solution methods.",p_choose_square,p1-05,PROC-SELECT-STRATEGY-01,Equation,constructed/open response,,Unit 6 Assessment Plan + Algebra 1 Framework v6.34,
U6_S4_P1_06,Practice Set 1,6.4,Intro,"I can use factoring, completing the square, or the quadratic formula when the equation structure supports the method.","Students will compare factoring, completing the square, and the quadratic formula and select efficient solution methods.",p_choose_square,p1-06,PROC-SELECT-STRATEGY-01,Equation,constructed/open response,,Unit 6 Assessment Plan + Algebra 1 Framework v6.34,
U6_S4_P1_07,Practice Set 1,6.4,Intro,"I can use factoring, completing the square, or the quadratic formula when the equation structure supports the method.","Students will compare factoring, completing the square, and the quadratic formula and select efficient solution methods.",p_choose_square,p1-07,PROC-SELECT-STRATEGY-01,Equation,constructed/open response,,Unit 6 Assessment Plan + Algebra 1 Framework v6.34,
U6_S4_P1_08,Practice Set 1,6.4,Intro,"I can use factoring, completing the square, or the quadratic formula when the equation structure supports the method.","Students will compare factoring, completing the square, and the quadratic formula and select efficient solution methods.",p_choose_square,p1-08,PROC-SELECT-STRATEGY-01,Equation,constructed/open response,,Unit 6 Assessment Plan + Algebra 1 Framework v6.34,
U6_S4_P1_09,Practice Set 1,6.4,Intro,"I can use factoring, completing the square, or the quadratic formula when the equation structure supports the method.","Students will compare factoring, completing the square, and the quadratic formula and select efficient solution methods.",p_choose_formula,p1-09,PROC-SELECT-STRATEGY-01,Equation,constructed/open response,,Unit 6 Assessment Plan + Algebra 1 Framework v6.34,
U6_S4_P1_10,Practice Set 1,6.4,Intro,"I can use factoring, completing the square, or the quadratic formula when the equation structure supports the method.","Students will compare factoring, completing the square, and the quadratic formula and select efficient solution methods.",p_choose_formula,p1-10,PROC-SELECT-STRATEGY-01,Equation,constructed/open response,,Unit 6 Assessment Plan + Algebra 1 Framework v6.34,
U6_S4_P1_11,Practice Set 1,6.4,Intro,"I can use factoring, completing the square, or the quadratic formula when the equation structure supports the method.","Students will compare factoring, completing the square, and the quadratic formula and select efficient solution methods.",p_choose_formula,p1-11,PROC-SELECT-STRATEGY-01,Equation,constructed/open response,,Unit 6 Assessment Plan + Algebra 1 Framework v6.34,
U6_S4_P1_12,Practice Set 1,6.4,Intro,"I can use factoring, completing the square, or the quadratic formula when the equation structure supports the method.","Students will compare factoring, completing the square, and the quadratic formula and select efficient solution methods.",p_choose_formula,p1-12,PROC-SELECT-STRATEGY-01,Equation,constructed/open response,,Unit 6 Assessment Plan + Algebra 1 Framework v6.34,
U6_S4_P1_13,Practice Set 1,6.4,Intro,I can formulate a solution-method plan based on the structure of a quadratic equation.,"Students will compare factoring, completing the square, and the quadratic formula and select efficient solution methods.",p_method_table,p1-13,COMPARE-COMPETING-METHODS-01,Table + Equation,constructed/open response,,Unit 6 Assessment Plan + Algebra 1 Framework v6.34,
U6_S4_P1_14,Practice Set 1,6.4,Intro,"I can critique a selected solution method for efficiency, accuracy, and fit to the equation.","Students will compare factoring, completing the square, and the quadratic formula and select efficient solution methods.",p_compare_methods,p1-14,COMPARE-COMPETING-METHODS-01,Equation + Prose,constructed/open response,,Unit 6 Assessment Plan + Algebra 1 Framework v6.34,
U6_S4_P1_15,Practice Set 1,6.4,Intro,"I can critique a selected solution method for efficiency, accuracy, and fit to the equation.","Students will compare factoring, completing the square, and the quadratic formula and select efficient solution methods.",p_exact_approx,p1-15,COMPARE-EFFICIENCY-CONTEXT-01,Context + Prose,constructed/open response,,Unit 6 Assessment Plan + Algebra 1 Framework v6.34,
U6_S4_P1_16,Practice Set 1,6.4,Intro,"I can critique a selected solution method for efficiency, accuracy, and fit to the equation.","Students will compare factoring, completing the square, and the quadratic formula and select efficient solution methods.",p_critique_default_method,p1-16,ERROR-CRITIQUE-CLAIM-01,Equation + Prose,constructed/open response,,Unit 6 Assessment Plan + Algebra 1 Framework v6.34,
U6_S4_P1_17,Practice Set 1,6.4,Review,I can apply difference-of-squares and perfect-square-trinomial patterns.,Students will recognize and factor special polynomial patterns.,r_difference_squares,p1-17,PROC-DIRECT-EXECUTE-01,Expression,constructed/open response,,Unit 6 Assessment Plan spiral Review route + Algebra 1 Framework source section 5.3,
U6_S4_P1_18,Practice Set 1,6.4,Review,I can apply difference-of-squares and perfect-square-trinomial patterns.,Students will recognize and factor special polynomial patterns.,r_perfect_square,p1-18,PROC-DIRECT-EXECUTE-01,Expression,constructed/open response,,Unit 6 Assessment Plan spiral Review route + Algebra 1 Framework source section 5.3,
U6_S4_P1_19,Practice Set 1,6.4,Review,I can assess whether a polynomial fits a special factoring pattern before rewriting it.,Students will recognize and factor special polynomial patterns.,r_recognize_pattern,p1-19,FEATURE-IDENTIFY-FROM-REPRESENTATION-01,Expression,constructed/open response,,Unit 6 Assessment Plan spiral Review route + Algebra 1 Framework source section 5.3,
U6_S4_P1_20,Practice Set 1,6.4,Review,I can design a strategy for factoring special polynomial patterns.,Students will recognize and factor special polynomial patterns.,r_pattern_reason,p1-20,ARGUE-JUSTIFY-GENERAL-CASE-01,Expression + Prose,constructed/open response,,Unit 6 Assessment Plan spiral Review route + Algebra 1 Framework source section 5.3,
U6_S4_P1_21,Practice Set 1,6.4,Mastery,"I can construct evidence for a function family using patterns in graphs, equations, tables, and contexts.","Students will identify common function families from graphs, equations, tables, and contexts.",m_family_linear,p1-21,FEATURE-IDENTIFY-FROM-REPRESENTATION-01,Table pattern (described),constructed/open response,U6-MG01,Unit 6 Assessment Plan spiral Mastery route + Algebra 1 Framework source section 4.1,
U6_S4_P1_22,Practice Set 1,6.4,Mastery,"I can apply family features to sort representations into linear, quadratic, exponential, absolute value, and other familiar forms.","Students will identify common function families from graphs, equations, tables, and contexts.",m_family_exponential,p1-22,FEATURE-IDENTIFY-FROM-REPRESENTATION-01,Table pattern (described),constructed/open response,U6-MG01,Unit 6 Assessment Plan spiral Mastery route + Algebra 1 Framework source section 4.1,
U6_S4_P1_23,Practice Set 1,6.4,Mastery,"I can apply family features to sort representations into linear, quadratic, exponential, absolute value, and other familiar forms.","Students will identify common function families from graphs, equations, tables, and contexts.",m_family_abs,p1-23,FEATURE-IDENTIFY-FROM-REPRESENTATION-01,Graph,constructed/open response,U6-MG01,Unit 6 Assessment Plan spiral Mastery route + Algebra 1 Framework source section 4.1,
U6_S4_P1_24,Practice Set 1,6.4,Mastery,I can determine which representation gives the strongest evidence for a function family when features seem similar.,"Students will identify common function families from graphs, equations, tables, and contexts.",m_family_evidence_strength,p1-24,ERROR-CRITIQUE-CLAIM-01,Table + Prose,constructed/open response,U6-MG01,Unit 6 Assessment Plan spiral Mastery route + Algebra 1 Framework source section 4.1,
U6_S4_P2_01,Practice Set 2,6.4,Intro,I can formulate a solution-method plan based on the structure of a quadratic equation.,"Students will compare factoring, completing the square, and the quadratic formula and select efficient solution methods.",p_choose_factoring,p2-01,PROC-SELECT-STRATEGY-01,Equation,constructed/open response,,Unit 6 Assessment Plan + Algebra 1 Framework v6.34,
U6_S4_P2_02,Practice Set 2,6.4,Intro,I can formulate a solution-method plan based on the structure of a quadratic equation.,"Students will compare factoring, completing the square, and the quadratic formula and select efficient solution methods.",p_choose_factoring,p2-02,PROC-SELECT-STRATEGY-01,Equation,constructed/open response,,Unit 6 Assessment Plan + Algebra 1 Framework v6.34,
U6_S4_P2_03,Practice Set 2,6.4,Intro,I can formulate a solution-method plan based on the structure of a quadratic equation.,"Students will compare factoring, completing the square, and the quadratic formula and select efficient solution methods.",p_choose_factoring,p2-03,PROC-SELECT-STRATEGY-01,Equation,constructed/open response,,Unit 6 Assessment Plan + Algebra 1 Framework v6.34,
U6_S4_P2_04,Practice Set 2,6.4,Intro,I can formulate a solution-method plan based on the structure of a quadratic equation.,"Students will compare factoring, completing the square, and the quadratic formula and select efficient solution methods.",p_choose_factoring,p2-04,PROC-SELECT-STRATEGY-01,Equation,constructed/open response,,Unit 6 Assessment Plan + Algebra 1 Framework v6.34,
U6_S4_P2_05,Practice Set 2,6.4,Intro,"I can use factoring, completing the square, or the quadratic formula when the equation structure supports the method.","Students will compare factoring, completing the square, and the quadratic formula and select efficient solution methods.",p_choose_square,p2-05,PROC-SELECT-STRATEGY-01,Equation,constructed/open response,,Unit 6 Assessment Plan + Algebra 1 Framework v6.34,
U6_S4_P2_06,Practice Set 2,6.4,Intro,"I can use factoring, completing the square, or the quadratic formula when the equation structure supports the method.","Students will compare factoring, completing the square, and the quadratic formula and select efficient solution methods.",p_choose_square,p2-06,PROC-SELECT-STRATEGY-01,Equation,constructed/open response,,Unit 6 Assessment Plan + Algebra 1 Framework v6.34,
U6_S4_P2_07,Practice Set 2,6.4,Intro,"I can use factoring, completing the square, or the quadratic formula when the equation structure supports the method.","Students will compare factoring, completing the square, and the quadratic formula and select efficient solution methods.",p_choose_square,p2-07,PROC-SELECT-STRATEGY-01,Equation,constructed/open response,,Unit 6 Assessment Plan + Algebra 1 Framework v6.34,
U6_S4_P2_08,Practice Set 2,6.4,Intro,"I can use factoring, completing the square, or the quadratic formula when the equation structure supports the method.","Students will compare factoring, completing the square, and the quadratic formula and select efficient solution methods.",p_choose_square,p2-08,PROC-SELECT-STRATEGY-01,Equation,constructed/open response,,Unit 6 Assessment Plan + Algebra 1 Framework v6.34,
U6_S4_P2_09,Practice Set 2,6.4,Intro,"I can use factoring, completing the square, or the quadratic formula when the equation structure supports the method.","Students will compare factoring, completing the square, and the quadratic formula and select efficient solution methods.",p_choose_formula,p2-09,PROC-SELECT-STRATEGY-01,Equation,constructed/open response,,Unit 6 Assessment Plan + Algebra 1 Framework v6.34,
U6_S4_P2_10,Practice Set 2,6.4,Intro,"I can use factoring, completing the square, or the quadratic formula when the equation structure supports the method.","Students will compare factoring, completing the square, and the quadratic formula and select efficient solution methods.",p_choose_formula,p2-10,PROC-SELECT-STRATEGY-01,Equation,constructed/open response,,Unit 6 Assessment Plan + Algebra 1 Framework v6.34,
U6_S4_P2_11,Practice Set 2,6.4,Intro,"I can use factoring, completing the square, or the quadratic formula when the equation structure supports the method.","Students will compare factoring, completing the square, and the quadratic formula and select efficient solution methods.",p_choose_formula,p2-11,PROC-SELECT-STRATEGY-01,Equation,constructed/open response,,Unit 6 Assessment Plan + Algebra 1 Framework v6.34,
U6_S4_P2_12,Practice Set 2,6.4,Intro,"I can use factoring, completing the square, or the quadratic formula when the equation structure supports the method.","Students will compare factoring, completing the square, and the quadratic formula and select efficient solution methods.",p_choose_formula,p2-12,PROC-SELECT-STRATEGY-01,Equation,constructed/open response,,Unit 6 Assessment Plan + Algebra 1 Framework v6.34,
U6_S4_P2_13,Practice Set 2,6.4,Intro,I can formulate a solution-method plan based on the structure of a quadratic equation.,"Students will compare factoring, completing the square, and the quadratic formula and select efficient solution methods.",p_method_table,p2-13,COMPARE-COMPETING-METHODS-01,Table + Equation,constructed/open response,,Unit 6 Assessment Plan + Algebra 1 Framework v6.34,
U6_S4_P2_14,Practice Set 2,6.4,Intro,"I can critique a selected solution method for efficiency, accuracy, and fit to the equation.","Students will compare factoring, completing the square, and the quadratic formula and select efficient solution methods.",p_compare_methods,p2-14,COMPARE-COMPETING-METHODS-01,Equation + Prose,constructed/open response,,Unit 6 Assessment Plan + Algebra 1 Framework v6.34,
U6_S4_P2_15,Practice Set 2,6.4,Intro,"I can critique a selected solution method for efficiency, accuracy, and fit to the equation.","Students will compare factoring, completing the square, and the quadratic formula and select efficient solution methods.",p_exact_approx,p2-15,COMPARE-EFFICIENCY-CONTEXT-01,Context + Prose,constructed/open response,,Unit 6 Assessment Plan + Algebra 1 Framework v6.34,
U6_S4_P2_16,Practice Set 2,6.4,Intro,"I can critique a selected solution method for efficiency, accuracy, and fit to the equation.","Students will compare factoring, completing the square, and the quadratic formula and select efficient solution methods.",p_critique_default_method,p2-16,ERROR-CRITIQUE-CLAIM-01,Equation + Prose,constructed/open response,,Unit 6 Assessment Plan + Algebra 1 Framework v6.34,
U6_S4_P2_17,Practice Set 2,6.4,Review,I can apply difference-of-squares and perfect-square-trinomial patterns.,Students will recognize and factor special polynomial patterns.,r_difference_squares,p2-17,PROC-DIRECT-EXECUTE-01,Expression,constructed/open response,,Unit 6 Assessment Plan spiral Review route + Algebra 1 Framework source section 5.3,
U6_S4_P2_18,Practice Set 2,6.4,Review,I can apply difference-of-squares and perfect-square-trinomial patterns.,Students will recognize and factor special polynomial patterns.,r_perfect_square,p2-18,PROC-DIRECT-EXECUTE-01,Expression,constructed/open response,,Unit 6 Assessment Plan spiral Review route + Algebra 1 Framework source section 5.3,
U6_S4_P2_19,Practice Set 2,6.4,Review,I can assess whether a polynomial fits a special factoring pattern before rewriting it.,Students will recognize and factor special polynomial patterns.,r_recognize_pattern,p2-19,FEATURE-IDENTIFY-FROM-REPRESENTATION-01,Expression,constructed/open response,,Unit 6 Assessment Plan spiral Review route + Algebra 1 Framework source section 5.3,
U6_S4_P2_20,Practice Set 2,6.4,Review,I can design a strategy for factoring special polynomial patterns.,Students will recognize and factor special polynomial patterns.,r_pattern_reason,p2-20,ARGUE-JUSTIFY-GENERAL-CASE-01,Expression + Prose,constructed/open response,,Unit 6 Assessment Plan spiral Review route + Algebra 1 Framework source section 5.3,
U6_S4_P2_21,Practice Set 2,6.4,Mastery,"I can construct evidence for a function family using patterns in graphs, equations, tables, and contexts.","Students will identify common function families from graphs, equations, tables, and contexts.",m_family_linear,p2-21,FEATURE-IDENTIFY-FROM-REPRESENTATION-01,Table pattern (described),constructed/open response,U6-MG01,Unit 6 Assessment Plan spiral Mastery route + Algebra 1 Framework source section 4.1,
U6_S4_P2_22,Practice Set 2,6.4,Mastery,"I can apply family features to sort representations into linear, quadratic, exponential, absolute value, and other familiar forms.","Students will identify common function families from graphs, equations, tables, and contexts.",m_family_exponential,p2-22,FEATURE-IDENTIFY-FROM-REPRESENTATION-01,Table pattern (described),constructed/open response,U6-MG01,Unit 6 Assessment Plan spiral Mastery route + Algebra 1 Framework source section 4.1,
U6_S4_P2_23,Practice Set 2,6.4,Mastery,"I can apply family features to sort representations into linear, quadratic, exponential, absolute value, and other familiar forms.","Students will identify common function families from graphs, equations, tables, and contexts.",m_family_abs,p2-23,FEATURE-IDENTIFY-FROM-REPRESENTATION-01,Graph,constructed/open response,U6-MG01,Unit 6 Assessment Plan spiral Mastery route + Algebra 1 Framework source section 4.1,
U6_S4_P2_24,Practice Set 2,6.4,Mastery,I can determine which representation gives the strongest evidence for a function family when features seem similar.,"Students will identify common function families from graphs, equations, tables, and contexts.",m_family_evidence_strength,p2-24,ERROR-CRITIQUE-CLAIM-01,Table + Prose,constructed/open response,U6-MG01,Unit 6 Assessment Plan spiral Mastery route + Algebra 1 Framework source section 4.1,
U6_S4_P3_01,Practice Set 3,6.4,Intro,I can formulate a solution-method plan based on the structure of a quadratic equation.,"Students will compare factoring, completing the square, and the quadratic formula and select efficient solution methods.",p_choose_factoring,p3-01,PROC-SELECT-STRATEGY-01,Equation,constructed/open response,,Unit 6 Assessment Plan + Algebra 1 Framework v6.34,
U6_S4_P3_02,Practice Set 3,6.4,Intro,I can formulate a solution-method plan based on the structure of a quadratic equation.,"Students will compare factoring, completing the square, and the quadratic formula and select efficient solution methods.",p_choose_factoring,p3-02,PROC-SELECT-STRATEGY-01,Equation,constructed/open response,,Unit 6 Assessment Plan + Algebra 1 Framework v6.34,
U6_S4_P3_03,Practice Set 3,6.4,Intro,I can formulate a solution-method plan based on the structure of a quadratic equation.,"Students will compare factoring, completing the square, and the quadratic formula and select efficient solution methods.",p_choose_factoring,p3-03,PROC-SELECT-STRATEGY-01,Equation,constructed/open response,,Unit 6 Assessment Plan + Algebra 1 Framework v6.34,
U6_S4_P3_04,Practice Set 3,6.4,Intro,I can formulate a solution-method plan based on the structure of a quadratic equation.,"Students will compare factoring, completing the square, and the quadratic formula and select efficient solution methods.",p_choose_factoring,p3-04,PROC-SELECT-STRATEGY-01,Equation,constructed/open response,,Unit 6 Assessment Plan + Algebra 1 Framework v6.34,
U6_S4_P3_05,Practice Set 3,6.4,Intro,"I can use factoring, completing the square, or the quadratic formula when the equation structure supports the method.","Students will compare factoring, completing the square, and the quadratic formula and select efficient solution methods.",p_choose_square,p3-05,PROC-SELECT-STRATEGY-01,Equation,constructed/open response,,Unit 6 Assessment Plan + Algebra 1 Framework v6.34,
U6_S4_P3_06,Practice Set 3,6.4,Intro,"I can use factoring, completing the square, or the quadratic formula when the equation structure supports the method.","Students will compare factoring, completing the square, and the quadratic formula and select efficient solution methods.",p_choose_square,p3-06,PROC-SELECT-STRATEGY-01,Equation,constructed/open response,,Unit 6 Assessment Plan + Algebra 1 Framework v6.34,
U6_S4_P3_07,Practice Set 3,6.4,Intro,"I can use factoring, completing the square, or the quadratic formula when the equation structure supports the method.","Students will compare factoring, completing the square, and the quadratic formula and select efficient solution methods.",p_choose_square,p3-07,PROC-SELECT-STRATEGY-01,Equation,constructed/open response,,Unit 6 Assessment Plan + Algebra 1 Framework v6.34,
U6_S4_P3_08,Practice Set 3,6.4,Intro,"I can use factoring, completing the square, or the quadratic formula when the equation structure supports the method.","Students will compare factoring, completing the square, and the quadratic formula and select efficient solution methods.",p_choose_square,p3-08,PROC-SELECT-STRATEGY-01,Equation,constructed/open response,,Unit 6 Assessment Plan + Algebra 1 Framework v6.34,
U6_S4_P3_09,Practice Set 3,6.4,Intro,"I can use factoring, completing the square, or the quadratic formula when the equation structure supports the method.","Students will compare factoring, completing the square, and the quadratic formula and select efficient solution methods.",p_choose_formula,p3-09,PROC-SELECT-STRATEGY-01,Equation,constructed/open response,,Unit 6 Assessment Plan + Algebra 1 Framework v6.34,
U6_S4_P3_10,Practice Set 3,6.4,Intro,"I can use factoring, completing the square, or the quadratic formula when the equation structure supports the method.","Students will compare factoring, completing the square, and the quadratic formula and select efficient solution methods.",p_choose_formula,p3-10,PROC-SELECT-STRATEGY-01,Equation,constructed/open response,,Unit 6 Assessment Plan + Algebra 1 Framework v6.34,
U6_S4_P3_11,Practice Set 3,6.4,Intro,"I can use factoring, completing the square, or the quadratic formula when the equation structure supports the method.","Students will compare factoring, completing the square, and the quadratic formula and select efficient solution methods.",p_choose_formula,p3-11,PROC-SELECT-STRATEGY-01,Equation,constructed/open response,,Unit 6 Assessment Plan + Algebra 1 Framework v6.34,
U6_S4_P3_12,Practice Set 3,6.4,Intro,"I can use factoring, completing the square, or the quadratic formula when the equation structure supports the method.","Students will compare factoring, completing the square, and the quadratic formula and select efficient solution methods.",p_choose_formula,p3-12,PROC-SELECT-STRATEGY-01,Equation,constructed/open response,,Unit 6 Assessment Plan + Algebra 1 Framework v6.34,
U6_S4_P3_13,Practice Set 3,6.4,Intro,I can formulate a solution-method plan based on the structure of a quadratic equation.,"Students will compare factoring, completing the square, and the quadratic formula and select efficient solution methods.",p_method_table,p3-13,COMPARE-COMPETING-METHODS-01,Table + Equation,constructed/open response,,Unit 6 Assessment Plan + Algebra 1 Framework v6.34,
U6_S4_P3_14,Practice Set 3,6.4,Intro,"I can critique a selected solution method for efficiency, accuracy, and fit to the equation.","Students will compare factoring, completing the square, and the quadratic formula and select efficient solution methods.",p_compare_methods,p3-14,COMPARE-COMPETING-METHODS-01,Equation + Prose,constructed/open response,,Unit 6 Assessment Plan + Algebra 1 Framework v6.34,
U6_S4_P3_15,Practice Set 3,6.4,Intro,"I can critique a selected solution method for efficiency, accuracy, and fit to the equation.","Students will compare factoring, completing the square, and the quadratic formula and select efficient solution methods.",p_exact_approx,p3-15,COMPARE-EFFICIENCY-CONTEXT-01,Context + Prose,constructed/open response,,Unit 6 Assessment Plan + Algebra 1 Framework v6.34,
U6_S4_P3_16,Practice Set 3,6.4,Intro,"I can critique a selected solution method for efficiency, accuracy, and fit to the equation.","Students will compare factoring, completing the square, and the quadratic formula and select efficient solution methods.",p_critique_default_method,p3-16,ERROR-CRITIQUE-CLAIM-01,Equation + Prose,constructed/open response,,Unit 6 Assessment Plan + Algebra 1 Framework v6.34,
U6_S4_P3_17,Practice Set 3,6.4,Review,I can apply difference-of-squares and perfect-square-trinomial patterns.,Students will recognize and factor special polynomial patterns.,r_difference_squares,p3-17,PROC-DIRECT-EXECUTE-01,Expression,constructed/open response,,Unit 6 Assessment Plan spiral Review route + Algebra 1 Framework source section 5.3,
U6_S4_P3_18,Practice Set 3,6.4,Review,I can apply difference-of-squares and perfect-square-trinomial patterns.,Students will recognize and factor special polynomial patterns.,r_perfect_square,p3-18,PROC-DIRECT-EXECUTE-01,Expression,constructed/open response,,Unit 6 Assessment Plan spiral Review route + Algebra 1 Framework source section 5.3,
U6_S4_P3_19,Practice Set 3,6.4,Review,I can assess whether a polynomial fits a special factoring pattern before rewriting it.,Students will recognize and factor special polynomial patterns.,r_recognize_pattern,p3-19,FEATURE-IDENTIFY-FROM-REPRESENTATION-01,Expression,constructed/open response,,Unit 6 Assessment Plan spiral Review route + Algebra 1 Framework source section 5.3,
U6_S4_P3_20,Practice Set 3,6.4,Review,I can design a strategy for factoring special polynomial patterns.,Students will recognize and factor special polynomial patterns.,r_pattern_reason,p3-20,ARGUE-JUSTIFY-GENERAL-CASE-01,Expression + Prose,constructed/open response,,Unit 6 Assessment Plan spiral Review route + Algebra 1 Framework source section 5.3,
U6_S4_P3_21,Practice Set 3,6.4,Mastery,"I can construct evidence for a function family using patterns in graphs, equations, tables, and contexts.","Students will identify common function families from graphs, equations, tables, and contexts.",m_family_linear,p3-21,FEATURE-IDENTIFY-FROM-REPRESENTATION-01,Table pattern (described),constructed/open response,U6-MG01,Unit 6 Assessment Plan spiral Mastery route + Algebra 1 Framework source section 4.1,
U6_S4_P3_22,Practice Set 3,6.4,Mastery,"I can apply family features to sort representations into linear, quadratic, exponential, absolute value, and other familiar forms.","Students will identify common function families from graphs, equations, tables, and contexts.",m_family_exponential,p3-22,FEATURE-IDENTIFY-FROM-REPRESENTATION-01,Table pattern (described),constructed/open response,U6-MG01,Unit 6 Assessment Plan spiral Mastery route + Algebra 1 Framework source section 4.1,
U6_S4_P3_23,Practice Set 3,6.4,Mastery,"I can apply family features to sort representations into linear, quadratic, exponential, absolute value, and other familiar forms.","Students will identify common function families from graphs, equations, tables, and contexts.",m_family_abs,p3-23,FEATURE-IDENTIFY-FROM-REPRESENTATION-01,Graph,constructed/open response,U6-MG01,Unit 6 Assessment Plan spiral Mastery route + Algebra 1 Framework source section 4.1,
U6_S4_P3_24,Practice Set 3,6.4,Mastery,I can determine which representation gives the strongest evidence for a function family when features seem similar.,"Students will identify common function families from graphs, equations, tables, and contexts.",m_family_evidence_strength,p3-24,ERROR-CRITIQUE-CLAIM-01,Table + Prose,constructed/open response,U6-MG01,Unit 6 Assessment Plan spiral Mastery route + Algebra 1 Framework source section 4.1,
U6_S4_EXT_01,Extra Practice,6.4,Intro,I can formulate a solution-method plan based on the structure of a quadratic equation.,"Students will compare factoring, completing the square, and the quadratic formula and select efficient solution methods.",p_choose_factoring,ext-01,PROC-SELECT-STRATEGY-01,Equation,constructed/open response,,Unit 6 Assessment Plan + Algebra 1 Framework v6.34,
U6_S4_EXT_02,Extra Practice,6.4,Intro,I can formulate a solution-method plan based on the structure of a quadratic equation.,"Students will compare factoring, completing the square, and the quadratic formula and select efficient solution methods.",p_choose_factoring,ext-02,PROC-SELECT-STRATEGY-01,Equation,constructed/open response,,Unit 6 Assessment Plan + Algebra 1 Framework v6.34,
U6_S4_EXT_03,Extra Practice,6.4,Intro,I can formulate a solution-method plan based on the structure of a quadratic equation.,"Students will compare factoring, completing the square, and the quadratic formula and select efficient solution methods.",p_choose_factoring,ext-03,PROC-SELECT-STRATEGY-01,Equation,constructed/open response,,Unit 6 Assessment Plan + Algebra 1 Framework v6.34,
U6_S4_EXT_04,Extra Practice,6.4,Intro,I can formulate a solution-method plan based on the structure of a quadratic equation.,"Students will compare factoring, completing the square, and the quadratic formula and select efficient solution methods.",p_choose_factoring,ext-04,PROC-SELECT-STRATEGY-01,Equation,constructed/open response,,Unit 6 Assessment Plan + Algebra 1 Framework v6.34,
U6_S4_EXT_05,Extra Practice,6.4,Intro,"I can use factoring, completing the square, or the quadratic formula when the equation structure supports the method.","Students will compare factoring, completing the square, and the quadratic formula and select efficient solution methods.",p_choose_square,ext-05,PROC-SELECT-STRATEGY-01,Equation,constructed/open response,,Unit 6 Assessment Plan + Algebra 1 Framework v6.34,
U6_S4_EXT_06,Extra Practice,6.4,Intro,"I can use factoring, completing the square, or the quadratic formula when the equation structure supports the method.","Students will compare factoring, completing the square, and the quadratic formula and select efficient solution methods.",p_choose_square,ext-06,PROC-SELECT-STRATEGY-01,Equation,constructed/open response,,Unit 6 Assessment Plan + Algebra 1 Framework v6.34,
U6_S4_EXT_07,Extra Practice,6.4,Intro,"I can use factoring, completing the square, or the quadratic formula when the equation structure supports the method.","Students will compare factoring, completing the square, and the quadratic formula and select efficient solution methods.",p_choose_square,ext-07,PROC-SELECT-STRATEGY-01,Equation,constructed/open response,,Unit 6 Assessment Plan + Algebra 1 Framework v6.34,
U6_S4_EXT_08,Extra Practice,6.4,Intro,"I can use factoring, completing the square, or the quadratic formula when the equation structure supports the method.","Students will compare factoring, completing the square, and the quadratic formula and select efficient solution methods.",p_choose_square,ext-08,PROC-SELECT-STRATEGY-01,Equation,constructed/open response,,Unit 6 Assessment Plan + Algebra 1 Framework v6.34,
U6_S4_EXT_09,Extra Practice,6.4,Intro,"I can use factoring, completing the square, or the quadratic formula when the equation structure supports the method.","Students will compare factoring, completing the square, and the quadratic formula and select efficient solution methods.",p_choose_formula,ext-09,PROC-SELECT-STRATEGY-01,Equation,constructed/open response,,Unit 6 Assessment Plan + Algebra 1 Framework v6.34,
U6_S4_EXT_10,Extra Practice,6.4,Intro,"I can use factoring, completing the square, or the quadratic formula when the equation structure supports the method.","Students will compare factoring, completing the square, and the quadratic formula and select efficient solution methods.",p_choose_formula,ext-10,PROC-SELECT-STRATEGY-01,Equation,constructed/open response,,Unit 6 Assessment Plan + Algebra 1 Framework v6.34,
U6_S4_EXT_11,Extra Practice,6.4,Intro,"I can use factoring, completing the square, or the quadratic formula when the equation structure supports the method.","Students will compare factoring, completing the square, and the quadratic formula and select efficient solution methods.",p_choose_formula,ext-11,PROC-SELECT-STRATEGY-01,Equation,constructed/open response,,Unit 6 Assessment Plan + Algebra 1 Framework v6.34,
U6_S4_EXT_12,Extra Practice,6.4,Intro,"I can use factoring, completing the square, or the quadratic formula when the equation structure supports the method.","Students will compare factoring, completing the square, and the quadratic formula and select efficient solution methods.",p_choose_formula,ext-12,PROC-SELECT-STRATEGY-01,Equation,constructed/open response,,Unit 6 Assessment Plan + Algebra 1 Framework v6.34,
U6_S4_EXT_13,Extra Practice,6.4,Intro,I can formulate a solution-method plan based on the structure of a quadratic equation.,"Students will compare factoring, completing the square, and the quadratic formula and select efficient solution methods.",p_method_table,ext-13,COMPARE-COMPETING-METHODS-01,Table + Equation,constructed/open response,,Unit 6 Assessment Plan + Algebra 1 Framework v6.34,
U6_S4_EXT_14,Extra Practice,6.4,Intro,"I can critique a selected solution method for efficiency, accuracy, and fit to the equation.","Students will compare factoring, completing the square, and the quadratic formula and select efficient solution methods.",p_compare_methods,ext-14,COMPARE-COMPETING-METHODS-01,Equation + Prose,constructed/open response,,Unit 6 Assessment Plan + Algebra 1 Framework v6.34,
U6_S4_EXT_15,Extra Practice,6.4,Intro,"I can critique a selected solution method for efficiency, accuracy, and fit to the equation.","Students will compare factoring, completing the square, and the quadratic formula and select efficient solution methods.",p_exact_approx,ext-15,COMPARE-EFFICIENCY-CONTEXT-01,Context + Prose,constructed/open response,,Unit 6 Assessment Plan + Algebra 1 Framework v6.34,
U6_S4_EXT_16,Extra Practice,6.4,Intro,"I can critique a selected solution method for efficiency, accuracy, and fit to the equation.","Students will compare factoring, completing the square, and the quadratic formula and select efficient solution methods.",p_critique_default_method,ext-16,ERROR-CRITIQUE-CLAIM-01,Equation + Prose,constructed/open response,,Unit 6 Assessment Plan + Algebra 1 Framework v6.34,
U6_S4_EXT_17,Extra Practice,6.4,Review,I can apply difference-of-squares and perfect-square-trinomial patterns.,Students will recognize and factor special polynomial patterns.,r_difference_squares,ext-17,PROC-DIRECT-EXECUTE-01,Expression,constructed/open response,,Unit 6 Assessment Plan spiral Review route + Algebra 1 Framework source section 5.3,
U6_S4_EXT_18,Extra Practice,6.4,Review,I can apply difference-of-squares and perfect-square-trinomial patterns.,Students will recognize and factor special polynomial patterns.,r_perfect_square,ext-18,PROC-DIRECT-EXECUTE-01,Expression,constructed/open response,,Unit 6 Assessment Plan spiral Review route + Algebra 1 Framework source section 5.3,
U6_S4_EXT_19,Extra Practice,6.4,Review,I can assess whether a polynomial fits a special factoring pattern before rewriting it.,Students will recognize and factor special polynomial patterns.,r_recognize_pattern,ext-19,FEATURE-IDENTIFY-FROM-REPRESENTATION-01,Expression,constructed/open response,,Unit 6 Assessment Plan spiral Review route + Algebra 1 Framework source section 5.3,
U6_S4_EXT_20,Extra Practice,6.4,Review,I can design a strategy for factoring special polynomial patterns.,Students will recognize and factor special polynomial patterns.,r_pattern_reason,ext-20,ARGUE-JUSTIFY-GENERAL-CASE-01,Expression + Prose,constructed/open response,,Unit 6 Assessment Plan spiral Review route + Algebra 1 Framework source section 5.3,
U6_S4_EXT_21,Extra Practice,6.4,Mastery,"I can construct evidence for a function family using patterns in graphs, equations, tables, and contexts.","Students will identify common function families from graphs, equations, tables, and contexts.",m_family_linear,ext-21,FEATURE-IDENTIFY-FROM-REPRESENTATION-01,Table pattern (described),constructed/open response,U6-MG01,Unit 6 Assessment Plan spiral Mastery route + Algebra 1 Framework source section 4.1,
U6_S4_EXT_22,Extra Practice,6.4,Mastery,"I can apply family features to sort representations into linear, quadratic, exponential, absolute value, and other familiar forms.","Students will identify common function families from graphs, equations, tables, and contexts.",m_family_exponential,ext-22,FEATURE-IDENTIFY-FROM-REPRESENTATION-01,Table pattern (described),constructed/open response,U6-MG01,Unit 6 Assessment Plan spiral Mastery route + Algebra 1 Framework source section 4.1,
U6_S4_EXT_23,Extra Practice,6.4,Mastery,"I can apply family features to sort representations into linear, quadratic, exponential, absolute value, and other familiar forms.","Students will identify common function families from graphs, equations, tables, and contexts.",m_family_abs,ext-23,FEATURE-IDENTIFY-FROM-REPRESENTATION-01,Graph,constructed/open response,U6-MG01,Unit 6 Assessment Plan spiral Mastery route + Algebra 1 Framework source section 4.1,
U6_S4_EXT_24,Extra Practice,6.4,Mastery,I can determine which representation gives the strongest evidence for a function family when features seem similar.,"Students will identify common function families from graphs, equations, tables, and contexts.",m_family_evidence_strength,ext-24,ERROR-CRITIQUE-CLAIM-01,Table + Prose,constructed/open response,U6-MG01,Unit 6 Assessment Plan spiral Mastery route + Algebra 1 Framework source section 4.1,
U6_S5_P1_01,Practice Set 1,6.5,Intro,"I can construct quadratic models from real-world constraints, data, or key features.","Students will use quadratic functions to model real-world situations and interpret maximums, minimums, and intercepts.",p_model_from_zeros,p1-01,GRAPH-CONSTRUCT-FROM-CONSTRAINTS-01,Equation + Key features,constructed/open response,,Unit 6 Assessment Plan + Algebra 1 Framework v6.34,
U6_S5_P1_02,Practice Set 1,6.5,Intro,"I can construct quadratic models from real-world constraints, data, or key features.","Students will use quadratic functions to model real-world situations and interpret maximums, minimums, and intercepts.",p_model_from_zeros,p1-02,GRAPH-CONSTRUCT-FROM-CONSTRAINTS-01,Equation + Key features,constructed/open response,,Unit 6 Assessment Plan + Algebra 1 Framework v6.34,
U6_S5_P1_03,Practice Set 1,6.5,Intro,"I can construct quadratic models from real-world constraints, data, or key features.","Students will use quadratic functions to model real-world situations and interpret maximums, minimums, and intercepts.",p_model_from_zeros,p1-03,GRAPH-CONSTRUCT-FROM-CONSTRAINTS-01,Equation + Key features,constructed/open response,,Unit 6 Assessment Plan + Algebra 1 Framework v6.34,
U6_S5_P1_04,Practice Set 1,6.5,Intro,"I can construct quadratic models from real-world constraints, data, or key features.","Students will use quadratic functions to model real-world situations and interpret maximums, minimums, and intercepts.",p_model_from_zeros,p1-04,GRAPH-CONSTRUCT-FROM-CONSTRAINTS-01,Equation + Key features,constructed/open response,,Unit 6 Assessment Plan + Algebra 1 Framework v6.34,
U6_S5_P1_05,Practice Set 1,6.5,Intro,"I can construct quadratic models from real-world constraints, data, or key features.","Students will use quadratic functions to model real-world situations and interpret maximums, minimums, and intercepts.",p_model_from_vertex,p1-05,GRAPH-CONSTRUCT-FROM-CONSTRAINTS-01,Equation + Key features,constructed/open response,,Unit 6 Assessment Plan + Algebra 1 Framework v6.34,
U6_S5_P1_06,Practice Set 1,6.5,Intro,"I can construct quadratic models from real-world constraints, data, or key features.","Students will use quadratic functions to model real-world situations and interpret maximums, minimums, and intercepts.",p_model_from_vertex,p1-06,GRAPH-CONSTRUCT-FROM-CONSTRAINTS-01,Equation + Key features,constructed/open response,,Unit 6 Assessment Plan + Algebra 1 Framework v6.34,
U6_S5_P1_07,Practice Set 1,6.5,Intro,"I can construct quadratic models from real-world constraints, data, or key features.","Students will use quadratic functions to model real-world situations and interpret maximums, minimums, and intercepts.",p_model_from_vertex,p1-07,GRAPH-CONSTRUCT-FROM-CONSTRAINTS-01,Equation + Key features,constructed/open response,,Unit 6 Assessment Plan + Algebra 1 Framework v6.34,
U6_S5_P1_08,Practice Set 1,6.5,Intro,"I can construct quadratic models from real-world constraints, data, or key features.","Students will use quadratic functions to model real-world situations and interpret maximums, minimums, and intercepts.",p_model_from_vertex,p1-08,GRAPH-CONSTRUCT-FROM-CONSTRAINTS-01,Equation + Key features,constructed/open response,,Unit 6 Assessment Plan + Algebra 1 Framework v6.34,
U6_S5_P1_09,Practice Set 1,6.5,Intro,"I can extend quadratic models to predict maximums, minimums, intercepts, and meaningful solution values.","Students will use quadratic functions to model real-world situations and interpret maximums, minimums, and intercepts.",p_vertex_optimize,p1-09,FEATURE-IDENTIFY-FROM-REPRESENTATION-01,Equation,constructed/open response,,Unit 6 Assessment Plan + Algebra 1 Framework v6.34,
U6_S5_P1_10,Practice Set 1,6.5,Intro,"I can extend quadratic models to predict maximums, minimums, intercepts, and meaningful solution values.","Students will use quadratic functions to model real-world situations and interpret maximums, minimums, and intercepts.",p_vertex_optimize,p1-10,FEATURE-IDENTIFY-FROM-REPRESENTATION-01,Equation,constructed/open response,,Unit 6 Assessment Plan + Algebra 1 Framework v6.34,
U6_S5_P1_11,Practice Set 1,6.5,Intro,"I can extend quadratic models to predict maximums, minimums, intercepts, and meaningful solution values.","Students will use quadratic functions to model real-world situations and interpret maximums, minimums, and intercepts.",p_vertex_optimize,p1-11,FEATURE-IDENTIFY-FROM-REPRESENTATION-01,Equation,constructed/open response,,Unit 6 Assessment Plan + Algebra 1 Framework v6.34,
U6_S5_P1_12,Practice Set 1,6.5,Intro,"I can extend quadratic models to predict maximums, minimums, intercepts, and meaningful solution values.","Students will use quadratic functions to model real-world situations and interpret maximums, minimums, and intercepts.",p_vertex_optimize,p1-12,FEATURE-IDENTIFY-FROM-REPRESENTATION-01,Equation,constructed/open response,,Unit 6 Assessment Plan + Algebra 1 Framework v6.34,
U6_S5_P1_13,Practice Set 1,6.5,Intro,"I can extend quadratic models to predict maximums, minimums, intercepts, and meaningful solution values.","Students will use quadratic functions to model real-world situations and interpret maximums, minimums, and intercepts.",p_graph_optimize,p1-13,GRAPH-INFER-BEHAVIOR-01,Graph + Context,constructed/open response,,Unit 6 Assessment Plan + Algebra 1 Framework v6.34,
U6_S5_P1_14,Practice Set 1,6.5,Intro,"I can construct quadratic models from real-world constraints, data, or key features.","Students will use quadratic functions to model real-world situations and interpret maximums, minimums, and intercepts.",p_table_model,p1-14,REPTRANS-GRAPH-TABLE-EQUATION-01,Table + Equation,constructed/open response,,Unit 6 Assessment Plan + Algebra 1 Framework v6.34,
U6_S5_P1_15,Practice Set 1,6.5,Intro,"I can extend quadratic models to predict maximums, minimums, intercepts, and meaningful solution values.","Students will use quadratic functions to model real-world situations and interpret maximums, minimums, and intercepts.",p_area_optimize,p1-15,OPTIMIZE-CONSTRAINED-ARRANGEMENT-01,Context + Equation,constructed/open response,,Unit 6 Assessment Plan + Algebra 1 Framework v6.34,
U6_S5_P1_16,Practice Set 1,6.5,Intro,I can assess whether a quadratic model and its solutions are reasonable for the situation.,"Students will use quadratic functions to model real-world situations and interpret maximums, minimums, and intercepts.",p_domain_reasonableness,p1-16,VERIFY-REASONABLENESS-01,Context + Equation,constructed/open response,,Unit 6 Assessment Plan + Algebra 1 Framework v6.34,
U6_S5_P1_17,Practice Set 1,6.5,Review,I can build factored forms of quadratic trinomials using product-sum relationships.,"Students will factor quadratic trinomials using patterns, products, sums, and structure.",r_trinomial_factor,p1-17,PROC-DIRECT-EXECUTE-01,Expression,constructed/open response,,Unit 6 Assessment Plan spiral Review route + Algebra 1 Framework source section 5.2,
U6_S5_P1_18,Practice Set 1,6.5,Review,I can use patterns in coefficients and constants to factor quadratic trinomials.,"Students will factor quadratic trinomials using patterns, products, sums, and structure.",r_trinomial_factor_sign,p1-18,PROC-DIRECT-EXECUTE-01,Expression,constructed/open response,,Unit 6 Assessment Plan spiral Review route + Algebra 1 Framework source section 5.2,
U6_S5_P1_19,Practice Set 1,6.5,Review,I can build factored forms of quadratic trinomials using product-sum relationships.,"Students will factor quadratic trinomials using patterns, products, sums, and structure.",r_product_sum,p1-19,FACTORPAIR-SUM-PRODUCT-PUZZLE-01,Equation + Number structure,constructed/open response,,Unit 6 Assessment Plan spiral Review route + Algebra 1 Framework source section 5.2,
U6_S5_P1_20,Practice Set 1,6.5,Review,I can predict missing factors or terms by extending product-sum reasoning.,"Students will factor quadratic trinomials using patterns, products, sums, and structure.",r_missing_term_factor,p1-20,TABLE-RECONSTRUCT-MISSING-CELLS-01,Expression,constructed/open response,,Unit 6 Assessment Plan spiral Review route + Algebra 1 Framework source section 5.2,
U6_S5_P1_21,Practice Set 1,6.5,Mastery,"I can design transformed graphs using stretches, compressions, reflections, and translations of parent functions.","Students will analyze and graph transformations involving stretches, compressions, and reflections.",m_transform_describe,p1-21,FEATURE-IDENTIFY-FROM-REPRESENTATION-01,Equation + Graph transformation,constructed/open response,U6-MG02,Unit 6 Assessment Plan spiral Mastery route + Algebra 1 Framework source section 4.3,
U6_S5_P1_22,Practice Set 1,6.5,Mastery,I can apply transformation rules to key points and features across function families.,"Students will analyze and graph transformations involving stretches, compressions, and reflections.",m_transform_point,p1-22,PROC-DIRECT-EXECUTE-01,Coordinate point,constructed/open response,U6-MG02,Unit 6 Assessment Plan spiral Mastery route + Algebra 1 Framework source section 4.3,
U6_S5_P1_23,Practice Set 1,6.5,Mastery,"I can assess whether an equation, graph, or table represents the same transformed function.","Students will analyze and graph transformations involving stretches, compressions, and reflections.",m_transform_equivalence,p1-23,VERIFY-REASONABLENESS-01,Equation + Points,constructed/open response,U6-MG02,Unit 6 Assessment Plan spiral Mastery route + Algebra 1 Framework source section 4.3,
U6_S5_P1_24,Practice Set 1,6.5,Mastery,"I can design transformed graphs using stretches, compressions, reflections, and translations of parent functions.","Students will analyze and graph transformations involving stretches, compressions, and reflections.",m_transform_write,p1-24,REPTRANS-TRANSLATE-VERBAL-SYMBOLIC-01,Equation,constructed/open response,U6-MG02,Unit 6 Assessment Plan spiral Mastery route + Algebra 1 Framework source section 4.3,
U6_S5_P2_01,Practice Set 2,6.5,Intro,"I can construct quadratic models from real-world constraints, data, or key features.","Students will use quadratic functions to model real-world situations and interpret maximums, minimums, and intercepts.",p_model_from_zeros,p2-01,GRAPH-CONSTRUCT-FROM-CONSTRAINTS-01,Equation + Key features,constructed/open response,,Unit 6 Assessment Plan + Algebra 1 Framework v6.34,
U6_S5_P2_02,Practice Set 2,6.5,Intro,"I can construct quadratic models from real-world constraints, data, or key features.","Students will use quadratic functions to model real-world situations and interpret maximums, minimums, and intercepts.",p_model_from_zeros,p2-02,GRAPH-CONSTRUCT-FROM-CONSTRAINTS-01,Equation + Key features,constructed/open response,,Unit 6 Assessment Plan + Algebra 1 Framework v6.34,
U6_S5_P2_03,Practice Set 2,6.5,Intro,"I can construct quadratic models from real-world constraints, data, or key features.","Students will use quadratic functions to model real-world situations and interpret maximums, minimums, and intercepts.",p_model_from_zeros,p2-03,GRAPH-CONSTRUCT-FROM-CONSTRAINTS-01,Equation + Key features,constructed/open response,,Unit 6 Assessment Plan + Algebra 1 Framework v6.34,
U6_S5_P2_04,Practice Set 2,6.5,Intro,"I can construct quadratic models from real-world constraints, data, or key features.","Students will use quadratic functions to model real-world situations and interpret maximums, minimums, and intercepts.",p_model_from_zeros,p2-04,GRAPH-CONSTRUCT-FROM-CONSTRAINTS-01,Equation + Key features,constructed/open response,,Unit 6 Assessment Plan + Algebra 1 Framework v6.34,
U6_S5_P2_05,Practice Set 2,6.5,Intro,"I can construct quadratic models from real-world constraints, data, or key features.","Students will use quadratic functions to model real-world situations and interpret maximums, minimums, and intercepts.",p_model_from_vertex,p2-05,GRAPH-CONSTRUCT-FROM-CONSTRAINTS-01,Equation + Key features,constructed/open response,,Unit 6 Assessment Plan + Algebra 1 Framework v6.34,
U6_S5_P2_06,Practice Set 2,6.5,Intro,"I can construct quadratic models from real-world constraints, data, or key features.","Students will use quadratic functions to model real-world situations and interpret maximums, minimums, and intercepts.",p_model_from_vertex,p2-06,GRAPH-CONSTRUCT-FROM-CONSTRAINTS-01,Equation + Key features,constructed/open response,,Unit 6 Assessment Plan + Algebra 1 Framework v6.34,
U6_S5_P2_07,Practice Set 2,6.5,Intro,"I can construct quadratic models from real-world constraints, data, or key features.","Students will use quadratic functions to model real-world situations and interpret maximums, minimums, and intercepts.",p_model_from_vertex,p2-07,GRAPH-CONSTRUCT-FROM-CONSTRAINTS-01,Equation + Key features,constructed/open response,,Unit 6 Assessment Plan + Algebra 1 Framework v6.34,
U6_S5_P2_08,Practice Set 2,6.5,Intro,"I can construct quadratic models from real-world constraints, data, or key features.","Students will use quadratic functions to model real-world situations and interpret maximums, minimums, and intercepts.",p_model_from_vertex,p2-08,GRAPH-CONSTRUCT-FROM-CONSTRAINTS-01,Equation + Key features,constructed/open response,,Unit 6 Assessment Plan + Algebra 1 Framework v6.34,
U6_S5_P2_09,Practice Set 2,6.5,Intro,"I can extend quadratic models to predict maximums, minimums, intercepts, and meaningful solution values.","Students will use quadratic functions to model real-world situations and interpret maximums, minimums, and intercepts.",p_vertex_optimize,p2-09,FEATURE-IDENTIFY-FROM-REPRESENTATION-01,Equation,constructed/open response,,Unit 6 Assessment Plan + Algebra 1 Framework v6.34,
U6_S5_P2_10,Practice Set 2,6.5,Intro,"I can extend quadratic models to predict maximums, minimums, intercepts, and meaningful solution values.","Students will use quadratic functions to model real-world situations and interpret maximums, minimums, and intercepts.",p_vertex_optimize,p2-10,FEATURE-IDENTIFY-FROM-REPRESENTATION-01,Equation,constructed/open response,,Unit 6 Assessment Plan + Algebra 1 Framework v6.34,
U6_S5_P2_11,Practice Set 2,6.5,Intro,"I can extend quadratic models to predict maximums, minimums, intercepts, and meaningful solution values.","Students will use quadratic functions to model real-world situations and interpret maximums, minimums, and intercepts.",p_vertex_optimize,p2-11,FEATURE-IDENTIFY-FROM-REPRESENTATION-01,Equation,constructed/open response,,Unit 6 Assessment Plan + Algebra 1 Framework v6.34,
U6_S5_P2_12,Practice Set 2,6.5,Intro,"I can extend quadratic models to predict maximums, minimums, intercepts, and meaningful solution values.","Students will use quadratic functions to model real-world situations and interpret maximums, minimums, and intercepts.",p_vertex_optimize,p2-12,FEATURE-IDENTIFY-FROM-REPRESENTATION-01,Equation,constructed/open response,,Unit 6 Assessment Plan + Algebra 1 Framework v6.34,
U6_S5_P2_13,Practice Set 2,6.5,Intro,"I can extend quadratic models to predict maximums, minimums, intercepts, and meaningful solution values.","Students will use quadratic functions to model real-world situations and interpret maximums, minimums, and intercepts.",p_graph_optimize,p2-13,GRAPH-INFER-BEHAVIOR-01,Graph + Context,constructed/open response,,Unit 6 Assessment Plan + Algebra 1 Framework v6.34,
U6_S5_P2_14,Practice Set 2,6.5,Intro,"I can construct quadratic models from real-world constraints, data, or key features.","Students will use quadratic functions to model real-world situations and interpret maximums, minimums, and intercepts.",p_table_model,p2-14,REPTRANS-GRAPH-TABLE-EQUATION-01,Table + Equation,constructed/open response,,Unit 6 Assessment Plan + Algebra 1 Framework v6.34,
U6_S5_P2_15,Practice Set 2,6.5,Intro,"I can extend quadratic models to predict maximums, minimums, intercepts, and meaningful solution values.","Students will use quadratic functions to model real-world situations and interpret maximums, minimums, and intercepts.",p_area_optimize,p2-15,OPTIMIZE-CONSTRAINED-ARRANGEMENT-01,Context + Equation,constructed/open response,,Unit 6 Assessment Plan + Algebra 1 Framework v6.34,
U6_S5_P2_16,Practice Set 2,6.5,Intro,I can assess whether a quadratic model and its solutions are reasonable for the situation.,"Students will use quadratic functions to model real-world situations and interpret maximums, minimums, and intercepts.",p_domain_reasonableness,p2-16,VERIFY-REASONABLENESS-01,Context + Equation,constructed/open response,,Unit 6 Assessment Plan + Algebra 1 Framework v6.34,
U6_S5_P2_17,Practice Set 2,6.5,Review,I can build factored forms of quadratic trinomials using product-sum relationships.,"Students will factor quadratic trinomials using patterns, products, sums, and structure.",r_trinomial_factor,p2-17,PROC-DIRECT-EXECUTE-01,Expression,constructed/open response,,Unit 6 Assessment Plan spiral Review route + Algebra 1 Framework source section 5.2,
U6_S5_P2_18,Practice Set 2,6.5,Review,I can use patterns in coefficients and constants to factor quadratic trinomials.,"Students will factor quadratic trinomials using patterns, products, sums, and structure.",r_trinomial_factor_sign,p2-18,PROC-DIRECT-EXECUTE-01,Expression,constructed/open response,,Unit 6 Assessment Plan spiral Review route + Algebra 1 Framework source section 5.2,
U6_S5_P2_19,Practice Set 2,6.5,Review,I can build factored forms of quadratic trinomials using product-sum relationships.,"Students will factor quadratic trinomials using patterns, products, sums, and structure.",r_product_sum,p2-19,FACTORPAIR-SUM-PRODUCT-PUZZLE-01,Equation + Number structure,constructed/open response,,Unit 6 Assessment Plan spiral Review route + Algebra 1 Framework source section 5.2,
U6_S5_P2_20,Practice Set 2,6.5,Review,I can predict missing factors or terms by extending product-sum reasoning.,"Students will factor quadratic trinomials using patterns, products, sums, and structure.",r_missing_term_factor,p2-20,TABLE-RECONSTRUCT-MISSING-CELLS-01,Expression,constructed/open response,,Unit 6 Assessment Plan spiral Review route + Algebra 1 Framework source section 5.2,
U6_S5_P2_21,Practice Set 2,6.5,Mastery,"I can design transformed graphs using stretches, compressions, reflections, and translations of parent functions.","Students will analyze and graph transformations involving stretches, compressions, and reflections.",m_transform_describe,p2-21,FEATURE-IDENTIFY-FROM-REPRESENTATION-01,Equation + Graph transformation,constructed/open response,U6-MG02,Unit 6 Assessment Plan spiral Mastery route + Algebra 1 Framework source section 4.3,
U6_S5_P2_22,Practice Set 2,6.5,Mastery,I can apply transformation rules to key points and features across function families.,"Students will analyze and graph transformations involving stretches, compressions, and reflections.",m_transform_point,p2-22,PROC-DIRECT-EXECUTE-01,Coordinate point,constructed/open response,U6-MG02,Unit 6 Assessment Plan spiral Mastery route + Algebra 1 Framework source section 4.3,
U6_S5_P2_23,Practice Set 2,6.5,Mastery,"I can assess whether an equation, graph, or table represents the same transformed function.","Students will analyze and graph transformations involving stretches, compressions, and reflections.",m_transform_equivalence,p2-23,VERIFY-REASONABLENESS-01,Equation + Points,constructed/open response,U6-MG02,Unit 6 Assessment Plan spiral Mastery route + Algebra 1 Framework source section 4.3,
U6_S5_P2_24,Practice Set 2,6.5,Mastery,"I can design transformed graphs using stretches, compressions, reflections, and translations of parent functions.","Students will analyze and graph transformations involving stretches, compressions, and reflections.",m_transform_write,p2-24,REPTRANS-TRANSLATE-VERBAL-SYMBOLIC-01,Equation,constructed/open response,U6-MG02,Unit 6 Assessment Plan spiral Mastery route + Algebra 1 Framework source section 4.3,
U6_S5_P3_01,Practice Set 3,6.5,Intro,"I can construct quadratic models from real-world constraints, data, or key features.","Students will use quadratic functions to model real-world situations and interpret maximums, minimums, and intercepts.",p_model_from_zeros,p3-01,GRAPH-CONSTRUCT-FROM-CONSTRAINTS-01,Equation + Key features,constructed/open response,,Unit 6 Assessment Plan + Algebra 1 Framework v6.34,
U6_S5_P3_02,Practice Set 3,6.5,Intro,"I can construct quadratic models from real-world constraints, data, or key features.","Students will use quadratic functions to model real-world situations and interpret maximums, minimums, and intercepts.",p_model_from_zeros,p3-02,GRAPH-CONSTRUCT-FROM-CONSTRAINTS-01,Equation + Key features,constructed/open response,,Unit 6 Assessment Plan + Algebra 1 Framework v6.34,
U6_S5_P3_03,Practice Set 3,6.5,Intro,"I can construct quadratic models from real-world constraints, data, or key features.","Students will use quadratic functions to model real-world situations and interpret maximums, minimums, and intercepts.",p_model_from_zeros,p3-03,GRAPH-CONSTRUCT-FROM-CONSTRAINTS-01,Equation + Key features,constructed/open response,,Unit 6 Assessment Plan + Algebra 1 Framework v6.34,
U6_S5_P3_04,Practice Set 3,6.5,Intro,"I can construct quadratic models from real-world constraints, data, or key features.","Students will use quadratic functions to model real-world situations and interpret maximums, minimums, and intercepts.",p_model_from_zeros,p3-04,GRAPH-CONSTRUCT-FROM-CONSTRAINTS-01,Equation + Key features,constructed/open response,,Unit 6 Assessment Plan + Algebra 1 Framework v6.34,
U6_S5_P3_05,Practice Set 3,6.5,Intro,"I can construct quadratic models from real-world constraints, data, or key features.","Students will use quadratic functions to model real-world situations and interpret maximums, minimums, and intercepts.",p_model_from_vertex,p3-05,GRAPH-CONSTRUCT-FROM-CONSTRAINTS-01,Equation + Key features,constructed/open response,,Unit 6 Assessment Plan + Algebra 1 Framework v6.34,
U6_S5_P3_06,Practice Set 3,6.5,Intro,"I can construct quadratic models from real-world constraints, data, or key features.","Students will use quadratic functions to model real-world situations and interpret maximums, minimums, and intercepts.",p_model_from_vertex,p3-06,GRAPH-CONSTRUCT-FROM-CONSTRAINTS-01,Equation + Key features,constructed/open response,,Unit 6 Assessment Plan + Algebra 1 Framework v6.34,
U6_S5_P3_07,Practice Set 3,6.5,Intro,"I can construct quadratic models from real-world constraints, data, or key features.","Students will use quadratic functions to model real-world situations and interpret maximums, minimums, and intercepts.",p_model_from_vertex,p3-07,GRAPH-CONSTRUCT-FROM-CONSTRAINTS-01,Equation + Key features,constructed/open response,,Unit 6 Assessment Plan + Algebra 1 Framework v6.34,
U6_S5_P3_08,Practice Set 3,6.5,Intro,"I can construct quadratic models from real-world constraints, data, or key features.","Students will use quadratic functions to model real-world situations and interpret maximums, minimums, and intercepts.",p_model_from_vertex,p3-08,GRAPH-CONSTRUCT-FROM-CONSTRAINTS-01,Equation + Key features,constructed/open response,,Unit 6 Assessment Plan + Algebra 1 Framework v6.34,
U6_S5_P3_09,Practice Set 3,6.5,Intro,"I can extend quadratic models to predict maximums, minimums, intercepts, and meaningful solution values.","Students will use quadratic functions to model real-world situations and interpret maximums, minimums, and intercepts.",p_vertex_optimize,p3-09,FEATURE-IDENTIFY-FROM-REPRESENTATION-01,Equation,constructed/open response,,Unit 6 Assessment Plan + Algebra 1 Framework v6.34,
U6_S5_P3_10,Practice Set 3,6.5,Intro,"I can extend quadratic models to predict maximums, minimums, intercepts, and meaningful solution values.","Students will use quadratic functions to model real-world situations and interpret maximums, minimums, and intercepts.",p_vertex_optimize,p3-10,FEATURE-IDENTIFY-FROM-REPRESENTATION-01,Equation,constructed/open response,,Unit 6 Assessment Plan + Algebra 1 Framework v6.34,
U6_S5_P3_11,Practice Set 3,6.5,Intro,"I can extend quadratic models to predict maximums, minimums, intercepts, and meaningful solution values.","Students will use quadratic functions to model real-world situations and interpret maximums, minimums, and intercepts.",p_vertex_optimize,p3-11,FEATURE-IDENTIFY-FROM-REPRESENTATION-01,Equation,constructed/open response,,Unit 6 Assessment Plan + Algebra 1 Framework v6.34,
U6_S5_P3_12,Practice Set 3,6.5,Intro,"I can extend quadratic models to predict maximums, minimums, intercepts, and meaningful solution values.","Students will use quadratic functions to model real-world situations and interpret maximums, minimums, and intercepts.",p_vertex_optimize,p3-12,FEATURE-IDENTIFY-FROM-REPRESENTATION-01,Equation,constructed/open response,,Unit 6 Assessment Plan + Algebra 1 Framework v6.34,
U6_S5_P3_13,Practice Set 3,6.5,Intro,"I can extend quadratic models to predict maximums, minimums, intercepts, and meaningful solution values.","Students will use quadratic functions to model real-world situations and interpret maximums, minimums, and intercepts.",p_graph_optimize,p3-13,GRAPH-INFER-BEHAVIOR-01,Graph + Context,constructed/open response,,Unit 6 Assessment Plan + Algebra 1 Framework v6.34,
U6_S5_P3_14,Practice Set 3,6.5,Intro,"I can construct quadratic models from real-world constraints, data, or key features.","Students will use quadratic functions to model real-world situations and interpret maximums, minimums, and intercepts.",p_table_model,p3-14,REPTRANS-GRAPH-TABLE-EQUATION-01,Table + Equation,constructed/open response,,Unit 6 Assessment Plan + Algebra 1 Framework v6.34,
U6_S5_P3_15,Practice Set 3,6.5,Intro,"I can extend quadratic models to predict maximums, minimums, intercepts, and meaningful solution values.","Students will use quadratic functions to model real-world situations and interpret maximums, minimums, and intercepts.",p_area_optimize,p3-15,OPTIMIZE-CONSTRAINED-ARRANGEMENT-01,Context + Equation,constructed/open response,,Unit 6 Assessment Plan + Algebra 1 Framework v6.34,
U6_S5_P3_16,Practice Set 3,6.5,Intro,I can assess whether a quadratic model and its solutions are reasonable for the situation.,"Students will use quadratic functions to model real-world situations and interpret maximums, minimums, and intercepts.",p_domain_reasonableness,p3-16,VERIFY-REASONABLENESS-01,Context + Equation,constructed/open response,,Unit 6 Assessment Plan + Algebra 1 Framework v6.34,
U6_S5_P3_17,Practice Set 3,6.5,Review,I can build factored forms of quadratic trinomials using product-sum relationships.,"Students will factor quadratic trinomials using patterns, products, sums, and structure.",r_trinomial_factor,p3-17,PROC-DIRECT-EXECUTE-01,Expression,constructed/open response,,Unit 6 Assessment Plan spiral Review route + Algebra 1 Framework source section 5.2,
U6_S5_P3_18,Practice Set 3,6.5,Review,I can use patterns in coefficients and constants to factor quadratic trinomials.,"Students will factor quadratic trinomials using patterns, products, sums, and structure.",r_trinomial_factor_sign,p3-18,PROC-DIRECT-EXECUTE-01,Expression,constructed/open response,,Unit 6 Assessment Plan spiral Review route + Algebra 1 Framework source section 5.2,
U6_S5_P3_19,Practice Set 3,6.5,Review,I can build factored forms of quadratic trinomials using product-sum relationships.,"Students will factor quadratic trinomials using patterns, products, sums, and structure.",r_product_sum,p3-19,FACTORPAIR-SUM-PRODUCT-PUZZLE-01,Equation + Number structure,constructed/open response,,Unit 6 Assessment Plan spiral Review route + Algebra 1 Framework source section 5.2,
U6_S5_P3_20,Practice Set 3,6.5,Review,I can predict missing factors or terms by extending product-sum reasoning.,"Students will factor quadratic trinomials using patterns, products, sums, and structure.",r_missing_term_factor,p3-20,TABLE-RECONSTRUCT-MISSING-CELLS-01,Expression,constructed/open response,,Unit 6 Assessment Plan spiral Review route + Algebra 1 Framework source section 5.2,
U6_S5_P3_21,Practice Set 3,6.5,Mastery,"I can design transformed graphs using stretches, compressions, reflections, and translations of parent functions.","Students will analyze and graph transformations involving stretches, compressions, and reflections.",m_transform_describe,p3-21,FEATURE-IDENTIFY-FROM-REPRESENTATION-01,Equation + Graph transformation,constructed/open response,U6-MG02,Unit 6 Assessment Plan spiral Mastery route + Algebra 1 Framework source section 4.3,
U6_S5_P3_22,Practice Set 3,6.5,Mastery,I can apply transformation rules to key points and features across function families.,"Students will analyze and graph transformations involving stretches, compressions, and reflections.",m_transform_point,p3-22,PROC-DIRECT-EXECUTE-01,Coordinate point,constructed/open response,U6-MG02,Unit 6 Assessment Plan spiral Mastery route + Algebra 1 Framework source section 4.3,
U6_S5_P3_23,Practice Set 3,6.5,Mastery,"I can assess whether an equation, graph, or table represents the same transformed function.","Students will analyze and graph transformations involving stretches, compressions, and reflections.",m_transform_equivalence,p3-23,VERIFY-REASONABLENESS-01,Equation + Points,constructed/open response,U6-MG02,Unit 6 Assessment Plan spiral Mastery route + Algebra 1 Framework source section 4.3,
U6_S5_P3_24,Practice Set 3,6.5,Mastery,"I can design transformed graphs using stretches, compressions, reflections, and translations of parent functions.","Students will analyze and graph transformations involving stretches, compressions, and reflections.",m_transform_write,p3-24,REPTRANS-TRANSLATE-VERBAL-SYMBOLIC-01,Equation,constructed/open response,U6-MG02,Unit 6 Assessment Plan spiral Mastery route + Algebra 1 Framework source section 4.3,
U6_S5_EXT_01,Extra Practice,6.5,Intro,"I can construct quadratic models from real-world constraints, data, or key features.","Students will use quadratic functions to model real-world situations and interpret maximums, minimums, and intercepts.",p_model_from_zeros,ext-01,GRAPH-CONSTRUCT-FROM-CONSTRAINTS-01,Equation + Key features,constructed/open response,,Unit 6 Assessment Plan + Algebra 1 Framework v6.34,
U6_S5_EXT_02,Extra Practice,6.5,Intro,"I can construct quadratic models from real-world constraints, data, or key features.","Students will use quadratic functions to model real-world situations and interpret maximums, minimums, and intercepts.",p_model_from_zeros,ext-02,GRAPH-CONSTRUCT-FROM-CONSTRAINTS-01,Equation + Key features,constructed/open response,,Unit 6 Assessment Plan + Algebra 1 Framework v6.34,
U6_S5_EXT_03,Extra Practice,6.5,Intro,"I can construct quadratic models from real-world constraints, data, or key features.","Students will use quadratic functions to model real-world situations and interpret maximums, minimums, and intercepts.",p_model_from_zeros,ext-03,GRAPH-CONSTRUCT-FROM-CONSTRAINTS-01,Equation + Key features,constructed/open response,,Unit 6 Assessment Plan + Algebra 1 Framework v6.34,
U6_S5_EXT_04,Extra Practice,6.5,Intro,"I can construct quadratic models from real-world constraints, data, or key features.","Students will use quadratic functions to model real-world situations and interpret maximums, minimums, and intercepts.",p_model_from_zeros,ext-04,GRAPH-CONSTRUCT-FROM-CONSTRAINTS-01,Equation + Key features,constructed/open response,,Unit 6 Assessment Plan + Algebra 1 Framework v6.34,
U6_S5_EXT_05,Extra Practice,6.5,Intro,"I can construct quadratic models from real-world constraints, data, or key features.","Students will use quadratic functions to model real-world situations and interpret maximums, minimums, and intercepts.",p_model_from_vertex,ext-05,GRAPH-CONSTRUCT-FROM-CONSTRAINTS-01,Equation + Key features,constructed/open response,,Unit 6 Assessment Plan + Algebra 1 Framework v6.34,
U6_S5_EXT_06,Extra Practice,6.5,Intro,"I can construct quadratic models from real-world constraints, data, or key features.","Students will use quadratic functions to model real-world situations and interpret maximums, minimums, and intercepts.",p_model_from_vertex,ext-06,GRAPH-CONSTRUCT-FROM-CONSTRAINTS-01,Equation + Key features,constructed/open response,,Unit 6 Assessment Plan + Algebra 1 Framework v6.34,
U6_S5_EXT_07,Extra Practice,6.5,Intro,"I can construct quadratic models from real-world constraints, data, or key features.","Students will use quadratic functions to model real-world situations and interpret maximums, minimums, and intercepts.",p_model_from_vertex,ext-07,GRAPH-CONSTRUCT-FROM-CONSTRAINTS-01,Equation + Key features,constructed/open response,,Unit 6 Assessment Plan + Algebra 1 Framework v6.34,
U6_S5_EXT_08,Extra Practice,6.5,Intro,"I can construct quadratic models from real-world constraints, data, or key features.","Students will use quadratic functions to model real-world situations and interpret maximums, minimums, and intercepts.",p_model_from_vertex,ext-08,GRAPH-CONSTRUCT-FROM-CONSTRAINTS-01,Equation + Key features,constructed/open response,,Unit 6 Assessment Plan + Algebra 1 Framework v6.34,
U6_S5_EXT_09,Extra Practice,6.5,Intro,"I can extend quadratic models to predict maximums, minimums, intercepts, and meaningful solution values.","Students will use quadratic functions to model real-world situations and interpret maximums, minimums, and intercepts.",p_vertex_optimize,ext-09,FEATURE-IDENTIFY-FROM-REPRESENTATION-01,Equation,constructed/open response,,Unit 6 Assessment Plan + Algebra 1 Framework v6.34,
U6_S5_EXT_10,Extra Practice,6.5,Intro,"I can extend quadratic models to predict maximums, minimums, intercepts, and meaningful solution values.","Students will use quadratic functions to model real-world situations and interpret maximums, minimums, and intercepts.",p_vertex_optimize,ext-10,FEATURE-IDENTIFY-FROM-REPRESENTATION-01,Equation,constructed/open response,,Unit 6 Assessment Plan + Algebra 1 Framework v6.34,
U6_S5_EXT_11,Extra Practice,6.5,Intro,"I can extend quadratic models to predict maximums, minimums, intercepts, and meaningful solution values.","Students will use quadratic functions to model real-world situations and interpret maximums, minimums, and intercepts.",p_vertex_optimize,ext-11,FEATURE-IDENTIFY-FROM-REPRESENTATION-01,Equation,constructed/open response,,Unit 6 Assessment Plan + Algebra 1 Framework v6.34,
U6_S5_EXT_12,Extra Practice,6.5,Intro,"I can extend quadratic models to predict maximums, minimums, intercepts, and meaningful solution values.","Students will use quadratic functions to model real-world situations and interpret maximums, minimums, and intercepts.",p_vertex_optimize,ext-12,FEATURE-IDENTIFY-FROM-REPRESENTATION-01,Equation,constructed/open response,,Unit 6 Assessment Plan + Algebra 1 Framework v6.34,
U6_S5_EXT_13,Extra Practice,6.5,Intro,"I can extend quadratic models to predict maximums, minimums, intercepts, and meaningful solution values.","Students will use quadratic functions to model real-world situations and interpret maximums, minimums, and intercepts.",p_graph_optimize,ext-13,GRAPH-INFER-BEHAVIOR-01,Graph + Context,constructed/open response,,Unit 6 Assessment Plan + Algebra 1 Framework v6.34,
U6_S5_EXT_14,Extra Practice,6.5,Intro,"I can construct quadratic models from real-world constraints, data, or key features.","Students will use quadratic functions to model real-world situations and interpret maximums, minimums, and intercepts.",p_table_model,ext-14,REPTRANS-GRAPH-TABLE-EQUATION-01,Table + Equation,constructed/open response,,Unit 6 Assessment Plan + Algebra 1 Framework v6.34,
U6_S5_EXT_15,Extra Practice,6.5,Intro,"I can extend quadratic models to predict maximums, minimums, intercepts, and meaningful solution values.","Students will use quadratic functions to model real-world situations and interpret maximums, minimums, and intercepts.",p_area_optimize,ext-15,OPTIMIZE-CONSTRAINED-ARRANGEMENT-01,Context + Equation,constructed/open response,,Unit 6 Assessment Plan + Algebra 1 Framework v6.34,
U6_S5_EXT_16,Extra Practice,6.5,Intro,I can assess whether a quadratic model and its solutions are reasonable for the situation.,"Students will use quadratic functions to model real-world situations and interpret maximums, minimums, and intercepts.",p_domain_reasonableness,ext-16,VERIFY-REASONABLENESS-01,Context + Equation,constructed/open response,,Unit 6 Assessment Plan + Algebra 1 Framework v6.34,
U6_S5_EXT_17,Extra Practice,6.5,Review,I can build factored forms of quadratic trinomials using product-sum relationships.,"Students will factor quadratic trinomials using patterns, products, sums, and structure.",r_trinomial_factor,ext-17,PROC-DIRECT-EXECUTE-01,Expression,constructed/open response,,Unit 6 Assessment Plan spiral Review route + Algebra 1 Framework source section 5.2,
U6_S5_EXT_18,Extra Practice,6.5,Review,I can use patterns in coefficients and constants to factor quadratic trinomials.,"Students will factor quadratic trinomials using patterns, products, sums, and structure.",r_trinomial_factor_sign,ext-18,PROC-DIRECT-EXECUTE-01,Expression,constructed/open response,,Unit 6 Assessment Plan spiral Review route + Algebra 1 Framework source section 5.2,
U6_S5_EXT_19,Extra Practice,6.5,Review,I can build factored forms of quadratic trinomials using product-sum relationships.,"Students will factor quadratic trinomials using patterns, products, sums, and structure.",r_product_sum,ext-19,FACTORPAIR-SUM-PRODUCT-PUZZLE-01,Equation + Number structure,constructed/open response,,Unit 6 Assessment Plan spiral Review route + Algebra 1 Framework source section 5.2,
U6_S5_EXT_20,Extra Practice,6.5,Review,I can predict missing factors or terms by extending product-sum reasoning.,"Students will factor quadratic trinomials using patterns, products, sums, and structure.",r_missing_term_factor,ext-20,TABLE-RECONSTRUCT-MISSING-CELLS-01,Expression,constructed/open response,,Unit 6 Assessment Plan spiral Review route + Algebra 1 Framework source section 5.2,
U6_S5_EXT_21,Extra Practice,6.5,Mastery,"I can design transformed graphs using stretches, compressions, reflections, and translations of parent functions.","Students will analyze and graph transformations involving stretches, compressions, and reflections.",m_transform_describe,ext-21,FEATURE-IDENTIFY-FROM-REPRESENTATION-01,Equation + Graph transformation,constructed/open response,U6-MG02,Unit 6 Assessment Plan spiral Mastery route + Algebra 1 Framework source section 4.3,
U6_S5_EXT_22,Extra Practice,6.5,Mastery,I can apply transformation rules to key points and features across function families.,"Students will analyze and graph transformations involving stretches, compressions, and reflections.",m_transform_point,ext-22,PROC-DIRECT-EXECUTE-01,Coordinate point,constructed/open response,U6-MG02,Unit 6 Assessment Plan spiral Mastery route + Algebra 1 Framework source section 4.3,
U6_S5_EXT_23,Extra Practice,6.5,Mastery,"I can assess whether an equation, graph, or table represents the same transformed function.","Students will analyze and graph transformations involving stretches, compressions, and reflections.",m_transform_equivalence,ext-23,VERIFY-REASONABLENESS-01,Equation + Points,constructed/open response,U6-MG02,Unit 6 Assessment Plan spiral Mastery route + Algebra 1 Framework source section 4.3,
U6_S5_EXT_24,Extra Practice,6.5,Mastery,"I can design transformed graphs using stretches, compressions, reflections, and translations of parent functions.","Students will analyze and graph transformations involving stretches, compressions, and reflections.",m_transform_write,ext-24,REPTRANS-TRANSLATE-VERBAL-SYMBOLIC-01,Equation,constructed/open response,U6-MG02,Unit 6 Assessment Plan spiral Mastery route + Algebra 1 Framework source section 4.3,
U6_S1_CYU_01,CYU,6.1,Intro,I can apply the zero product property to solve quadratic equations in factored form.,Students will solve quadratic equations using factored form and interpret solutions.,cyu_p_zero_product,cyu-1,PROC-DIRECT-EXECUTE-01,Equation,constructed/open response,,Unit 6 Assessment Plan + Algebra 1 Framework v6.34,
U6_S1_CYU_02,CYU,6.1,Intro,"I can construct factored quadratic equations from given zeros, intercepts, or contextual constraints.",Students will solve quadratic equations using factored form and interpret solutions.,cyu_p_construct_factors,cyu-2,PROC-DIRECT-EXECUTE-01,Equation,constructed/open response,,Unit 6 Assessment Plan + Algebra 1 Framework v6.34,
U6_S1_CYU_03,CYU,6.1,Intro,I can determine whether solutions make sense in relation to a graph or context.,Students will solve quadratic equations using factored form and interpret solutions.,cyu_p_repeated_root,cyu-3,FEATURE-EVALUATE-VS-SOLVE-01,Equation + Graph feature,constructed/open response,,Unit 6 Assessment Plan + Algebra 1 Framework v6.34,
U6_S1_CYU_04,CYU,6.1,Intro,I can determine whether solutions make sense in relation to a graph or context.,Students will solve quadratic equations using factored form and interpret solutions.,cyu_p_graph_roots,cyu-4,GRAPH-INFER-BEHAVIOR-01,Graph,constructed/open response,,Unit 6 Assessment Plan + Algebra 1 Framework v6.34,
U6_S1_CYU_05,CYU,6.1,Intro,"I can construct factored quadratic equations from given zeros, intercepts, or contextual constraints.",Students will solve quadratic equations using factored form and interpret solutions.,cyu_p_table_roots,cyu-5,REPTRANS-GRAPH-TABLE-EQUATION-01,Table + Equation,constructed/open response,,Unit 6 Assessment Plan + Algebra 1 Framework v6.34,
U6_S1_CYU_06,CYU,6.1,Intro,I can determine whether solutions make sense in relation to a graph or context.,Students will solve quadratic equations using factored form and interpret solutions.,cyu_p_context_ground_time,cyu-6,VERIFY-REASONABLENESS-01,Context + Equation,constructed/open response,,Unit 6 Assessment Plan + Algebra 1 Framework v6.34,
U6_S2_CYU_01,CYU,6.2,Intro,I can build perfect-square trinomials by adding the needed constant term.,Students will solve quadratic equations by completing the square and connect the process to vertex form.,cyu_p_square_constant,cyu-1,PROC-DIRECT-EXECUTE-01,Equation,constructed/open response,,Unit 6 Assessment Plan + Algebra 1 Framework v6.34,
U6_S2_CYU_02,CYU,6.2,Intro,I can use completing the square to solve quadratic equations and write equivalent vertex-form expressions.,Students will solve quadratic equations by completing the square and connect the process to vertex form.,cyu_p_complete_solve,cyu-2,PROC-DIRECT-EXECUTE-01,Equation,constructed/open response,,Unit 6 Assessment Plan + Algebra 1 Framework v6.34,
U6_S2_CYU_03,CYU,6.2,Intro,I can use completing the square to solve quadratic equations and write equivalent vertex-form expressions.,Students will solve quadratic equations by completing the square and connect the process to vertex form.,cyu_p_vertex_rewrite,cyu-3,PROC-MULTISTEP-CHAIN-01,Equation,constructed/open response,,Unit 6 Assessment Plan + Algebra 1 Framework v6.34,
U6_S2_CYU_04,CYU,6.2,Intro,I can predict how completing the square reveals the vertex and symmetry of a quadratic function.,Students will solve quadratic equations by completing the square and connect the process to vertex form.,cyu_p_graph_vertex,cyu-4,FEATURE-IDENTIFY-FROM-REPRESENTATION-01,Graph,constructed/open response,,Unit 6 Assessment Plan + Algebra 1 Framework v6.34,
U6_S2_CYU_05,CYU,6.2,Intro,I can predict how completing the square reveals the vertex and symmetry of a quadratic function.,Students will solve quadratic equations by completing the square and connect the process to vertex form.,cyu_p_table_symmetry,cyu-5,FEATURE-IDENTIFY-FROM-REPRESENTATION-01,Table,constructed/open response,,Unit 6 Assessment Plan + Algebra 1 Framework v6.34,
U6_S2_CYU_06,CYU,6.2,Intro,I can predict how completing the square reveals the vertex and symmetry of a quadratic function.,Students will solve quadratic equations by completing the square and connect the process to vertex form.,cyu_p_vertex_context,cyu-6,FEATURE-IDENTIFY-FROM-REPRESENTATION-01,Context + Equation,constructed/open response,,Unit 6 Assessment Plan + Algebra 1 Framework v6.34,
U6_S3_CYU_01,CYU,6.3,Intro,"I can design a coefficient map that organizes $a$, $b$, and $c$ before using the quadratic formula.",Students will solve quadratic equations using the quadratic formula and interpret solutions.,cyu_p_coeff_map,cyu-1,PROC-DIRECT-EXECUTE-01,Equation,constructed/open response,,Unit 6 Assessment Plan + Algebra 1 Framework v6.34,
U6_S3_CYU_02,CYU,6.3,Intro,"I can apply the quadratic formula to solve equations with rational, irrational, or no real solutions.",Students will solve quadratic equations using the quadratic formula and interpret solutions.,cyu_p_formula_rational,cyu-2,PROC-DIRECT-EXECUTE-01,Equation,constructed/open response,,Unit 6 Assessment Plan + Algebra 1 Framework v6.34,
U6_S3_CYU_03,CYU,6.3,Intro,"I can apply the quadratic formula to solve equations with rational, irrational, or no real solutions.",Students will solve quadratic equations using the quadratic formula and interpret solutions.,cyu_p_formula_irrational,cyu-3,PROC-DIRECT-EXECUTE-01,Equation,constructed/open response,,Unit 6 Assessment Plan + Algebra 1 Framework v6.34,
U6_S3_CYU_04,CYU,6.3,Intro,I can assess how the discriminant predicts the number and type of real solutions.,Students will solve quadratic equations using the quadratic formula and interpret solutions.,cyu_p_graph_solution_count,cyu-4,GRAPH-INFER-BEHAVIOR-01,Graph,constructed/open response,,Unit 6 Assessment Plan + Algebra 1 Framework v6.34,
U6_S3_CYU_05,CYU,6.3,Intro,I can assess how the discriminant predicts the number and type of real solutions.,Students will solve quadratic equations using the quadratic formula and interpret solutions.,cyu_p_discriminant_table,cyu-5,TABLE-RECONSTRUCT-MISSING-CELLS-01,Table + Equation,constructed/open response,,Unit 6 Assessment Plan + Algebra 1 Framework v6.34,
U6_S3_CYU_06,CYU,6.3,Intro,I can assess how the discriminant predicts the number and type of real solutions.,Students will solve quadratic equations using the quadratic formula and interpret solutions.,cyu_p_discriminant_context,cyu-6,VERIFY-REASONABLENESS-01,Context,constructed/open response,,Unit 6 Assessment Plan + Algebra 1 Framework v6.34,
U6_S4_CYU_01,CYU,6.4,Intro,I can formulate a solution-method plan based on the structure of a quadratic equation.,"Students will compare factoring, completing the square, and the quadratic formula and select efficient solution methods.",cyu_p_choose_factoring,cyu-1,PROC-SELECT-STRATEGY-01,Equation,constructed/open response,,Unit 6 Assessment Plan + Algebra 1 Framework v6.34,
U6_S4_CYU_02,CYU,6.4,Intro,"I can use factoring, completing the square, or the quadratic formula when the equation structure supports the method.","Students will compare factoring, completing the square, and the quadratic formula and select efficient solution methods.",cyu_p_choose_square,cyu-2,PROC-SELECT-STRATEGY-01,Equation,constructed/open response,,Unit 6 Assessment Plan + Algebra 1 Framework v6.34,
U6_S4_CYU_03,CYU,6.4,Intro,"I can use factoring, completing the square, or the quadratic formula when the equation structure supports the method.","Students will compare factoring, completing the square, and the quadratic formula and select efficient solution methods.",cyu_p_choose_formula,cyu-3,PROC-SELECT-STRATEGY-01,Equation,constructed/open response,,Unit 6 Assessment Plan + Algebra 1 Framework v6.34,
U6_S4_CYU_04,CYU,6.4,Intro,I can formulate a solution-method plan based on the structure of a quadratic equation.,"Students will compare factoring, completing the square, and the quadratic formula and select efficient solution methods.",cyu_p_method_table,cyu-4,COMPARE-COMPETING-METHODS-01,Table + Equation,constructed/open response,,Unit 6 Assessment Plan + Algebra 1 Framework v6.34,
U6_S4_CYU_05,CYU,6.4,Intro,"I can critique a selected solution method for efficiency, accuracy, and fit to the equation.","Students will compare factoring, completing the square, and the quadratic formula and select efficient solution methods.",cyu_p_compare_methods,cyu-5,COMPARE-COMPETING-METHODS-01,Equation + Prose,constructed/open response,,Unit 6 Assessment Plan + Algebra 1 Framework v6.34,
U6_S4_CYU_06,CYU,6.4,Intro,"I can critique a selected solution method for efficiency, accuracy, and fit to the equation.","Students will compare factoring, completing the square, and the quadratic formula and select efficient solution methods.",cyu_p_critique_default_method,cyu-6,ERROR-CRITIQUE-CLAIM-01,Equation + Prose,constructed/open response,,Unit 6 Assessment Plan + Algebra 1 Framework v6.34,
U6_S5_CYU_01,CYU,6.5,Intro,"I can construct quadratic models from real-world constraints, data, or key features.","Students will use quadratic functions to model real-world situations and interpret maximums, minimums, and intercepts.",cyu_p_model_from_zeros,cyu-1,GRAPH-CONSTRUCT-FROM-CONSTRAINTS-01,Equation + Key features,constructed/open response,,Unit 6 Assessment Plan + Algebra 1 Framework v6.34,
U6_S5_CYU_02,CYU,6.5,Intro,"I can construct quadratic models from real-world constraints, data, or key features.","Students will use quadratic functions to model real-world situations and interpret maximums, minimums, and intercepts.",cyu_p_model_from_vertex,cyu-2,GRAPH-CONSTRUCT-FROM-CONSTRAINTS-01,Equation + Key features,constructed/open response,,Unit 6 Assessment Plan + Algebra 1 Framework v6.34,
U6_S5_CYU_03,CYU,6.5,Intro,"I can extend quadratic models to predict maximums, minimums, intercepts, and meaningful solution values.","Students will use quadratic functions to model real-world situations and interpret maximums, minimums, and intercepts.",cyu_p_vertex_optimize,cyu-3,FEATURE-IDENTIFY-FROM-REPRESENTATION-01,Equation,constructed/open response,,Unit 6 Assessment Plan + Algebra 1 Framework v6.34,
U6_S5_CYU_04,CYU,6.5,Intro,"I can extend quadratic models to predict maximums, minimums, intercepts, and meaningful solution values.","Students will use quadratic functions to model real-world situations and interpret maximums, minimums, and intercepts.",cyu_p_graph_optimize,cyu-4,GRAPH-INFER-BEHAVIOR-01,Graph + Context,constructed/open response,,Unit 6 Assessment Plan + Algebra 1 Framework v6.34,
U6_S5_CYU_05,CYU,6.5,Intro,"I can construct quadratic models from real-world constraints, data, or key features.","Students will use quadratic functions to model real-world situations and interpret maximums, minimums, and intercepts.",cyu_p_table_model,cyu-5,REPTRANS-GRAPH-TABLE-EQUATION-01,Table + Equation,constructed/open response,,Unit 6 Assessment Plan + Algebra 1 Framework v6.34,
U6_S5_CYU_06,CYU,6.5,Intro,I can assess whether a quadratic model and its solutions are reasonable for the situation.,"Students will use quadratic functions to model real-world situations and interpret maximums, minimums, and intercepts.",cyu_p_domain_reasonableness,cyu-6,VERIFY-REASONABLENESS-01,Context + Equation,constructed/open response,,Unit 6 Assessment Plan + Algebra 1 Framework v6.34,
U6_S1_WU1_01,Warm-Up 1,6.1,Review,I can build factored forms of quadratic trinomials using product-sum relationships.,"Students will factor quadratic trinomials using patterns, products, sums, and structure.",diamond_review,wu1-diamond,FACTORPAIR-SUM-PRODUCT-PUZZLE-01,Diagram + Number structure,constructed/open response,,"Algebra 1 Framework prerequisite retrieval from Section 5.2, aligned to the Unit 6 Warm-Up 1 Diamond routine.",
U6_S1_WU1_02,Warm-Up 1,6.1,Review,I can use factored form to predict zeros and x-intercepts of quadratic graphs.,"Students will connect factors, zeros, intercepts, and graphs of quadratic functions.",wu1_r_factored_zeros,wu1-2,FEATURE-IDENTIFY-FROM-REPRESENTATION-01,Equation + Graph features,constructed/open response,,Unit 6 Assessment Plan Review route + Algebra 1 Framework source section 5.4,
U6_S1_WU1_03,Warm-Up 1,6.1,Review,I can formulate quadratic functions in factored form from zeros or intercepts.,"Students will connect factors, zeros, intercepts, and graphs of quadratic functions.",wu1_r_zeros_to_factored,wu1-3,REPTRANS-GRAPH-TABLE-EQUATION-01,Graph features + Equation,constructed/open response,,Unit 6 Assessment Plan Review route + Algebra 1 Framework source section 5.4,
U6_S1_WU1_04,Warm-Up 1,6.1,Review,"I can extend connections among factors, zeros, intercepts, and graph behavior.","Students will connect factors, zeros, intercepts, and graphs of quadratic functions.",wu1_r_factor_zero_connection,wu1-4,FEATURE-EVALUATE-VS-SOLVE-01,Equation + Graph feature,constructed/open response,,Unit 6 Assessment Plan Review route + Algebra 1 Framework source section 5.4,
U6_S1_WU2_01,Warm-Up 2,6.1,Intro,I can apply the zero product property to solve quadratic equations in factored form.,Students will solve quadratic equations using factored form and interpret solutions.,wu2_p_zero_product,wu2-1,PROC-DIRECT-EXECUTE-01,Equation,constructed/open response,,Unit 6 Assessment Plan + Algebra 1 Framework v6.34,
U6_S1_WU2_02,Warm-Up 2,6.1,Intro,I can apply the zero product property to solve quadratic equations in factored form.,Students will solve quadratic equations using factored form and interpret solutions.,wu2_p_zero_product,wu2-2,PROC-DIRECT-EXECUTE-01,Equation,constructed/open response,,Unit 6 Assessment Plan + Algebra 1 Framework v6.34,
U6_S1_WU2_03,Warm-Up 2,6.1,Review,I can use factored form to predict zeros and x-intercepts of quadratic graphs.,"Students will connect factors, zeros, intercepts, and graphs of quadratic functions.",wu2_r_factored_zeros,wu2-3,FEATURE-IDENTIFY-FROM-REPRESENTATION-01,Equation + Graph features,constructed/open response,,Unit 6 Assessment Plan Review route + Algebra 1 Framework source section 5.4,
U6_S1_WU2_04,Warm-Up 2,6.1,Mastery,I can predict graph features from equivalent quadratic expressions.,Students will connect polynomial expressions to quadratic graphs and key features.,wu2_m_quad_features,wu2-4,FEATURE-IDENTIFY-FROM-REPRESENTATION-01,Equation + Graph features,constructed/open response,U6-MG04,Unit 6 Assessment Plan Mastery route + Algebra 1 Framework source section 4.5,
U6_S1_WU3_01,Warm-Up 3,6.1,Intro,I can apply the zero product property to solve quadratic equations in factored form.,Students will solve quadratic equations using factored form and interpret solutions.,wu3_p_zero_product,wu3-1,PROC-DIRECT-EXECUTE-01,Equation,constructed/open response,,Unit 6 Assessment Plan + Algebra 1 Framework v6.34,
U6_S1_WU3_02,Warm-Up 3,6.1,Review,I can formulate quadratic functions in factored form from zeros or intercepts.,"Students will connect factors, zeros, intercepts, and graphs of quadratic functions.",wu3_r_zeros_to_factored,wu3-2,REPTRANS-GRAPH-TABLE-EQUATION-01,Graph features + Equation,constructed/open response,,Unit 6 Assessment Plan Review route + Algebra 1 Framework source section 5.4,
U6_S1_WU3_03,Warm-Up 3,6.1,Mastery,I can predict graph features from equivalent quadratic expressions.,Students will connect polynomial expressions to quadratic graphs and key features.,wu3_m_quad_features,wu3-3,FEATURE-IDENTIFY-FROM-REPRESENTATION-01,Equation + Graph features,constructed/open response,U6-MG04,Unit 6 Assessment Plan Mastery route + Algebra 1 Framework source section 4.5,
U6_S1_WU3_04,Warm-Up 3,6.1,Mastery,"I can critique whether a polynomial expression supports a claimed vertex, intercept, axis of symmetry, or direction of opening.",Students will connect polynomial expressions to quadratic graphs and key features.,wu3_m_critique_opening,wu3-4,ERROR-CRITIQUE-CLAIM-01,Equation + Prose,constructed/open response,U6-MG04,Unit 6 Assessment Plan Mastery route + Algebra 1 Framework source section 4.5,
U6_S2_WU1_01,Warm-Up 1,6.2,Review,I can build factored forms of quadratic trinomials using product-sum relationships.,"Students will factor quadratic trinomials using patterns, products, sums, and structure.",diamond_review,wu1-diamond,FACTORPAIR-SUM-PRODUCT-PUZZLE-01,Diagram + Number structure,constructed/open response,,"Algebra 1 Framework prerequisite retrieval from Section 5.2, aligned to the Unit 6 Warm-Up 1 Diamond routine.",
U6_S2_WU1_02,Warm-Up 1,6.2,Review,I can construct equivalent quadratic forms to reveal different key features.,"Students will compare standard, vertex, and factored forms of quadratic functions and determine which form best reveals key features.",wu1_r_forms_equivalent,wu1-2,PROC-DIRECT-EXECUTE-01,Equation,constructed/open response,,Unit 6 Assessment Plan Review route + Algebra 1 Framework source section 5.5,
U6_S2_WU1_03,Warm-Up 1,6.2,Review,"I can interpret standard, vertex, and factored forms to read key features of quadratic functions.","Students will compare standard, vertex, and factored forms of quadratic functions and determine which form best reveals key features.",wu1_r_form_feature,wu1-3,FEATURE-IDENTIFY-FROM-REPRESENTATION-01,Equation + Feature,constructed/open response,,Unit 6 Assessment Plan Review route + Algebra 1 Framework source section 5.5,
U6_S2_WU1_04,Warm-Up 1,6.2,Review,I can critique which quadratic form best supports a given question or context.,"Students will compare standard, vertex, and factored forms of quadratic functions and determine which form best reveals key features.",wu1_r_choose_form,wu1-4,COMPARE-EFFICIENCY-CONTEXT-01,Prose + Equation forms,constructed/open response,,Unit 6 Assessment Plan Review route + Algebra 1 Framework source section 5.5,
U6_S2_WU2_01,Warm-Up 2,6.2,Intro,I can build perfect-square trinomials by adding the needed constant term.,Students will solve quadratic equations by completing the square and connect the process to vertex form.,wu2_p_square_constant,wu2-1,PROC-DIRECT-EXECUTE-01,Equation,constructed/open response,,Unit 6 Assessment Plan + Algebra 1 Framework v6.34,
U6_S2_WU2_02,Warm-Up 2,6.2,Intro,I can build perfect-square trinomials by adding the needed constant term.,Students will solve quadratic equations by completing the square and connect the process to vertex form.,wu2_p_square_constant,wu2-2,PROC-DIRECT-EXECUTE-01,Equation,constructed/open response,,Unit 6 Assessment Plan + Algebra 1 Framework v6.34,
U6_S2_WU2_03,Warm-Up 2,6.2,Review,I can construct equivalent quadratic forms to reveal different key features.,"Students will compare standard, vertex, and factored forms of quadratic functions and determine which form best reveals key features.",wu2_r_forms_equivalent,wu2-3,PROC-DIRECT-EXECUTE-01,Equation,constructed/open response,,Unit 6 Assessment Plan Review route + Algebra 1 Framework source section 5.5,
U6_S2_WU2_04,Warm-Up 2,6.2,Mastery,"I can predict how changing values in an equation moves a graph left, right, up, or down.",Students will graph and write translated functions using key points and key features.,wu2_m_translation_read,wu2-4,FEATURE-IDENTIFY-FROM-REPRESENTATION-01,Equation + Graph transformation,constructed/open response,U6-MG02,Unit 6 Assessment Plan Mastery route + Algebra 1 Framework source section 4.2,
U6_S2_WU3_01,Warm-Up 3,6.2,Intro,I can build perfect-square trinomials by adding the needed constant term.,Students will solve quadratic equations by completing the square and connect the process to vertex form.,wu3_p_square_constant,wu3-1,PROC-DIRECT-EXECUTE-01,Equation,constructed/open response,,Unit 6 Assessment Plan + Algebra 1 Framework v6.34,
U6_S2_WU3_02,Warm-Up 3,6.2,Review,"I can interpret standard, vertex, and factored forms to read key features of quadratic functions.","Students will compare standard, vertex, and factored forms of quadratic functions and determine which form best reveals key features.",wu3_r_form_feature,wu3-2,FEATURE-IDENTIFY-FROM-REPRESENTATION-01,Equation + Feature,constructed/open response,,Unit 6 Assessment Plan Review route + Algebra 1 Framework source section 5.5,
U6_S2_WU3_03,Warm-Up 3,6.2,Mastery,"I can predict how changing values in an equation moves a graph left, right, up, or down.",Students will graph and write translated functions using key points and key features.,wu3_m_translation_read,wu3-3,FEATURE-IDENTIFY-FROM-REPRESENTATION-01,Equation + Graph transformation,constructed/open response,U6-MG02,Unit 6 Assessment Plan Mastery route + Algebra 1 Framework source section 4.2,
U6_S2_WU3_04,Warm-Up 3,6.2,Mastery,I can use horizontal and vertical shifts to write equations for translated functions.,Students will graph and write translated functions using key points and key features.,wu3_m_translation_write,wu3-4,REPTRANS-TRANSLATE-VERBAL-SYMBOLIC-01,Equation,constructed/open response,U6-MG02,Unit 6 Assessment Plan Mastery route + Algebra 1 Framework source section 4.2,
U6_S3_WU1_01,Warm-Up 1,6.3,Review,I can build factored forms of quadratic trinomials using product-sum relationships.,"Students will factor quadratic trinomials using patterns, products, sums, and structure.",diamond_review,wu1-diamond,FACTORPAIR-SUM-PRODUCT-PUZZLE-01,Diagram + Number structure,constructed/open response,,"Algebra 1 Framework prerequisite retrieval from Section 5.2, aligned to the Unit 6 Warm-Up 1 Diamond routine.",
U6_S3_WU1_02,Warm-Up 1,6.3,Review,I can construct equivalent polynomial expressions by factoring out a greatest common factor.,Students will identify common factors and use structure to rewrite polynomial expressions.,wu1_r_gcf,wu1-2,PROC-DIRECT-EXECUTE-01,Expression,constructed/open response,,Unit 6 Assessment Plan Review route + Algebra 1 Framework source section 5.1,
U6_S3_WU1_03,Warm-Up 1,6.3,Review,I can apply structure to rewrite polynomial expressions in a more useful form.,Students will identify common factors and use structure to rewrite polynomial expressions.,wu1_r_structure_factor,wu1-3,PROC-DIRECT-EXECUTE-01,Expression,constructed/open response,,Unit 6 Assessment Plan Review route + Algebra 1 Framework source section 5.1,
U6_S3_WU1_04,Warm-Up 1,6.3,Review,I can determine whether a rewritten expression is reasonable by checking common factors and equivalent products.,Students will identify common factors and use structure to rewrite polynomial expressions.,wu1_r_gcf_reasonableness,wu1-4,ERROR-CRITIQUE-CLAIM-01,Expression + Prose,constructed/open response,,Unit 6 Assessment Plan Review route + Algebra 1 Framework source section 5.1,
U6_S3_WU2_01,Warm-Up 2,6.3,Intro,"I can design a coefficient map that organizes $a$, $b$, and $c$ before using the quadratic formula.",Students will solve quadratic equations using the quadratic formula and interpret solutions.,wu2_p_coeff_map,wu2-1,PROC-DIRECT-EXECUTE-01,Equation,constructed/open response,,Unit 6 Assessment Plan + Algebra 1 Framework v6.34,
U6_S3_WU2_02,Warm-Up 2,6.3,Intro,"I can design a coefficient map that organizes $a$, $b$, and $c$ before using the quadratic formula.",Students will solve quadratic equations using the quadratic formula and interpret solutions.,wu2_p_coeff_map,wu2-2,PROC-DIRECT-EXECUTE-01,Equation,constructed/open response,,Unit 6 Assessment Plan + Algebra 1 Framework v6.34,
U6_S3_WU2_03,Warm-Up 2,6.3,Review,I can construct equivalent polynomial expressions by factoring out a greatest common factor.,Students will identify common factors and use structure to rewrite polynomial expressions.,wu2_r_gcf,wu2-3,PROC-DIRECT-EXECUTE-01,Expression,constructed/open response,,Unit 6 Assessment Plan Review route + Algebra 1 Framework source section 5.1,
U6_S3_WU2_04,Warm-Up 2,6.3,Mastery,"I can use structure and like terms to add, subtract, and multiply polynomial expressions.","Students will add, subtract, and multiply polynomial expressions.",wu2_m_poly_add,wu2-4,PROC-DIRECT-EXECUTE-01,Expression,constructed/open response,U6-MG03,Unit 6 Assessment Plan Mastery route + Algebra 1 Framework source section 4.4,
U6_S3_WU3_01,Warm-Up 3,6.3,Intro,"I can design a coefficient map that organizes $a$, $b$, and $c$ before using the quadratic formula.",Students will solve quadratic equations using the quadratic formula and interpret solutions.,wu3_p_coeff_map,wu3-1,PROC-DIRECT-EXECUTE-01,Equation,constructed/open response,,Unit 6 Assessment Plan + Algebra 1 Framework v6.34,
U6_S3_WU3_02,Warm-Up 3,6.3,Review,I can apply structure to rewrite polynomial expressions in a more useful form.,Students will identify common factors and use structure to rewrite polynomial expressions.,wu3_r_structure_factor,wu3-2,PROC-DIRECT-EXECUTE-01,Expression,constructed/open response,,Unit 6 Assessment Plan Review route + Algebra 1 Framework source section 5.1,
U6_S3_WU3_03,Warm-Up 3,6.3,Mastery,"I can use structure and like terms to add, subtract, and multiply polynomial expressions.","Students will add, subtract, and multiply polynomial expressions.",wu3_m_poly_add,wu3-3,PROC-DIRECT-EXECUTE-01,Expression,constructed/open response,U6-MG03,Unit 6 Assessment Plan Mastery route + Algebra 1 Framework source section 4.4,
U6_S3_WU3_04,Warm-Up 3,6.3,Mastery,"I can use structure and like terms to add, subtract, and multiply polynomial expressions.","Students will add, subtract, and multiply polynomial expressions.",wu3_m_poly_subtract,wu3-4,PROC-DIRECT-EXECUTE-01,Expression,constructed/open response,U6-MG03,Unit 6 Assessment Plan Mastery route + Algebra 1 Framework source section 4.4,
U6_S4_WU1_01,Warm-Up 1,6.4,Review,I can apply difference-of-squares and perfect-square-trinomial patterns.,Students will recognize and factor special polynomial patterns.,diamond_review,wu1-diamond,FACTORPAIR-SUM-PRODUCT-PUZZLE-01,Diagram + Number structure,constructed/open response,,"Algebra 1 Framework prerequisite retrieval from Section 5.3, aligned to the Unit 6 Warm-Up 1 Diamond routine.",
U6_S4_WU1_02,Warm-Up 1,6.4,Review,I can apply difference-of-squares and perfect-square-trinomial patterns.,Students will recognize and factor special polynomial patterns.,wu1_r_difference_squares,wu1-2,PROC-DIRECT-EXECUTE-01,Expression,constructed/open response,,Unit 6 Assessment Plan Review route + Algebra 1 Framework source section 5.3,
U6_S4_WU1_03,Warm-Up 1,6.4,Review,I can apply difference-of-squares and perfect-square-trinomial patterns.,Students will recognize and factor special polynomial patterns.,wu1_r_perfect_square,wu1-3,PROC-DIRECT-EXECUTE-01,Expression,constructed/open response,,Unit 6 Assessment Plan Review route + Algebra 1 Framework source section 5.3,
U6_S4_WU1_04,Warm-Up 1,6.4,Review,I can assess whether a polynomial fits a special factoring pattern before rewriting it.,Students will recognize and factor special polynomial patterns.,wu1_r_recognize_pattern,wu1-4,FEATURE-IDENTIFY-FROM-REPRESENTATION-01,Expression,constructed/open response,,Unit 6 Assessment Plan Review route + Algebra 1 Framework source section 5.3,
U6_S4_WU2_01,Warm-Up 2,6.4,Intro,I can formulate a solution-method plan based on the structure of a quadratic equation.,"Students will compare factoring, completing the square, and the quadratic formula and select efficient solution methods.",wu2_p_choose_factoring,wu2-1,PROC-SELECT-STRATEGY-01,Equation,constructed/open response,,Unit 6 Assessment Plan + Algebra 1 Framework v6.34,
U6_S4_WU2_02,Warm-Up 2,6.4,Intro,I can formulate a solution-method plan based on the structure of a quadratic equation.,"Students will compare factoring, completing the square, and the quadratic formula and select efficient solution methods.",wu2_p_choose_factoring,wu2-2,PROC-SELECT-STRATEGY-01,Equation,constructed/open response,,Unit 6 Assessment Plan + Algebra 1 Framework v6.34,
U6_S4_WU2_03,Warm-Up 2,6.4,Review,I can apply difference-of-squares and perfect-square-trinomial patterns.,Students will recognize and factor special polynomial patterns.,wu2_r_difference_squares,wu2-3,PROC-DIRECT-EXECUTE-01,Expression,constructed/open response,,Unit 6 Assessment Plan Review route + Algebra 1 Framework source section 5.3,
U6_S4_WU2_04,Warm-Up 2,6.4,Mastery,"I can construct evidence for a function family using patterns in graphs, equations, tables, and contexts.","Students will identify common function families from graphs, equations, tables, and contexts.",wu2_m_family_linear,wu2-4,FEATURE-IDENTIFY-FROM-REPRESENTATION-01,Table pattern (described),constructed/open response,U6-MG01,Unit 6 Assessment Plan Mastery route + Algebra 1 Framework source section 4.1,
U6_S4_WU3_01,Warm-Up 3,6.4,Intro,I can formulate a solution-method plan based on the structure of a quadratic equation.,"Students will compare factoring, completing the square, and the quadratic formula and select efficient solution methods.",wu3_p_choose_factoring,wu3-1,PROC-SELECT-STRATEGY-01,Equation,constructed/open response,,Unit 6 Assessment Plan + Algebra 1 Framework v6.34,
U6_S4_WU3_02,Warm-Up 3,6.4,Review,I can apply difference-of-squares and perfect-square-trinomial patterns.,Students will recognize and factor special polynomial patterns.,wu3_r_perfect_square,wu3-2,PROC-DIRECT-EXECUTE-01,Expression,constructed/open response,,Unit 6 Assessment Plan Review route + Algebra 1 Framework source section 5.3,
U6_S4_WU3_03,Warm-Up 3,6.4,Mastery,"I can construct evidence for a function family using patterns in graphs, equations, tables, and contexts.","Students will identify common function families from graphs, equations, tables, and contexts.",wu3_m_family_linear,wu3-3,FEATURE-IDENTIFY-FROM-REPRESENTATION-01,Table pattern (described),constructed/open response,U6-MG01,Unit 6 Assessment Plan Mastery route + Algebra 1 Framework source section 4.1,
U6_S4_WU3_04,Warm-Up 3,6.4,Mastery,"I can apply family features to sort representations into linear, quadratic, exponential, absolute value, and other familiar forms.","Students will identify common function families from graphs, equations, tables, and contexts.",wu3_m_family_exponential,wu3-4,FEATURE-IDENTIFY-FROM-REPRESENTATION-01,Table pattern (described),constructed/open response,U6-MG01,Unit 6 Assessment Plan Mastery route + Algebra 1 Framework source section 4.1,
U6_S5_WU1_01,Warm-Up 1,6.5,Review,I can build factored forms of quadratic trinomials using product-sum relationships.,"Students will factor quadratic trinomials using patterns, products, sums, and structure.",diamond_review,wu1-diamond,FACTORPAIR-SUM-PRODUCT-PUZZLE-01,Diagram + Number structure,constructed/open response,,"Algebra 1 Framework prerequisite retrieval from Section 5.2, aligned to the Unit 6 Warm-Up 1 Diamond routine.",
U6_S5_WU1_02,Warm-Up 1,6.5,Review,I can build factored forms of quadratic trinomials using product-sum relationships.,"Students will factor quadratic trinomials using patterns, products, sums, and structure.",wu1_r_trinomial_factor,wu1-2,PROC-DIRECT-EXECUTE-01,Expression,constructed/open response,,Unit 6 Assessment Plan Review route + Algebra 1 Framework source section 5.2,
U6_S5_WU1_03,Warm-Up 1,6.5,Review,I can use patterns in coefficients and constants to factor quadratic trinomials.,"Students will factor quadratic trinomials using patterns, products, sums, and structure.",wu1_r_trinomial_factor_sign,wu1-3,PROC-DIRECT-EXECUTE-01,Expression,constructed/open response,,Unit 6 Assessment Plan Review route + Algebra 1 Framework source section 5.2,
U6_S5_WU1_04,Warm-Up 1,6.5,Review,I can build factored forms of quadratic trinomials using product-sum relationships.,"Students will factor quadratic trinomials using patterns, products, sums, and structure.",wu1_r_product_sum,wu1-4,FACTORPAIR-SUM-PRODUCT-PUZZLE-01,Equation + Number structure,constructed/open response,,Unit 6 Assessment Plan Review route + Algebra 1 Framework source section 5.2,
U6_S5_WU2_01,Warm-Up 2,6.5,Intro,"I can construct quadratic models from real-world constraints, data, or key features.","Students will use quadratic functions to model real-world situations and interpret maximums, minimums, and intercepts.",wu2_p_model_from_zeros,wu2-1,GRAPH-CONSTRUCT-FROM-CONSTRAINTS-01,Equation + Key features,constructed/open response,,Unit 6 Assessment Plan + Algebra 1 Framework v6.34,
U6_S5_WU2_02,Warm-Up 2,6.5,Intro,"I can construct quadratic models from real-world constraints, data, or key features.","Students will use quadratic functions to model real-world situations and interpret maximums, minimums, and intercepts.",wu2_p_model_from_zeros,wu2-2,GRAPH-CONSTRUCT-FROM-CONSTRAINTS-01,Equation + Key features,constructed/open response,,Unit 6 Assessment Plan + Algebra 1 Framework v6.34,
U6_S5_WU2_03,Warm-Up 2,6.5,Review,I can build factored forms of quadratic trinomials using product-sum relationships.,"Students will factor quadratic trinomials using patterns, products, sums, and structure.",wu2_r_trinomial_factor,wu2-3,PROC-DIRECT-EXECUTE-01,Expression,constructed/open response,,Unit 6 Assessment Plan Review route + Algebra 1 Framework source section 5.2,
U6_S5_WU2_04,Warm-Up 2,6.5,Mastery,"I can design transformed graphs using stretches, compressions, reflections, and translations of parent functions.","Students will analyze and graph transformations involving stretches, compressions, and reflections.",wu2_m_transform_describe,wu2-4,FEATURE-IDENTIFY-FROM-REPRESENTATION-01,Equation + Graph transformation,constructed/open response,U6-MG02,Unit 6 Assessment Plan Mastery route + Algebra 1 Framework source section 4.3,
U6_S5_WU3_01,Warm-Up 3,6.5,Intro,"I can construct quadratic models from real-world constraints, data, or key features.","Students will use quadratic functions to model real-world situations and interpret maximums, minimums, and intercepts.",wu3_p_model_from_zeros,wu3-1,GRAPH-CONSTRUCT-FROM-CONSTRAINTS-01,Equation + Key features,constructed/open response,,Unit 6 Assessment Plan + Algebra 1 Framework v6.34,
U6_S5_WU3_02,Warm-Up 3,6.5,Review,I can use patterns in coefficients and constants to factor quadratic trinomials.,"Students will factor quadratic trinomials using patterns, products, sums, and structure.",wu3_r_trinomial_factor_sign,wu3-2,PROC-DIRECT-EXECUTE-01,Expression,constructed/open response,,Unit 6 Assessment Plan Review route + Algebra 1 Framework source section 5.2,
U6_S5_WU3_03,Warm-Up 3,6.5,Mastery,"I can design transformed graphs using stretches, compressions, reflections, and translations of parent functions.","Students will analyze and graph transformations involving stretches, compressions, and reflections.",wu3_m_transform_describe,wu3-3,FEATURE-IDENTIFY-FROM-REPRESENTATION-01,Equation + Graph transformation,constructed/open response,U6-MG02,Unit 6 Assessment Plan Mastery route + Algebra 1 Framework source section 4.3,
U6_S5_WU3_04,Warm-Up 3,6.5,Mastery,I can apply transformation rules to key points and features across function families.,"Students will analyze and graph transformations involving stretches, compressions, and reflections.",wu3_m_transform_point,wu3-4,PROC-DIRECT-EXECUTE-01,Coordinate point,constructed/open response,U6-MG02,Unit 6 Assessment Plan Mastery route + Algebra 1 Framework source section 4.3,
U6_S1_ETA_01,Exit Ticket A,6.1,Intro,I can apply the zero product property to solve quadratic equations in factored form.,Students will solve quadratic equations using factored form and interpret solutions.,eta_p_zero_product,eta-1,PROC-DIRECT-EXECUTE-01,Equation,constructed/open response,,Unit 6 Assessment Plan + Algebra 1 Framework v6.34,
U6_S1_ETA_02,Exit Ticket A,6.1,Intro,"I can construct factored quadratic equations from given zeros, intercepts, or contextual constraints.",Students will solve quadratic equations using factored form and interpret solutions.,eta_p_construct_factors,eta-2,PROC-DIRECT-EXECUTE-01,Equation,constructed/open response,,Unit 6 Assessment Plan + Algebra 1 Framework v6.34,
U6_S1_ETA_03,Exit Ticket A,6.1,Intro,I can determine whether solutions make sense in relation to a graph or context.,Students will solve quadratic equations using factored form and interpret solutions.,eta_p_graph_solution_check,eta-3,GRAPH-INFER-BEHAVIOR-01,Graph + Prose,constructed/open response,,Unit 6 Assessment Plan + Algebra 1 Framework v6.34,
U6_S1_ETA_04,Exit Ticket A,6.1,Intro,I can apply the zero product property to solve quadratic equations in factored form.,Students will solve quadratic equations using factored form and interpret solutions.,eta_p_error_zero_product,eta-4,ERROR-DIAGNOSE-WORKED-SOLUTION-01,Equation + Prose,constructed/open response,,Unit 6 Assessment Plan + Algebra 1 Framework v6.34,
U6_S1_ETB_01,Exit Ticket B,6.1,Review,I can use factored form to predict zeros and x-intercepts of quadratic graphs.,"Students will connect factors, zeros, intercepts, and graphs of quadratic functions.",etb_r_factored_zeros,etb-1,FEATURE-IDENTIFY-FROM-REPRESENTATION-01,Equation + Graph features,constructed/open response,,Unit 6 Assessment Plan Review evidence route + Algebra 1 Framework source section 5.4,
U6_S1_ETB_02,Exit Ticket B,6.1,Review,I can formulate quadratic functions in factored form from zeros or intercepts.,"Students will connect factors, zeros, intercepts, and graphs of quadratic functions.",etb_r_zeros_to_factored,etb-2,REPTRANS-GRAPH-TABLE-EQUATION-01,Graph features + Equation,constructed/open response,,Unit 6 Assessment Plan Review evidence route + Algebra 1 Framework source section 5.4,
U6_S1_ETB_03,Exit Ticket B,6.1,Review,"I can extend connections among factors, zeros, intercepts, and graph behavior.","Students will connect factors, zeros, intercepts, and graphs of quadratic functions.",etb_r_factor_zero_connection,etb-3,FEATURE-EVALUATE-VS-SOLVE-01,Equation + Graph feature,constructed/open response,,Unit 6 Assessment Plan Review evidence route + Algebra 1 Framework source section 5.4,
U6_S1_ETB_04,Exit Ticket B,6.1,Review,"I can extend connections among factors, zeros, intercepts, and graph behavior.","Students will connect factors, zeros, intercepts, and graphs of quadratic functions.",etb_r_verify_factored,etb-4,VERIFY-REASONABLENESS-01,Equation,constructed/open response,,Unit 6 Assessment Plan Review evidence route + Algebra 1 Framework source section 5.4,
U6_S1_ETC_01,Exit Ticket C,6.1,Mastery,I can predict graph features from equivalent quadratic expressions.,Students will connect polynomial expressions to quadratic graphs and key features.,etc_m_quad_features,etc-1,FEATURE-IDENTIFY-FROM-REPRESENTATION-01,Equation + Graph features,constructed/open response,U6-MG04,Unit 6 Assessment Plan Mastery/portfolio evidence route + Algebra 1 Framework source section 4.5,
U6_S1_ETC_02,Exit Ticket C,6.1,Mastery,"I can critique whether a polynomial expression supports a claimed vertex, intercept, axis of symmetry, or direction of opening.",Students will connect polynomial expressions to quadratic graphs and key features.,etc_m_critique_opening,etc-2,ERROR-CRITIQUE-CLAIM-01,Equation + Prose,constructed/open response,U6-MG04,Unit 6 Assessment Plan Mastery/portfolio evidence route + Algebra 1 Framework source section 4.5,
U6_S1_ETC_03,Exit Ticket C,6.1,Mastery,"I can construct connections between polynomial structure, quadratic graphs, and key features.",Students will connect polynomial expressions to quadratic graphs and key features.,etc_m_vertex_structure,etc-3,FEATURE-IDENTIFY-FROM-REPRESENTATION-01,Equation + Feature,constructed/open response,U6-MG04,Unit 6 Assessment Plan Mastery/portfolio evidence route + Algebra 1 Framework source section 4.5,
U6_S1_ETC_04,Exit Ticket C,6.1,Mastery,"I can construct connections between polynomial structure, quadratic graphs, and key features.",Students will connect polynomial expressions to quadratic graphs and key features.,etc_m_factors_graph,etc-4,REPTRANS-GRAPH-TABLE-EQUATION-01,Equation + Graph features,constructed/open response,U6-MG04,Unit 6 Assessment Plan Mastery/portfolio evidence route + Algebra 1 Framework source section 4.5,
U6_S2_ETA_01,Exit Ticket A,6.2,Intro,I can build perfect-square trinomials by adding the needed constant term.,Students will solve quadratic equations by completing the square and connect the process to vertex form.,eta_p_square_constant,eta-1,PROC-DIRECT-EXECUTE-01,Equation,constructed/open response,,Unit 6 Assessment Plan + Algebra 1 Framework v6.34,
U6_S2_ETA_02,Exit Ticket A,6.2,Intro,I can use completing the square to solve quadratic equations and write equivalent vertex-form expressions.,Students will solve quadratic equations by completing the square and connect the process to vertex form.,eta_p_complete_solve,eta-2,PROC-DIRECT-EXECUTE-01,Equation,constructed/open response,,Unit 6 Assessment Plan + Algebra 1 Framework v6.34,
U6_S2_ETA_03,Exit Ticket A,6.2,Intro,I can predict how completing the square reveals the vertex and symmetry of a quadratic function.,Students will solve quadratic equations by completing the square and connect the process to vertex form.,eta_p_complete_vertex,eta-3,PROC-MULTISTEP-CHAIN-01,Equation + Graph features,constructed/open response,,Unit 6 Assessment Plan + Algebra 1 Framework v6.34,
U6_S2_ETA_04,Exit Ticket A,6.2,Intro,I can use completing the square to solve quadratic equations and write equivalent vertex-form expressions.,Students will solve quadratic equations by completing the square and connect the process to vertex form.,eta_p_error_balance_square,eta-4,ERROR-DIAGNOSE-WORKED-SOLUTION-01,Equation + Prose,constructed/open response,,Unit 6 Assessment Plan + Algebra 1 Framework v6.34,
U6_S2_ETB_01,Exit Ticket B,6.2,Review,I can construct equivalent quadratic forms to reveal different key features.,"Students will compare standard, vertex, and factored forms of quadratic functions and determine which form best reveals key features.",etb_r_forms_equivalent,etb-1,PROC-DIRECT-EXECUTE-01,Equation,constructed/open response,,Unit 6 Assessment Plan Review evidence route + Algebra 1 Framework source section 5.5,
U6_S2_ETB_02,Exit Ticket B,6.2,Review,"I can interpret standard, vertex, and factored forms to read key features of quadratic functions.","Students will compare standard, vertex, and factored forms of quadratic functions and determine which form best reveals key features.",etb_r_form_feature,etb-2,FEATURE-IDENTIFY-FROM-REPRESENTATION-01,Equation + Feature,constructed/open response,,Unit 6 Assessment Plan Review evidence route + Algebra 1 Framework source section 5.5,
U6_S2_ETB_03,Exit Ticket B,6.2,Review,I can critique which quadratic form best supports a given question or context.,"Students will compare standard, vertex, and factored forms of quadratic functions and determine which form best reveals key features.",etb_r_choose_form,etb-3,COMPARE-EFFICIENCY-CONTEXT-01,Prose + Equation forms,constructed/open response,,Unit 6 Assessment Plan Review evidence route + Algebra 1 Framework source section 5.5,
U6_S2_ETB_04,Exit Ticket B,6.2,Review,I can critique which quadratic form best supports a given question or context.,"Students will compare standard, vertex, and factored forms of quadratic functions and determine which form best reveals key features.",etb_r_choose_vertex_form,etb-4,COMPARE-EFFICIENCY-CONTEXT-01,Prose + Equation forms,constructed/open response,,Unit 6 Assessment Plan Review evidence route + Algebra 1 Framework source section 5.5,
U6_S2_ETC_01,Exit Ticket C,6.2,Mastery,"I can predict how changing values in an equation moves a graph left, right, up, or down.",Students will graph and write translated functions using key points and key features.,etc_m_translation_read,etc-1,FEATURE-IDENTIFY-FROM-REPRESENTATION-01,Equation + Graph transformation,constructed/open response,U6-MG02,Unit 6 Assessment Plan Mastery/portfolio evidence route + Algebra 1 Framework source section 4.2,
U6_S2_ETC_02,Exit Ticket C,6.2,Mastery,I can use horizontal and vertical shifts to write equations for translated functions.,Students will graph and write translated functions using key points and key features.,etc_m_translation_write,etc-2,REPTRANS-TRANSLATE-VERBAL-SYMBOLIC-01,Equation,constructed/open response,U6-MG02,Unit 6 Assessment Plan Mastery/portfolio evidence route + Algebra 1 Framework source section 4.2,
U6_S2_ETC_03,Exit Ticket C,6.2,Mastery,I can build translated graphs by moving key points and key features from a parent function.,Students will graph and write translated functions using key points and key features.,etc_m_keypoint_translate,etc-3,PROC-DIRECT-EXECUTE-01,Coordinate point,constructed/open response,U6-MG02,Unit 6 Assessment Plan Mastery/portfolio evidence route + Algebra 1 Framework source section 4.2,
U6_S2_ETC_04,Exit Ticket C,6.2,Mastery,"I can predict how changing values in an equation moves a graph left, right, up, or down.",Students will graph and write translated functions using key points and key features.,etc_m_horizontal_sign,etc-4,ARGUE-JUSTIFY-GENERAL-CASE-01,Equation + Prose,constructed/open response,U6-MG02,Unit 6 Assessment Plan Mastery/portfolio evidence route + Algebra 1 Framework source section 4.2,
U6_S3_ETA_01,Exit Ticket A,6.3,Intro,"I can design a coefficient map that organizes $a$, $b$, and $c$ before using the quadratic formula.",Students will solve quadratic equations using the quadratic formula and interpret solutions.,eta_p_coeff_map,eta-1,PROC-DIRECT-EXECUTE-01,Equation,constructed/open response,,Unit 6 Assessment Plan + Algebra 1 Framework v6.34,
U6_S3_ETA_02,Exit Ticket A,6.3,Intro,"I can apply the quadratic formula to solve equations with rational, irrational, or no real solutions.",Students will solve quadratic equations using the quadratic formula and interpret solutions.,eta_p_formula_rational,eta-2,PROC-DIRECT-EXECUTE-01,Equation,constructed/open response,,Unit 6 Assessment Plan + Algebra 1 Framework v6.34,
U6_S3_ETA_03,Exit Ticket A,6.3,Intro,I can assess how the discriminant predicts the number and type of real solutions.,Students will solve quadratic equations using the quadratic formula and interpret solutions.,eta_p_discriminant_predict,eta-3,PROC-MULTISTEP-CHAIN-01,Equation,constructed/open response,,Unit 6 Assessment Plan + Algebra 1 Framework v6.34,
U6_S3_ETA_04,Exit Ticket A,6.3,Intro,"I can design a coefficient map that organizes $a$, $b$, and $c$ before using the quadratic formula.",Students will solve quadratic equations using the quadratic formula and interpret solutions.,eta_p_coeff_sign_error,eta-4,ERROR-DIAGNOSE-WORKED-SOLUTION-01,Equation + Prose,constructed/open response,,Unit 6 Assessment Plan + Algebra 1 Framework v6.34,
U6_S3_ETB_01,Exit Ticket B,6.3,Review,I can construct equivalent polynomial expressions by factoring out a greatest common factor.,Students will identify common factors and use structure to rewrite polynomial expressions.,etb_r_gcf,etb-1,PROC-DIRECT-EXECUTE-01,Expression,constructed/open response,,Unit 6 Assessment Plan Review evidence route + Algebra 1 Framework source section 5.1,
U6_S3_ETB_02,Exit Ticket B,6.3,Review,I can apply structure to rewrite polynomial expressions in a more useful form.,Students will identify common factors and use structure to rewrite polynomial expressions.,etb_r_structure_factor,etb-2,PROC-DIRECT-EXECUTE-01,Expression,constructed/open response,,Unit 6 Assessment Plan Review evidence route + Algebra 1 Framework source section 5.1,
U6_S3_ETB_03,Exit Ticket B,6.3,Review,I can determine whether a rewritten expression is reasonable by checking common factors and equivalent products.,Students will identify common factors and use structure to rewrite polynomial expressions.,etb_r_gcf_reasonableness,etb-3,ERROR-CRITIQUE-CLAIM-01,Expression + Prose,constructed/open response,,Unit 6 Assessment Plan Review evidence route + Algebra 1 Framework source section 5.1,
U6_S3_ETB_04,Exit Ticket B,6.3,Review,I can construct equivalent polynomial expressions by factoring out a greatest common factor.,Students will identify common factors and use structure to rewrite polynomial expressions.,etb_r_gcf_negative,etb-4,PROC-DIRECT-EXECUTE-01,Expression,constructed/open response,,Unit 6 Assessment Plan Review evidence route + Algebra 1 Framework source section 5.1,
U6_S3_ETC_01,Exit Ticket C,6.3,Mastery,"I can use structure and like terms to add, subtract, and multiply polynomial expressions.","Students will add, subtract, and multiply polynomial expressions.",etc_m_poly_add,etc-1,PROC-DIRECT-EXECUTE-01,Expression,constructed/open response,U6-MG03,Unit 6 Assessment Plan Mastery/portfolio evidence route + Algebra 1 Framework source section 4.4,
U6_S3_ETC_02,Exit Ticket C,6.3,Mastery,"I can use structure and like terms to add, subtract, and multiply polynomial expressions.","Students will add, subtract, and multiply polynomial expressions.",etc_m_poly_subtract,etc-2,PROC-DIRECT-EXECUTE-01,Expression,constructed/open response,U6-MG03,Unit 6 Assessment Plan Mastery/portfolio evidence route + Algebra 1 Framework source section 4.4,
U6_S3_ETC_03,Exit Ticket C,6.3,Mastery,"I can use structure and like terms to add, subtract, and multiply polynomial expressions.","Students will add, subtract, and multiply polynomial expressions.",etc_m_poly_multiply,etc-3,PROC-DIRECT-EXECUTE-01,Expression,constructed/open response,U6-MG03,Unit 6 Assessment Plan Mastery/portfolio evidence route + Algebra 1 Framework source section 4.4,
U6_S3_ETC_04,Exit Ticket C,6.3,Mastery,"I can formulate polynomial sums, differences, and products from area, perimeter, and expression contexts.","Students will add, subtract, and multiply polynomial expressions.",etc_m_area_polynomial,etc-4,PROC-MULTISTEP-CHAIN-01,Context + Equation,constructed/open response,U6-MG03,Unit 6 Assessment Plan Mastery/portfolio evidence route + Algebra 1 Framework source section 4.4,
U6_S4_ETA_01,Exit Ticket A,6.4,Intro,I can formulate a solution-method plan based on the structure of a quadratic equation.,"Students will compare factoring, completing the square, and the quadratic formula and select efficient solution methods.",eta_p_choose_factoring,eta-1,PROC-SELECT-STRATEGY-01,Equation,constructed/open response,,Unit 6 Assessment Plan + Algebra 1 Framework v6.34,
U6_S4_ETA_02,Exit Ticket A,6.4,Intro,"I can use factoring, completing the square, or the quadratic formula when the equation structure supports the method.","Students will compare factoring, completing the square, and the quadratic formula and select efficient solution methods.",eta_p_choose_square,eta-2,PROC-SELECT-STRATEGY-01,Equation,constructed/open response,,Unit 6 Assessment Plan + Algebra 1 Framework v6.34,
U6_S4_ETA_03,Exit Ticket A,6.4,Intro,I can formulate a solution-method plan based on the structure of a quadratic equation.,"Students will compare factoring, completing the square, and the quadratic formula and select efficient solution methods.",eta_p_method_table,eta-3,COMPARE-COMPETING-METHODS-01,Table + Equation,constructed/open response,,Unit 6 Assessment Plan + Algebra 1 Framework v6.34,
U6_S4_ETA_04,Exit Ticket A,6.4,Intro,"I can critique a selected solution method for efficiency, accuracy, and fit to the equation.","Students will compare factoring, completing the square, and the quadratic formula and select efficient solution methods.",eta_p_critique_default_method,eta-4,ERROR-CRITIQUE-CLAIM-01,Equation + Prose,constructed/open response,,Unit 6 Assessment Plan + Algebra 1 Framework v6.34,
U6_S4_ETB_01,Exit Ticket B,6.4,Review,I can apply difference-of-squares and perfect-square-trinomial patterns.,Students will recognize and factor special polynomial patterns.,etb_r_difference_squares,etb-1,PROC-DIRECT-EXECUTE-01,Expression,constructed/open response,,Unit 6 Assessment Plan Review evidence route + Algebra 1 Framework source section 5.3,
U6_S4_ETB_02,Exit Ticket B,6.4,Review,I can apply difference-of-squares and perfect-square-trinomial patterns.,Students will recognize and factor special polynomial patterns.,etb_r_perfect_square,etb-2,PROC-DIRECT-EXECUTE-01,Expression,constructed/open response,,Unit 6 Assessment Plan Review evidence route + Algebra 1 Framework source section 5.3,
U6_S4_ETB_03,Exit Ticket B,6.4,Review,I can assess whether a polynomial fits a special factoring pattern before rewriting it.,Students will recognize and factor special polynomial patterns.,etb_r_recognize_pattern,etb-3,FEATURE-IDENTIFY-FROM-REPRESENTATION-01,Expression,constructed/open response,,Unit 6 Assessment Plan Review evidence route + Algebra 1 Framework source section 5.3,
U6_S4_ETB_04,Exit Ticket B,6.4,Review,I can design a strategy for factoring special polynomial patterns.,Students will recognize and factor special polynomial patterns.,etb_r_pattern_reason,etb-4,ARGUE-JUSTIFY-GENERAL-CASE-01,Expression + Prose,constructed/open response,,Unit 6 Assessment Plan Review evidence route + Algebra 1 Framework source section 5.3,
U6_S4_ETC_01,Exit Ticket C,6.4,Mastery,"I can construct evidence for a function family using patterns in graphs, equations, tables, and contexts.","Students will identify common function families from graphs, equations, tables, and contexts.",etc_m_family_table_linear,etc-1,FEATURE-IDENTIFY-FROM-REPRESENTATION-01,Table,constructed/open response,U6-MG01,Unit 6 Assessment Plan Mastery/portfolio evidence route + Algebra 1 Framework source section 4.1,
U6_S4_ETC_02,Exit Ticket C,6.4,Mastery,"I can apply family features to sort representations into linear, quadratic, exponential, absolute value, and other familiar forms.","Students will identify common function families from graphs, equations, tables, and contexts.",etc_m_family_table_exponential,etc-2,FEATURE-IDENTIFY-FROM-REPRESENTATION-01,Table,constructed/open response,U6-MG01,Unit 6 Assessment Plan Mastery/portfolio evidence route + Algebra 1 Framework source section 4.1,
U6_S4_ETC_03,Exit Ticket C,6.4,Mastery,"I can apply family features to sort representations into linear, quadratic, exponential, absolute value, and other familiar forms.","Students will identify common function families from graphs, equations, tables, and contexts.",etc_m_family_equation_abs,etc-3,FEATURE-IDENTIFY-FROM-REPRESENTATION-01,Equation,constructed/open response,U6-MG01,Unit 6 Assessment Plan Mastery/portfolio evidence route + Algebra 1 Framework source section 4.1,
U6_S4_ETC_04,Exit Ticket C,6.4,Mastery,I can determine which representation gives the strongest evidence for a function family when features seem similar.,"Students will identify common function families from graphs, equations, tables, and contexts.",etc_m_family_evidence_strength_table,etc-4,FEATURE-IDENTIFY-FROM-REPRESENTATION-01,Table + Prose,constructed/open response,U6-MG01,Unit 6 Assessment Plan Mastery/portfolio evidence route + Algebra 1 Framework source section 4.1,
U6_S5_ETA_01,Exit Ticket A,6.5,Intro,"I can construct quadratic models from real-world constraints, data, or key features.","Students will use quadratic functions to model real-world situations and interpret maximums, minimums, and intercepts.",eta_p_model_from_zeros,eta-1,GRAPH-CONSTRUCT-FROM-CONSTRAINTS-01,Equation + Key features,constructed/open response,,Unit 6 Assessment Plan + Algebra 1 Framework v6.34,
U6_S5_ETA_02,Exit Ticket A,6.5,Intro,"I can construct quadratic models from real-world constraints, data, or key features.","Students will use quadratic functions to model real-world situations and interpret maximums, minimums, and intercepts.",eta_p_model_from_vertex,eta-2,GRAPH-CONSTRUCT-FROM-CONSTRAINTS-01,Equation + Key features,constructed/open response,,Unit 6 Assessment Plan + Algebra 1 Framework v6.34,
U6_S5_ETA_03,Exit Ticket A,6.5,Intro,"I can extend quadratic models to predict maximums, minimums, intercepts, and meaningful solution values.","Students will use quadratic functions to model real-world situations and interpret maximums, minimums, and intercepts.",eta_p_graph_optimize,eta-3,GRAPH-INFER-BEHAVIOR-01,Graph + Context,constructed/open response,,Unit 6 Assessment Plan + Algebra 1 Framework v6.34,
U6_S5_ETA_04,Exit Ticket A,6.5,Intro,I can assess whether a quadratic model and its solutions are reasonable for the situation.,"Students will use quadratic functions to model real-world situations and interpret maximums, minimums, and intercepts.",eta_p_domain_reasonableness,eta-4,VERIFY-REASONABLENESS-01,Context + Equation,constructed/open response,,Unit 6 Assessment Plan + Algebra 1 Framework v6.34,
U6_S5_ETB_01,Exit Ticket B,6.5,Review,I can build factored forms of quadratic trinomials using product-sum relationships.,"Students will factor quadratic trinomials using patterns, products, sums, and structure.",etb_r_trinomial_factor,etb-1,PROC-DIRECT-EXECUTE-01,Expression,constructed/open response,,Unit 6 Assessment Plan Review evidence route + Algebra 1 Framework source section 5.2,
U6_S5_ETB_02,Exit Ticket B,6.5,Review,I can use patterns in coefficients and constants to factor quadratic trinomials.,"Students will factor quadratic trinomials using patterns, products, sums, and structure.",etb_r_trinomial_factor_sign,etb-2,PROC-DIRECT-EXECUTE-01,Expression,constructed/open response,,Unit 6 Assessment Plan Review evidence route + Algebra 1 Framework source section 5.2,
U6_S5_ETB_03,Exit Ticket B,6.5,Review,I can build factored forms of quadratic trinomials using product-sum relationships.,"Students will factor quadratic trinomials using patterns, products, sums, and structure.",etb_r_product_sum,etb-3,FACTORPAIR-SUM-PRODUCT-PUZZLE-01,Equation + Number structure,constructed/open response,,Unit 6 Assessment Plan Review evidence route + Algebra 1 Framework source section 5.2,
U6_S5_ETB_04,Exit Ticket B,6.5,Review,I can predict missing factors or terms by extending product-sum reasoning.,"Students will factor quadratic trinomials using patterns, products, sums, and structure.",etb_r_missing_term_factor,etb-4,TABLE-RECONSTRUCT-MISSING-CELLS-01,Expression,constructed/open response,,Unit 6 Assessment Plan Review evidence route + Algebra 1 Framework source section 5.2,
U6_S5_ETC_01,Exit Ticket C,6.5,Mastery,"I can design transformed graphs using stretches, compressions, reflections, and translations of parent functions.","Students will analyze and graph transformations involving stretches, compressions, and reflections.",etc_m_transform_describe,etc-1,FEATURE-IDENTIFY-FROM-REPRESENTATION-01,Equation + Graph transformation,constructed/open response,U6-MG02,Unit 6 Assessment Plan Mastery/portfolio evidence route + Algebra 1 Framework source section 4.3,
U6_S5_ETC_02,Exit Ticket C,6.5,Mastery,I can apply transformation rules to key points and features across function families.,"Students will analyze and graph transformations involving stretches, compressions, and reflections.",etc_m_transform_point,etc-2,PROC-DIRECT-EXECUTE-01,Coordinate point,constructed/open response,U6-MG02,Unit 6 Assessment Plan Mastery/portfolio evidence route + Algebra 1 Framework source section 4.3,
U6_S5_ETC_03,Exit Ticket C,6.5,Mastery,"I can assess whether an equation, graph, or table represents the same transformed function.","Students will analyze and graph transformations involving stretches, compressions, and reflections.",etc_m_transform_equivalence,etc-3,VERIFY-REASONABLENESS-01,Equation + Points,constructed/open response,U6-MG02,Unit 6 Assessment Plan Mastery/portfolio evidence route + Algebra 1 Framework source section 4.3,
U6_S5_ETC_04,Exit Ticket C,6.5,Mastery,"I can design transformed graphs using stretches, compressions, reflections, and translations of parent functions.","Students will analyze and graph transformations involving stretches, compressions, and reflections.",etc_m_transform_write,etc-4,REPTRANS-TRANSLATE-VERBAL-SYMBOLIC-01,Equation,constructed/open response,U6-MG02,Unit 6 Assessment Plan Mastery/portfolio evidence route + Algebra 1 Framework source section 4.3,
U6_SUM_V1_Q01,Secure Summative V1,SUM,Mastery,"I can apply family features to sort representations into linear, quadratic, exponential, absolute value, and other familiar forms.","Identify common function families using evidence from graphs, equations, tables, contexts, and key features.",sum_family_table,v1-0,FEATURE-IDENTIFY-FROM-REPRESENTATION-01,Table + Prose,constructed/open response,U6-MG01,Unit 6 Assessment Plan Summative mastery evidence + Algebra 1 Framework Unit 4 supporting learning,V1
U6_SUM_V1_Q02,Secure Summative V1,SUM,Mastery,"I can assess whether an equation, graph, or table represents the same transformed function.","Represent translations, stretches, compressions, and reflections of parent functions across graphs, equations, tables, and key points.",sum_transform_equation_point,v1-1,REPTRANS-MULTIPLE-SIMULTANEOUS-01,Equation + Key point,constructed/open response,U6-MG02,Unit 6 Assessment Plan Summative mastery evidence + Algebra 1 Framework Unit 4 supporting learning,V1
U6_SUM_V1_Q03,Secure Summative V1,SUM,Mastery,"I can formulate polynomial sums, differences, and products from area, perimeter, and expression contexts.","Add, subtract, and multiply polynomial expressions using structure, like terms, equivalent forms, and area-based representations.",sum_poly_area_product,v1-2,PROC-MULTISTEP-CHAIN-01,Context + Polynomial,constructed/open response,U6-MG03,Unit 6 Assessment Plan Summative mastery evidence + Algebra 1 Framework Unit 4 supporting learning,V1
U6_SUM_V1_Q04,Secure Summative V1,SUM,Mastery,I can predict graph features from equivalent quadratic expressions.,"Connect polynomial and quadratic expression structure to graph features such as vertex, intercepts, symmetry, and direction of opening.",sum_quad_structure_features,v1-3,FEATURE-IDENTIFY-FROM-REPRESENTATION-01,Equation + Graph features,constructed/open response,U6-MG04,Unit 6 Assessment Plan Summative mastery evidence + Algebra 1 Framework Unit 4 supporting learning,V1
U6_SUM_V1_Q05,Secure Summative V1,SUM,Mastery,I can determine which representation gives the strongest evidence for a function family when features seem similar.,"Identify common function families using evidence from graphs, equations, tables, contexts, and key features.",sum_family_graph,v1-4,GRAPH-INFER-BEHAVIOR-01,Graph + Prose,constructed/open response,U6-MG01,Unit 6 Assessment Plan Summative mastery evidence + Algebra 1 Framework Unit 4 supporting learning,V1
U6_SUM_V1_Q06,Secure Summative V1,SUM,Mastery,I can apply transformation rules to key points and features across function families.,"Represent translations, stretches, compressions, and reflections of parent functions across graphs, equations, tables, and key points.",sum_transform_point_table_infer,v1-5,REPTRANS-GRAPH-TABLE-EQUATION-01,Table + Equation + Key points,constructed/open response,U6-MG02,Unit 6 Assessment Plan Summative mastery evidence + Algebra 1 Framework Unit 4 supporting learning,V1
U6_SUM_V1_Q07,Secure Summative V1,SUM,Mastery,"I can use structure and like terms to add, subtract, and multiply polynomial expressions.","Add, subtract, and multiply polynomial expressions using structure, like terms, equivalent forms, and area-based representations.",sum_poly_composite_area,v1-6,PROC-MULTISTEP-CHAIN-01,Context + Polynomial,constructed/open response,U6-MG03,Unit 6 Assessment Plan Summative mastery evidence + Algebra 1 Framework Unit 4 supporting learning,V1
U6_SUM_V1_Q08,Secure Summative V1,SUM,Mastery,"I can construct connections between polynomial structure, quadratic graphs, and key features.","Connect polynomial and quadratic expression structure to graph features such as vertex, intercepts, symmetry, and direction of opening.",sum_quad_vertex_from_standard,v1-7,PROC-MULTISTEP-CHAIN-01,Equivalent equations + Graph features,constructed/open response,U6-MG04,Unit 6 Assessment Plan Summative mastery evidence + Algebra 1 Framework Unit 4 supporting learning,V1
U6_SUM_V2_Q01,Secure Summative V2,SUM,Mastery,"I can use structure and like terms to add, subtract, and multiply polynomial expressions.","Add, subtract, and multiply polynomial expressions using structure, like terms, equivalent forms, and area-based representations.",sum_poly_area_product,v2-2,PROC-MULTISTEP-CHAIN-01,Context + Polynomial,constructed/open response,U6-MG03,Unit 6 Assessment Plan Summative mastery evidence + Algebra 1 Framework Unit 4 supporting learning,V2
U6_SUM_V2_Q02,Secure Summative V2,SUM,Mastery,I can apply transformation rules to key points and features across function families.,"Represent translations, stretches, compressions, and reflections of parent functions across graphs, equations, tables, and key points.",sum_transform_point_table_infer,v2-5,REPTRANS-GRAPH-TABLE-EQUATION-01,Table + Equation + Key points,constructed/open response,U6-MG02,Unit 6 Assessment Plan Summative mastery evidence + Algebra 1 Framework Unit 4 supporting learning,V2
U6_SUM_V2_Q03,Secure Summative V2,SUM,Mastery,I can determine which representation gives the strongest evidence for a function family when features seem similar.,"Identify common function families using evidence from graphs, equations, tables, contexts, and key features.",sum_family_table,v2-0,FEATURE-IDENTIFY-FROM-REPRESENTATION-01,Table + Prose,constructed/open response,U6-MG01,Unit 6 Assessment Plan Summative mastery evidence + Algebra 1 Framework Unit 4 supporting learning,V2
U6_SUM_V2_Q04,Secure Summative V2,SUM,Mastery,"I can construct connections between polynomial structure, quadratic graphs, and key features.","Connect polynomial and quadratic expression structure to graph features such as vertex, intercepts, symmetry, and direction of opening.",sum_quad_vertex_from_standard,v2-7,PROC-MULTISTEP-CHAIN-01,Equivalent equations + Graph features,constructed/open response,U6-MG04,Unit 6 Assessment Plan Summative mastery evidence + Algebra 1 Framework Unit 4 supporting learning,V2
U6_SUM_V2_Q05,Secure Summative V2,SUM,Mastery,"I can design transformed graphs using stretches, compressions, reflections, and translations of parent functions.","Represent translations, stretches, compressions, and reflections of parent functions across graphs, equations, tables, and key points.",sum_transform_equation_point,v2-1,REPTRANS-MULTIPLE-SIMULTANEOUS-01,Equation + Key point,constructed/open response,U6-MG02,Unit 6 Assessment Plan Summative mastery evidence + Algebra 1 Framework Unit 4 supporting learning,V2
U6_SUM_V2_Q06,Secure Summative V2,SUM,Mastery,"I can use structure and like terms to add, subtract, and multiply polynomial expressions.","Add, subtract, and multiply polynomial expressions using structure, like terms, equivalent forms, and area-based representations.",sum_poly_composite_area,v2-6,PROC-MULTISTEP-CHAIN-01,Context + Polynomial,constructed/open response,U6-MG03,Unit 6 Assessment Plan Summative mastery evidence + Algebra 1 Framework Unit 4 supporting learning,V2
U6_SUM_V2_Q07,Secure Summative V2,SUM,Mastery,"I can critique whether a polynomial expression supports a claimed vertex, intercept, axis of symmetry, or direction of opening.","Connect polynomial and quadratic expression structure to graph features such as vertex, intercepts, symmetry, and direction of opening.",sum_quad_structure_features,v2-3,FEATURE-IDENTIFY-FROM-REPRESENTATION-01,Equation + Graph features,constructed/open response,U6-MG04,Unit 6 Assessment Plan Summative mastery evidence + Algebra 1 Framework Unit 4 supporting learning,V2
U6_SUM_V2_Q08,Secure Summative V2,SUM,Mastery,"I can construct evidence for a function family using patterns in graphs, equations, tables, and contexts.","Identify common function families using evidence from graphs, equations, tables, contexts, and key features.",sum_family_graph,v2-4,GRAPH-INFER-BEHAVIOR-01,Graph + Prose,constructed/open response,U6-MG01,Unit 6 Assessment Plan Summative mastery evidence + Algebra 1 Framework Unit 4 supporting learning,V2
U6_SUM_V3_Q01,Secure Summative V3,SUM,Mastery,"I can apply family features to sort representations into linear, quadratic, exponential, absolute value, and other familiar forms.","Identify common function families using evidence from graphs, equations, tables, contexts, and key features.",sum_family_graph,v3-4,GRAPH-INFER-BEHAVIOR-01,Graph + Prose,constructed/open response,U6-MG01,Unit 6 Assessment Plan Summative mastery evidence + Algebra 1 Framework Unit 4 supporting learning,V3
U6_SUM_V3_Q02,Secure Summative V3,SUM,Mastery,I can extend polynomial operations to equivalent expressions written in different forms.,"Add, subtract, and multiply polynomial expressions using structure, like terms, equivalent forms, and area-based representations.",sum_poly_area_product,v3-2,PROC-MULTISTEP-CHAIN-01,Context + Polynomial,constructed/open response,U6-MG03,Unit 6 Assessment Plan Summative mastery evidence + Algebra 1 Framework Unit 4 supporting learning,V3
U6_SUM_V3_Q03,Secure Summative V3,SUM,Mastery,"I can construct connections between polynomial structure, quadratic graphs, and key features.","Connect polynomial and quadratic expression structure to graph features such as vertex, intercepts, symmetry, and direction of opening.",sum_quad_vertex_from_standard,v3-7,PROC-MULTISTEP-CHAIN-01,Equivalent equations + Graph features,constructed/open response,U6-MG04,Unit 6 Assessment Plan Summative mastery evidence + Algebra 1 Framework Unit 4 supporting learning,V3
U6_SUM_V3_Q04,Secure Summative V3,SUM,Mastery,I can apply transformation rules to key points and features across function families.,"Represent translations, stretches, compressions, and reflections of parent functions across graphs, equations, tables, and key points.",sum_transform_equation_point,v3-1,REPTRANS-MULTIPLE-SIMULTANEOUS-01,Equation + Key point,constructed/open response,U6-MG02,Unit 6 Assessment Plan Summative mastery evidence + Algebra 1 Framework Unit 4 supporting learning,V3
U6_SUM_V3_Q05,Secure Summative V3,SUM,Mastery,"I can use structure and like terms to add, subtract, and multiply polynomial expressions.","Add, subtract, and multiply polynomial expressions using structure, like terms, equivalent forms, and area-based representations.",sum_poly_composite_area,v3-6,PROC-MULTISTEP-CHAIN-01,Context + Polynomial,constructed/open response,U6-MG03,Unit 6 Assessment Plan Summative mastery evidence + Algebra 1 Framework Unit 4 supporting learning,V3
U6_SUM_V3_Q06,Secure Summative V3,SUM,Mastery,"I can construct evidence for a function family using patterns in graphs, equations, tables, and contexts.","Identify common function families using evidence from graphs, equations, tables, contexts, and key features.",sum_family_table,v3-0,FEATURE-IDENTIFY-FROM-REPRESENTATION-01,Table + Prose,constructed/open response,U6-MG01,Unit 6 Assessment Plan Summative mastery evidence + Algebra 1 Framework Unit 4 supporting learning,V3
U6_SUM_V3_Q07,Secure Summative V3,SUM,Mastery,I can apply transformation rules to key points and features across function families.,"Represent translations, stretches, compressions, and reflections of parent functions across graphs, equations, tables, and key points.",sum_transform_point_table_infer,v3-5,REPTRANS-GRAPH-TABLE-EQUATION-01,Table + Equation + Key points,constructed/open response,U6-MG02,Unit 6 Assessment Plan Summative mastery evidence + Algebra 1 Framework Unit 4 supporting learning,V3
U6_SUM_V3_Q08,Secure Summative V3,SUM,Mastery,"I can construct connections between polynomial structure, quadratic graphs, and key features.","Connect polynomial and quadratic expression structure to graph features such as vertex, intercepts, symmetry, and direction of opening.",sum_quad_structure_features,v3-3,FEATURE-IDENTIFY-FROM-REPRESENTATION-01,Equation + Graph features,constructed/open response,U6-MG04,Unit 6 Assessment Plan Summative mastery evidence + Algebra 1 Framework Unit 4 supporting learning,V3
U6_SUM_V4_Q01,Secure Summative V4,SUM,Mastery,"I can assess whether an equation, graph, or table represents the same transformed function.","Represent translations, stretches, compressions, and reflections of parent functions across graphs, equations, tables, and key points.",sum_transform_equation_point,v4-1,REPTRANS-MULTIPLE-SIMULTANEOUS-01,Equation + Key point,constructed/open response,U6-MG02,Unit 6 Assessment Plan Summative mastery evidence + Algebra 1 Framework Unit 4 supporting learning,V4
U6_SUM_V4_Q02,Secure Summative V4,SUM,Mastery,"I can use structure and like terms to add, subtract, and multiply polynomial expressions.","Add, subtract, and multiply polynomial expressions using structure, like terms, equivalent forms, and area-based representations.",sum_poly_composite_area,v4-6,PROC-MULTISTEP-CHAIN-01,Context + Polynomial,constructed/open response,U6-MG03,Unit 6 Assessment Plan Summative mastery evidence + Algebra 1 Framework Unit 4 supporting learning,V4
U6_SUM_V4_Q03,Secure Summative V4,SUM,Mastery,I can predict graph features from equivalent quadratic expressions.,"Connect polynomial and quadratic expression structure to graph features such as vertex, intercepts, symmetry, and direction of opening.",sum_quad_structure_features,v4-3,FEATURE-IDENTIFY-FROM-REPRESENTATION-01,Equation + Graph features,constructed/open response,U6-MG04,Unit 6 Assessment Plan Summative mastery evidence + Algebra 1 Framework Unit 4 supporting learning,V4
U6_SUM_V4_Q04,Secure Summative V4,SUM,Mastery,I can determine which representation gives the strongest evidence for a function family when features seem similar.,"Identify common function families using evidence from graphs, equations, tables, contexts, and key features.",sum_family_graph,v4-4,GRAPH-INFER-BEHAVIOR-01,Graph + Prose,constructed/open response,U6-MG01,Unit 6 Assessment Plan Summative mastery evidence + Algebra 1 Framework Unit 4 supporting learning,V4
U6_SUM_V4_Q05,Secure Summative V4,SUM,Mastery,"I can construct connections between polynomial structure, quadratic graphs, and key features.","Connect polynomial and quadratic expression structure to graph features such as vertex, intercepts, symmetry, and direction of opening.",sum_quad_vertex_from_standard,v4-7,PROC-MULTISTEP-CHAIN-01,Equivalent equations + Graph features,constructed/open response,U6-MG04,Unit 6 Assessment Plan Summative mastery evidence + Algebra 1 Framework Unit 4 supporting learning,V4
U6_SUM_V4_Q06,Secure Summative V4,SUM,Mastery,"I can formulate polynomial sums, differences, and products from area, perimeter, and expression contexts.","Add, subtract, and multiply polynomial expressions using structure, like terms, equivalent forms, and area-based representations.",sum_poly_area_product,v4-2,PROC-MULTISTEP-CHAIN-01,Context + Polynomial,constructed/open response,U6-MG03,Unit 6 Assessment Plan Summative mastery evidence + Algebra 1 Framework Unit 4 supporting learning,V4
U6_SUM_V4_Q07,Secure Summative V4,SUM,Mastery,"I can apply family features to sort representations into linear, quadratic, exponential, absolute value, and other familiar forms.","Identify common function families using evidence from graphs, equations, tables, contexts, and key features.",sum_family_table,v4-0,FEATURE-IDENTIFY-FROM-REPRESENTATION-01,Table + Prose,constructed/open response,U6-MG01,Unit 6 Assessment Plan Summative mastery evidence + Algebra 1 Framework Unit 4 supporting learning,V4
U6_SUM_V4_Q08,Secure Summative V4,SUM,Mastery,I can apply transformation rules to key points and features across function families.,"Represent translations, stretches, compressions, and reflections of parent functions across graphs, equations, tables, and key points.",sum_transform_point_table_infer,v4-5,REPTRANS-GRAPH-TABLE-EQUATION-01,Table + Equation + Key points,constructed/open response,U6-MG02,Unit 6 Assessment Plan Summative mastery evidence + Algebra 1 Framework Unit 4 supporting learning,V4
U6_SUM_V5_Q01,Secure Summative V5,SUM,Mastery,I can apply transformation rules to key points and features across function families.,"Represent translations, stretches, compressions, and reflections of parent functions across graphs, equations, tables, and key points.",sum_transform_table_rule,v5-1,REPTRANS-GRAPH-TABLE-EQUATION-01,Table + Transformation rule,constructed/open response,U6-MG02,Unit 6 Assessment Plan Summative mastery evidence + Algebra 1 Framework Unit 4 supporting learning,V5
U6_SUM_V5_Q02,Secure Summative V5,SUM,Mastery,"I can critique whether a polynomial expression supports a claimed vertex, intercept, axis of symmetry, or direction of opening.","Connect polynomial and quadratic expression structure to graph features such as vertex, intercepts, symmetry, and direction of opening.",sum_quad_claim_critique,v5-2,ERROR-CRITIQUE-CLAIM-01,Equation + Prose,constructed/open response,U6-MG04,Unit 6 Assessment Plan Summative mastery evidence + Algebra 1 Framework Unit 4 supporting learning,V5
U6_SUM_V5_Q03,Secure Summative V5,SUM,Mastery,I can determine which representation gives the strongest evidence for a function family when features seem similar.,"Identify common function families using evidence from graphs, equations, tables, contexts, and key features.",sum_family_table_model_select,v5-3,MODEL-SELECT-BEST-FIT-01,Table + Equation + Prose,constructed/open response,U6-MG01,Unit 6 Assessment Plan Summative mastery evidence + Algebra 1 Framework Unit 4 supporting learning,V5
U6_SUM_V5_Q04,Secure Summative V5,SUM,Mastery,I can extend polynomial operations to equivalent expressions written in different forms.,"Add, subtract, and multiply polynomial expressions using structure, like terms, equivalent forms, and area-based representations.",sum_poly_multioperation,v5-4,PROC-MULTISTEP-CHAIN-01,Polynomial expression,constructed/open response,U6-MG03,Unit 6 Assessment Plan Summative mastery evidence + Algebra 1 Framework Unit 4 supporting learning,V5
U6_SUM_V5_Q05,Secure Summative V5,SUM,Mastery,"I can construct connections between polynomial structure, quadratic graphs, and key features.","Connect polynomial and quadratic expression structure to graph features such as vertex, intercepts, symmetry, and direction of opening.",sum_alt_equivalent_quad_forms,v5-5,VERIFY-REASONABLENESS-01,Equations + Graph features,constructed/open response,U6-MG04,Unit 6 Assessment Plan Summative mastery evidence + Algebra 1 Framework Unit 4 supporting learning,V5
U6_SUM_V5_Q06,Secure Summative V5,SUM,Mastery,"I can design transformed graphs using stretches, compressions, reflections, and translations of parent functions.","Represent translations, stretches, compressions, and reflections of parent functions across graphs, equations, tables, and key points.",sum_alt_transform_abs,v5-6,REPTRANS-TRANSLATE-VERBAL-SYMBOLIC-01,Equation + Key feature,constructed/open response,U6-MG02,Unit 6 Assessment Plan Summative mastery evidence + Algebra 1 Framework Unit 4 supporting learning,V5
U6_SUM_V5_Q07,Secure Summative V5,SUM,Mastery,"I can formulate polynomial sums, differences, and products from area, perimeter, and expression contexts.","Add, subtract, and multiply polynomial expressions using structure, like terms, equivalent forms, and area-based representations.",sum_alt_poly_area_model,v5-7,PROC-MULTISTEP-CHAIN-01,Area model + Polynomial,constructed/open response,U6-MG03,Unit 6 Assessment Plan Summative mastery evidence + Algebra 1 Framework Unit 4 supporting learning,V5
U6_SUM_V5_Q08,Secure Summative V5,SUM,Mastery,I can determine which representation gives the strongest evidence for a function family when features seem similar.,"Identify common function families using evidence from graphs, equations, tables, contexts, and key features.",sum_alt_family_equation_table,v5-8,REPTRANS-GRAPH-TABLE-EQUATION-01,Equation + Table + Prose,constructed/open response,U6-MG01,Unit 6 Assessment Plan Summative mastery evidence + Algebra 1 Framework Unit 4 supporting learning,V5
U6_SUM_V6_Q01,Secure Summative V6,SUM,Mastery,I can extend polynomial operations to equivalent expressions written in different forms.,"Add, subtract, and multiply polynomial expressions using structure, like terms, equivalent forms, and area-based representations.",sum_poly_equivalent_forms,v6-1,VERIFY-REASONABLENESS-01,Context + Polynomial + Prose,constructed/open response,U6-MG03,Unit 6 Assessment Plan Summative mastery evidence + Algebra 1 Framework Unit 4 supporting learning,V6
U6_SUM_V6_Q02,Secure Summative V6,SUM,Mastery,"I can construct evidence for a function family using patterns in graphs, equations, tables, and contexts.","Identify common function families using evidence from graphs, equations, tables, contexts, and key features.",sum_family_context_model,v6-2,REPTRANS-MULTIPLE-SIMULTANEOUS-01,Context + Equation + Table pattern,constructed/open response,U6-MG01,Unit 6 Assessment Plan Summative mastery evidence + Algebra 1 Framework Unit 4 supporting learning,V6
U6_SUM_V6_Q03,Secure Summative V6,SUM,Mastery,"I can design transformed graphs using stretches, compressions, reflections, and translations of parent functions.","Represent translations, stretches, compressions, and reflections of parent functions across graphs, equations, tables, and key points.",sum_transform_graph_to_equation,v6-3,REPTRANS-GRAPH-TABLE-EQUATION-01,Graph + Equation,constructed/open response,U6-MG02,Unit 6 Assessment Plan Summative mastery evidence + Algebra 1 Framework Unit 4 supporting learning,V6
U6_SUM_V6_Q04,Secure Summative V6,SUM,Mastery,"I can construct connections between polynomial structure, quadratic graphs, and key features.","Connect polynomial and quadratic expression structure to graph features such as vertex, intercepts, symmetry, and direction of opening.",sum_quad_table_structure,v6-4,REPTRANS-GRAPH-TABLE-EQUATION-01,Table + Equation + Graph features,constructed/open response,U6-MG04,Unit 6 Assessment Plan Summative mastery evidence + Algebra 1 Framework Unit 4 supporting learning,V6
U6_SUM_V6_Q05,Secure Summative V6,SUM,Mastery,I can determine which representation gives the strongest evidence for a function family when features seem similar.,"Identify common function families using evidence from graphs, equations, tables, contexts, and key features.",sum_alt_family_ratio_evidence,v6-5,MODEL-SELECT-BEST-FIT-01,Table + Prose,constructed/open response,U6-MG01,Unit 6 Assessment Plan Summative mastery evidence + Algebra 1 Framework Unit 4 supporting learning,V6
U6_SUM_V6_Q06,Secure Summative V6,SUM,Mastery,"I can use structure and like terms to add, subtract, and multiply polynomial expressions.","Add, subtract, and multiply polynomial expressions using structure, like terms, equivalent forms, and area-based representations.",sum_alt_poly_expand_combine,v6-6,PROC-MULTISTEP-CHAIN-01,Polynomial expression,constructed/open response,U6-MG03,Unit 6 Assessment Plan Summative mastery evidence + Algebra 1 Framework Unit 4 supporting learning,V6
U6_SUM_V6_Q07,Secure Summative V6,SUM,Mastery,"I can construct connections between polynomial structure, quadratic graphs, and key features.","Connect polynomial and quadratic expression structure to graph features such as vertex, intercepts, symmetry, and direction of opening.",sum_alt_equivalent_quad_forms,v6-7,PROC-MULTISTEP-CHAIN-01,Equations + Graph features,constructed/open response,U6-MG04,Unit 6 Assessment Plan Summative mastery evidence + Algebra 1 Framework Unit 4 supporting learning,V6
U6_SUM_V6_Q08,Secure Summative V6,SUM,Mastery,"I can design transformed graphs using stretches, compressions, reflections, and translations of parent functions.","Represent translations, stretches, compressions, and reflections of parent functions across graphs, equations, tables, and key points.",sum_alt_transform_sqrt_constraints,v6-8,REPTRANS-GRAPH-TABLE-EQUATION-01,Equation + Key point,constructed/open response,U6-MG02,Unit 6 Assessment Plan Summative mastery evidence + Algebra 1 Framework Unit 4 supporting learning,V6
