order,bank_id,destination,section,i_can,stage,question_family_id,variation,representation,response_type,summative_version,mastery_goal_id
1,U4-SUM-V1-Q01,Secure Summative V1,SUM,"Interpret slope as constant rate of change across tables, graphs, and contexts and judge whether a rate is reasonable.",Mastery/Summative,SUM-SLOPE-TABLE,V1,Table + Context,constructed/open response,V1,U4-MG01
2,U4-SUM-V1-Q02,Secure Summative V1,SUM,"Graph linear functions and write linear equations from slope, intercepts, tables, graphs, and situations.",Mastery/Summative,SUM-WRITE-EQ,V1,Table + Equation,constructed/open response,V1,U4-MG02
3,U4-SUM-V1-Q03,Secure Summative V1,SUM,"Compare linear relationships shown in different representations using slope, intercepts, and contextual meaning.",Mastery/Summative,SUM-COMPARE,V1,Equation + Table,constructed/open response,V1,U4-MG03
4,U4-SUM-V1-Q04,Secure Summative V1,SUM,"Build and use linear models for real-world data, make predictions, and judge model fit for the question being asked.",Mastery/Summative,SUM-MODEL,V1,Context + Equation,constructed/open response,V1,U4-MG04
5,U4-SUM-V1-Q05,Secure Summative V1,SUM,"Interpret slope as constant rate of change across tables, graphs, and contexts and judge whether a rate is reasonable.",Mastery/Summative,SUM-SLOPE-CONTEXT,V1,Context + Equation,constructed/open response,V1,U4-MG01
6,U4-SUM-V1-Q06,Secure Summative V1,SUM,"Graph linear functions and write linear equations from slope, intercepts, tables, graphs, and situations.",Mastery/Summative,SUM-GRAPH-EQ,V1,Graph production,constructed/open response,V1,U4-MG02
7,U4-SUM-V1-Q07,Secure Summative V1,SUM,"Compare linear relationships shown in different representations using slope, intercepts, and contextual meaning.",Mastery/Summative,SUM-COMPARE-GRAPH,V1,Graph,constructed/open response,V1,U4-MG03
8,U4-SUM-V1-Q08,Secure Summative V1,SUM,"Build and use linear models for real-world data, make predictions, and judge model fit for the question being asked.",Mastery/Summative,SUM-FIT,V1,Scatter plot,constructed/open response,V1,U4-MG04
9,U4-SUM-V2-Q01,Secure Summative V2,SUM,"Compare linear relationships shown in different representations using slope, intercepts, and contextual meaning.",Mastery/Summative,SUM-COMPARE,V2,Equation + Table,constructed/open response,V2,U4-MG03
10,U4-SUM-V2-Q02,Secure Summative V2,SUM,"Interpret slope as constant rate of change across tables, graphs, and contexts and judge whether a rate is reasonable.",Mastery/Summative,SUM-SLOPE-CONTEXT,V2,Context + Equation,constructed/open response,V2,U4-MG01
11,U4-SUM-V2-Q03,Secure Summative V2,SUM,"Graph linear functions and write linear equations from slope, intercepts, tables, graphs, and situations.",Mastery/Summative,SUM-WRITE-EQ,V2,Table + Equation,constructed/open response,V2,U4-MG02
12,U4-SUM-V2-Q04,Secure Summative V2,SUM,"Build and use linear models for real-world data, make predictions, and judge model fit for the question being asked.",Mastery/Summative,SUM-FIT,V2,Scatter plot,constructed/open response,V2,U4-MG04
13,U4-SUM-V2-Q05,Secure Summative V2,SUM,"Graph linear functions and write linear equations from slope, intercepts, tables, graphs, and situations.",Mastery/Summative,SUM-GRAPH-EQ,V2,Graph production,constructed/open response,V2,U4-MG02
14,U4-SUM-V2-Q06,Secure Summative V2,SUM,"Build and use linear models for real-world data, make predictions, and judge model fit for the question being asked.",Mastery/Summative,SUM-MODEL,V2,Context + Equation,constructed/open response,V2,U4-MG04
15,U4-SUM-V2-Q07,Secure Summative V2,SUM,"Interpret slope as constant rate of change across tables, graphs, and contexts and judge whether a rate is reasonable.",Mastery/Summative,SUM-SLOPE-TABLE,V2,Table + Context,constructed/open response,V2,U4-MG01
16,U4-SUM-V2-Q08,Secure Summative V2,SUM,"Compare linear relationships shown in different representations using slope, intercepts, and contextual meaning.",Mastery/Summative,SUM-COMPARE-GRAPH,V2,Graph,constructed/open response,V2,U4-MG03
17,U4-SUM-V3-Q01,Secure Summative V3,SUM,"Build and use linear models for real-world data, make predictions, and judge model fit for the question being asked.",Mastery/Summative,SUM-MODEL,V3,Context + Equation,constructed/open response,V3,U4-MG04
18,U4-SUM-V3-Q02,Secure Summative V3,SUM,"Compare linear relationships shown in different representations using slope, intercepts, and contextual meaning.",Mastery/Summative,SUM-COMPARE-GRAPH,V3,Graph,constructed/open response,V3,U4-MG03
19,U4-SUM-V3-Q03,Secure Summative V3,SUM,"Interpret slope as constant rate of change across tables, graphs, and contexts and judge whether a rate is reasonable.",Mastery/Summative,SUM-SLOPE-TABLE,V3,Table + Context,constructed/open response,V3,U4-MG01
20,U4-SUM-V3-Q04,Secure Summative V3,SUM,"Graph linear functions and write linear equations from slope, intercepts, tables, graphs, and situations.",Mastery/Summative,SUM-GRAPH-EQ,V3,Graph production,constructed/open response,V3,U4-MG02
21,U4-SUM-V3-Q05,Secure Summative V3,SUM,"Build and use linear models for real-world data, make predictions, and judge model fit for the question being asked.",Mastery/Summative,SUM-FIT,V3,Scatter plot,constructed/open response,V3,U4-MG04
22,U4-SUM-V3-Q06,Secure Summative V3,SUM,"Graph linear functions and write linear equations from slope, intercepts, tables, graphs, and situations.",Mastery/Summative,SUM-WRITE-EQ,V3,Table + Equation,constructed/open response,V3,U4-MG02
23,U4-SUM-V3-Q07,Secure Summative V3,SUM,"Compare linear relationships shown in different representations using slope, intercepts, and contextual meaning.",Mastery/Summative,SUM-COMPARE,V3,Equation + Table,constructed/open response,V3,U4-MG03
24,U4-SUM-V3-Q08,Secure Summative V3,SUM,"Interpret slope as constant rate of change across tables, graphs, and contexts and judge whether a rate is reasonable.",Mastery/Summative,SUM-SLOPE-CONTEXT,V3,Context + Equation,constructed/open response,V3,U4-MG01
25,U4-SUM-V4-Q01,Secure Summative V4,SUM,"Graph linear functions and write linear equations from slope, intercepts, tables, graphs, and situations.",Mastery/Summative,SUM-GRAPH-EQ,V4,Graph production,constructed/open response,V4,U4-MG02
26,U4-SUM-V4-Q02,Secure Summative V4,SUM,"Build and use linear models for real-world data, make predictions, and judge model fit for the question being asked.",Mastery/Summative,SUM-FIT,V4,Scatter plot,constructed/open response,V4,U4-MG04
27,U4-SUM-V4-Q03,Secure Summative V4,SUM,"Compare linear relationships shown in different representations using slope, intercepts, and contextual meaning.",Mastery/Summative,SUM-COMPARE,V4,Equation + Table,constructed/open response,V4,U4-MG03
28,U4-SUM-V4-Q04,Secure Summative V4,SUM,"Interpret slope as constant rate of change across tables, graphs, and contexts and judge whether a rate is reasonable.",Mastery/Summative,SUM-SLOPE-TABLE,V4,Table + Context,constructed/open response,V4,U4-MG01
29,U4-SUM-V4-Q05,Secure Summative V4,SUM,"Compare linear relationships shown in different representations using slope, intercepts, and contextual meaning.",Mastery/Summative,SUM-COMPARE-GRAPH,V4,Graph,constructed/open response,V4,U4-MG03
30,U4-SUM-V4-Q06,Secure Summative V4,SUM,"Interpret slope as constant rate of change across tables, graphs, and contexts and judge whether a rate is reasonable.",Mastery/Summative,SUM-SLOPE-CONTEXT,V4,Context + Equation,constructed/open response,V4,U4-MG01
31,U4-SUM-V4-Q07,Secure Summative V4,SUM,"Build and use linear models for real-world data, make predictions, and judge model fit for the question being asked.",Mastery/Summative,SUM-MODEL,V4,Context + Equation,constructed/open response,V4,U4-MG04
32,U4-SUM-V4-Q08,Secure Summative V4,SUM,"Graph linear functions and write linear equations from slope, intercepts, tables, graphs, and situations.",Mastery/Summative,SUM-WRITE-EQ,V4,Table + Equation,constructed/open response,V4,U4-MG02
33,U4-SUM-V5-Q01,Secure Summative V5,SUM,"Interpret slope as constant rate of change across tables, graphs, and contexts and judge whether a rate is reasonable.",Mastery/Summative,SUM-ALT5-RATE-REVERSE,V5,Context + Equation,constructed/open response,V5,U4-MG01
34,U4-SUM-V5-Q02,Secure Summative V5,SUM,"Graph linear functions and write linear equations from slope, intercepts, tables, graphs, and situations.",Mastery/Summative,SUM-ALT5-LINE-FROM-TWO-POINTS,V5,Equation,constructed/open response,V5,U4-MG02
35,U4-SUM-V5-Q03,Secure Summative V5,SUM,"Compare linear relationships shown in different representations using slope, intercepts, and contextual meaning.",Mastery/Summative,SUM-ALT5-CROSSOVER-COMPARE,V5,Context + Equation,constructed/open response,V5,U4-MG03
36,U4-SUM-V5-Q04,Secure Summative V5,SUM,"Build and use linear models for real-world data, make predictions, and judge model fit for the question being asked.",Mastery/Summative,SUM-ALT5-MODEL-FROM-DATA,V5,Table + Equation,constructed/open response,V5,U4-MG04
37,U4-SUM-V5-Q05,Secure Summative V5,SUM,"Interpret slope as constant rate of change across tables, graphs, and contexts and judge whether a rate is reasonable.",Mastery/Summative,SUM-ALT5-SLOPE-SIGN-CHOICE,V5,Context,constructed/open response,V5,U4-MG01
38,U4-SUM-V5-Q06,Secure Summative V5,SUM,"Graph linear functions and write linear equations from slope, intercepts, tables, graphs, and situations.",Mastery/Summative,SUM-ALT5-REPRESENTATION-COHERENCE,V5,Equation + Table + Graph production,constructed/open response,V5,U4-MG02
39,U4-SUM-V5-Q07,Secure Summative V5,SUM,"Compare linear relationships shown in different representations using slope, intercepts, and contextual meaning.",Mastery/Summative,SUM-ALT5-COMPARE-SCALE,V5,Context + Equation,constructed/open response,V5,U4-MG03
40,U4-SUM-V5-Q08,Secure Summative V5,SUM,"Build and use linear models for real-world data, make predictions, and judge model fit for the question being asked.",Mastery/Summative,SUM-ALT5-MODEL-LIMITS,V5,Model reasoning,constructed/open response,V5,U4-MG04
41,U4-SUM-V6-Q01,Secure Summative V6,SUM,"Interpret slope as constant rate of change across tables, graphs, and contexts and judge whether a rate is reasonable.",Mastery/Summative,SUM-ALT6-GRAPH-SLOPE-TRIANGLE,V6,Graph reasoning + Equation,constructed/open response,V6,U4-MG01
42,U4-SUM-V6-Q02,Secure Summative V6,SUM,"Graph linear functions and write linear equations from slope, intercepts, tables, graphs, and situations.",Mastery/Summative,SUM-ALT6-CONTEXT-TO-EQ,V6,Context + Equation + Table,constructed/open response,V6,U4-MG02
43,U4-SUM-V6-Q03,Secure Summative V6,SUM,"Compare linear relationships shown in different representations using slope, intercepts, and contextual meaning.",Mastery/Summative,SUM-ALT6-COMPARE-INTERSECT,V6,Equation + Points,constructed/open response,V6,U4-MG03
44,U4-SUM-V6-Q04,Secure Summative V6,SUM,"Build and use linear models for real-world data, make predictions, and judge model fit for the question being asked.",Mastery/Summative,SUM-ALT6-SCATTER-DIAGNOSE,V6,Scatter plot,constructed/open response,V6,U4-MG04
45,U4-SUM-V6-Q05,Secure Summative V6,SUM,"Interpret slope as constant rate of change across tables, graphs, and contexts and judge whether a rate is reasonable.",Mastery/Summative,SUM-ALT6-RATE-UNIT-REASON,V6,Context + Units,constructed/open response,V6,U4-MG01
46,U4-SUM-V6-Q06,Secure Summative V6,SUM,"Graph linear functions and write linear equations from slope, intercepts, tables, graphs, and situations.",Mastery/Summative,SUM-ALT6-GRAPH-FROM-FEATURES,V6,Equation + Graph production,constructed/open response,V6,U4-MG02
47,U4-SUM-V6-Q07,Secure Summative V6,SUM,"Compare linear relationships shown in different representations using slope, intercepts, and contextual meaning.",Mastery/Summative,SUM-ALT6-MULTIREP-COMPARE,V6,Table + Context,constructed/open response,V6,U4-MG03
48,U4-SUM-V6-Q08,Secure Summative V6,SUM,"Build and use linear models for real-world data, make predictions, and judge model fit for the question being asked.",Mastery/Summative,SUM-ALT6-MODEL-REVISION,V6,Model reasoning,constructed/open response,V6,U4-MG04
49,U4-S1-WTC-001,WTC,4.1,"I can construct evidence for a function family using patterns in graphs, equations, tables, and contexts.",Intro,4.1-WTC-SHARED,A,Table + Graph,constructed/open response,,
50,U4-S1-EX-01,Notes Example,4.1,"I can construct evidence for a function family using patterns in graphs, equations, tables, and contexts.",Intro,4.1-NOTES-EQUATION,Example 1,Equation,constructed/open response,,
51,U4-S1-YTI-01,Notes YTI,4.1,"I can construct evidence for a function family using patterns in graphs, equations, tables, and contexts.",Intro,4.1-NOTES-TABLE,YTI 1,Table,constructed/open response,,
52,U4-S1-EX-02,Notes Example,4.1,"I can construct evidence for a function family using patterns in graphs, equations, tables, and contexts.",Intro,4.1-NOTES-TABLE,Example 2,Table,constructed/open response,,
53,U4-S1-YTI-02,Notes YTI,4.1,"I can construct evidence for a function family using patterns in graphs, equations, tables, and contexts.",Intro,4.1-NOTES-GRAPH,YTI 2,Graph,constructed/open response,,
54,U4-S1-EX-03,Notes Example,4.1,"I can apply family features to sort representations into linear, quadratic, exponential, absolute value, and other familiar forms.",Intro,4.1-NOTES-GRAPH,Example 3,Graph,constructed/open response,,
55,U4-S1-YTI-03,Notes YTI,4.1,"I can apply family features to sort representations into linear, quadratic, exponential, absolute value, and other familiar forms.",Intro,4.1-NOTES-EVIDENCE,YTI 3,Multiple-representation reasoning,constructed/open response,,
56,U4-S1-EX-04,Notes Example,4.1,"I can apply family features to sort representations into linear, quadratic, exponential, absolute value, and other familiar forms.",Intro,4.1-NOTES-EVIDENCE,Example 4,Multiple-representation reasoning,constructed/open response,,
57,U4-S1-YTI-04,Notes YTI,4.1,"I can apply family features to sort representations into linear, quadratic, exponential, absolute value, and other familiar forms.",Intro,4.1-NOTES-EQUATION,YTI 4,Equation,constructed/open response,,
58,U4-S1-EX-05,Notes Example,4.1,I can determine which representation gives the strongest evidence for a function family when features seem similar.,Intro,4.1-NOTES-EQUATION,Example 5,Equation,constructed/open response,,
59,U4-S1-YTI-05,Notes YTI,4.1,I can determine which representation gives the strongest evidence for a function family when features seem similar.,Intro,4.1-NOTES-TABLE,YTI 5,Table,constructed/open response,,
60,U4-S1-EX-06,Notes Example,4.1,I can determine which representation gives the strongest evidence for a function family when features seem similar.,Intro,4.1-NOTES-TABLE,Example 6,Table,constructed/open response,,
61,U4-S1-YTI-06,Notes YTI,4.1,I can determine which representation gives the strongest evidence for a function family when features seem similar.,Intro,4.1-NOTES-GRAPH,YTI 6,Graph,constructed/open response,,
62,U4-S1-P1-01,Practice Set 1,4.1,"I can construct evidence for a function family using patterns in graphs, equations, tables, and contexts.",Intro,4.1-P-GRAPH,F1-1,Graph,constructed/open response,,
63,U4-S1-P1-02,Practice Set 1,4.1,"I can construct evidence for a function family using patterns in graphs, equations, tables, and contexts.",Intro,4.1-P-EVIDENCE,F1-2,Multiple-representation reasoning,constructed/open response,,
64,U4-S1-P1-03,Practice Set 1,4.1,"I can construct evidence for a function family using patterns in graphs, equations, tables, and contexts.",Intro,4.1-P-EQUATION,F1-3,Equation,constructed/open response,,
65,U4-S1-P1-04,Practice Set 1,4.1,"I can construct evidence for a function family using patterns in graphs, equations, tables, and contexts.",Intro,4.1-P-TABLE,F1-4,Table,constructed/open response,,
66,U4-S1-P1-05,Practice Set 1,4.1,"I can construct evidence for a function family using patterns in graphs, equations, tables, and contexts.",Intro,4.1-P-GRAPH,F1-5,Graph,constructed/open response,,
67,U4-S1-P1-06,Practice Set 1,4.1,"I can construct evidence for a function family using patterns in graphs, equations, tables, and contexts.",Intro,4.1-P-TABLE,F1-6,Table,constructed/open response,,
68,U4-S1-P1-07,Practice Set 1,4.1,"I can apply family features to sort representations into linear, quadratic, exponential, absolute value, and other familiar forms.",Intro,4.1-P-GRAPH,F1-7,Graph,constructed/open response,,
69,U4-S1-P1-08,Practice Set 1,4.1,"I can apply family features to sort representations into linear, quadratic, exponential, absolute value, and other familiar forms.",Intro,4.1-P-TABLE,F1-8,Table,constructed/open response,,
70,U4-S1-P1-09,Practice Set 1,4.1,"I can apply family features to sort representations into linear, quadratic, exponential, absolute value, and other familiar forms.",Intro,4.1-P-GRAPH,F1-9,Graph,constructed/open response,,
71,U4-S1-P1-10,Practice Set 1,4.1,"I can apply family features to sort representations into linear, quadratic, exponential, absolute value, and other familiar forms.",Intro,4.1-P-EVIDENCE,F1-10,Multiple-representation reasoning,constructed/open response,,
72,U4-S1-P1-11,Practice Set 1,4.1,"I can apply family features to sort representations into linear, quadratic, exponential, absolute value, and other familiar forms.",Intro,4.1-P-EQUATION,F1-11,Equation,constructed/open response,,
73,U4-S1-P1-12,Practice Set 1,4.1,"I can apply family features to sort representations into linear, quadratic, exponential, absolute value, and other familiar forms.",Intro,4.1-P-TABLE,F1-12,Table,constructed/open response,,
74,U4-S1-P1-13,Practice Set 1,4.1,I can determine which representation gives the strongest evidence for a function family when features seem similar.,Intro,4.1-P-TABLE,F1-13,Table,constructed/open response,,
75,U4-S1-P1-14,Practice Set 1,4.1,I can determine which representation gives the strongest evidence for a function family when features seem similar.,Intro,4.1-P-GRAPH,F1-14,Graph,constructed/open response,,
76,U4-S1-P1-15,Practice Set 1,4.1,I can determine which representation gives the strongest evidence for a function family when features seem similar.,Intro,4.1-P-EQUATION,F1-15,Equation,constructed/open response,,
77,U4-S1-P1-16,Practice Set 1,4.1,I can determine which representation gives the strongest evidence for a function family when features seem similar.,Intro,4.1-P-TABLE,F1-16,Table,constructed/open response,,
78,U4-S1-P1-17,Practice Set 1,4.1,I can determine which representation gives the strongest evidence for a function family when features seem similar.,Intro,4.1-P-GRAPH,F1-17,Graph,constructed/open response,,
79,U4-S1-P1-18,Practice Set 1,4.1,I can determine which representation gives the strongest evidence for a function family when features seem similar.,Intro,4.1-P-EVIDENCE,F1-18,Multiple-representation reasoning,constructed/open response,,
80,U4-S1-PracticeSet1-19,Practice Set 1,4.1,Solve systems graphically and by elimination while interpreting the meaning of different solution types.,Review,4.1-SYS-ELIM,Review-119,Equation,constructed/open response,,
81,U4-S1-PracticeSet1-20,Practice Set 1,4.1,Solve systems graphically and by elimination while interpreting the meaning of different solution types.,Review,4.1-SYS-ELIM,Review-120,Equation,constructed/open response,,
82,U4-S1-PracticeSet1-21,Practice Set 1,4.1,Solve systems graphically and by elimination while interpreting the meaning of different solution types.,Review,4.1-SYS-ELIM,Review-121,Equation,constructed/open response,,
83,U4-S1-PracticeSet1-22,Practice Set 1,4.1,Analyze and compare linear relationships using multiple representations.,Mastery,4.1-LIN-COMP,Mastery-122,Equation + Table,constructed/open response,,
84,U4-S1-PracticeSet1-23,Practice Set 1,4.1,Analyze and compare linear relationships using multiple representations.,Mastery,4.1-LIN-COMP,Mastery-123,Equation + Table,constructed/open response,,
85,U4-S1-PracticeSet1-24,Practice Set 1,4.1,Analyze and compare linear relationships using multiple representations.,Mastery,4.1-LIN-COMP,Mastery-124,Equation + Table,constructed/open response,,
86,U4-S1-P2-01,Practice Set 2,4.1,"I can construct evidence for a function family using patterns in graphs, equations, tables, and contexts.",Intro,4.1-P-EVIDENCE,F2-1,Multiple-representation reasoning,constructed/open response,,
87,U4-S1-P2-02,Practice Set 2,4.1,"I can construct evidence for a function family using patterns in graphs, equations, tables, and contexts.",Intro,4.1-P-EQUATION,F2-2,Equation,constructed/open response,,
88,U4-S1-P2-03,Practice Set 2,4.1,"I can construct evidence for a function family using patterns in graphs, equations, tables, and contexts.",Intro,4.1-P-TABLE,F2-3,Table,constructed/open response,,
89,U4-S1-P2-04,Practice Set 2,4.1,"I can construct evidence for a function family using patterns in graphs, equations, tables, and contexts.",Intro,4.1-P-GRAPH,F2-4,Graph,constructed/open response,,
90,U4-S1-P2-05,Practice Set 2,4.1,"I can construct evidence for a function family using patterns in graphs, equations, tables, and contexts.",Intro,4.1-P-EVIDENCE,F2-5,Multiple-representation reasoning,constructed/open response,,
91,U4-S1-P2-06,Practice Set 2,4.1,"I can construct evidence for a function family using patterns in graphs, equations, tables, and contexts.",Intro,4.1-P-TABLE,F2-6,Table,constructed/open response,,
92,U4-S1-P2-07,Practice Set 2,4.1,"I can apply family features to sort representations into linear, quadratic, exponential, absolute value, and other familiar forms.",Intro,4.1-P-GRAPH,F2-7,Graph,constructed/open response,,
93,U4-S1-P2-08,Practice Set 2,4.1,"I can apply family features to sort representations into linear, quadratic, exponential, absolute value, and other familiar forms.",Intro,4.1-P-GRAPH,F2-8,Graph,constructed/open response,,
94,U4-S1-P2-09,Practice Set 2,4.1,"I can apply family features to sort representations into linear, quadratic, exponential, absolute value, and other familiar forms.",Intro,4.1-P-EVIDENCE,F2-9,Multiple-representation reasoning,constructed/open response,,
95,U4-S1-P2-10,Practice Set 2,4.1,"I can apply family features to sort representations into linear, quadratic, exponential, absolute value, and other familiar forms.",Intro,4.1-P-EQUATION,F2-10,Equation,constructed/open response,,
96,U4-S1-P2-11,Practice Set 2,4.1,"I can apply family features to sort representations into linear, quadratic, exponential, absolute value, and other familiar forms.",Intro,4.1-P-TABLE,F2-11,Table,constructed/open response,,
97,U4-S1-P2-12,Practice Set 2,4.1,"I can apply family features to sort representations into linear, quadratic, exponential, absolute value, and other familiar forms.",Intro,4.1-P-GRAPH,F2-12,Graph,constructed/open response,,
98,U4-S1-P2-13,Practice Set 2,4.1,I can determine which representation gives the strongest evidence for a function family when features seem similar.,Intro,4.1-P-TABLE,F2-13,Table,constructed/open response,,
99,U4-S1-P2-14,Practice Set 2,4.1,I can determine which representation gives the strongest evidence for a function family when features seem similar.,Intro,4.1-P-GRAPH,F2-14,Graph,constructed/open response,,
100,U4-S1-P2-15,Practice Set 2,4.1,I can determine which representation gives the strongest evidence for a function family when features seem similar.,Intro,4.1-P-TABLE,F2-15,Table,constructed/open response,,
101,U4-S1-P2-16,Practice Set 2,4.1,I can determine which representation gives the strongest evidence for a function family when features seem similar.,Intro,4.1-P-GRAPH,F2-16,Graph,constructed/open response,,
102,U4-S1-P2-17,Practice Set 2,4.1,I can determine which representation gives the strongest evidence for a function family when features seem similar.,Intro,4.1-P-EVIDENCE,F2-17,Multiple-representation reasoning,constructed/open response,,
103,U4-S1-P2-18,Practice Set 2,4.1,I can determine which representation gives the strongest evidence for a function family when features seem similar.,Intro,4.1-P-EQUATION,F2-18,Equation,constructed/open response,,
104,U4-S1-PracticeSet2-19,Practice Set 2,4.1,Solve systems graphically and by elimination while interpreting the meaning of different solution types.,Review,4.1-SYS-ELIM,Review-219,Equation,constructed/open response,,
105,U4-S1-PracticeSet2-20,Practice Set 2,4.1,Solve systems graphically and by elimination while interpreting the meaning of different solution types.,Review,4.1-SYS-ELIM,Review-220,Equation,constructed/open response,,
106,U4-S1-PracticeSet2-21,Practice Set 2,4.1,Solve systems graphically and by elimination while interpreting the meaning of different solution types.,Review,4.1-SYS-ELIM,Review-221,Equation,constructed/open response,,
107,U4-S1-PracticeSet2-22,Practice Set 2,4.1,Analyze and compare linear relationships using multiple representations.,Mastery,4.1-LIN-COMP,Mastery-222,Equation + Table,constructed/open response,,
108,U4-S1-PracticeSet2-23,Practice Set 2,4.1,Analyze and compare linear relationships using multiple representations.,Mastery,4.1-LIN-COMP,Mastery-223,Equation + Table,constructed/open response,,
109,U4-S1-PracticeSet2-24,Practice Set 2,4.1,Analyze and compare linear relationships using multiple representations.,Mastery,4.1-LIN-COMP,Mastery-224,Equation + Table,constructed/open response,,
110,U4-S1-P3-01,Practice Set 3,4.1,"I can construct evidence for a function family using patterns in graphs, equations, tables, and contexts.",Intro,4.1-P-EQUATION,F3-1,Equation,constructed/open response,,
111,U4-S1-P3-02,Practice Set 3,4.1,"I can construct evidence for a function family using patterns in graphs, equations, tables, and contexts.",Intro,4.1-P-TABLE,F3-2,Table,constructed/open response,,
112,U4-S1-P3-03,Practice Set 3,4.1,"I can construct evidence for a function family using patterns in graphs, equations, tables, and contexts.",Intro,4.1-P-GRAPH,F3-3,Graph,constructed/open response,,
113,U4-S1-P3-04,Practice Set 3,4.1,"I can construct evidence for a function family using patterns in graphs, equations, tables, and contexts.",Intro,4.1-P-EVIDENCE,F3-4,Multiple-representation reasoning,constructed/open response,,
114,U4-S1-P3-05,Practice Set 3,4.1,"I can construct evidence for a function family using patterns in graphs, equations, tables, and contexts.",Intro,4.1-P-EQUATION,F3-5,Equation,constructed/open response,,
115,U4-S1-P3-06,Practice Set 3,4.1,"I can construct evidence for a function family using patterns in graphs, equations, tables, and contexts.",Intro,4.1-P-TABLE,F3-6,Table,constructed/open response,,
116,U4-S1-P3-07,Practice Set 3,4.1,"I can apply family features to sort representations into linear, quadratic, exponential, absolute value, and other familiar forms.",Intro,4.1-P-GRAPH,F3-7,Graph,constructed/open response,,
117,U4-S1-P3-08,Practice Set 3,4.1,"I can apply family features to sort representations into linear, quadratic, exponential, absolute value, and other familiar forms.",Intro,4.1-P-EVIDENCE,F3-8,Multiple-representation reasoning,constructed/open response,,
118,U4-S1-P3-09,Practice Set 3,4.1,"I can apply family features to sort representations into linear, quadratic, exponential, absolute value, and other familiar forms.",Intro,4.1-P-EQUATION,F3-9,Equation,constructed/open response,,
119,U4-S1-P3-10,Practice Set 3,4.1,"I can apply family features to sort representations into linear, quadratic, exponential, absolute value, and other familiar forms.",Intro,4.1-P-TABLE,F3-10,Table,constructed/open response,,
120,U4-S1-P3-11,Practice Set 3,4.1,"I can apply family features to sort representations into linear, quadratic, exponential, absolute value, and other familiar forms.",Intro,4.1-P-GRAPH,F3-11,Graph,constructed/open response,,
121,U4-S1-P3-12,Practice Set 3,4.1,"I can apply family features to sort representations into linear, quadratic, exponential, absolute value, and other familiar forms.",Intro,4.1-P-EVIDENCE,F3-12,Multiple-representation reasoning,constructed/open response,,
122,U4-S1-P3-13,Practice Set 3,4.1,I can determine which representation gives the strongest evidence for a function family when features seem similar.,Intro,4.1-P-TABLE,F3-13,Table,constructed/open response,,
123,U4-S1-P3-14,Practice Set 3,4.1,I can determine which representation gives the strongest evidence for a function family when features seem similar.,Intro,4.1-P-GRAPH,F3-14,Graph,constructed/open response,,
124,U4-S1-P3-15,Practice Set 3,4.1,I can determine which representation gives the strongest evidence for a function family when features seem similar.,Intro,4.1-P-GRAPH,F3-15,Graph,constructed/open response,,
125,U4-S1-P3-16,Practice Set 3,4.1,I can determine which representation gives the strongest evidence for a function family when features seem similar.,Intro,4.1-P-EVIDENCE,F3-16,Multiple-representation reasoning,constructed/open response,,
126,U4-S1-P3-17,Practice Set 3,4.1,I can determine which representation gives the strongest evidence for a function family when features seem similar.,Intro,4.1-P-EQUATION,F3-17,Equation,constructed/open response,,
127,U4-S1-P3-18,Practice Set 3,4.1,I can determine which representation gives the strongest evidence for a function family when features seem similar.,Intro,4.1-P-TABLE,F3-18,Table,constructed/open response,,
128,U4-S1-PracticeSet3-19,Practice Set 3,4.1,Solve systems graphically and by elimination while interpreting the meaning of different solution types.,Review,4.1-SYS-ELIM,Review-319,Equation,constructed/open response,,
129,U4-S1-PracticeSet3-20,Practice Set 3,4.1,Solve systems graphically and by elimination while interpreting the meaning of different solution types.,Review,4.1-SYS-ELIM,Review-320,Equation,constructed/open response,,
130,U4-S1-PracticeSet3-21,Practice Set 3,4.1,Solve systems graphically and by elimination while interpreting the meaning of different solution types.,Review,4.1-SYS-ELIM,Review-321,Equation,constructed/open response,,
131,U4-S1-PracticeSet3-22,Practice Set 3,4.1,Analyze and compare linear relationships using multiple representations.,Mastery,4.1-LIN-COMP,Mastery-322,Equation + Table,constructed/open response,,
132,U4-S1-PracticeSet3-23,Practice Set 3,4.1,Analyze and compare linear relationships using multiple representations.,Mastery,4.1-LIN-COMP,Mastery-323,Equation + Table,constructed/open response,,
133,U4-S1-PracticeSet3-24,Practice Set 3,4.1,Analyze and compare linear relationships using multiple representations.,Mastery,4.1-LIN-COMP,Mastery-324,Equation + Table,constructed/open response,,
134,U4-S1-PX-01,Extra Practice,4.1,"I can construct evidence for a function family using patterns in graphs, equations, tables, and contexts.",Intro,4.1-P-TABLE,F4-1,Table,constructed/open response,,
135,U4-S1-PX-02,Extra Practice,4.1,"I can construct evidence for a function family using patterns in graphs, equations, tables, and contexts.",Intro,4.1-P-GRAPH,F4-2,Graph,constructed/open response,,
136,U4-S1-PX-03,Extra Practice,4.1,"I can construct evidence for a function family using patterns in graphs, equations, tables, and contexts.",Intro,4.1-P-EVIDENCE,F4-3,Multiple-representation reasoning,constructed/open response,,
137,U4-S1-PX-04,Extra Practice,4.1,"I can construct evidence for a function family using patterns in graphs, equations, tables, and contexts.",Intro,4.1-P-EQUATION,F4-4,Equation,constructed/open response,,
138,U4-S1-PX-05,Extra Practice,4.1,"I can construct evidence for a function family using patterns in graphs, equations, tables, and contexts.",Intro,4.1-P-TABLE,F4-5,Table,constructed/open response,,
139,U4-S1-PX-06,Extra Practice,4.1,"I can construct evidence for a function family using patterns in graphs, equations, tables, and contexts.",Intro,4.1-P-TABLE,F4-6,Table,constructed/open response,,
140,U4-S1-PX-07,Extra Practice,4.1,"I can apply family features to sort representations into linear, quadratic, exponential, absolute value, and other familiar forms.",Intro,4.1-P-GRAPH,F4-7,Graph,constructed/open response,,
141,U4-S1-PX-08,Extra Practice,4.1,"I can apply family features to sort representations into linear, quadratic, exponential, absolute value, and other familiar forms.",Intro,4.1-P-EQUATION,F4-8,Equation,constructed/open response,,
142,U4-S1-PX-09,Extra Practice,4.1,"I can apply family features to sort representations into linear, quadratic, exponential, absolute value, and other familiar forms.",Intro,4.1-P-TABLE,F4-9,Table,constructed/open response,,
143,U4-S1-PX-10,Extra Practice,4.1,"I can apply family features to sort representations into linear, quadratic, exponential, absolute value, and other familiar forms.",Intro,4.1-P-GRAPH,F4-10,Graph,constructed/open response,,
144,U4-S1-PX-11,Extra Practice,4.1,"I can apply family features to sort representations into linear, quadratic, exponential, absolute value, and other familiar forms.",Intro,4.1-P-EVIDENCE,F4-11,Multiple-representation reasoning,constructed/open response,,
145,U4-S1-PX-12,Extra Practice,4.1,"I can apply family features to sort representations into linear, quadratic, exponential, absolute value, and other familiar forms.",Intro,4.1-P-EQUATION,F4-12,Equation,constructed/open response,,
146,U4-S1-PX-13,Extra Practice,4.1,I can determine which representation gives the strongest evidence for a function family when features seem similar.,Intro,4.1-P-TABLE,F4-13,Table,constructed/open response,,
147,U4-S1-PX-14,Extra Practice,4.1,I can determine which representation gives the strongest evidence for a function family when features seem similar.,Intro,4.1-P-GRAPH,F4-14,Graph,constructed/open response,,
148,U4-S1-PX-15,Extra Practice,4.1,I can determine which representation gives the strongest evidence for a function family when features seem similar.,Intro,4.1-P-EVIDENCE,F4-15,Multiple-representation reasoning,constructed/open response,,
149,U4-S1-PX-16,Extra Practice,4.1,I can determine which representation gives the strongest evidence for a function family when features seem similar.,Intro,4.1-P-EQUATION,F4-16,Equation,constructed/open response,,
150,U4-S1-PX-17,Extra Practice,4.1,I can determine which representation gives the strongest evidence for a function family when features seem similar.,Intro,4.1-P-TABLE,F4-17,Table,constructed/open response,,
151,U4-S1-PX-18,Extra Practice,4.1,I can determine which representation gives the strongest evidence for a function family when features seem similar.,Intro,4.1-P-GRAPH,F4-18,Graph,constructed/open response,,
152,U4-S1-ExtraPractice-19,Extra Practice,4.1,Solve systems graphically and by elimination while interpreting the meaning of different solution types.,Review,4.1-SYS-ELIM,Review-419,Equation,constructed/open response,,
153,U4-S1-ExtraPractice-20,Extra Practice,4.1,Solve systems graphically and by elimination while interpreting the meaning of different solution types.,Review,4.1-SYS-ELIM,Review-420,Equation,constructed/open response,,
154,U4-S1-ExtraPractice-21,Extra Practice,4.1,Solve systems graphically and by elimination while interpreting the meaning of different solution types.,Review,4.1-SYS-ELIM,Review-421,Equation,constructed/open response,,
155,U4-S1-ExtraPractice-22,Extra Practice,4.1,Analyze and compare linear relationships using multiple representations.,Mastery,4.1-LIN-COMP,Mastery-422,Equation + Table,constructed/open response,,
156,U4-S1-ExtraPractice-23,Extra Practice,4.1,Analyze and compare linear relationships using multiple representations.,Mastery,4.1-LIN-COMP,Mastery-423,Equation + Table,constructed/open response,,
157,U4-S1-ExtraPractice-24,Extra Practice,4.1,Analyze and compare linear relationships using multiple representations.,Mastery,4.1-LIN-COMP,Mastery-424,Equation + Table,constructed/open response,,
158,U4-S1-CYU-01,CYU,4.1,"I can construct evidence for a function family using patterns in graphs, equations, tables, and contexts.",Intro,4.1-CYU-GRAPH,CYU-1,Graph,constructed/open response,,
159,U4-S1-CYU-02,CYU,4.1,"I can construct evidence for a function family using patterns in graphs, equations, tables, and contexts.",Intro,4.1-CYU-EQUATION,CYU-2,Equation,constructed/open response,,
160,U4-S1-CYU-03,CYU,4.1,"I can apply family features to sort representations into linear, quadratic, exponential, absolute value, and other familiar forms.",Intro,4.1-CYU-GRAPH,CYU-3,Graph,constructed/open response,,
161,U4-S1-CYU-04,CYU,4.1,"I can apply family features to sort representations into linear, quadratic, exponential, absolute value, and other familiar forms.",Intro,4.1-CYU-EQUATION,CYU-4,Equation,constructed/open response,,
162,U4-S1-CYU-05,CYU,4.1,I can determine which representation gives the strongest evidence for a function family when features seem similar.,Intro,4.1-CYU-GRAPH,CYU-5,Graph,constructed/open response,,
163,U4-S1-CYU-06,CYU,4.1,I can determine which representation gives the strongest evidence for a function family when features seem similar.,Intro,4.1-CYU-EQUATION,CYU-6,Equation,constructed/open response,,
164,U4-S1-WU1-01,Warm-Up 1,4.1,"Accurately perform operations with integers, fractions, and decimals while interpreting results in mathematical and contextual situations.",Prior/Review,ALG-DIAMOND-INTEGER,S1,Diamond,constructed/open response,,
165,U4-S1-WarmUp1-02,Warm-Up 1,4.1,Solve systems graphically and by elimination while interpreting the meaning of different solution types.,Review,4.1-SYS-ELIM,Review-712,Equation,constructed/open response,,
166,U4-S1-WarmUp1-03,Warm-Up 1,4.1,Solve systems graphically and by elimination while interpreting the meaning of different solution types.,Review,4.1-SYS-ELIM,Review-713,Equation,constructed/open response,,
167,U4-S1-WarmUp1-04,Warm-Up 1,4.1,Solve systems graphically and by elimination while interpreting the meaning of different solution types.,Review,4.1-SYS-ELIM,Review-714,Equation,constructed/open response,,
168,U4-S1-WU2-01,Warm-Up 2,4.1,"I can construct evidence for a function family using patterns in graphs, equations, tables, and contexts.",Intro,4.1-WU2-TABLE,1,Table,constructed/open response,,
169,U4-S1-WU2-02,Warm-Up 2,4.1,"I can apply family features to sort representations into linear, quadratic, exponential, absolute value, and other familiar forms.",Intro,4.1-WU2-GRAPH,2,Graph,constructed/open response,,
170,U4-S1-WarmUp2-03,Warm-Up 2,4.1,Solve systems graphically and by elimination while interpreting the meaning of different solution types.,Review,4.1-SYS-ELIM,Review-751,Equation,constructed/open response,,
171,U4-S1-WarmUp2-04,Warm-Up 2,4.1,Analyze and compare linear relationships using multiple representations.,Mastery,4.1-LIN-COMP,Mastery-761,Equation + Table,constructed/open response,,
172,U4-S1-WU3-01,Warm-Up 3,4.1,I can determine which representation gives the strongest evidence for a function family when features seem similar.,Intro,4.1-WU3-EVIDENCE,1,Multiple-representation reasoning,constructed/open response,,
173,U4-S1-WarmUp3-02,Warm-Up 3,4.1,Solve systems graphically and by elimination while interpreting the meaning of different solution types.,Review,4.1-SYS-ELIM,Review-791,Equation,constructed/open response,,
174,U4-S1-WarmUp3-03,Warm-Up 3,4.1,Analyze and compare linear relationships using multiple representations.,Mastery,4.1-LIN-COMP,Mastery-801,Equation + Table,constructed/open response,,
175,U4-S1-WarmUp3-04,Warm-Up 3,4.1,Analyze and compare linear relationships using multiple representations.,Mastery,4.1-LIN-COMP,Mastery-811,Equation + Table,constructed/open response,,
176,U4-S1-ETA-01,Exit Ticket A,4.1,"I can construct evidence for a function family using patterns in graphs, equations, tables, and contexts.",Intro,4.1-ETA-GRAPH,1,Graph,constructed/open response,,
177,U4-S1-ETA-02,Exit Ticket A,4.1,"I can apply family features to sort representations into linear, quadratic, exponential, absolute value, and other familiar forms.",Intro,4.1-ETA-EVIDENCE,2,Multiple-representation reasoning,constructed/open response,,
178,U4-S1-ETA-03,Exit Ticket A,4.1,I can determine which representation gives the strongest evidence for a function family when features seem similar.,Intro,4.1-ETA-EQUATION,3,Equation,constructed/open response,,
179,U4-S1-ETA-04,Exit Ticket A,4.1,"I can apply family features to sort representations into linear, quadratic, exponential, absolute value, and other familiar forms.",Intro,4.1-ETA-TABLE,4,Table,constructed/open response,,
180,U4-S1-ExitTicketB-01,Exit Ticket B,4.1,Solve systems graphically and by elimination while interpreting the meaning of different solution types.,Review,4.1-SYS-ELIM,Review-951,Equation,constructed/open response,,
181,U4-S1-ExitTicketB-02,Exit Ticket B,4.1,Solve systems graphically and by elimination while interpreting the meaning of different solution types.,Review,4.1-SYS-SOLUTION-TYPE,Review-952,Equation reasoning,constructed/open response,,
182,U4-S1-ExitTicketB-03,Exit Ticket B,4.1,Solve systems graphically and by elimination while interpreting the meaning of different solution types.,Review,4.1-SYS-SOLUTION-TYPE,Review-953,Equation reasoning,constructed/open response,,
183,U4-S1-ExitTicketB-04,Exit Ticket B,4.1,Solve systems graphically and by elimination while interpreting the meaning of different solution types.,Review,4.1-SYS-GRAPH,Review-954,Graph production + interpretation,constructed/open response,,
184,U4-S1-ETC-01,Exit Ticket C,4.1,"Compare linear relationships shown in different representations using slope, intercepts, and contextual meaning.",Mastery/Portfolio,4.1-LIN-COMP,Mastery-991,Equation + Table,constructed/open response,,U4-MG03
185,U4-S1-ETC-02,Exit Ticket C,4.1,"Compare linear relationships shown in different representations using slope, intercepts, and contextual meaning.",Mastery/Portfolio,4.1-MG03-CONTEXT-COMPARE,Mastery-992,Context + Equation,constructed/open response,,U4-MG03
186,U4-S1-ETC-03,Exit Ticket C,4.1,"Compare linear relationships shown in different representations using slope, intercepts, and contextual meaning.",Mastery/Portfolio,4.1-MG03-POINTS-EQ-COMPARE,Mastery-993,Points + Equation,constructed/open response,,U4-MG03
187,U4-S1-ETC-04,Exit Ticket C,4.1,"Compare linear relationships shown in different representations using slope, intercepts, and contextual meaning.",Mastery/Portfolio,4.1-MG03-CLAIM-CRITIQUE,Mastery-994,Equation + Table,constructed/open response,,U4-MG03
188,U4-S2-WTC-001,WTC,4.2,I can build translated graphs by moving key points and key features from a parent function.,Intro,4.2-WTC-SHARED,A,Table + Graph,constructed/open response,,
189,U4-S2-EX-01,Notes Example,4.2,I can build translated graphs by moving key points and key features from a parent function.,Intro,4.2-NOTES-WRITE,Example 1,Equation,constructed/open response,,
190,U4-S2-YTI-01,Notes YTI,4.2,I can build translated graphs by moving key points and key features from a parent function.,Intro,4.2-NOTES-DESCRIBE,YTI 1,Equation,constructed/open response,,
191,U4-S2-EX-02,Notes Example,4.2,I can build translated graphs by moving key points and key features from a parent function.,Intro,4.2-NOTES-DESCRIBE,Example 2,Equation,constructed/open response,,
192,U4-S2-YTI-02,Notes YTI,4.2,I can build translated graphs by moving key points and key features from a parent function.,Intro,4.2-NOTES-POINTS,YTI 2,Table,constructed/open response,,
193,U4-S2-EX-03,Notes Example,4.2,I can use horizontal and vertical shifts to write equations for translated functions.,Intro,4.2-NOTES-POINTS,Example 3,Table,constructed/open response,,
194,U4-S2-YTI-03,Notes YTI,4.2,I can use horizontal and vertical shifts to write equations for translated functions.,Intro,4.2-NOTES-GRAPH,YTI 3,Graph,constructed/open response,,
195,U4-S2-EX-04,Notes Example,4.2,I can use horizontal and vertical shifts to write equations for translated functions.,Intro,4.2-NOTES-GRAPH,Example 4,Graph,constructed/open response,,
196,U4-S2-YTI-04,Notes YTI,4.2,I can use horizontal and vertical shifts to write equations for translated functions.,Intro,4.2-NOTES-MISCONCEPTION,YTI 4,Equation reasoning,constructed/open response,,
197,U4-S2-EX-05,Notes Example,4.2,"I can predict how changing values in an equation moves a graph left, right, up, or down.",Intro,4.2-NOTES-MISCONCEPTION,Example 5,Equation reasoning,constructed/open response,,
198,U4-S2-YTI-05,Notes YTI,4.2,"I can predict how changing values in an equation moves a graph left, right, up, or down.",Intro,4.2-NOTES-WRITE,YTI 5,Equation,constructed/open response,,
199,U4-S2-EX-06,Notes Example,4.2,"I can predict how changing values in an equation moves a graph left, right, up, or down.",Intro,4.2-NOTES-WRITE,Example 6,Equation,constructed/open response,,
200,U4-S2-YTI-06,Notes YTI,4.2,"I can predict how changing values in an equation moves a graph left, right, up, or down.",Intro,4.2-NOTES-DESCRIBE,YTI 6,Equation,constructed/open response,,
201,U4-S2-P1-01,Practice Set 1,4.2,I can build translated graphs by moving key points and key features from a parent function.,Intro,4.2-P-POINTS,F1-1,Table,constructed/open response,,
202,U4-S2-P1-02,Practice Set 1,4.2,I can build translated graphs by moving key points and key features from a parent function.,Intro,4.2-P-GRAPH,F1-2,Graph,constructed/open response,,
203,U4-S2-P1-03,Practice Set 1,4.2,I can build translated graphs by moving key points and key features from a parent function.,Intro,4.2-P-MISCONCEPTION,F1-3,Equation reasoning,constructed/open response,,
204,U4-S2-P1-04,Practice Set 1,4.2,I can build translated graphs by moving key points and key features from a parent function.,Intro,4.2-P-WRITE,F1-4,Equation,constructed/open response,,
205,U4-S2-P1-05,Practice Set 1,4.2,I can build translated graphs by moving key points and key features from a parent function.,Intro,4.2-P-DESCRIBE,F1-5,Equation,constructed/open response,,
206,U4-S2-P1-06,Practice Set 1,4.2,I can build translated graphs by moving key points and key features from a parent function.,Intro,4.2-P-POINTS,F1-6,Table,constructed/open response,,
207,U4-S2-P1-07,Practice Set 1,4.2,I can use horizontal and vertical shifts to write equations for translated functions.,Intro,4.2-P-GRAPH,F1-7,Graph,constructed/open response,,
208,U4-S2-P1-08,Practice Set 1,4.2,I can use horizontal and vertical shifts to write equations for translated functions.,Intro,4.2-P-MISCONCEPTION,F1-8,Equation reasoning,constructed/open response,,
209,U4-S2-P1-09,Practice Set 1,4.2,I can use horizontal and vertical shifts to write equations for translated functions.,Intro,4.2-P-WRITE,F1-9,Equation,constructed/open response,,
210,U4-S2-P1-10,Practice Set 1,4.2,I can use horizontal and vertical shifts to write equations for translated functions.,Intro,4.2-P-DESCRIBE,F1-10,Equation,constructed/open response,,
211,U4-S2-P1-11,Practice Set 1,4.2,I can use horizontal and vertical shifts to write equations for translated functions.,Intro,4.2-P-POINTS,F1-11,Table,constructed/open response,,
212,U4-S2-P1-12,Practice Set 1,4.2,I can use horizontal and vertical shifts to write equations for translated functions.,Intro,4.2-P-GRAPH,F1-12,Graph,constructed/open response,,
213,U4-S2-P1-13,Practice Set 1,4.2,"I can predict how changing values in an equation moves a graph left, right, up, or down.",Intro,4.2-P-POINTS,F1-13,Table,constructed/open response,,
214,U4-S2-P1-14,Practice Set 1,4.2,"I can predict how changing values in an equation moves a graph left, right, up, or down.",Intro,4.2-P-GRAPH,F1-14,Graph,constructed/open response,,
215,U4-S2-P1-15,Practice Set 1,4.2,"I can predict how changing values in an equation moves a graph left, right, up, or down.",Intro,4.2-P-DESCRIBE,F1-15,Equation,constructed/open response,,
216,U4-S2-P1-16,Practice Set 1,4.2,"I can predict how changing values in an equation moves a graph left, right, up, or down.",Intro,4.2-P-POINTS,F1-16,Table,constructed/open response,,
217,U4-S2-P1-17,Practice Set 1,4.2,"I can predict how changing values in an equation moves a graph left, right, up, or down.",Intro,4.2-P-GRAPH,F1-17,Graph,constructed/open response,,
218,U4-S2-P1-18,Practice Set 1,4.2,"I can predict how changing values in an equation moves a graph left, right, up, or down.",Intro,4.2-P-MISCONCEPTION,F1-18,Equation reasoning,constructed/open response,,
219,U4-S2-PracticeSet1-19,Practice Set 1,4.2,Graph and interpret linear inequalities.,Review,4.2-LIN-INEQ,Review-119,Graph production,constructed/open response,,
220,U4-S2-PracticeSet1-20,Practice Set 1,4.2,Graph and interpret linear inequalities.,Review,4.2-LIN-INEQ,Review-120,Graph production,constructed/open response,,
221,U4-S2-PracticeSet1-21,Practice Set 1,4.2,Graph and interpret linear inequalities.,Review,4.2-LIN-INEQ,Review-121,Graph production,constructed/open response,,
222,U4-S2-PracticeSet1-22,Practice Set 1,4.2,Graph linear functions and interpret key features.,Mastery,4.2-LIN-GRAPH,Mastery-122,Table + Equation,constructed/open response,,
223,U4-S2-PracticeSet1-23,Practice Set 1,4.2,Graph linear functions and interpret key features.,Mastery,4.2-LIN-GRAPH,Mastery-123,Table + Equation,constructed/open response,,
224,U4-S2-PracticeSet1-24,Practice Set 1,4.2,Graph linear functions and interpret key features.,Mastery,4.2-LIN-GRAPH,Mastery-124,Table + Equation,constructed/open response,,
225,U4-S2-P2-01,Practice Set 2,4.2,I can build translated graphs by moving key points and key features from a parent function.,Intro,4.2-P-GRAPH,F2-1,Graph,constructed/open response,,
226,U4-S2-P2-02,Practice Set 2,4.2,I can build translated graphs by moving key points and key features from a parent function.,Intro,4.2-P-MISCONCEPTION,F2-2,Equation reasoning,constructed/open response,,
227,U4-S2-P2-03,Practice Set 2,4.2,I can build translated graphs by moving key points and key features from a parent function.,Intro,4.2-P-WRITE,F2-3,Equation,constructed/open response,,
228,U4-S2-P2-04,Practice Set 2,4.2,I can build translated graphs by moving key points and key features from a parent function.,Intro,4.2-P-DESCRIBE,F2-4,Equation,constructed/open response,,
229,U4-S2-P2-05,Practice Set 2,4.2,I can build translated graphs by moving key points and key features from a parent function.,Intro,4.2-P-POINTS,F2-5,Table,constructed/open response,,
230,U4-S2-P2-06,Practice Set 2,4.2,I can build translated graphs by moving key points and key features from a parent function.,Intro,4.2-P-POINTS,F2-6,Table,constructed/open response,,
231,U4-S2-P2-07,Practice Set 2,4.2,I can use horizontal and vertical shifts to write equations for translated functions.,Intro,4.2-P-GRAPH,F2-7,Graph,constructed/open response,,
232,U4-S2-P2-08,Practice Set 2,4.2,I can use horizontal and vertical shifts to write equations for translated functions.,Intro,4.2-P-WRITE,F2-8,Equation,constructed/open response,,
233,U4-S2-P2-09,Practice Set 2,4.2,I can use horizontal and vertical shifts to write equations for translated functions.,Intro,4.2-P-DESCRIBE,F2-9,Equation,constructed/open response,,
234,U4-S2-P2-10,Practice Set 2,4.2,I can use horizontal and vertical shifts to write equations for translated functions.,Intro,4.2-P-POINTS,F2-10,Table,constructed/open response,,
235,U4-S2-P2-11,Practice Set 2,4.2,I can use horizontal and vertical shifts to write equations for translated functions.,Intro,4.2-P-GRAPH,F2-11,Graph,constructed/open response,,
236,U4-S2-P2-12,Practice Set 2,4.2,I can use horizontal and vertical shifts to write equations for translated functions.,Intro,4.2-P-MISCONCEPTION,F2-12,Equation reasoning,constructed/open response,,
237,U4-S2-P2-13,Practice Set 2,4.2,"I can predict how changing values in an equation moves a graph left, right, up, or down.",Intro,4.2-P-POINTS,F2-13,Table,constructed/open response,,
238,U4-S2-P2-14,Practice Set 2,4.2,"I can predict how changing values in an equation moves a graph left, right, up, or down.",Intro,4.2-P-GRAPH,F2-14,Graph,constructed/open response,,
239,U4-S2-P2-15,Practice Set 2,4.2,"I can predict how changing values in an equation moves a graph left, right, up, or down.",Intro,4.2-P-POINTS,F2-15,Table,constructed/open response,,
240,U4-S2-P2-16,Practice Set 2,4.2,"I can predict how changing values in an equation moves a graph left, right, up, or down.",Intro,4.2-P-GRAPH,F2-16,Graph,constructed/open response,,
241,U4-S2-P2-17,Practice Set 2,4.2,"I can predict how changing values in an equation moves a graph left, right, up, or down.",Intro,4.2-P-MISCONCEPTION,F2-17,Equation reasoning,constructed/open response,,
242,U4-S2-P2-18,Practice Set 2,4.2,"I can predict how changing values in an equation moves a graph left, right, up, or down.",Intro,4.2-P-WRITE,F2-18,Equation,constructed/open response,,
243,U4-S2-PracticeSet2-19,Practice Set 2,4.2,Graph and interpret linear inequalities.,Review,4.2-LIN-INEQ,Review-219,Graph production,constructed/open response,,
244,U4-S2-PracticeSet2-20,Practice Set 2,4.2,Graph and interpret linear inequalities.,Review,4.2-LIN-INEQ,Review-220,Graph production,constructed/open response,,
245,U4-S2-PracticeSet2-21,Practice Set 2,4.2,Graph and interpret linear inequalities.,Review,4.2-LIN-INEQ,Review-221,Graph production,constructed/open response,,
246,U4-S2-PracticeSet2-22,Practice Set 2,4.2,Graph linear functions and interpret key features.,Mastery,4.2-LIN-GRAPH,Mastery-222,Table + Equation,constructed/open response,,
247,U4-S2-PracticeSet2-23,Practice Set 2,4.2,Graph linear functions and interpret key features.,Mastery,4.2-LIN-GRAPH,Mastery-223,Table + Equation,constructed/open response,,
248,U4-S2-PracticeSet2-24,Practice Set 2,4.2,Graph linear functions and interpret key features.,Mastery,4.2-LIN-GRAPH,Mastery-224,Table + Equation,constructed/open response,,
249,U4-S2-P3-01,Practice Set 3,4.2,I can build translated graphs by moving key points and key features from a parent function.,Intro,4.2-P-MISCONCEPTION,F3-1,Equation reasoning,constructed/open response,,
250,U4-S2-P3-02,Practice Set 3,4.2,I can build translated graphs by moving key points and key features from a parent function.,Intro,4.2-P-WRITE,F3-2,Equation,constructed/open response,,
251,U4-S2-P3-03,Practice Set 3,4.2,I can build translated graphs by moving key points and key features from a parent function.,Intro,4.2-P-DESCRIBE,F3-3,Equation,constructed/open response,,
252,U4-S2-P3-04,Practice Set 3,4.2,I can build translated graphs by moving key points and key features from a parent function.,Intro,4.2-P-POINTS,F3-4,Table,constructed/open response,,
253,U4-S2-P3-05,Practice Set 3,4.2,I can build translated graphs by moving key points and key features from a parent function.,Intro,4.2-P-GRAPH,F3-5,Graph,constructed/open response,,
254,U4-S2-P3-06,Practice Set 3,4.2,I can build translated graphs by moving key points and key features from a parent function.,Intro,4.2-P-POINTS,F3-6,Table,constructed/open response,,
255,U4-S2-P3-07,Practice Set 3,4.2,I can use horizontal and vertical shifts to write equations for translated functions.,Intro,4.2-P-GRAPH,F3-7,Graph,constructed/open response,,
256,U4-S2-P3-08,Practice Set 3,4.2,I can use horizontal and vertical shifts to write equations for translated functions.,Intro,4.2-P-DESCRIBE,F3-8,Equation,constructed/open response,,
257,U4-S2-P3-09,Practice Set 3,4.2,I can use horizontal and vertical shifts to write equations for translated functions.,Intro,4.2-P-POINTS,F3-9,Table,constructed/open response,,
258,U4-S2-P3-10,Practice Set 3,4.2,I can use horizontal and vertical shifts to write equations for translated functions.,Intro,4.2-P-GRAPH,F3-10,Graph,constructed/open response,,
259,U4-S2-P3-11,Practice Set 3,4.2,I can use horizontal and vertical shifts to write equations for translated functions.,Intro,4.2-P-MISCONCEPTION,F3-11,Equation reasoning,constructed/open response,,
260,U4-S2-P3-12,Practice Set 3,4.2,I can use horizontal and vertical shifts to write equations for translated functions.,Intro,4.2-P-WRITE,F3-12,Equation,constructed/open response,,
261,U4-S2-P3-13,Practice Set 3,4.2,"I can predict how changing values in an equation moves a graph left, right, up, or down.",Intro,4.2-P-POINTS,F3-13,Table,constructed/open response,,
262,U4-S2-P3-14,Practice Set 3,4.2,"I can predict how changing values in an equation moves a graph left, right, up, or down.",Intro,4.2-P-GRAPH,F3-14,Graph,constructed/open response,,
263,U4-S2-P3-15,Practice Set 3,4.2,"I can predict how changing values in an equation moves a graph left, right, up, or down.",Intro,4.2-P-GRAPH,F3-15,Graph,constructed/open response,,
264,U4-S2-P3-16,Practice Set 3,4.2,"I can predict how changing values in an equation moves a graph left, right, up, or down.",Intro,4.2-P-MISCONCEPTION,F3-16,Equation reasoning,constructed/open response,,
265,U4-S2-P3-17,Practice Set 3,4.2,"I can predict how changing values in an equation moves a graph left, right, up, or down.",Intro,4.2-P-WRITE,F3-17,Equation,constructed/open response,,
266,U4-S2-P3-18,Practice Set 3,4.2,"I can predict how changing values in an equation moves a graph left, right, up, or down.",Intro,4.2-P-DESCRIBE,F3-18,Equation,constructed/open response,,
267,U4-S2-PracticeSet3-19,Practice Set 3,4.2,Graph and interpret linear inequalities.,Review,4.2-LIN-INEQ,Review-319,Graph production,constructed/open response,,
268,U4-S2-PracticeSet3-20,Practice Set 3,4.2,Graph and interpret linear inequalities.,Review,4.2-LIN-INEQ,Review-320,Graph production,constructed/open response,,
269,U4-S2-PracticeSet3-21,Practice Set 3,4.2,Graph and interpret linear inequalities.,Review,4.2-LIN-INEQ,Review-321,Graph production,constructed/open response,,
270,U4-S2-PracticeSet3-22,Practice Set 3,4.2,Graph linear functions and interpret key features.,Mastery,4.2-LIN-GRAPH,Mastery-322,Table + Equation,constructed/open response,,
271,U4-S2-PracticeSet3-23,Practice Set 3,4.2,Graph linear functions and interpret key features.,Mastery,4.2-LIN-GRAPH,Mastery-323,Table + Equation,constructed/open response,,
272,U4-S2-PracticeSet3-24,Practice Set 3,4.2,Graph linear functions and interpret key features.,Mastery,4.2-LIN-GRAPH,Mastery-324,Table + Equation,constructed/open response,,
273,U4-S2-PX-01,Extra Practice,4.2,I can build translated graphs by moving key points and key features from a parent function.,Intro,4.2-P-WRITE,F4-1,Equation,constructed/open response,,
274,U4-S2-PX-02,Extra Practice,4.2,I can build translated graphs by moving key points and key features from a parent function.,Intro,4.2-P-DESCRIBE,F4-2,Equation,constructed/open response,,
275,U4-S2-PX-03,Extra Practice,4.2,I can build translated graphs by moving key points and key features from a parent function.,Intro,4.2-P-POINTS,F4-3,Table,constructed/open response,,
276,U4-S2-PX-04,Extra Practice,4.2,I can build translated graphs by moving key points and key features from a parent function.,Intro,4.2-P-GRAPH,F4-4,Graph,constructed/open response,,
277,U4-S2-PX-05,Extra Practice,4.2,I can build translated graphs by moving key points and key features from a parent function.,Intro,4.2-P-MISCONCEPTION,F4-5,Equation reasoning,constructed/open response,,
278,U4-S2-PX-06,Extra Practice,4.2,I can build translated graphs by moving key points and key features from a parent function.,Intro,4.2-P-POINTS,F4-6,Table,constructed/open response,,
279,U4-S2-PX-07,Extra Practice,4.2,I can use horizontal and vertical shifts to write equations for translated functions.,Intro,4.2-P-GRAPH,F4-7,Graph,constructed/open response,,
280,U4-S2-PX-08,Extra Practice,4.2,I can use horizontal and vertical shifts to write equations for translated functions.,Intro,4.2-P-POINTS,F4-8,Table,constructed/open response,,
281,U4-S2-PX-09,Extra Practice,4.2,I can use horizontal and vertical shifts to write equations for translated functions.,Intro,4.2-P-GRAPH,F4-9,Graph,constructed/open response,,
282,U4-S2-PX-10,Extra Practice,4.2,I can use horizontal and vertical shifts to write equations for translated functions.,Intro,4.2-P-MISCONCEPTION,F4-10,Equation reasoning,constructed/open response,,
283,U4-S2-PX-11,Extra Practice,4.2,I can use horizontal and vertical shifts to write equations for translated functions.,Intro,4.2-P-WRITE,F4-11,Equation,constructed/open response,,
284,U4-S2-PX-12,Extra Practice,4.2,I can use horizontal and vertical shifts to write equations for translated functions.,Intro,4.2-P-DESCRIBE,F4-12,Equation,constructed/open response,,
285,U4-S2-PX-13,Extra Practice,4.2,"I can predict how changing values in an equation moves a graph left, right, up, or down.",Intro,4.2-P-POINTS,F4-13,Table,constructed/open response,,
286,U4-S2-PX-14,Extra Practice,4.2,"I can predict how changing values in an equation moves a graph left, right, up, or down.",Intro,4.2-P-GRAPH,F4-14,Graph,constructed/open response,,
287,U4-S2-PX-15,Extra Practice,4.2,"I can predict how changing values in an equation moves a graph left, right, up, or down.",Intro,4.2-P-MISCONCEPTION,F4-15,Equation reasoning,constructed/open response,,
288,U4-S2-PX-16,Extra Practice,4.2,"I can predict how changing values in an equation moves a graph left, right, up, or down.",Intro,4.2-P-WRITE,F4-16,Equation,constructed/open response,,
289,U4-S2-PX-17,Extra Practice,4.2,"I can predict how changing values in an equation moves a graph left, right, up, or down.",Intro,4.2-P-DESCRIBE,F4-17,Equation,constructed/open response,,
290,U4-S2-PX-18,Extra Practice,4.2,"I can predict how changing values in an equation moves a graph left, right, up, or down.",Intro,4.2-P-POINTS,F4-18,Table,constructed/open response,,
291,U4-S2-ExtraPractice-19,Extra Practice,4.2,Graph and interpret linear inequalities.,Review,4.2-LIN-INEQ,Review-419,Graph production,constructed/open response,,
292,U4-S2-ExtraPractice-20,Extra Practice,4.2,Graph and interpret linear inequalities.,Review,4.2-LIN-INEQ,Review-420,Graph production,constructed/open response,,
293,U4-S2-ExtraPractice-21,Extra Practice,4.2,Graph and interpret linear inequalities.,Review,4.2-LIN-INEQ,Review-421,Graph production,constructed/open response,,
294,U4-S2-ExtraPractice-22,Extra Practice,4.2,Graph linear functions and interpret key features.,Mastery,4.2-LIN-GRAPH,Mastery-422,Table + Equation,constructed/open response,,
295,U4-S2-ExtraPractice-23,Extra Practice,4.2,Graph linear functions and interpret key features.,Mastery,4.2-LIN-GRAPH,Mastery-423,Table + Equation,constructed/open response,,
296,U4-S2-ExtraPractice-24,Extra Practice,4.2,Graph linear functions and interpret key features.,Mastery,4.2-LIN-GRAPH,Mastery-424,Table + Equation,constructed/open response,,
297,U4-S2-CYU-01,CYU,4.2,I can build translated graphs by moving key points and key features from a parent function.,Intro,4.2-CYU-POINTS,CYU-1,Table,constructed/open response,,
298,U4-S2-CYU-02,CYU,4.2,I can build translated graphs by moving key points and key features from a parent function.,Intro,4.2-CYU-MISCONCEPTION,CYU-2,Equation reasoning,constructed/open response,,
299,U4-S2-CYU-03,CYU,4.2,I can use horizontal and vertical shifts to write equations for translated functions.,Intro,4.2-CYU-DESCRIBE,CYU-3,Equation,constructed/open response,,
300,U4-S2-CYU-04,CYU,4.2,I can use horizontal and vertical shifts to write equations for translated functions.,Intro,4.2-CYU-GRAPH,CYU-4,Graph,constructed/open response,,
301,U4-S2-CYU-05,CYU,4.2,"I can predict how changing values in an equation moves a graph left, right, up, or down.",Intro,4.2-CYU-WRITE,CYU-5,Equation,constructed/open response,,
302,U4-S2-CYU-06,CYU,4.2,"I can predict how changing values in an equation moves a graph left, right, up, or down.",Intro,4.2-CYU-POINTS,CYU-6,Table,constructed/open response,,
303,U4-S2-WU1-01,Warm-Up 1,4.2,"Accurately perform operations with integers, fractions, and decimals while interpreting results in mathematical and contextual situations.",Prior/Review,ALG-DIAMOND-INTEGER,S2,Diamond,constructed/open response,,
304,U4-S2-WarmUp1-02,Warm-Up 1,4.2,Graph and interpret linear inequalities.,Review,4.2-LIN-INEQ,Review-722,Graph production,constructed/open response,,
305,U4-S2-WarmUp1-03,Warm-Up 1,4.2,Graph and interpret linear inequalities.,Review,4.2-LIN-INEQ,Review-723,Graph production,constructed/open response,,
306,U4-S2-WarmUp1-04,Warm-Up 1,4.2,Graph and interpret linear inequalities.,Review,4.2-LIN-INEQ,Review-724,Graph production,constructed/open response,,
307,U4-S2-WU2-01,Warm-Up 2,4.2,I can build translated graphs by moving key points and key features from a parent function.,Intro,4.2-WU2-DESCRIBE,1,Equation,constructed/open response,,
308,U4-S2-WU2-02,Warm-Up 2,4.2,I can use horizontal and vertical shifts to write equations for translated functions.,Intro,4.2-WU2-POINTS,2,Table,constructed/open response,,
309,U4-S2-WarmUp2-03,Warm-Up 2,4.2,Graph and interpret linear inequalities.,Review,4.2-LIN-INEQ,Review-752,Graph production,constructed/open response,,
310,U4-S2-WarmUp2-04,Warm-Up 2,4.2,Graph linear functions and interpret key features.,Mastery,4.2-LIN-GRAPH,Mastery-762,Table + Equation,constructed/open response,,
311,U4-S2-WU3-01,Warm-Up 3,4.2,"I can predict how changing values in an equation moves a graph left, right, up, or down.",Intro,4.2-WU3-GRAPH,1,Graph,constructed/open response,,
312,U4-S2-WarmUp3-02,Warm-Up 3,4.2,Graph and interpret linear inequalities.,Review,4.2-LIN-INEQ,Review-792,Graph production,constructed/open response,,
313,U4-S2-WarmUp3-03,Warm-Up 3,4.2,Graph linear functions and interpret key features.,Mastery,4.2-LIN-GRAPH,Mastery-802,Table + Equation,constructed/open response,,
314,U4-S2-WarmUp3-04,Warm-Up 3,4.2,Graph linear functions and interpret key features.,Mastery,4.2-LIN-GRAPH,Mastery-812,Table + Equation,constructed/open response,,
315,U4-S2-ETA-01,Exit Ticket A,4.2,I can build translated graphs by moving key points and key features from a parent function.,Intro,4.2-ETA-POINTS,1,Table,constructed/open response,,
316,U4-S2-ETA-02,Exit Ticket A,4.2,I can use horizontal and vertical shifts to write equations for translated functions.,Intro,4.2-ETA-GRAPH,2,Graph,constructed/open response,,
317,U4-S2-ETA-03,Exit Ticket A,4.2,"I can predict how changing values in an equation moves a graph left, right, up, or down.",Intro,4.2-ETA-MISCONCEPTION,3,Equation reasoning,constructed/open response,,
318,U4-S2-ETA-04,Exit Ticket A,4.2,I can use horizontal and vertical shifts to write equations for translated functions.,Intro,4.2-ETA-WRITE,4,Equation,constructed/open response,,
319,U4-S2-ExitTicketB-01,Exit Ticket B,4.2,Graph and interpret linear inequalities.,Review,4.2-LIN-INEQ,Review-961,Graph production,constructed/open response,,
320,U4-S2-ExitTicketB-02,Exit Ticket B,4.2,Graph and interpret linear inequalities.,Review,4.2-LIN-INEQ-GRAPH,Review-962,Graph production,constructed/open response,,
321,U4-S2-ExitTicketB-03,Exit Ticket B,4.2,Graph and interpret linear inequalities.,Review,4.2-LIN-INEQ-VERTICAL,Review-963,Graph production,constructed/open response,,
322,U4-S2-ExitTicketB-04,Exit Ticket B,4.2,Graph and interpret linear inequalities.,Review,4.2-LIN-INEQ-POINT-TEST,Review-964,Equation + solution-region reasoning,constructed/open response,,
323,U4-S2-ETC-01,Exit Ticket C,4.2,"Graph linear functions and write linear equations from slope, intercepts, tables, graphs, and situations.",Mastery/Portfolio,4.2-LIN-GRAPH,Mastery-1001,Table + Equation,constructed/open response,,U4-MG02
324,U4-S2-ETC-02,Exit Ticket C,4.2,"Graph linear functions and write linear equations from slope, intercepts, tables, graphs, and situations.",Mastery/Portfolio,4.2-MG02-CONTEXT-EQ,Mastery-1002,Context + Equation,constructed/open response,,U4-MG02
325,U4-S2-ETC-03,Exit Ticket C,4.2,"Graph linear functions and write linear equations from slope, intercepts, tables, graphs, and situations.",Mastery/Portfolio,4.2-MG02-TWO-POINT-EQ,Mastery-1003,Points + Equation,constructed/open response,,U4-MG02
326,U4-S2-ETC-04,Exit Ticket C,4.2,"Graph linear functions and write linear equations from slope, intercepts, tables, graphs, and situations.",Mastery/Portfolio,4.2-MG02-EQ-GRAPH,Mastery-1004,Equation + Graph production,constructed/open response,,U4-MG02
327,U4-S3-WTC-001,WTC,4.3,"I can design transformed graphs using stretches, compressions, reflections, and translations of parent functions.",Intro,4.3-WTC-SHARED,A,Table + Graph,constructed/open response,,
328,U4-S3-EX-01,Notes Example,4.3,"I can design transformed graphs using stretches, compressions, reflections, and translations of parent functions.",Intro,4.3-NOTES-DESCRIBE,Example 1,Equation,constructed/open response,,
329,U4-S3-YTI-01,Notes YTI,4.3,"I can design transformed graphs using stretches, compressions, reflections, and translations of parent functions.",Intro,4.3-NOTES-POINTS,YTI 1,Table,constructed/open response,,
330,U4-S3-EX-02,Notes Example,4.3,"I can design transformed graphs using stretches, compressions, reflections, and translations of parent functions.",Intro,4.3-NOTES-POINTS,Example 2,Table,constructed/open response,,
331,U4-S3-YTI-02,Notes YTI,4.3,"I can design transformed graphs using stretches, compressions, reflections, and translations of parent functions.",Intro,4.3-NOTES-GRAPH,YTI 2,Graph,constructed/open response,,
332,U4-S3-EX-03,Notes Example,4.3,I can apply transformation rules to key points and features across function families.,Intro,4.3-NOTES-GRAPH,Example 3,Graph,constructed/open response,,
333,U4-S3-YTI-03,Notes YTI,4.3,I can apply transformation rules to key points and features across function families.,Intro,4.3-NOTES-EQUIV,YTI 3,Equation + Table,constructed/open response,,
334,U4-S3-EX-04,Notes Example,4.3,I can apply transformation rules to key points and features across function families.,Intro,4.3-NOTES-EQUIV,Example 4,Equation + Table,constructed/open response,,
335,U4-S3-YTI-04,Notes YTI,4.3,I can apply transformation rules to key points and features across function families.,Intro,4.3-NOTES-MISCONCEPTION,YTI 4,Conceptual diagnosis,constructed/open response,,
336,U4-S3-EX-05,Notes Example,4.3,"I can assess whether an equation, graph, or table represents the same transformed function.",Intro,4.3-NOTES-MISCONCEPTION,Example 5,Conceptual diagnosis,constructed/open response,,
337,U4-S3-YTI-05,Notes YTI,4.3,"I can assess whether an equation, graph, or table represents the same transformed function.",Intro,4.3-NOTES-DESCRIBE,YTI 5,Equation,constructed/open response,,
338,U4-S3-EX-06,Notes Example,4.3,"I can assess whether an equation, graph, or table represents the same transformed function.",Intro,4.3-NOTES-DESCRIBE,Example 6,Equation,constructed/open response,,
339,U4-S3-YTI-06,Notes YTI,4.3,"I can assess whether an equation, graph, or table represents the same transformed function.",Intro,4.3-NOTES-POINTS,YTI 6,Table,constructed/open response,,
340,U4-S3-P1-01,Practice Set 1,4.3,"I can design transformed graphs using stretches, compressions, reflections, and translations of parent functions.",Intro,4.3-P-GRAPH,F1-1,Graph,constructed/open response,,
341,U4-S3-P1-02,Practice Set 1,4.3,"I can design transformed graphs using stretches, compressions, reflections, and translations of parent functions.",Intro,4.3-P-EQUIV,F1-2,Equation + Table,constructed/open response,,
342,U4-S3-P1-03,Practice Set 1,4.3,"I can design transformed graphs using stretches, compressions, reflections, and translations of parent functions.",Intro,4.3-P-MISCONCEPTION,F1-3,Conceptual diagnosis,constructed/open response,,
343,U4-S3-P1-04,Practice Set 1,4.3,"I can design transformed graphs using stretches, compressions, reflections, and translations of parent functions.",Intro,4.3-P-DESCRIBE,F1-4,Equation,constructed/open response,,
344,U4-S3-P1-05,Practice Set 1,4.3,"I can design transformed graphs using stretches, compressions, reflections, and translations of parent functions.",Intro,4.3-P-POINTS,F1-5,Table,constructed/open response,,
345,U4-S3-P1-06,Practice Set 1,4.3,"I can design transformed graphs using stretches, compressions, reflections, and translations of parent functions.",Intro,4.3-P-POINTS,F1-6,Table,constructed/open response,,
346,U4-S3-P1-07,Practice Set 1,4.3,I can apply transformation rules to key points and features across function families.,Intro,4.3-P-GRAPH,F1-7,Graph,constructed/open response,,
347,U4-S3-P1-08,Practice Set 1,4.3,I can apply transformation rules to key points and features across function families.,Intro,4.3-P-MISCONCEPTION,F1-8,Conceptual diagnosis,constructed/open response,,
348,U4-S3-P1-09,Practice Set 1,4.3,I can apply transformation rules to key points and features across function families.,Intro,4.3-P-DESCRIBE,F1-9,Equation,constructed/open response,,
349,U4-S3-P1-10,Practice Set 1,4.3,I can apply transformation rules to key points and features across function families.,Intro,4.3-P-POINTS,F1-10,Table,constructed/open response,,
350,U4-S3-P1-11,Practice Set 1,4.3,I can apply transformation rules to key points and features across function families.,Intro,4.3-P-GRAPH,F1-11,Graph,constructed/open response,,
351,U4-S3-P1-12,Practice Set 1,4.3,I can apply transformation rules to key points and features across function families.,Intro,4.3-P-EQUIV,F1-12,Equation + Table,constructed/open response,,
352,U4-S3-P1-13,Practice Set 1,4.3,"I can assess whether an equation, graph, or table represents the same transformed function.",Intro,4.3-P-POINTS,F1-13,Table,constructed/open response,,
353,U4-S3-P1-14,Practice Set 1,4.3,"I can assess whether an equation, graph, or table represents the same transformed function.",Intro,4.3-P-GRAPH,F1-14,Graph,constructed/open response,,
354,U4-S3-P1-15,Practice Set 1,4.3,"I can assess whether an equation, graph, or table represents the same transformed function.",Intro,4.3-P-POINTS,F1-15,Table,constructed/open response,,
355,U4-S3-P1-16,Practice Set 1,4.3,"I can assess whether an equation, graph, or table represents the same transformed function.",Intro,4.3-P-GRAPH,F1-16,Graph,constructed/open response,,
356,U4-S3-P1-17,Practice Set 1,4.3,"I can assess whether an equation, graph, or table represents the same transformed function.",Intro,4.3-P-EQUIV,F1-17,Equation + Table,constructed/open response,,
357,U4-S3-P1-18,Practice Set 1,4.3,"I can assess whether an equation, graph, or table represents the same transformed function.",Intro,4.3-P-MISCONCEPTION,F1-18,Conceptual diagnosis,constructed/open response,,
358,U4-S3-PracticeSet1-19,Practice Set 1,4.3,Analyze and interpret systems of linear inequalities.,Review,4.3-SYS-INEQ,Review-119,Graph reasoning,constructed/open response,,
359,U4-S3-PracticeSet1-20,Practice Set 1,4.3,Analyze and interpret systems of linear inequalities.,Review,4.3-SYS-INEQ,Review-120,Graph reasoning,constructed/open response,,
360,U4-S3-PracticeSet1-21,Practice Set 1,4.3,Analyze and interpret systems of linear inequalities.,Review,4.3-SYS-INEQ,Review-121,Graph reasoning,constructed/open response,,
361,U4-S3-PracticeSet1-22,Practice Set 1,4.3,Interpret slope as a measure of constant rate of change.,Mastery,4.3-SLOPE,Mastery-122,Context + Equation,constructed/open response,,
362,U4-S3-PracticeSet1-23,Practice Set 1,4.3,Interpret slope as a measure of constant rate of change.,Mastery,4.3-SLOPE,Mastery-123,Context + Equation,constructed/open response,,
363,U4-S3-PracticeSet1-24,Practice Set 1,4.3,Interpret slope as a measure of constant rate of change.,Mastery,4.3-SLOPE,Mastery-124,Context + Equation,constructed/open response,,
364,U4-S3-P2-01,Practice Set 2,4.3,"I can design transformed graphs using stretches, compressions, reflections, and translations of parent functions.",Intro,4.3-P-EQUIV,F2-1,Equation + Table,constructed/open response,,
365,U4-S3-P2-02,Practice Set 2,4.3,"I can design transformed graphs using stretches, compressions, reflections, and translations of parent functions.",Intro,4.3-P-MISCONCEPTION,F2-2,Conceptual diagnosis,constructed/open response,,
366,U4-S3-P2-03,Practice Set 2,4.3,"I can design transformed graphs using stretches, compressions, reflections, and translations of parent functions.",Intro,4.3-P-DESCRIBE,F2-3,Equation,constructed/open response,,
367,U4-S3-P2-04,Practice Set 2,4.3,"I can design transformed graphs using stretches, compressions, reflections, and translations of parent functions.",Intro,4.3-P-POINTS,F2-4,Table,constructed/open response,,
368,U4-S3-P2-05,Practice Set 2,4.3,"I can design transformed graphs using stretches, compressions, reflections, and translations of parent functions.",Intro,4.3-P-GRAPH,F2-5,Graph,constructed/open response,,
369,U4-S3-P2-06,Practice Set 2,4.3,"I can design transformed graphs using stretches, compressions, reflections, and translations of parent functions.",Intro,4.3-P-POINTS,F2-6,Table,constructed/open response,,
370,U4-S3-P2-07,Practice Set 2,4.3,I can apply transformation rules to key points and features across function families.,Intro,4.3-P-GRAPH,F2-7,Graph,constructed/open response,,
371,U4-S3-P2-08,Practice Set 2,4.3,I can apply transformation rules to key points and features across function families.,Intro,4.3-P-DESCRIBE,F2-8,Equation,constructed/open response,,
372,U4-S3-P2-09,Practice Set 2,4.3,I can apply transformation rules to key points and features across function families.,Intro,4.3-P-POINTS,F2-9,Table,constructed/open response,,
373,U4-S3-P2-10,Practice Set 2,4.3,I can apply transformation rules to key points and features across function families.,Intro,4.3-P-GRAPH,F2-10,Graph,constructed/open response,,
374,U4-S3-P2-11,Practice Set 2,4.3,I can apply transformation rules to key points and features across function families.,Intro,4.3-P-EQUIV,F2-11,Equation + Table,constructed/open response,,
375,U4-S3-P2-12,Practice Set 2,4.3,I can apply transformation rules to key points and features across function families.,Intro,4.3-P-MISCONCEPTION,F2-12,Conceptual diagnosis,constructed/open response,,
376,U4-S3-P2-13,Practice Set 2,4.3,"I can assess whether an equation, graph, or table represents the same transformed function.",Intro,4.3-P-POINTS,F2-13,Table,constructed/open response,,
377,U4-S3-P2-14,Practice Set 2,4.3,"I can assess whether an equation, graph, or table represents the same transformed function.",Intro,4.3-P-GRAPH,F2-14,Graph,constructed/open response,,
378,U4-S3-P2-15,Practice Set 2,4.3,"I can assess whether an equation, graph, or table represents the same transformed function.",Intro,4.3-P-GRAPH,F2-15,Graph,constructed/open response,,
379,U4-S3-P2-16,Practice Set 2,4.3,"I can assess whether an equation, graph, or table represents the same transformed function.",Intro,4.3-P-EQUIV,F2-16,Equation + Table,constructed/open response,,
380,U4-S3-P2-17,Practice Set 2,4.3,"I can assess whether an equation, graph, or table represents the same transformed function.",Intro,4.3-P-MISCONCEPTION,F2-17,Conceptual diagnosis,constructed/open response,,
381,U4-S3-P2-18,Practice Set 2,4.3,"I can assess whether an equation, graph, or table represents the same transformed function.",Intro,4.3-P-DESCRIBE,F2-18,Equation,constructed/open response,,
382,U4-S3-PracticeSet2-19,Practice Set 2,4.3,Analyze and interpret systems of linear inequalities.,Review,4.3-SYS-INEQ,Review-219,Graph reasoning,constructed/open response,,
383,U4-S3-PracticeSet2-20,Practice Set 2,4.3,Analyze and interpret systems of linear inequalities.,Review,4.3-SYS-INEQ,Review-220,Graph reasoning,constructed/open response,,
384,U4-S3-PracticeSet2-21,Practice Set 2,4.3,Analyze and interpret systems of linear inequalities.,Review,4.3-SYS-INEQ,Review-221,Graph reasoning,constructed/open response,,
385,U4-S3-PracticeSet2-22,Practice Set 2,4.3,Interpret slope as a measure of constant rate of change.,Mastery,4.3-SLOPE,Mastery-222,Context + Equation,constructed/open response,,
386,U4-S3-PracticeSet2-23,Practice Set 2,4.3,Interpret slope as a measure of constant rate of change.,Mastery,4.3-SLOPE,Mastery-223,Context + Equation,constructed/open response,,
387,U4-S3-PracticeSet2-24,Practice Set 2,4.3,Interpret slope as a measure of constant rate of change.,Mastery,4.3-SLOPE,Mastery-224,Context + Equation,constructed/open response,,
388,U4-S3-P3-01,Practice Set 3,4.3,"I can design transformed graphs using stretches, compressions, reflections, and translations of parent functions.",Intro,4.3-P-MISCONCEPTION,F3-1,Conceptual diagnosis,constructed/open response,,
389,U4-S3-P3-02,Practice Set 3,4.3,"I can design transformed graphs using stretches, compressions, reflections, and translations of parent functions.",Intro,4.3-P-DESCRIBE,F3-2,Equation,constructed/open response,,
390,U4-S3-P3-03,Practice Set 3,4.3,"I can design transformed graphs using stretches, compressions, reflections, and translations of parent functions.",Intro,4.3-P-POINTS,F3-3,Table,constructed/open response,,
391,U4-S3-P3-04,Practice Set 3,4.3,"I can design transformed graphs using stretches, compressions, reflections, and translations of parent functions.",Intro,4.3-P-GRAPH,F3-4,Graph,constructed/open response,,
392,U4-S3-P3-05,Practice Set 3,4.3,"I can design transformed graphs using stretches, compressions, reflections, and translations of parent functions.",Intro,4.3-P-EQUIV,F3-5,Equation + Table,constructed/open response,,
393,U4-S3-P3-06,Practice Set 3,4.3,"I can design transformed graphs using stretches, compressions, reflections, and translations of parent functions.",Intro,4.3-P-POINTS,F3-6,Table,constructed/open response,,
394,U4-S3-P3-07,Practice Set 3,4.3,I can apply transformation rules to key points and features across function families.,Intro,4.3-P-GRAPH,F3-7,Graph,constructed/open response,,
395,U4-S3-P3-08,Practice Set 3,4.3,I can apply transformation rules to key points and features across function families.,Intro,4.3-P-POINTS,F3-8,Table,constructed/open response,,
396,U4-S3-P3-09,Practice Set 3,4.3,I can apply transformation rules to key points and features across function families.,Intro,4.3-P-GRAPH,F3-9,Graph,constructed/open response,,
397,U4-S3-P3-10,Practice Set 3,4.3,I can apply transformation rules to key points and features across function families.,Intro,4.3-P-EQUIV,F3-10,Equation + Table,constructed/open response,,
398,U4-S3-P3-11,Practice Set 3,4.3,I can apply transformation rules to key points and features across function families.,Intro,4.3-P-MISCONCEPTION,F3-11,Conceptual diagnosis,constructed/open response,,
399,U4-S3-P3-12,Practice Set 3,4.3,I can apply transformation rules to key points and features across function families.,Intro,4.3-P-DESCRIBE,F3-12,Equation,constructed/open response,,
400,U4-S3-P3-13,Practice Set 3,4.3,"I can assess whether an equation, graph, or table represents the same transformed function.",Intro,4.3-P-POINTS,F3-13,Table,constructed/open response,,
401,U4-S3-P3-14,Practice Set 3,4.3,"I can assess whether an equation, graph, or table represents the same transformed function.",Intro,4.3-P-GRAPH,F3-14,Graph,constructed/open response,,
402,U4-S3-P3-15,Practice Set 3,4.3,"I can assess whether an equation, graph, or table represents the same transformed function.",Intro,4.3-P-EQUIV,F3-15,Equation + Table,constructed/open response,,
403,U4-S3-P3-16,Practice Set 3,4.3,"I can assess whether an equation, graph, or table represents the same transformed function.",Intro,4.3-P-MISCONCEPTION,F3-16,Conceptual diagnosis,constructed/open response,,
404,U4-S3-P3-17,Practice Set 3,4.3,"I can assess whether an equation, graph, or table represents the same transformed function.",Intro,4.3-P-DESCRIBE,F3-17,Equation,constructed/open response,,
405,U4-S3-P3-18,Practice Set 3,4.3,"I can assess whether an equation, graph, or table represents the same transformed function.",Intro,4.3-P-POINTS,F3-18,Table,constructed/open response,,
406,U4-S3-PracticeSet3-19,Practice Set 3,4.3,Analyze and interpret systems of linear inequalities.,Review,4.3-SYS-INEQ,Review-319,Graph reasoning,constructed/open response,,
407,U4-S3-PracticeSet3-20,Practice Set 3,4.3,Analyze and interpret systems of linear inequalities.,Review,4.3-SYS-INEQ,Review-320,Graph reasoning,constructed/open response,,
408,U4-S3-PracticeSet3-21,Practice Set 3,4.3,Analyze and interpret systems of linear inequalities.,Review,4.3-SYS-INEQ,Review-321,Graph reasoning,constructed/open response,,
409,U4-S3-PracticeSet3-22,Practice Set 3,4.3,Interpret slope as a measure of constant rate of change.,Mastery,4.3-SLOPE,Mastery-322,Context + Equation,constructed/open response,,
410,U4-S3-PracticeSet3-23,Practice Set 3,4.3,Interpret slope as a measure of constant rate of change.,Mastery,4.3-SLOPE,Mastery-323,Context + Equation,constructed/open response,,
411,U4-S3-PracticeSet3-24,Practice Set 3,4.3,Interpret slope as a measure of constant rate of change.,Mastery,4.3-SLOPE,Mastery-324,Context + Equation,constructed/open response,,
412,U4-S3-PX-01,Extra Practice,4.3,"I can design transformed graphs using stretches, compressions, reflections, and translations of parent functions.",Intro,4.3-P-DESCRIBE,F4-1,Equation,constructed/open response,,
413,U4-S3-PX-02,Extra Practice,4.3,"I can design transformed graphs using stretches, compressions, reflections, and translations of parent functions.",Intro,4.3-P-POINTS,F4-2,Table,constructed/open response,,
414,U4-S3-PX-03,Extra Practice,4.3,"I can design transformed graphs using stretches, compressions, reflections, and translations of parent functions.",Intro,4.3-P-GRAPH,F4-3,Graph,constructed/open response,,
415,U4-S3-PX-04,Extra Practice,4.3,"I can design transformed graphs using stretches, compressions, reflections, and translations of parent functions.",Intro,4.3-P-EQUIV,F4-4,Equation + Table,constructed/open response,,
416,U4-S3-PX-05,Extra Practice,4.3,"I can design transformed graphs using stretches, compressions, reflections, and translations of parent functions.",Intro,4.3-P-MISCONCEPTION,F4-5,Conceptual diagnosis,constructed/open response,,
417,U4-S3-PX-06,Extra Practice,4.3,"I can design transformed graphs using stretches, compressions, reflections, and translations of parent functions.",Intro,4.3-P-POINTS,F4-6,Table,constructed/open response,,
418,U4-S3-PX-07,Extra Practice,4.3,I can apply transformation rules to key points and features across function families.,Intro,4.3-P-GRAPH,F4-7,Graph,constructed/open response,,
419,U4-S3-PX-08,Extra Practice,4.3,I can apply transformation rules to key points and features across function families.,Intro,4.3-P-GRAPH,F4-8,Graph,constructed/open response,,
420,U4-S3-PX-09,Extra Practice,4.3,I can apply transformation rules to key points and features across function families.,Intro,4.3-P-EQUIV,F4-9,Equation + Table,constructed/open response,,
421,U4-S3-PX-10,Extra Practice,4.3,I can apply transformation rules to key points and features across function families.,Intro,4.3-P-MISCONCEPTION,F4-10,Conceptual diagnosis,constructed/open response,,
422,U4-S3-PX-11,Extra Practice,4.3,I can apply transformation rules to key points and features across function families.,Intro,4.3-P-DESCRIBE,F4-11,Equation,constructed/open response,,
423,U4-S3-PX-12,Extra Practice,4.3,I can apply transformation rules to key points and features across function families.,Intro,4.3-P-POINTS,F4-12,Table,constructed/open response,,
424,U4-S3-PX-13,Extra Practice,4.3,"I can assess whether an equation, graph, or table represents the same transformed function.",Intro,4.3-P-POINTS,F4-13,Table,constructed/open response,,
425,U4-S3-PX-14,Extra Practice,4.3,"I can assess whether an equation, graph, or table represents the same transformed function.",Intro,4.3-P-GRAPH,F4-14,Graph,constructed/open response,,
426,U4-S3-PX-15,Extra Practice,4.3,"I can assess whether an equation, graph, or table represents the same transformed function.",Intro,4.3-P-MISCONCEPTION,F4-15,Conceptual diagnosis,constructed/open response,,
427,U4-S3-PX-16,Extra Practice,4.3,"I can assess whether an equation, graph, or table represents the same transformed function.",Intro,4.3-P-DESCRIBE,F4-16,Equation,constructed/open response,,
428,U4-S3-PX-17,Extra Practice,4.3,"I can assess whether an equation, graph, or table represents the same transformed function.",Intro,4.3-P-POINTS,F4-17,Table,constructed/open response,,
429,U4-S3-PX-18,Extra Practice,4.3,"I can assess whether an equation, graph, or table represents the same transformed function.",Intro,4.3-P-GRAPH,F4-18,Graph,constructed/open response,,
430,U4-S3-ExtraPractice-19,Extra Practice,4.3,Analyze and interpret systems of linear inequalities.,Review,4.3-SYS-INEQ,Review-419,Graph reasoning,constructed/open response,,
431,U4-S3-ExtraPractice-20,Extra Practice,4.3,Analyze and interpret systems of linear inequalities.,Review,4.3-SYS-INEQ,Review-420,Graph reasoning,constructed/open response,,
432,U4-S3-ExtraPractice-21,Extra Practice,4.3,Analyze and interpret systems of linear inequalities.,Review,4.3-SYS-INEQ,Review-421,Graph reasoning,constructed/open response,,
433,U4-S3-ExtraPractice-22,Extra Practice,4.3,Interpret slope as a measure of constant rate of change.,Mastery,4.3-SLOPE,Mastery-422,Context + Equation,constructed/open response,,
434,U4-S3-ExtraPractice-23,Extra Practice,4.3,Interpret slope as a measure of constant rate of change.,Mastery,4.3-SLOPE,Mastery-423,Context + Equation,constructed/open response,,
435,U4-S3-ExtraPractice-24,Extra Practice,4.3,Interpret slope as a measure of constant rate of change.,Mastery,4.3-SLOPE,Mastery-424,Context + Equation,constructed/open response,,
436,U4-S3-CYU-01,CYU,4.3,"I can design transformed graphs using stretches, compressions, reflections, and translations of parent functions.",Intro,4.3-CYU-GRAPH,CYU-1,Graph,constructed/open response,,
437,U4-S3-CYU-02,CYU,4.3,"I can design transformed graphs using stretches, compressions, reflections, and translations of parent functions.",Intro,4.3-CYU-MISCONCEPTION,CYU-2,Conceptual diagnosis,constructed/open response,,
438,U4-S3-CYU-03,CYU,4.3,I can apply transformation rules to key points and features across function families.,Intro,4.3-CYU-POINTS,CYU-3,Table,constructed/open response,,
439,U4-S3-CYU-04,CYU,4.3,I can apply transformation rules to key points and features across function families.,Intro,4.3-CYU-EQUIV,CYU-4,Equation + Table,constructed/open response,,
440,U4-S3-CYU-05,CYU,4.3,"I can assess whether an equation, graph, or table represents the same transformed function.",Intro,4.3-CYU-DESCRIBE,CYU-5,Equation,constructed/open response,,
441,U4-S3-CYU-06,CYU,4.3,"I can assess whether an equation, graph, or table represents the same transformed function.",Intro,4.3-CYU-GRAPH,CYU-6,Graph,constructed/open response,,
442,U4-S3-WU1-01,Warm-Up 1,4.3,"Accurately perform operations with integers, fractions, and decimals while interpreting results in mathematical and contextual situations.",Prior/Review,ALG-DIAMOND-INTEGER,S3,Diamond,constructed/open response,,
443,U4-S3-WarmUp1-02,Warm-Up 1,4.3,Analyze and interpret systems of linear inequalities.,Review,4.3-SYS-INEQ,Review-732,Graph reasoning,constructed/open response,,
444,U4-S3-WarmUp1-03,Warm-Up 1,4.3,Analyze and interpret systems of linear inequalities.,Review,4.3-SYS-INEQ,Review-733,Graph reasoning,constructed/open response,,
445,U4-S3-WarmUp1-04,Warm-Up 1,4.3,Analyze and interpret systems of linear inequalities.,Review,4.3-SYS-INEQ,Review-734,Graph reasoning,constructed/open response,,
446,U4-S3-WU2-01,Warm-Up 2,4.3,"I can design transformed graphs using stretches, compressions, reflections, and translations of parent functions.",Intro,4.3-WU2-POINTS,1,Table,constructed/open response,,
447,U4-S3-WU2-02,Warm-Up 2,4.3,I can apply transformation rules to key points and features across function families.,Intro,4.3-WU2-GRAPH,2,Graph,constructed/open response,,
448,U4-S3-WarmUp2-03,Warm-Up 2,4.3,Analyze and interpret systems of linear inequalities.,Review,4.3-SYS-INEQ,Review-753,Graph reasoning,constructed/open response,,
449,U4-S3-WarmUp2-04,Warm-Up 2,4.3,Interpret slope as a measure of constant rate of change.,Mastery,4.3-SLOPE,Mastery-763,Context + Equation,constructed/open response,,
450,U4-S3-WU3-01,Warm-Up 3,4.3,"I can assess whether an equation, graph, or table represents the same transformed function.",Intro,4.3-WU3-EQUIV,1,Equation + Table,constructed/open response,,
451,U4-S3-WarmUp3-02,Warm-Up 3,4.3,Analyze and interpret systems of linear inequalities.,Review,4.3-SYS-INEQ,Review-793,Graph reasoning,constructed/open response,,
452,U4-S3-WarmUp3-03,Warm-Up 3,4.3,Interpret slope as a measure of constant rate of change.,Mastery,4.3-SLOPE,Mastery-803,Context + Equation,constructed/open response,,
453,U4-S3-WarmUp3-04,Warm-Up 3,4.3,Interpret slope as a measure of constant rate of change.,Mastery,4.3-SLOPE,Mastery-813,Context + Equation,constructed/open response,,
454,U4-S3-ETA-01,Exit Ticket A,4.3,"I can design transformed graphs using stretches, compressions, reflections, and translations of parent functions.",Intro,4.3-ETA-GRAPH,1,Graph,constructed/open response,,
455,U4-S3-ETA-02,Exit Ticket A,4.3,I can apply transformation rules to key points and features across function families.,Intro,4.3-ETA-EQUIV,2,Equation + Table,constructed/open response,,
456,U4-S3-ETA-03,Exit Ticket A,4.3,"I can assess whether an equation, graph, or table represents the same transformed function.",Intro,4.3-ETA-MISCONCEPTION,3,Conceptual diagnosis,constructed/open response,,
457,U4-S3-ETA-04,Exit Ticket A,4.3,I can apply transformation rules to key points and features across function families.,Intro,4.3-ETA-DESCRIBE,4,Equation,constructed/open response,,
458,U4-S3-ExitTicketB-01,Exit Ticket B,4.3,Analyze and interpret systems of linear inequalities.,Review,4.3-SYS-INEQ,Review-971,Graph reasoning,constructed/open response,,
459,U4-S3-ExitTicketB-02,Exit Ticket B,4.3,Analyze and interpret systems of linear inequalities.,Review,4.3-SYS-INEQ-REGION,Review-972,Graph reasoning,constructed/open response,,
460,U4-S3-ExitTicketB-03,Exit Ticket B,4.3,Analyze and interpret systems of linear inequalities.,Review,4.3-SYS-INEQ-FEASIBILITY,Review-973,Equation reasoning,constructed/open response,,
461,U4-S3-ExitTicketB-04,Exit Ticket B,4.3,Analyze and interpret systems of linear inequalities.,Review,4.3-SYS-INEQ-POINT-TEST,Review-974,Equation + region reasoning,constructed/open response,,
462,U4-S3-ETC-01,Exit Ticket C,4.3,"Interpret slope as constant rate of change across tables, graphs, and contexts and judge whether a rate is reasonable.",Mastery/Portfolio,4.3-SLOPE,Mastery-1011,Context + Equation,constructed/open response,,U4-MG01
463,U4-S3-ETC-02,Exit Ticket C,4.3,"Interpret slope as constant rate of change across tables, graphs, and contexts and judge whether a rate is reasonable.",Mastery/Portfolio,4.3-MG01-TABLE-RATE,Mastery-1012,Table + Context,constructed/open response,,U4-MG01
464,U4-S3-ETC-03,Exit Ticket C,4.3,"Interpret slope as constant rate of change across tables, graphs, and contexts and judge whether a rate is reasonable.",Mastery/Portfolio,4.3-MG01-SIGN-REASON,Mastery-1013,Context + Units,constructed/open response,,U4-MG01
465,U4-S3-ETC-04,Exit Ticket C,4.3,"Interpret slope as constant rate of change across tables, graphs, and contexts and judge whether a rate is reasonable.",Mastery/Portfolio,4.3-MG01-POINT-RATE-PREDICT,Mastery-1014,Points + Context,constructed/open response,,U4-MG01
466,U4-S4-WTC-001,WTC,4.4,"I can formulate polynomial sums, differences, and products from area, perimeter, and expression contexts.",Intro,4.4-WTC-SHARED,A,Area model,constructed/open response,,
467,U4-S4-EX-01,Notes Example,4.4,"I can formulate polynomial sums, differences, and products from area, perimeter, and expression contexts.",Intro,4.4-NOTES-ADD,Example 1,Equation,constructed/open response,,
468,U4-S4-YTI-01,Notes YTI,4.4,"I can formulate polynomial sums, differences, and products from area, perimeter, and expression contexts.",Intro,4.4-NOTES-SUB,YTI 1,Equation,constructed/open response,,
469,U4-S4-EX-02,Notes Example,4.4,"I can formulate polynomial sums, differences, and products from area, perimeter, and expression contexts.",Intro,4.4-NOTES-SUB,Example 2,Equation,constructed/open response,,
470,U4-S4-YTI-02,Notes YTI,4.4,"I can formulate polynomial sums, differences, and products from area, perimeter, and expression contexts.",Intro,4.4-NOTES-MONO,YTI 2,Equation,constructed/open response,,
471,U4-S4-EX-03,Notes Example,4.4,"I can use structure and like terms to add, subtract, and multiply polynomial expressions.",Intro,4.4-NOTES-MONO,Example 3,Equation,constructed/open response,,
472,U4-S4-YTI-03,Notes YTI,4.4,"I can use structure and like terms to add, subtract, and multiply polynomial expressions.",Intro,4.4-NOTES-BINOM,YTI 3,Equation,constructed/open response,,
473,U4-S4-EX-04,Notes Example,4.4,"I can use structure and like terms to add, subtract, and multiply polynomial expressions.",Intro,4.4-NOTES-BINOM,Example 4,Equation,constructed/open response,,
474,U4-S4-YTI-04,Notes YTI,4.4,"I can use structure and like terms to add, subtract, and multiply polynomial expressions.",Intro,4.4-NOTES-AREA,YTI 4,Area model,constructed/open response,,
475,U4-S4-EX-05,Notes Example,4.4,I can extend polynomial operations to equivalent expressions written in different forms.,Intro,4.4-NOTES-AREA,Example 5,Area model,constructed/open response,,
476,U4-S4-YTI-05,Notes YTI,4.4,I can extend polynomial operations to equivalent expressions written in different forms.,Intro,4.4-NOTES-TABLE,YTI 5,Table + Equation,constructed/open response,,
477,U4-S4-EX-06,Notes Example,4.4,I can extend polynomial operations to equivalent expressions written in different forms.,Intro,4.4-NOTES-TABLE,Example 6,Table + Equation,constructed/open response,,
478,U4-S4-YTI-06,Notes YTI,4.4,I can extend polynomial operations to equivalent expressions written in different forms.,Intro,4.4-NOTES-ERROR,YTI 6,Error analysis,constructed/open response,,
479,U4-S4-P1-01,Practice Set 1,4.4,"I can formulate polynomial sums, differences, and products from area, perimeter, and expression contexts.",Intro,4.4-P-MONO,F1-1,Equation,constructed/open response,,
480,U4-S4-P1-02,Practice Set 1,4.4,"I can formulate polynomial sums, differences, and products from area, perimeter, and expression contexts.",Intro,4.4-P-BINOM,F1-2,Equation,constructed/open response,,
481,U4-S4-P1-03,Practice Set 1,4.4,"I can formulate polynomial sums, differences, and products from area, perimeter, and expression contexts.",Intro,4.4-P-AREA,F1-3,Area model,constructed/open response,,
482,U4-S4-P1-04,Practice Set 1,4.4,"I can formulate polynomial sums, differences, and products from area, perimeter, and expression contexts.",Intro,4.4-P-TABLE,F1-4,Table + Equation,constructed/open response,,
483,U4-S4-P1-05,Practice Set 1,4.4,"I can formulate polynomial sums, differences, and products from area, perimeter, and expression contexts.",Intro,4.4-P-ERROR,F1-5,Error analysis,constructed/open response,,
484,U4-S4-P1-06,Practice Set 1,4.4,"I can formulate polynomial sums, differences, and products from area, perimeter, and expression contexts.",Intro,4.4-P-TABLE,F1-6,Table + Equation,constructed/open response,,
485,U4-S4-P1-07,Practice Set 1,4.4,"I can use structure and like terms to add, subtract, and multiply polynomial expressions.",Intro,4.4-P-AREA,F1-7,Area model,constructed/open response,,
486,U4-S4-P1-08,Practice Set 1,4.4,"I can use structure and like terms to add, subtract, and multiply polynomial expressions.",Intro,4.4-P-MONO,F1-8,Equation,constructed/open response,,
487,U4-S4-P1-09,Practice Set 1,4.4,"I can use structure and like terms to add, subtract, and multiply polynomial expressions.",Intro,4.4-P-BINOM,F1-9,Equation,constructed/open response,,
488,U4-S4-P1-10,Practice Set 1,4.4,"I can use structure and like terms to add, subtract, and multiply polynomial expressions.",Intro,4.4-P-AREA,F1-10,Area model,constructed/open response,,
489,U4-S4-P1-11,Practice Set 1,4.4,"I can use structure and like terms to add, subtract, and multiply polynomial expressions.",Intro,4.4-P-TABLE,F1-11,Table + Equation,constructed/open response,,
490,U4-S4-P1-12,Practice Set 1,4.4,"I can use structure and like terms to add, subtract, and multiply polynomial expressions.",Intro,4.4-P-ERROR,F1-12,Error analysis,constructed/open response,,
491,U4-S4-P1-13,Practice Set 1,4.4,I can extend polynomial operations to equivalent expressions written in different forms.,Intro,4.4-P-TABLE,F1-13,Table + Equation,constructed/open response,,
492,U4-S4-P1-14,Practice Set 1,4.4,I can extend polynomial operations to equivalent expressions written in different forms.,Intro,4.4-P-AREA,F1-14,Area model,constructed/open response,,
493,U4-S4-P1-15,Practice Set 1,4.4,I can extend polynomial operations to equivalent expressions written in different forms.,Intro,4.4-P-MONO,F1-15,Equation,constructed/open response,,
494,U4-S4-P1-16,Practice Set 1,4.4,I can extend polynomial operations to equivalent expressions written in different forms.,Intro,4.4-P-BINOM,F1-16,Equation,constructed/open response,,
495,U4-S4-P1-17,Practice Set 1,4.4,I can extend polynomial operations to equivalent expressions written in different forms.,Intro,4.4-P-AREA,F1-17,Area model,constructed/open response,,
496,U4-S4-P1-18,Practice Set 1,4.4,I can extend polynomial operations to equivalent expressions written in different forms.,Intro,4.4-P-TABLE,F1-18,Table + Equation,constructed/open response,,
497,U4-S4-PracticeSet1-19,Practice Set 1,4.4,Solve systems using substitution and choose efficient forms for solving.,Review,4.4-SYS-SUB,Review-119,Equation,constructed/open response,,
498,U4-S4-PracticeSet1-20,Practice Set 1,4.4,Solve systems using substitution and choose efficient forms for solving.,Review,4.4-SYS-SUB,Review-120,Equation,constructed/open response,,
499,U4-S4-PracticeSet1-21,Practice Set 1,4.4,Solve systems using substitution and choose efficient forms for solving.,Review,4.4-SYS-SUB,Review-121,Equation,constructed/open response,,
500,U4-S4-PracticeSet1-22,Practice Set 1,4.4,"Write linear equations from graphs, tables, and situations.",Mastery,4.4-LIN-WRITE,Mastery-122,Table + Equation,constructed/open response,,
501,U4-S4-PracticeSet1-23,Practice Set 1,4.4,"Write linear equations from graphs, tables, and situations.",Mastery,4.4-LIN-WRITE,Mastery-123,Table + Equation,constructed/open response,,
502,U4-S4-PracticeSet1-24,Practice Set 1,4.4,"Write linear equations from graphs, tables, and situations.",Mastery,4.4-LIN-WRITE,Mastery-124,Table + Equation,constructed/open response,,
503,U4-S4-P2-01,Practice Set 2,4.4,"I can formulate polynomial sums, differences, and products from area, perimeter, and expression contexts.",Intro,4.4-P-BINOM,F2-1,Equation,constructed/open response,,
504,U4-S4-P2-02,Practice Set 2,4.4,"I can formulate polynomial sums, differences, and products from area, perimeter, and expression contexts.",Intro,4.4-P-AREA,F2-2,Area model,constructed/open response,,
505,U4-S4-P2-03,Practice Set 2,4.4,"I can formulate polynomial sums, differences, and products from area, perimeter, and expression contexts.",Intro,4.4-P-TABLE,F2-3,Table + Equation,constructed/open response,,
506,U4-S4-P2-04,Practice Set 2,4.4,"I can formulate polynomial sums, differences, and products from area, perimeter, and expression contexts.",Intro,4.4-P-ERROR,F2-4,Error analysis,constructed/open response,,
507,U4-S4-P2-05,Practice Set 2,4.4,"I can formulate polynomial sums, differences, and products from area, perimeter, and expression contexts.",Intro,4.4-P-ADD,F2-5,Equation,constructed/open response,,
508,U4-S4-P2-06,Practice Set 2,4.4,"I can formulate polynomial sums, differences, and products from area, perimeter, and expression contexts.",Intro,4.4-P-TABLE,F2-6,Table + Equation,constructed/open response,,
509,U4-S4-P2-07,Practice Set 2,4.4,"I can use structure and like terms to add, subtract, and multiply polynomial expressions.",Intro,4.4-P-AREA,F2-7,Area model,constructed/open response,,
510,U4-S4-P2-08,Practice Set 2,4.4,"I can use structure and like terms to add, subtract, and multiply polynomial expressions.",Intro,4.4-P-BINOM,F2-8,Equation,constructed/open response,,
511,U4-S4-P2-09,Practice Set 2,4.4,"I can use structure and like terms to add, subtract, and multiply polynomial expressions.",Intro,4.4-P-AREA,F2-9,Area model,constructed/open response,,
512,U4-S4-P2-10,Practice Set 2,4.4,"I can use structure and like terms to add, subtract, and multiply polynomial expressions.",Intro,4.4-P-TABLE,F2-10,Table + Equation,constructed/open response,,
513,U4-S4-P2-11,Practice Set 2,4.4,"I can use structure and like terms to add, subtract, and multiply polynomial expressions.",Intro,4.4-P-ERROR,F2-11,Error analysis,constructed/open response,,
514,U4-S4-P2-12,Practice Set 2,4.4,"I can use structure and like terms to add, subtract, and multiply polynomial expressions.",Intro,4.4-P-ADD,F2-12,Equation,constructed/open response,,
515,U4-S4-P2-13,Practice Set 2,4.4,I can extend polynomial operations to equivalent expressions written in different forms.,Intro,4.4-P-TABLE,F2-13,Table + Equation,constructed/open response,,
516,U4-S4-P2-14,Practice Set 2,4.4,I can extend polynomial operations to equivalent expressions written in different forms.,Intro,4.4-P-AREA,F2-14,Area model,constructed/open response,,
517,U4-S4-P2-15,Practice Set 2,4.4,I can extend polynomial operations to equivalent expressions written in different forms.,Intro,4.4-P-BINOM,F2-15,Equation,constructed/open response,,
518,U4-S4-P2-16,Practice Set 2,4.4,I can extend polynomial operations to equivalent expressions written in different forms.,Intro,4.4-P-AREA,F2-16,Area model,constructed/open response,,
519,U4-S4-P2-17,Practice Set 2,4.4,I can extend polynomial operations to equivalent expressions written in different forms.,Intro,4.4-P-TABLE,F2-17,Table + Equation,constructed/open response,,
520,U4-S4-P2-18,Practice Set 2,4.4,I can extend polynomial operations to equivalent expressions written in different forms.,Intro,4.4-P-ERROR,F2-18,Error analysis,constructed/open response,,
521,U4-S4-PracticeSet2-19,Practice Set 2,4.4,Solve systems using substitution and choose efficient forms for solving.,Review,4.4-SYS-SUB,Review-219,Equation,constructed/open response,,
522,U4-S4-PracticeSet2-20,Practice Set 2,4.4,Solve systems using substitution and choose efficient forms for solving.,Review,4.4-SYS-SUB,Review-220,Equation,constructed/open response,,
523,U4-S4-PracticeSet2-21,Practice Set 2,4.4,Solve systems using substitution and choose efficient forms for solving.,Review,4.4-SYS-SUB,Review-221,Equation,constructed/open response,,
524,U4-S4-PracticeSet2-22,Practice Set 2,4.4,"Write linear equations from graphs, tables, and situations.",Mastery,4.4-LIN-WRITE,Mastery-222,Table + Equation,constructed/open response,,
525,U4-S4-PracticeSet2-23,Practice Set 2,4.4,"Write linear equations from graphs, tables, and situations.",Mastery,4.4-LIN-WRITE,Mastery-223,Table + Equation,constructed/open response,,
526,U4-S4-PracticeSet2-24,Practice Set 2,4.4,"Write linear equations from graphs, tables, and situations.",Mastery,4.4-LIN-WRITE,Mastery-224,Table + Equation,constructed/open response,,
527,U4-S4-P3-01,Practice Set 3,4.4,"I can formulate polynomial sums, differences, and products from area, perimeter, and expression contexts.",Intro,4.4-P-AREA,F3-1,Area model,constructed/open response,,
528,U4-S4-P3-02,Practice Set 3,4.4,"I can formulate polynomial sums, differences, and products from area, perimeter, and expression contexts.",Intro,4.4-P-TABLE,F3-2,Table + Equation,constructed/open response,,
529,U4-S4-P3-03,Practice Set 3,4.4,"I can formulate polynomial sums, differences, and products from area, perimeter, and expression contexts.",Intro,4.4-P-ERROR,F3-3,Error analysis,constructed/open response,,
530,U4-S4-P3-04,Practice Set 3,4.4,"I can formulate polynomial sums, differences, and products from area, perimeter, and expression contexts.",Intro,4.4-P-ADD,F3-4,Equation,constructed/open response,,
531,U4-S4-P3-05,Practice Set 3,4.4,"I can formulate polynomial sums, differences, and products from area, perimeter, and expression contexts.",Intro,4.4-P-SUB,F3-5,Equation,constructed/open response,,
532,U4-S4-P3-06,Practice Set 3,4.4,"I can formulate polynomial sums, differences, and products from area, perimeter, and expression contexts.",Intro,4.4-P-TABLE,F3-6,Table + Equation,constructed/open response,,
533,U4-S4-P3-07,Practice Set 3,4.4,"I can use structure and like terms to add, subtract, and multiply polynomial expressions.",Intro,4.4-P-AREA,F3-7,Area model,constructed/open response,,
534,U4-S4-P3-08,Practice Set 3,4.4,"I can use structure and like terms to add, subtract, and multiply polynomial expressions.",Intro,4.4-P-AREA,F3-8,Area model,constructed/open response,,
535,U4-S4-P3-09,Practice Set 3,4.4,"I can use structure and like terms to add, subtract, and multiply polynomial expressions.",Intro,4.4-P-TABLE,F3-9,Table + Equation,constructed/open response,,
536,U4-S4-P3-10,Practice Set 3,4.4,"I can use structure and like terms to add, subtract, and multiply polynomial expressions.",Intro,4.4-P-ERROR,F3-10,Error analysis,constructed/open response,,
537,U4-S4-P3-11,Practice Set 3,4.4,"I can use structure and like terms to add, subtract, and multiply polynomial expressions.",Intro,4.4-P-ADD,F3-11,Equation,constructed/open response,,
538,U4-S4-P3-12,Practice Set 3,4.4,"I can use structure and like terms to add, subtract, and multiply polynomial expressions.",Intro,4.4-P-SUB,F3-12,Equation,constructed/open response,,
539,U4-S4-P3-13,Practice Set 3,4.4,I can extend polynomial operations to equivalent expressions written in different forms.,Intro,4.4-P-TABLE,F3-13,Table + Equation,constructed/open response,,
540,U4-S4-P3-14,Practice Set 3,4.4,I can extend polynomial operations to equivalent expressions written in different forms.,Intro,4.4-P-AREA,F3-14,Area model,constructed/open response,,
541,U4-S4-P3-15,Practice Set 3,4.4,I can extend polynomial operations to equivalent expressions written in different forms.,Intro,4.4-P-AREA,F3-15,Area model,constructed/open response,,
542,U4-S4-P3-16,Practice Set 3,4.4,I can extend polynomial operations to equivalent expressions written in different forms.,Intro,4.4-P-TABLE,F3-16,Table + Equation,constructed/open response,,
543,U4-S4-P3-17,Practice Set 3,4.4,I can extend polynomial operations to equivalent expressions written in different forms.,Intro,4.4-P-ERROR,F3-17,Error analysis,constructed/open response,,
544,U4-S4-P3-18,Practice Set 3,4.4,I can extend polynomial operations to equivalent expressions written in different forms.,Intro,4.4-P-ADD,F3-18,Equation,constructed/open response,,
545,U4-S4-PracticeSet3-19,Practice Set 3,4.4,Solve systems using substitution and choose efficient forms for solving.,Review,4.4-SYS-SUB,Review-319,Equation,constructed/open response,,
546,U4-S4-PracticeSet3-20,Practice Set 3,4.4,Solve systems using substitution and choose efficient forms for solving.,Review,4.4-SYS-SUB,Review-320,Equation,constructed/open response,,
547,U4-S4-PracticeSet3-21,Practice Set 3,4.4,Solve systems using substitution and choose efficient forms for solving.,Review,4.4-SYS-SUB,Review-321,Equation,constructed/open response,,
548,U4-S4-PracticeSet3-22,Practice Set 3,4.4,"Write linear equations from graphs, tables, and situations.",Mastery,4.4-LIN-WRITE,Mastery-322,Table + Equation,constructed/open response,,
549,U4-S4-PracticeSet3-23,Practice Set 3,4.4,"Write linear equations from graphs, tables, and situations.",Mastery,4.4-LIN-WRITE,Mastery-323,Table + Equation,constructed/open response,,
550,U4-S4-PracticeSet3-24,Practice Set 3,4.4,"Write linear equations from graphs, tables, and situations.",Mastery,4.4-LIN-WRITE,Mastery-324,Table + Equation,constructed/open response,,
551,U4-S4-PX-01,Extra Practice,4.4,"I can formulate polynomial sums, differences, and products from area, perimeter, and expression contexts.",Intro,4.4-P-TABLE,F4-1,Table + Equation,constructed/open response,,
552,U4-S4-PX-02,Extra Practice,4.4,"I can formulate polynomial sums, differences, and products from area, perimeter, and expression contexts.",Intro,4.4-P-ERROR,F4-2,Error analysis,constructed/open response,,
553,U4-S4-PX-03,Extra Practice,4.4,"I can formulate polynomial sums, differences, and products from area, perimeter, and expression contexts.",Intro,4.4-P-ADD,F4-3,Equation,constructed/open response,,
554,U4-S4-PX-04,Extra Practice,4.4,"I can formulate polynomial sums, differences, and products from area, perimeter, and expression contexts.",Intro,4.4-P-SUB,F4-4,Equation,constructed/open response,,
555,U4-S4-PX-05,Extra Practice,4.4,"I can formulate polynomial sums, differences, and products from area, perimeter, and expression contexts.",Intro,4.4-P-MONO,F4-5,Equation,constructed/open response,,
556,U4-S4-PX-06,Extra Practice,4.4,"I can formulate polynomial sums, differences, and products from area, perimeter, and expression contexts.",Intro,4.4-P-TABLE,F4-6,Table + Equation,constructed/open response,,
557,U4-S4-PX-07,Extra Practice,4.4,"I can use structure and like terms to add, subtract, and multiply polynomial expressions.",Intro,4.4-P-AREA,F4-7,Area model,constructed/open response,,
558,U4-S4-PX-08,Extra Practice,4.4,"I can use structure and like terms to add, subtract, and multiply polynomial expressions.",Intro,4.4-P-TABLE,F4-8,Table + Equation,constructed/open response,,
559,U4-S4-PX-09,Extra Practice,4.4,"I can use structure and like terms to add, subtract, and multiply polynomial expressions.",Intro,4.4-P-ERROR,F4-9,Error analysis,constructed/open response,,
560,U4-S4-PX-10,Extra Practice,4.4,"I can use structure and like terms to add, subtract, and multiply polynomial expressions.",Intro,4.4-P-ADD,F4-10,Equation,constructed/open response,,
561,U4-S4-PX-11,Extra Practice,4.4,"I can use structure and like terms to add, subtract, and multiply polynomial expressions.",Intro,4.4-P-SUB,F4-11,Equation,constructed/open response,,
562,U4-S4-PX-12,Extra Practice,4.4,"I can use structure and like terms to add, subtract, and multiply polynomial expressions.",Intro,4.4-P-MONO,F4-12,Equation,constructed/open response,,
563,U4-S4-PX-13,Extra Practice,4.4,I can extend polynomial operations to equivalent expressions written in different forms.,Intro,4.4-P-TABLE,F4-13,Table + Equation,constructed/open response,,
564,U4-S4-PX-14,Extra Practice,4.4,I can extend polynomial operations to equivalent expressions written in different forms.,Intro,4.4-P-AREA,F4-14,Area model,constructed/open response,,
565,U4-S4-PX-15,Extra Practice,4.4,I can extend polynomial operations to equivalent expressions written in different forms.,Intro,4.4-P-TABLE,F4-15,Table + Equation,constructed/open response,,
566,U4-S4-PX-16,Extra Practice,4.4,I can extend polynomial operations to equivalent expressions written in different forms.,Intro,4.4-P-ERROR,F4-16,Error analysis,constructed/open response,,
567,U4-S4-PX-17,Extra Practice,4.4,I can extend polynomial operations to equivalent expressions written in different forms.,Intro,4.4-P-ADD,F4-17,Equation,constructed/open response,,
568,U4-S4-PX-18,Extra Practice,4.4,I can extend polynomial operations to equivalent expressions written in different forms.,Intro,4.4-P-SUB,F4-18,Equation,constructed/open response,,
569,U4-S4-ExtraPractice-19,Extra Practice,4.4,Solve systems using substitution and choose efficient forms for solving.,Review,4.4-SYS-SUB,Review-419,Equation,constructed/open response,,
570,U4-S4-ExtraPractice-20,Extra Practice,4.4,Solve systems using substitution and choose efficient forms for solving.,Review,4.4-SYS-SUB,Review-420,Equation,constructed/open response,,
571,U4-S4-ExtraPractice-21,Extra Practice,4.4,Solve systems using substitution and choose efficient forms for solving.,Review,4.4-SYS-SUB,Review-421,Equation,constructed/open response,,
572,U4-S4-ExtraPractice-22,Extra Practice,4.4,"Write linear equations from graphs, tables, and situations.",Mastery,4.4-LIN-WRITE,Mastery-422,Table + Equation,constructed/open response,,
573,U4-S4-ExtraPractice-23,Extra Practice,4.4,"Write linear equations from graphs, tables, and situations.",Mastery,4.4-LIN-WRITE,Mastery-423,Table + Equation,constructed/open response,,
574,U4-S4-ExtraPractice-24,Extra Practice,4.4,"Write linear equations from graphs, tables, and situations.",Mastery,4.4-LIN-WRITE,Mastery-424,Table + Equation,constructed/open response,,
575,U4-S4-CYU-01,CYU,4.4,"I can formulate polynomial sums, differences, and products from area, perimeter, and expression contexts.",Intro,4.4-CYU-MONO,CYU-1,Equation,constructed/open response,,
576,U4-S4-CYU-02,CYU,4.4,"I can formulate polynomial sums, differences, and products from area, perimeter, and expression contexts.",Intro,4.4-CYU-AREA,CYU-2,Area model,constructed/open response,,
577,U4-S4-CYU-03,CYU,4.4,"I can use structure and like terms to add, subtract, and multiply polynomial expressions.",Intro,4.4-CYU-ERROR,CYU-3,Error analysis,constructed/open response,,
578,U4-S4-CYU-04,CYU,4.4,"I can use structure and like terms to add, subtract, and multiply polynomial expressions.",Intro,4.4-CYU-SUB,CYU-4,Equation,constructed/open response,,
579,U4-S4-CYU-05,CYU,4.4,I can extend polynomial operations to equivalent expressions written in different forms.,Intro,4.4-CYU-BINOM,CYU-5,Equation,constructed/open response,,
580,U4-S4-CYU-06,CYU,4.4,I can extend polynomial operations to equivalent expressions written in different forms.,Intro,4.4-CYU-TABLE,CYU-6,Table + Equation,constructed/open response,,
581,U4-S4-WU1-01,Warm-Up 1,4.4,"Accurately perform operations with integers, fractions, and decimals while interpreting results in mathematical and contextual situations.",Prior/Review,ALG-DIAMOND-INTEGER,S4,Diamond,constructed/open response,,
582,U4-S4-WarmUp1-02,Warm-Up 1,4.4,Solve systems using substitution and choose efficient forms for solving.,Review,4.4-SYS-SUB,Review-742,Equation,constructed/open response,,
583,U4-S4-WarmUp1-03,Warm-Up 1,4.4,Solve systems using substitution and choose efficient forms for solving.,Review,4.4-SYS-SUB,Review-743,Equation,constructed/open response,,
584,U4-S4-WarmUp1-04,Warm-Up 1,4.4,Solve systems using substitution and choose efficient forms for solving.,Review,4.4-SYS-SUB,Review-744,Equation,constructed/open response,,
585,U4-S4-WU2-01,Warm-Up 2,4.4,"I can formulate polynomial sums, differences, and products from area, perimeter, and expression contexts.",Intro,4.4-WU2-SUB,1,Equation,constructed/open response,,
586,U4-S4-WU2-02,Warm-Up 2,4.4,"I can use structure and like terms to add, subtract, and multiply polynomial expressions.",Intro,4.4-WU2-MONO,2,Equation,constructed/open response,,
587,U4-S4-WarmUp2-03,Warm-Up 2,4.4,Solve systems using substitution and choose efficient forms for solving.,Review,4.4-SYS-SUB,Review-754,Equation,constructed/open response,,
588,U4-S4-WarmUp2-04,Warm-Up 2,4.4,"Write linear equations from graphs, tables, and situations.",Mastery,4.4-LIN-WRITE,Mastery-764,Table + Equation,constructed/open response,,
589,U4-S4-WU3-01,Warm-Up 3,4.4,I can extend polynomial operations to equivalent expressions written in different forms.,Intro,4.4-WU3-BINOM,1,Equation,constructed/open response,,
590,U4-S4-WarmUp3-02,Warm-Up 3,4.4,Solve systems using substitution and choose efficient forms for solving.,Review,4.4-SYS-SUB,Review-794,Equation,constructed/open response,,
591,U4-S4-WarmUp3-03,Warm-Up 3,4.4,"Write linear equations from graphs, tables, and situations.",Mastery,4.4-LIN-WRITE,Mastery-804,Table + Equation,constructed/open response,,
592,U4-S4-WarmUp3-04,Warm-Up 3,4.4,"Write linear equations from graphs, tables, and situations.",Mastery,4.4-LIN-WRITE,Mastery-814,Table + Equation,constructed/open response,,
593,U4-S4-ETA-01,Exit Ticket A,4.4,"I can formulate polynomial sums, differences, and products from area, perimeter, and expression contexts.",Intro,4.4-ETA-MONO,1,Equation,constructed/open response,,
594,U4-S4-ETA-02,Exit Ticket A,4.4,"I can use structure and like terms to add, subtract, and multiply polynomial expressions.",Intro,4.4-ETA-BINOM,2,Equation,constructed/open response,,
595,U4-S4-ETA-03,Exit Ticket A,4.4,I can extend polynomial operations to equivalent expressions written in different forms.,Intro,4.4-ETA-AREA,3,Area model,constructed/open response,,
596,U4-S4-ETA-04,Exit Ticket A,4.4,"I can use structure and like terms to add, subtract, and multiply polynomial expressions.",Intro,4.4-ETA-TABLE,4,Table + Equation,constructed/open response,,
597,U4-S4-ExitTicketB-01,Exit Ticket B,4.4,Solve systems using substitution and choose efficient forms for solving.,Review,4.4-SYS-SUB,Review-981,Equation,constructed/open response,,
598,U4-S4-ExitTicketB-02,Exit Ticket B,4.4,Solve systems using substitution and choose efficient forms for solving.,Review,4.4-SYS-SUB-DIRECT,Review-982,Equation,constructed/open response,,
599,U4-S4-ExitTicketB-03,Exit Ticket B,4.4,Solve systems using substitution and choose efficient forms for solving.,Review,4.4-SYS-SUB-CHOOSE,Review-983,Equation reasoning,constructed/open response,,
600,U4-S4-ExitTicketB-04,Exit Ticket B,4.4,Solve systems using substitution and choose efficient forms for solving.,Review,4.4-SYS-SUB-EFFICIENCY,Review-984,Equation reasoning,constructed/open response,,
601,U4-S4-ETC-01,Exit Ticket C,4.4,"Graph linear functions and write linear equations from slope, intercepts, tables, graphs, and situations.",Mastery/Portfolio,4.4-LIN-WRITE,Mastery-1021,Table + Equation,constructed/open response,,U4-MG02
602,U4-S4-ETC-02,Exit Ticket C,4.4,"Graph linear functions and write linear equations from slope, intercepts, tables, graphs, and situations.",Mastery/Portfolio,4.4-MG02-GRAPH-FEATURE-EQ,Mastery-1022,Graph features + Equation,constructed/open response,,U4-MG02
603,U4-S4-ETC-03,Exit Ticket C,4.4,"Graph linear functions and write linear equations from slope, intercepts, tables, graphs, and situations.",Mastery/Portfolio,4.4-MG02-CONTEXT-EQ,Mastery-1023,Context + Equation,constructed/open response,,U4-MG02
604,U4-S4-ETC-04,Exit Ticket C,4.4,"Graph linear functions and write linear equations from slope, intercepts, tables, graphs, and situations.",Mastery/Portfolio,4.4-MG02-EQ-TABLE,Mastery-1024,Equation + Table production,constructed/open response,,U4-MG02
605,U4-S5-WTC-001,WTC,4.5,"I can construct connections between polynomial structure, quadratic graphs, and key features.",Intro,4.5-WTC-SHARED,A,Table + Graph,constructed/open response,,
606,U4-S5-EX-01,Notes Example,4.5,"I can construct connections between polynomial structure, quadratic graphs, and key features.",Intro,4.5-NOTES-FACTORED,Example 1,Equation,constructed/open response,,
607,U4-S5-YTI-01,Notes YTI,4.5,"I can construct connections between polynomial structure, quadratic graphs, and key features.",Intro,4.5-NOTES-EXPANDED,YTI 1,Equation,constructed/open response,,
608,U4-S5-EX-02,Notes Example,4.5,"I can construct connections between polynomial structure, quadratic graphs, and key features.",Intro,4.5-NOTES-EXPANDED,Example 2,Equation,constructed/open response,,
609,U4-S5-YTI-02,Notes YTI,4.5,"I can construct connections between polynomial structure, quadratic graphs, and key features.",Intro,4.5-NOTES-TABLE,YTI 2,Table,constructed/open response,,
610,U4-S5-EX-03,Notes Example,4.5,I can predict graph features from equivalent quadratic expressions.,Intro,4.5-NOTES-TABLE,Example 3,Table,constructed/open response,,
611,U4-S5-YTI-03,Notes YTI,4.5,I can predict graph features from equivalent quadratic expressions.,Intro,4.5-NOTES-GRAPH,YTI 3,Graph,constructed/open response,,
612,U4-S5-EX-04,Notes Example,4.5,I can predict graph features from equivalent quadratic expressions.,Intro,4.5-NOTES-GRAPH,Example 4,Graph,constructed/open response,,
613,U4-S5-YTI-04,Notes YTI,4.5,I can predict graph features from equivalent quadratic expressions.,Intro,4.5-NOTES-CLAIM,YTI 4,Conceptual,constructed/open response,,
614,U4-S5-EX-05,Notes Example,4.5,"I can critique whether a polynomial expression supports a claimed vertex, intercept, axis of symmetry, or direction of opening.",Intro,4.5-NOTES-CLAIM,Example 5,Conceptual,constructed/open response,,
615,U4-S5-YTI-05,Notes YTI,4.5,"I can critique whether a polynomial expression supports a claimed vertex, intercept, axis of symmetry, or direction of opening.",Intro,4.5-NOTES-FACTORED,YTI 5,Equation,constructed/open response,,
616,U4-S5-EX-06,Notes Example,4.5,"I can critique whether a polynomial expression supports a claimed vertex, intercept, axis of symmetry, or direction of opening.",Intro,4.5-NOTES-FACTORED,Example 6,Equation,constructed/open response,,
617,U4-S5-YTI-06,Notes YTI,4.5,"I can critique whether a polynomial expression supports a claimed vertex, intercept, axis of symmetry, or direction of opening.",Intro,4.5-NOTES-EXPANDED,YTI 6,Equation,constructed/open response,,
618,U4-S5-P1-01,Practice Set 1,4.5,"I can construct connections between polynomial structure, quadratic graphs, and key features.",Intro,4.5-P-TABLE,F1-1,Table,constructed/open response,,
619,U4-S5-P1-02,Practice Set 1,4.5,"I can construct connections between polynomial structure, quadratic graphs, and key features.",Intro,4.5-P-GRAPH,F1-2,Graph,constructed/open response,,
620,U4-S5-P1-03,Practice Set 1,4.5,"I can construct connections between polynomial structure, quadratic graphs, and key features.",Intro,4.5-P-CLAIM,F1-3,Conceptual,constructed/open response,,
621,U4-S5-P1-04,Practice Set 1,4.5,"I can construct connections between polynomial structure, quadratic graphs, and key features.",Intro,4.5-P-FACTORED,F1-4,Equation,constructed/open response,,
622,U4-S5-P1-05,Practice Set 1,4.5,"I can construct connections between polynomial structure, quadratic graphs, and key features.",Intro,4.5-P-EXPANDED,F1-5,Equation,constructed/open response,,
623,U4-S5-P1-06,Practice Set 1,4.5,"I can construct connections between polynomial structure, quadratic graphs, and key features.",Intro,4.5-P-TABLE,F1-6,Table,constructed/open response,,
624,U4-S5-P1-07,Practice Set 1,4.5,I can predict graph features from equivalent quadratic expressions.,Intro,4.5-P-GRAPH,F1-7,Graph,constructed/open response,,
625,U4-S5-P1-08,Practice Set 1,4.5,I can predict graph features from equivalent quadratic expressions.,Intro,4.5-P-CLAIM,F1-8,Conceptual,constructed/open response,,
626,U4-S5-P1-09,Practice Set 1,4.5,I can predict graph features from equivalent quadratic expressions.,Intro,4.5-P-FACTORED,F1-9,Equation,constructed/open response,,
627,U4-S5-P1-10,Practice Set 1,4.5,I can predict graph features from equivalent quadratic expressions.,Intro,4.5-P-EXPANDED,F1-10,Equation,constructed/open response,,
628,U4-S5-P1-11,Practice Set 1,4.5,I can predict graph features from equivalent quadratic expressions.,Intro,4.5-P-TABLE,F1-11,Table,constructed/open response,,
629,U4-S5-P1-12,Practice Set 1,4.5,I can predict graph features from equivalent quadratic expressions.,Intro,4.5-P-GRAPH,F1-12,Graph,constructed/open response,,
630,U4-S5-P1-13,Practice Set 1,4.5,"I can critique whether a polynomial expression supports a claimed vertex, intercept, axis of symmetry, or direction of opening.",Intro,4.5-P-TABLE,F1-13,Table,constructed/open response,,
631,U4-S5-P1-14,Practice Set 1,4.5,"I can critique whether a polynomial expression supports a claimed vertex, intercept, axis of symmetry, or direction of opening.",Intro,4.5-P-GRAPH,F1-14,Graph,constructed/open response,,
632,U4-S5-P1-15,Practice Set 1,4.5,"I can critique whether a polynomial expression supports a claimed vertex, intercept, axis of symmetry, or direction of opening.",Intro,4.5-P-EXPANDED,F1-15,Equation,constructed/open response,,
633,U4-S5-P1-16,Practice Set 1,4.5,"I can critique whether a polynomial expression supports a claimed vertex, intercept, axis of symmetry, or direction of opening.",Intro,4.5-P-TABLE,F1-16,Table,constructed/open response,,
634,U4-S5-P1-17,Practice Set 1,4.5,"I can critique whether a polynomial expression supports a claimed vertex, intercept, axis of symmetry, or direction of opening.",Intro,4.5-P-GRAPH,F1-17,Graph,constructed/open response,,
635,U4-S5-P1-18,Practice Set 1,4.5,"I can critique whether a polynomial expression supports a claimed vertex, intercept, axis of symmetry, or direction of opening.",Intro,4.5-P-CLAIM,F1-18,Conceptual,constructed/open response,,
636,U4-S5-PracticeSet1-19,Practice Set 1,4.5,Create and solve systems that model real-world situations.,Review,4.5-SYS-MODEL,Review-119,Context + Equation,constructed/open response,,
637,U4-S5-PracticeSet1-20,Practice Set 1,4.5,Create and solve systems that model real-world situations.,Review,4.5-SYS-MODEL,Review-120,Context + Equation,constructed/open response,,
638,U4-S5-PracticeSet1-21,Practice Set 1,4.5,Create and solve systems that model real-world situations.,Review,4.5-SYS-MODEL,Review-121,Context + Equation,constructed/open response,,
639,U4-S5-PracticeSet1-22,Practice Set 1,4.5,Use linear models to represent and interpret real-world data.,Mastery,4.5-LIN-MODEL,Mastery-122,Context + Equation,constructed/open response,,
640,U4-S5-PracticeSet1-23,Practice Set 1,4.5,Use linear models to represent and interpret real-world data.,Mastery,4.5-LIN-MODEL,Mastery-123,Context + Equation,constructed/open response,,
641,U4-S5-PracticeSet1-24,Practice Set 1,4.5,Use linear models to represent and interpret real-world data.,Mastery,4.5-LIN-MODEL,Mastery-124,Context + Equation,constructed/open response,,
642,U4-S5-P2-01,Practice Set 2,4.5,"I can construct connections between polynomial structure, quadratic graphs, and key features.",Intro,4.5-P-GRAPH,F2-1,Graph,constructed/open response,,
643,U4-S5-P2-02,Practice Set 2,4.5,"I can construct connections between polynomial structure, quadratic graphs, and key features.",Intro,4.5-P-CLAIM,F2-2,Conceptual,constructed/open response,,
644,U4-S5-P2-03,Practice Set 2,4.5,"I can construct connections between polynomial structure, quadratic graphs, and key features.",Intro,4.5-P-FACTORED,F2-3,Equation,constructed/open response,,
645,U4-S5-P2-04,Practice Set 2,4.5,"I can construct connections between polynomial structure, quadratic graphs, and key features.",Intro,4.5-P-EXPANDED,F2-4,Equation,constructed/open response,,
646,U4-S5-P2-05,Practice Set 2,4.5,"I can construct connections between polynomial structure, quadratic graphs, and key features.",Intro,4.5-P-TABLE,F2-5,Table,constructed/open response,,
647,U4-S5-P2-06,Practice Set 2,4.5,"I can construct connections between polynomial structure, quadratic graphs, and key features.",Intro,4.5-P-TABLE,F2-6,Table,constructed/open response,,
648,U4-S5-P2-07,Practice Set 2,4.5,I can predict graph features from equivalent quadratic expressions.,Intro,4.5-P-GRAPH,F2-7,Graph,constructed/open response,,
649,U4-S5-P2-08,Practice Set 2,4.5,I can predict graph features from equivalent quadratic expressions.,Intro,4.5-P-FACTORED,F2-8,Equation,constructed/open response,,
650,U4-S5-P2-09,Practice Set 2,4.5,I can predict graph features from equivalent quadratic expressions.,Intro,4.5-P-EXPANDED,F2-9,Equation,constructed/open response,,
651,U4-S5-P2-10,Practice Set 2,4.5,I can predict graph features from equivalent quadratic expressions.,Intro,4.5-P-TABLE,F2-10,Table,constructed/open response,,
652,U4-S5-P2-11,Practice Set 2,4.5,I can predict graph features from equivalent quadratic expressions.,Intro,4.5-P-GRAPH,F2-11,Graph,constructed/open response,,
653,U4-S5-P2-12,Practice Set 2,4.5,I can predict graph features from equivalent quadratic expressions.,Intro,4.5-P-CLAIM,F2-12,Conceptual,constructed/open response,,
654,U4-S5-P2-13,Practice Set 2,4.5,"I can critique whether a polynomial expression supports a claimed vertex, intercept, axis of symmetry, or direction of opening.",Intro,4.5-P-TABLE,F2-13,Table,constructed/open response,,
655,U4-S5-P2-14,Practice Set 2,4.5,"I can critique whether a polynomial expression supports a claimed vertex, intercept, axis of symmetry, or direction of opening.",Intro,4.5-P-GRAPH,F2-14,Graph,constructed/open response,,
656,U4-S5-P2-15,Practice Set 2,4.5,"I can critique whether a polynomial expression supports a claimed vertex, intercept, axis of symmetry, or direction of opening.",Intro,4.5-P-TABLE,F2-15,Table,constructed/open response,,
657,U4-S5-P2-16,Practice Set 2,4.5,"I can critique whether a polynomial expression supports a claimed vertex, intercept, axis of symmetry, or direction of opening.",Intro,4.5-P-GRAPH,F2-16,Graph,constructed/open response,,
658,U4-S5-P2-17,Practice Set 2,4.5,"I can critique whether a polynomial expression supports a claimed vertex, intercept, axis of symmetry, or direction of opening.",Intro,4.5-P-CLAIM,F2-17,Conceptual,constructed/open response,,
659,U4-S5-P2-18,Practice Set 2,4.5,"I can critique whether a polynomial expression supports a claimed vertex, intercept, axis of symmetry, or direction of opening.",Intro,4.5-P-FACTORED,F2-18,Equation,constructed/open response,,
660,U4-S5-PracticeSet2-19,Practice Set 2,4.5,Create and solve systems that model real-world situations.,Review,4.5-SYS-MODEL,Review-219,Context + Equation,constructed/open response,,
661,U4-S5-PracticeSet2-20,Practice Set 2,4.5,Create and solve systems that model real-world situations.,Review,4.5-SYS-MODEL,Review-220,Context + Equation,constructed/open response,,
662,U4-S5-PracticeSet2-21,Practice Set 2,4.5,Create and solve systems that model real-world situations.,Review,4.5-SYS-MODEL,Review-221,Context + Equation,constructed/open response,,
663,U4-S5-PracticeSet2-22,Practice Set 2,4.5,Use linear models to represent and interpret real-world data.,Mastery,4.5-LIN-MODEL,Mastery-222,Context + Equation,constructed/open response,,
664,U4-S5-PracticeSet2-23,Practice Set 2,4.5,Use linear models to represent and interpret real-world data.,Mastery,4.5-LIN-MODEL,Mastery-223,Context + Equation,constructed/open response,,
665,U4-S5-PracticeSet2-24,Practice Set 2,4.5,Use linear models to represent and interpret real-world data.,Mastery,4.5-LIN-MODEL,Mastery-224,Context + Equation,constructed/open response,,
666,U4-S5-P3-01,Practice Set 3,4.5,"I can construct connections between polynomial structure, quadratic graphs, and key features.",Intro,4.5-P-CLAIM,F3-1,Conceptual,constructed/open response,,
667,U4-S5-P3-02,Practice Set 3,4.5,"I can construct connections between polynomial structure, quadratic graphs, and key features.",Intro,4.5-P-FACTORED,F3-2,Equation,constructed/open response,,
668,U4-S5-P3-03,Practice Set 3,4.5,"I can construct connections between polynomial structure, quadratic graphs, and key features.",Intro,4.5-P-EXPANDED,F3-3,Equation,constructed/open response,,
669,U4-S5-P3-04,Practice Set 3,4.5,"I can construct connections between polynomial structure, quadratic graphs, and key features.",Intro,4.5-P-TABLE,F3-4,Table,constructed/open response,,
670,U4-S5-P3-05,Practice Set 3,4.5,"I can construct connections between polynomial structure, quadratic graphs, and key features.",Intro,4.5-P-GRAPH,F3-5,Graph,constructed/open response,,
671,U4-S5-P3-06,Practice Set 3,4.5,"I can construct connections between polynomial structure, quadratic graphs, and key features.",Intro,4.5-P-TABLE,F3-6,Table,constructed/open response,,
672,U4-S5-P3-07,Practice Set 3,4.5,I can predict graph features from equivalent quadratic expressions.,Intro,4.5-P-GRAPH,F3-7,Graph,constructed/open response,,
673,U4-S5-P3-08,Practice Set 3,4.5,I can predict graph features from equivalent quadratic expressions.,Intro,4.5-P-EXPANDED,F3-8,Equation,constructed/open response,,
674,U4-S5-P3-09,Practice Set 3,4.5,I can predict graph features from equivalent quadratic expressions.,Intro,4.5-P-TABLE,F3-9,Table,constructed/open response,,
675,U4-S5-P3-10,Practice Set 3,4.5,I can predict graph features from equivalent quadratic expressions.,Intro,4.5-P-GRAPH,F3-10,Graph,constructed/open response,,
676,U4-S5-P3-11,Practice Set 3,4.5,I can predict graph features from equivalent quadratic expressions.,Intro,4.5-P-CLAIM,F3-11,Conceptual,constructed/open response,,
677,U4-S5-P3-12,Practice Set 3,4.5,I can predict graph features from equivalent quadratic expressions.,Intro,4.5-P-FACTORED,F3-12,Equation,constructed/open response,,
678,U4-S5-P3-13,Practice Set 3,4.5,"I can critique whether a polynomial expression supports a claimed vertex, intercept, axis of symmetry, or direction of opening.",Intro,4.5-P-TABLE,F3-13,Table,constructed/open response,,
679,U4-S5-P3-14,Practice Set 3,4.5,"I can critique whether a polynomial expression supports a claimed vertex, intercept, axis of symmetry, or direction of opening.",Intro,4.5-P-GRAPH,F3-14,Graph,constructed/open response,,
680,U4-S5-P3-15,Practice Set 3,4.5,"I can critique whether a polynomial expression supports a claimed vertex, intercept, axis of symmetry, or direction of opening.",Intro,4.5-P-GRAPH,F3-15,Graph,constructed/open response,,
681,U4-S5-P3-16,Practice Set 3,4.5,"I can critique whether a polynomial expression supports a claimed vertex, intercept, axis of symmetry, or direction of opening.",Intro,4.5-P-CLAIM,F3-16,Conceptual,constructed/open response,,
682,U4-S5-P3-17,Practice Set 3,4.5,"I can critique whether a polynomial expression supports a claimed vertex, intercept, axis of symmetry, or direction of opening.",Intro,4.5-P-FACTORED,F3-17,Equation,constructed/open response,,
683,U4-S5-P3-18,Practice Set 3,4.5,"I can critique whether a polynomial expression supports a claimed vertex, intercept, axis of symmetry, or direction of opening.",Intro,4.5-P-EXPANDED,F3-18,Equation,constructed/open response,,
684,U4-S5-PracticeSet3-19,Practice Set 3,4.5,Create and solve systems that model real-world situations.,Review,4.5-SYS-MODEL,Review-319,Context + Equation,constructed/open response,,
685,U4-S5-PracticeSet3-20,Practice Set 3,4.5,Create and solve systems that model real-world situations.,Review,4.5-SYS-MODEL,Review-320,Context + Equation,constructed/open response,,
686,U4-S5-PracticeSet3-21,Practice Set 3,4.5,Create and solve systems that model real-world situations.,Review,4.5-SYS-MODEL,Review-321,Context + Equation,constructed/open response,,
687,U4-S5-PracticeSet3-22,Practice Set 3,4.5,Use linear models to represent and interpret real-world data.,Mastery,4.5-LIN-MODEL,Mastery-322,Context + Equation,constructed/open response,,
688,U4-S5-PracticeSet3-23,Practice Set 3,4.5,Use linear models to represent and interpret real-world data.,Mastery,4.5-LIN-MODEL,Mastery-323,Context + Equation,constructed/open response,,
689,U4-S5-PracticeSet3-24,Practice Set 3,4.5,Use linear models to represent and interpret real-world data.,Mastery,4.5-LIN-MODEL,Mastery-324,Context + Equation,constructed/open response,,
690,U4-S5-PX-01,Extra Practice,4.5,"I can construct connections between polynomial structure, quadratic graphs, and key features.",Intro,4.5-P-FACTORED,F4-1,Equation,constructed/open response,,
691,U4-S5-PX-02,Extra Practice,4.5,"I can construct connections between polynomial structure, quadratic graphs, and key features.",Intro,4.5-P-EXPANDED,F4-2,Equation,constructed/open response,,
692,U4-S5-PX-03,Extra Practice,4.5,"I can construct connections between polynomial structure, quadratic graphs, and key features.",Intro,4.5-P-TABLE,F4-3,Table,constructed/open response,,
693,U4-S5-PX-04,Extra Practice,4.5,"I can construct connections between polynomial structure, quadratic graphs, and key features.",Intro,4.5-P-GRAPH,F4-4,Graph,constructed/open response,,
694,U4-S5-PX-05,Extra Practice,4.5,"I can construct connections between polynomial structure, quadratic graphs, and key features.",Intro,4.5-P-CLAIM,F4-5,Conceptual,constructed/open response,,
695,U4-S5-PX-06,Extra Practice,4.5,"I can construct connections between polynomial structure, quadratic graphs, and key features.",Intro,4.5-P-TABLE,F4-6,Table,constructed/open response,,
696,U4-S5-PX-07,Extra Practice,4.5,I can predict graph features from equivalent quadratic expressions.,Intro,4.5-P-GRAPH,F4-7,Graph,constructed/open response,,
697,U4-S5-PX-08,Extra Practice,4.5,I can predict graph features from equivalent quadratic expressions.,Intro,4.5-P-TABLE,F4-8,Table,constructed/open response,,
698,U4-S5-PX-09,Extra Practice,4.5,I can predict graph features from equivalent quadratic expressions.,Intro,4.5-P-GRAPH,F4-9,Graph,constructed/open response,,
699,U4-S5-PX-10,Extra Practice,4.5,I can predict graph features from equivalent quadratic expressions.,Intro,4.5-P-CLAIM,F4-10,Conceptual,constructed/open response,,
700,U4-S5-PX-11,Extra Practice,4.5,I can predict graph features from equivalent quadratic expressions.,Intro,4.5-P-FACTORED,F4-11,Equation,constructed/open response,,
701,U4-S5-PX-12,Extra Practice,4.5,I can predict graph features from equivalent quadratic expressions.,Intro,4.5-P-EXPANDED,F4-12,Equation,constructed/open response,,
702,U4-S5-PX-13,Extra Practice,4.5,"I can critique whether a polynomial expression supports a claimed vertex, intercept, axis of symmetry, or direction of opening.",Intro,4.5-P-TABLE,F4-13,Table,constructed/open response,,
703,U4-S5-PX-14,Extra Practice,4.5,"I can critique whether a polynomial expression supports a claimed vertex, intercept, axis of symmetry, or direction of opening.",Intro,4.5-P-GRAPH,F4-14,Graph,constructed/open response,,
704,U4-S5-PX-15,Extra Practice,4.5,"I can critique whether a polynomial expression supports a claimed vertex, intercept, axis of symmetry, or direction of opening.",Intro,4.5-P-CLAIM,F4-15,Conceptual,constructed/open response,,
705,U4-S5-PX-16,Extra Practice,4.5,"I can critique whether a polynomial expression supports a claimed vertex, intercept, axis of symmetry, or direction of opening.",Intro,4.5-P-FACTORED,F4-16,Equation,constructed/open response,,
706,U4-S5-PX-17,Extra Practice,4.5,"I can critique whether a polynomial expression supports a claimed vertex, intercept, axis of symmetry, or direction of opening.",Intro,4.5-P-EXPANDED,F4-17,Equation,constructed/open response,,
707,U4-S5-PX-18,Extra Practice,4.5,"I can critique whether a polynomial expression supports a claimed vertex, intercept, axis of symmetry, or direction of opening.",Intro,4.5-P-TABLE,F4-18,Table,constructed/open response,,
708,U4-S5-ExtraPractice-19,Extra Practice,4.5,Create and solve systems that model real-world situations.,Review,4.5-SYS-MODEL,Review-419,Context + Equation,constructed/open response,,
709,U4-S5-ExtraPractice-20,Extra Practice,4.5,Create and solve systems that model real-world situations.,Review,4.5-SYS-MODEL,Review-420,Context + Equation,constructed/open response,,
710,U4-S5-ExtraPractice-21,Extra Practice,4.5,Create and solve systems that model real-world situations.,Review,4.5-SYS-MODEL,Review-421,Context + Equation,constructed/open response,,
711,U4-S5-ExtraPractice-22,Extra Practice,4.5,Use linear models to represent and interpret real-world data.,Mastery,4.5-LIN-MODEL,Mastery-422,Context + Equation,constructed/open response,,
712,U4-S5-ExtraPractice-23,Extra Practice,4.5,Use linear models to represent and interpret real-world data.,Mastery,4.5-LIN-MODEL,Mastery-423,Context + Equation,constructed/open response,,
713,U4-S5-ExtraPractice-24,Extra Practice,4.5,Use linear models to represent and interpret real-world data.,Mastery,4.5-LIN-MODEL,Mastery-424,Context + Equation,constructed/open response,,
714,U4-S5-CYU-01,CYU,4.5,"I can construct connections between polynomial structure, quadratic graphs, and key features.",Intro,4.5-CYU-TABLE,CYU-1,Table,constructed/open response,,
715,U4-S5-CYU-02,CYU,4.5,"I can construct connections between polynomial structure, quadratic graphs, and key features.",Intro,4.5-CYU-CLAIM,CYU-2,Conceptual,constructed/open response,,
716,U4-S5-CYU-03,CYU,4.5,I can predict graph features from equivalent quadratic expressions.,Intro,4.5-CYU-EXPANDED,CYU-3,Equation,constructed/open response,,
717,U4-S5-CYU-04,CYU,4.5,I can predict graph features from equivalent quadratic expressions.,Intro,4.5-CYU-GRAPH,CYU-4,Graph,constructed/open response,,
718,U4-S5-CYU-05,CYU,4.5,"I can critique whether a polynomial expression supports a claimed vertex, intercept, axis of symmetry, or direction of opening.",Intro,4.5-CYU-FACTORED,CYU-5,Equation,constructed/open response,,
719,U4-S5-CYU-06,CYU,4.5,"I can critique whether a polynomial expression supports a claimed vertex, intercept, axis of symmetry, or direction of opening.",Intro,4.5-CYU-TABLE,CYU-6,Table,constructed/open response,,
720,U4-S5-WU1-01,Warm-Up 1,4.5,"Accurately perform operations with integers, fractions, and decimals while interpreting results in mathematical and contextual situations.",Prior/Review,ALG-DIAMOND-INTEGER,S5,Diamond,constructed/open response,,
721,U4-S5-WarmUp1-02,Warm-Up 1,4.5,Create and solve systems that model real-world situations.,Review,4.5-SYS-MODEL,Review-752,Context + Equation,constructed/open response,,
722,U4-S5-WarmUp1-03,Warm-Up 1,4.5,Create and solve systems that model real-world situations.,Review,4.5-SYS-MODEL,Review-753,Context + Equation,constructed/open response,,
723,U4-S5-WarmUp1-04,Warm-Up 1,4.5,Create and solve systems that model real-world situations.,Review,4.5-SYS-MODEL,Review-754,Context + Equation,constructed/open response,,
724,U4-S5-WU2-01,Warm-Up 2,4.5,"I can construct connections between polynomial structure, quadratic graphs, and key features.",Intro,4.5-WU2-EXPANDED,1,Equation,constructed/open response,,
725,U4-S5-WU2-02,Warm-Up 2,4.5,I can predict graph features from equivalent quadratic expressions.,Intro,4.5-WU2-TABLE,2,Table,constructed/open response,,
726,U4-S5-WarmUp2-03,Warm-Up 2,4.5,Create and solve systems that model real-world situations.,Review,4.5-SYS-MODEL,Review-755,Context + Equation,constructed/open response,,
727,U4-S5-WarmUp2-04,Warm-Up 2,4.5,Use linear models to represent and interpret real-world data.,Mastery,4.5-LIN-MODEL,Mastery-765,Context + Equation,constructed/open response,,
728,U4-S5-WU3-01,Warm-Up 3,4.5,"I can critique whether a polynomial expression supports a claimed vertex, intercept, axis of symmetry, or direction of opening.",Intro,4.5-WU3-GRAPH,1,Graph,constructed/open response,,
729,U4-S5-WarmUp3-02,Warm-Up 3,4.5,Create and solve systems that model real-world situations.,Review,4.5-SYS-MODEL,Review-795,Context + Equation,constructed/open response,,
730,U4-S5-WarmUp3-03,Warm-Up 3,4.5,Use linear models to represent and interpret real-world data.,Mastery,4.5-LIN-MODEL,Mastery-805,Context + Equation,constructed/open response,,
731,U4-S5-WarmUp3-04,Warm-Up 3,4.5,Use linear models to represent and interpret real-world data.,Mastery,4.5-LIN-MODEL,Mastery-815,Context + Equation,constructed/open response,,
732,U4-S5-ETA-01,Exit Ticket A,4.5,"I can construct connections between polynomial structure, quadratic graphs, and key features.",Intro,4.5-ETA-TABLE,1,Table,constructed/open response,,
733,U4-S5-ETA-02,Exit Ticket A,4.5,I can predict graph features from equivalent quadratic expressions.,Intro,4.5-ETA-GRAPH,2,Graph,constructed/open response,,
734,U4-S5-ETA-03,Exit Ticket A,4.5,"I can critique whether a polynomial expression supports a claimed vertex, intercept, axis of symmetry, or direction of opening.",Intro,4.5-ETA-CLAIM,3,Conceptual,constructed/open response,,
735,U4-S5-ETA-04,Exit Ticket A,4.5,I can predict graph features from equivalent quadratic expressions.,Intro,4.5-ETA-FACTORED,4,Equation,constructed/open response,,
736,U4-S5-ExitTicketB-01,Exit Ticket B,4.5,Create and solve systems that model real-world situations.,Review,4.5-SYS-MODEL,Review-991,Context + Equation,constructed/open response,,
737,U4-S5-ExitTicketB-02,Exit Ticket B,4.5,Create and solve systems that model real-world situations.,Review,4.5-SYS-MODEL-SNACKS,Review-992,Context + Equation,constructed/open response,,
738,U4-S5-ExitTicketB-03,Exit Ticket B,4.5,Create and solve systems that model real-world situations.,Review,4.5-SYS-MODEL-CANDLES,Review-993,Context + Equation,constructed/open response,,
739,U4-S5-ExitTicketB-04,Exit Ticket B,4.5,Create and solve systems that model real-world situations.,Review,4.5-SYS-MODEL-VEHICLES,Review-994,Context + Equation,constructed/open response,,
740,U4-S5-ETC-01,Exit Ticket C,4.5,"Build and use linear models for real-world data, make predictions, and judge model fit for the question being asked.",Mastery/Portfolio,4.5-LIN-MODEL,Mastery-1031,Context + Equation,constructed/open response,,U4-MG04
741,U4-S5-ETC-02,Exit Ticket C,4.5,"Build and use linear models for real-world data, make predictions, and judge model fit for the question being asked.",Mastery/Portfolio,4.5-MG04-DATA-MODEL,Mastery-1032,Table + Equation,constructed/open response,,U4-MG04
742,U4-S5-ETC-03,Exit Ticket C,4.5,"Build and use linear models for real-world data, make predictions, and judge model fit for the question being asked.",Mastery/Portfolio,4.5-MG04-FIT-DIAGNOSE,Mastery-1033,Table + Model reasoning,constructed/open response,,U4-MG04
743,U4-S5-ETC-04,Exit Ticket C,4.5,"Build and use linear models for real-world data, make predictions, and judge model fit for the question being asked.",Mastery/Portfolio,4.5-MG04-EXTRAPOLATION,Mastery-1034,Context + Model reasoning,constructed/open response,,U4-MG04
